date,baa_10y_spread,aaa_10y_spread,vix,baa_aaa_quality,hy_oas_full,hyg_tlt_ratio,hy_stress
1983-01-03,,1.45,,,,,
1983-01-04,,1.42,,,,,
1983-01-05,,1.44,,,,,
1983-01-06,,1.35,,,,,
1983-01-07,,1.38,,,,,
1983-01-10,,1.37,,,,,
1983-01-11,,1.38,,,,,
1983-01-12,,1.39,,,,,
1983-01-13,,1.38,,,,,
1983-01-14,,1.37,,,,,
1983-01-17,,1.37,,,,,
1983-01-18,,1.32,,,,,
1983-01-19,,1.26,,,,,
1983-01-20,,1.29,,,,,
1983-01-21,,1.25,,,,,
1983-01-24,,1.25,,,,,
1983-01-25,,1.3,,,,,
1983-01-26,,1.26,,,,,
1983-01-27,,1.25,,,,,
1983-01-28,,1.25,,,,,
1983-01-31,,1.23,,,,,
1983-02-01,,1.25,,,,,
1983-02-02,,1.15,,,,,
1983-02-03,,1.15,,,,,
1983-02-04,,1.13,,,,,
1983-02-07,,1.15,,,,,
1983-02-08,,1.11,,,,,
1983-02-09,,1.14,,,,,
1983-02-10,,1.27,,,,,
1983-02-11,,1.29,,,,,
1983-02-14,,1.26,,,,,
1983-02-15,,1.26,,,,,
1983-02-16,,1.28,,,,,
1983-02-17,,1.39,,,,,
1983-02-18,,1.44,,,,,
1983-02-22,,1.45,,,,,
1983-02-23,,1.39,,,,,
1983-02-24,,1.44,,,,,
1983-02-25,,1.43,,,,,
1983-02-28,,1.39,,,,,
1983-03-01,,1.42,,,,,
1983-03-02,,1.34,,,,,
1983-03-03,,1.38,,,,,
1983-03-04,,1.35,,,,,
1983-03-07,,1.19,,,,,
1983-03-08,,1.13,,,,,
1983-03-09,,1.21,,,,,
1983-03-10,,1.24,,,,,
1983-03-11,,1.27,,,,,
1983-03-14,,1.35,,,,,
1983-03-15,,1.32,,,,,
1983-03-16,,1.23,,,,,
1983-03-17,,1.22,,,,,
1983-03-18,,1.21,,,,,
1983-03-21,,1.17,,,,,
1983-03-22,,1.19,,,,,
1983-03-23,,1.17,,,,,
1983-03-24,,1.15,,,,,
1983-03-25,,1.12,,,,,
1983-03-28,,1.12,,,,,
1983-03-29,,1.14,,,,,
1983-03-30,,1.15,,,,,
1983-03-31,,1.13,,,,,
1983-04-04,,1.12,,,,,
1983-04-05,,1.16,,,,,
1983-04-06,,1.16,,,,,
1983-04-07,,1.12,,,,,
1983-04-08,,1.13,,,,,
1983-04-11,,1.15,,,,,
1983-04-12,,1.15,,,,,
1983-04-13,,1.14,,,,,
1983-04-14,,1.15,,,,,
1983-04-15,,1.1,,,,,
1983-04-18,,1.12,,,,,
1983-04-19,,1.09,,,,,
1983-04-20,,1.07,,,,,
1983-04-21,,1.05,,,,,
1983-04-22,,1.07,,,,,
1983-04-25,,1.08,,,,,
1983-04-26,,1.11,,,,,
1983-04-27,,1.13,,,,,
1983-04-28,,1.08,,,,,
1983-04-29,,1.09,,,,,
1983-05-02,,1.09,,,,,
1983-05-03,,1.07,,,,,
1983-05-04,,1.16,,,,,
1983-05-05,,1.11,,,,,
1983-05-06,,1.1,,,,,
1983-05-09,,1.03,,,,,
1983-05-10,,1.11,,,,,
1983-05-11,,1.09,,,,,
1983-05-12,,1.08,,,,,
1983-05-13,,1.08,,,,,
1983-05-16,,1.06,,,,,
1983-05-17,,1.07,,,,,
1983-05-18,,1.1,,,,,
1983-05-19,,1.12,,,,,
1983-05-20,,1.13,,,,,
1983-05-23,,1.1,,,,,
1983-05-24,,1.08,,,,,
1983-05-25,,1.08,,,,,
1983-05-26,,1.05,,,,,
1983-05-27,,1.07,,,,,
1983-05-31,,0.98,,,,,
1983-06-01,,1.01,,,,,
1983-06-02,,0.95,,,,,
1983-06-03,,0.96,,,,,
1983-06-06,,0.92,,,,,
1983-06-07,,0.89,,,,,
1983-06-08,,0.9,,,,,
1983-06-09,,0.9,,,,,
1983-06-10,,0.9,,,,,
1983-06-13,,0.97,,,,,
1983-06-14,,0.96,,,,,
1983-06-15,,0.93,,,,,
1983-06-16,,0.96,,,,,
1983-06-17,,0.9,,,,,
1983-06-20,,0.84,,,,,
1983-06-21,,0.87,,,,,
1983-06-22,,0.89,,,,,
1983-06-23,,0.84,,,,,
1983-06-24,,0.77,,,,,
1983-06-27,,0.77,,,,,
1983-06-28,,0.83,,,,,
1983-06-29,,0.87,,,,,
1983-06-30,,0.86,,,,,
1983-07-01,,0.9,,,,,
1983-07-05,,0.76,,,,,
1983-07-06,,0.8,,,,,
1983-07-07,,0.75,,,,,
1983-07-08,,0.76,,,,,
1983-07-11,,0.76,,,,,
1983-07-12,,0.71,,,,,
1983-07-13,,0.75,,,,,
1983-07-14,,0.76,,,,,
1983-07-15,,0.67,,,,,
1983-07-18,,0.75,,,,,
1983-07-19,,0.8,,,,,
1983-07-20,,0.83,,,,,
1983-07-21,,0.83,,,,,
1983-07-22,,0.84,,,,,
1983-07-25,,0.82,,,,,
1983-07-26,,0.75,,,,,
1983-07-27,,0.73,,,,,
1983-07-28,,0.7,,,,,
1983-07-29,,0.74,,,,,
1983-08-01,,0.74,,,,,
1983-08-02,,0.74,,,,,
1983-08-03,,0.69,,,,,
1983-08-04,,0.58,,,,,
1983-08-05,,0.61,,,,,
1983-08-08,,0.59,,,,,
1983-08-09,,0.59,,,,,
1983-08-10,,0.56,,,,,
1983-08-11,,0.63,,,,,
1983-08-12,,0.66,,,,,
1983-08-15,,0.69,,,,,
1983-08-16,,0.7,,,,,
1983-08-17,,0.7,,,,,
1983-08-18,,0.67,,,,,
1983-08-19,,0.72,,,,,
1983-08-22,,0.76,,,,,
1983-08-23,,0.76,,,,,
1983-08-24,,0.76,,,,,
1983-08-25,,0.71,,,,,
1983-08-26,,0.69,,,,,
1983-08-29,,0.62,,,,,
1983-08-30,,0.6,,,,,
1983-08-31,,0.59,,,,,
1983-09-01,,0.6,,,,,
1983-09-02,,0.57,,,,,
1983-09-06,,0.66,,,,,
1983-09-07,,0.76,,,,,
1983-09-08,,0.7,,,,,
1983-09-09,,0.72,,,,,
1983-09-12,,0.76,,,,,
1983-09-13,,0.72,,,,,
1983-09-14,,0.67,,,,,
1983-09-15,,0.67,,,,,
1983-09-16,,0.73,,,,,
1983-09-19,,0.71,,,,,
1983-09-20,,0.75,,,,,
1983-09-21,,0.68,,,,,
1983-09-22,,0.72,,,,,
1983-09-23,,0.73,,,,,
1983-09-26,,0.78,,,,,
1983-09-27,,0.76,,,,,
1983-09-28,,0.73,,,,,
1983-09-29,,0.73,,,,,
1983-09-30,,0.79,,,,,
1983-10-03,,0.8,,,,,
1983-10-04,,0.78,,,,,
1983-10-05,,0.84,,,,,
1983-10-06,,0.86,,,,,
1983-10-07,,0.78,,,,,
1983-10-11,,0.64,,,,,
1983-10-12,,0.66,,,,,
1983-10-13,,0.63,,,,,
1983-10-14,,0.65,,,,,
1983-10-17,,0.73,,,,,
1983-10-18,,0.74,,,,,
1983-10-19,,0.73,,,,,
1983-10-20,,0.74,,,,,
1983-10-21,,0.74,,,,,
1983-10-24,,0.65,,,,,
1983-10-25,,0.63,,,,,
1983-10-26,,0.62,,,,,
1983-10-27,,0.69,,,,,
1983-10-28,,0.7,,,,,
1983-10-31,,0.66,,,,,
1983-11-01,,0.69,,,,,
1983-11-02,,0.67,,,,,
1983-11-03,,0.71,,,,,
1983-11-04,,0.66,,,,,
1983-11-07,,0.67,,,,,
1983-11-09,,0.66,,,,,
1983-11-10,,0.73,,,,,
1983-11-14,,0.7,,,,,
1983-11-15,,0.71,,,,,
1983-11-16,,0.71,,,,,
1983-11-17,,0.74,,,,,
1983-11-18,,0.74,,,,,
1983-11-21,,0.75,,,,,
1983-11-22,,0.77,,,,,
1983-11-23,,0.75,,,,,
1983-11-25,,0.79,,,,,
1983-11-28,,0.74,,,,,
1983-11-29,,0.77,,,,,
1983-11-30,,0.74,,,,,
1983-12-01,,0.75,,,,,
1983-12-02,,0.71,,,,,
1983-12-05,,0.68,,,,,
1983-12-06,,0.72,,,,,
1983-12-07,,0.7,,,,,
1983-12-08,,0.68,,,,,
1983-12-09,,0.66,,,,,
1983-12-12,,0.69,,,,,
1983-12-13,,0.71,,,,,
1983-12-14,,0.75,,,,,
1983-12-15,,0.74,,,,,
1983-12-16,,0.78,,,,,
1983-12-19,,0.8,,,,,
1983-12-20,,0.78,,,,,
1983-12-21,,0.78,,,,,
1983-12-22,,0.81,,,,,
1983-12-23,,0.78,,,,,
1983-12-27,,0.79,,,,,
1983-12-28,,0.77,,,,,
1983-12-29,,0.76,,,,,
1983-12-30,,0.73,,,,,
1984-01-03,,0.71,,,,,
1984-01-04,,0.75,,,,,
1984-01-05,,0.76,,,,,
1984-01-06,,0.77,,,,,
1984-01-09,,0.74,,,,,
1984-01-10,,0.77,,,,,
1984-01-11,,0.69,,,,,
1984-01-12,,0.68,,,,,
1984-01-13,,0.72,,,,,
1984-01-16,,0.75,,,,,
1984-01-17,,0.34,,,,,
1984-01-18,,0.36,,,,,
1984-01-19,,0.34,,,,,
1984-01-20,,0.31,,,,,
1984-01-23,,0.32,,,,,
1984-01-24,,0.33,,,,,
1984-01-25,,0.34,,,,,
1984-01-26,,0.38,,,,,
1984-01-27,,0.35,,,,,
1984-01-30,,0.33,,,,,
1984-01-31,,0.3,,,,,
1984-02-01,,0.35,,,,,
1984-02-02,,0.36,,,,,
1984-02-03,,0.35,,,,,
1984-02-06,,0.21,,,,,
1984-02-07,,0.25,,,,,
1984-02-08,,0.23,,,,,
1984-02-09,,0.26,,,,,
1984-02-10,,0.16,,,,,
1984-02-14,,0.19,,,,,
1984-02-15,,0.25,,,,,
1984-02-16,,0.24,,,,,
1984-02-17,,0.18,,,,,
1984-02-21,,0.24,,,,,
1984-02-22,,0.21,,,,,
1984-02-23,,0.24,,,,,
1984-02-24,,0.3,,,,,
1984-02-27,,0.2,,,,,
1984-02-28,,0.16,,,,,
1984-02-29,,0.27,,,,,
1984-03-01,,0.27,,,,,
1984-03-02,,0.35,,,,,
1984-03-05,,0.29,,,,,
1984-03-06,,0.32,,,,,
1984-03-07,,0.23,,,,,
1984-03-08,,0.28,,,,,
1984-03-09,,0.26,,,,,
1984-03-12,,0.34,,,,,
1984-03-13,,0.28,,,,,
1984-03-14,,0.26,,,,,
1984-03-15,,0.29,,,,,
1984-03-16,,0.24,,,,,
1984-03-19,,0.21,,,,,
1984-03-20,,0.17,,,,,
1984-03-21,,0.19,,,,,
1984-03-22,,0.16,,,,,
1984-03-23,,0.21,,,,,
1984-03-26,,0.27,,,,,
1984-03-27,,0.26,,,,,
1984-03-28,,0.28,,,,,
1984-03-29,,0.27,,,,,
1984-03-30,,0.17,,,,,
1984-04-02,,0.13,,,,,
1984-04-03,,0.11,,,,,
1984-04-04,,0.07,,,,,
1984-04-05,,0.12,,,,,
1984-04-06,,0.22,,,,,
1984-04-09,,0.22,,,,,
1984-04-10,,0.19,,,,,
1984-04-11,,0.2,,,,,
1984-04-12,,0.32,,,,,
1984-04-13,,0.17,,,,,
1984-04-16,,0.17,,,,,
1984-04-17,,0.2,,,,,
1984-04-18,,0.08,,,,,
1984-04-19,,0.06,,,,,
1984-04-23,,0.12,,,,,
1984-04-24,,0.19,,,,,
1984-04-25,,0.27,,,,,
1984-04-26,,0.27,,,,,
1984-04-27,,0.21,,,,,
1984-04-30,,0.18,,,,,
1984-05-01,,0.18,,,,,
1984-05-02,,0.13,,,,,
1984-05-03,,0.11,,,,,
1984-05-04,,-0.05,,,,,
1984-05-07,,-0.05,,,,,
1984-05-08,,0.01,,,,,
1984-05-09,,0,,,,,
1984-05-10,,-0.13,,,,,
1984-05-11,,-0.21,,,,,
1984-05-14,,-0.36,,,,,
1984-05-15,,-0.15,,,,,
1984-05-16,,-0.06,,,,,
1984-05-17,,-0.15,,,,,
1984-05-18,,-0.08,,,,,
1984-05-21,,-0.06,,,,,
1984-05-22,,-0.09,,,,,
1984-05-23,,-0.14,,,,,
1984-05-24,,-0.27,,,,,
1984-05-25,,-0.28,,,,,
1984-05-29,,-0.34,,,,,
1984-05-30,,-0.44,,,,,
1984-05-31,,-0.34,,,,,
1984-06-01,,-0.08,,,,,
1984-06-04,,0.04,,,,,
1984-06-05,,0.07,,,,,
1984-06-06,,-0.07,,,,,
1984-06-07,,-0.05,,,,,
1984-06-08,,0,,,,,
1984-06-11,,-0.08,,,,,
1984-06-12,,-0.05,,,,,
1984-06-13,,0.03,,,,,
1984-06-14,,0.09,,,,,
1984-06-15,,0.24,,,,,
1984-06-18,,0.18,,,,,
1984-06-19,,0.1,,,,,
1984-06-20,,-0.06,,,,,
1984-06-21,,-0.15,,,,,
1984-06-22,,-0.09,,,,,
1984-06-25,,-0.1,,,,,
1984-06-26,,-0.1,,,,,
1984-06-27,,-0.06,,,,,
1984-06-28,,-0.06,,,,,
1984-06-29,,-0.09,,,,,
1984-07-02,,-0.11,,,,,
1984-07-03,,-0.14,,,,,
1984-07-05,,-0.12,,,,,
1984-07-06,,-0.08,,,,,
1984-07-09,,0.14,,,,,
1984-07-10,,0.03,,,,,
1984-07-11,,0.02,,,,,
1984-07-12,,0.08,,,,,
1984-07-13,,0.11,,,,,
1984-07-16,,-0.02,,,,,
1984-07-17,,0.02,,,,,
1984-07-18,,0.02,,,,,
1984-07-19,,0.12,,,,,
1984-07-20,,0.06,,,,,
1984-07-23,,0.12,,,,,
1984-07-24,,0.14,,,,,
1984-07-25,,0.28,,,,,
1984-07-26,,0.33,,,,,
1984-07-27,,0.18,,,,,
1984-07-30,,0.12,,,,,
1984-07-31,,0.23,,,,,
1984-08-01,,0.23,,,,,
1984-08-02,,0.23,,,,,
1984-08-03,,0.33,,,,,
1984-08-06,,0.19,,,,,
1984-08-07,,0.23,,,,,
1984-08-08,,0.2,,,,,
1984-08-09,,0.15,,,,,
1984-08-10,,0.06,,,,,
1984-08-13,,0.07,,,,,
1984-08-14,,0.17,,,,,
1984-08-15,,0.15,,,,,
1984-08-16,,0.19,,,,,
1984-08-17,,0.17,,,,,
1984-08-20,,0.17,,,,,
1984-08-21,,0.25,,,,,
1984-08-22,,0.19,,,,,
1984-08-23,,0.15,,,,,
1984-08-24,,0.17,,,,,
1984-08-27,,0.09,,,,,
1984-08-28,,0.08,,,,,
1984-08-29,,0.04,,,,,
1984-08-30,,0.03,,,,,
1984-08-31,,0.08,,,,,
1984-09-04,,-0.01,,,,,
1984-09-05,,-0.02,,,,,
1984-09-06,,0.06,,,,,
1984-09-07,,0.15,,,,,
1984-09-10,,0.21,,,,,
1984-09-11,,0.25,,,,,
1984-09-12,,0.19,,,,,
1984-09-13,,0.21,,,,,
1984-09-14,,0.18,,,,,
1984-09-17,,0.23,,,,,
1984-09-18,,0.22,,,,,
1984-09-19,,0.22,,,,,
1984-09-20,,0.16,,,,,
1984-09-21,,0.06,,,,,
1984-09-24,,0.07,,,,,
1984-09-25,,0.02,,,,,
1984-09-26,,0.11,,,,,
1984-09-27,,0.22,,,,,
1984-09-28,,0.08,,,,,
1984-10-01,,0.09,,,,,
1984-10-02,,0.07,,,,,
1984-10-03,,0.12,,,,,
1984-10-04,,0.11,,,,,
1984-10-05,,0.2,,,,,
1984-10-09,,0.17,,,,,
1984-10-10,,0.15,,,,,
1984-10-11,,0.21,,,,,
1984-10-12,,0.59,,,,,
1984-10-15,,0.58,,,,,
1984-10-16,,0.63,,,,,
1984-10-17,,0.6,,,,,
1984-10-18,,0.66,,,,,
1984-10-19,,0.68,,,,,
1984-10-22,,0.67,,,,,
1984-10-23,,0.72,,,,,
1984-10-24,,0.76,,,,,
1984-10-25,,0.69,,,,,
1984-10-26,,0.6,,,,,
1984-10-29,,0.63,,,,,
1984-10-30,,0.76,,,,,
1984-10-31,,0.75,,,,,
1984-11-01,,0.77,,,,,
1984-11-02,,0.76,,,,,
1984-11-05,,0.78,,,,,
1984-11-07,,0.74,,,,,
1984-11-08,,0.7,,,,,
1984-11-09,,0.71,,,,,
1984-11-13,,0.71,,,,,
1984-11-14,,0.61,,,,,
1984-11-15,,0.66,,,,,
1984-11-16,,0.66,,,,,
1984-11-19,,0.69,,,,,
1984-11-20,,0.76,,,,,
1984-11-21,,0.77,,,,,
1984-11-23,,0.8,,,,,
1984-11-26,,0.74,,,,,
1984-11-27,,0.7,,,,,
1984-11-28,,0.66,,,,,
1984-11-29,,0.63,,,,,
1984-11-30,,0.57,,,,,
1984-12-03,,0.61,,,,,
1984-12-04,,0.61,,,,,
1984-12-05,,0.67,,,,,
1984-12-06,,0.62,,,,,
1984-12-07,,0.57,,,,,
1984-12-10,,0.58,,,,,
1984-12-11,,0.63,,,,,
1984-12-12,,0.65,,,,,
1984-12-13,,0.55,,,,,
1984-12-14,,0.61,,,,,
1984-12-17,,0.63,,,,,
1984-12-18,,0.71,,,,,
1984-12-19,,0.69,,,,,
1984-12-20,,0.67,,,,,
1984-12-21,,0.66,,,,,
1984-12-24,,0.66,,,,,
1984-12-26,,0.61,,,,,
1984-12-27,,0.65,,,,,
1984-12-28,,0.62,,,,,
1984-12-31,,0.6,,,,,
1985-01-02,,0.54,,,,,
1985-01-03,,0.59,,,,,
1985-01-04,,0.58,,,,,
1985-01-07,,0.64,,,,,
1985-01-08,,0.67,,,,,
1985-01-09,,0.66,,,,,
1985-01-10,,0.71,,,,,
1985-01-11,,0.61,,,,,
1985-01-14,,0.63,,,,,
1985-01-15,,0.7,,,,,
1985-01-16,,0.72,,,,,
1985-01-17,,0.72,,,,,
1985-01-18,,0.77,,,,,
1985-01-22,,0.73,,,,,
1985-01-23,,0.77,,,,,
1985-01-24,,0.81,,,,,
1985-01-25,,0.78,,,,,
1985-01-28,,0.77,,,,,
1985-01-29,,0.77,,,,,
1985-01-30,,0.71,,,,,
1985-01-31,,0.65,,,,,
1985-02-01,,0.6,,,,,
1985-02-04,,0.55,,,,,
1985-02-05,,0.58,,,,,
1985-02-06,,0.55,,,,,
1985-02-07,,0.62,,,,,
1985-02-08,,0.61,,,,,
1985-02-11,,0.57,,,,,
1985-02-13,,0.61,,,,,
1985-02-14,,0.67,,,,,
1985-02-15,,0.68,,,,,
1985-02-19,,0.65,,,,,
1985-02-20,,0.64,,,,,
1985-02-21,,0.65,,,,,
1985-02-22,,0.62,,,,,
1985-02-25,,0.67,,,,,
1985-02-26,,0.66,,,,,
1985-02-27,,0.62,,,,,
1985-02-28,,0.65,,,,,
1985-03-01,,0.63,,,,,
1985-03-04,,0.62,,,,,
1985-03-05,,0.65,,,,,
1985-03-06,,0.66,,,,,
1985-03-07,,0.7,,,,,
1985-03-08,,0.78,,,,,
1985-03-11,,0.8,,,,,
1985-03-12,,0.75,,,,,
1985-03-13,,0.7,,,,,
1985-03-14,,0.68,,,,,
1985-03-15,,0.74,,,,,
1985-03-18,,0.67,,,,,
1985-03-19,,0.67,,,,,
1985-03-20,,0.7,,,,,
1985-03-21,,0.74,,,,,
1985-03-22,,0.71,,,,,
1985-03-25,,0.69,,,,,
1985-03-26,,0.72,,,,,
1985-03-27,,0.7,,,,,
1985-03-28,,0.75,,,,,
1985-03-29,,0.77,,,,,
1985-04-01,,0.74,,,,,
1985-04-02,,0.75,,,,,
1985-04-03,,0.72,,,,,
1985-04-04,,0.72,,,,,
1985-04-08,,0.7,,,,,
1985-04-09,,0.76,,,,,
1985-04-10,,0.75,,,,,
1985-04-11,,0.81,,,,,
1985-04-12,,0.8,,,,,
1985-04-15,,0.82,,,,,
1985-04-16,,0.83,,,,,
1985-04-17,,0.83,,,,,
1985-04-18,,0.9,,,,,
1985-04-19,,0.86,,,,,
1985-04-22,,0.85,,,,,
1985-04-23,,0.82,,,,,
1985-04-24,,0.85,,,,,
1985-04-25,,0.79,,,,,
1985-04-26,,0.79,,,,,
1985-04-29,,0.75,,,,,
1985-04-30,,0.77,,,,,
1985-05-01,,0.89,,,,,
1985-05-02,,0.82,,,,,
1985-05-03,,0.87,,,,,
1985-05-06,,0.87,,,,,
1985-05-07,,0.88,,,,,
1985-05-08,,0.83,,,,,
1985-05-09,,0.83,,,,,
1985-05-10,,0.87,,,,,
1985-05-13,,0.85,,,,,
1985-05-14,,0.93,,,,,
1985-05-15,,0.9,,,,,
1985-05-16,,0.9,,,,,
1985-05-17,,0.81,,,,,
1985-05-20,,0.95,,,,,
1985-05-21,,0.92,,,,,
1985-05-22,,0.87,,,,,
1985-05-23,,0.87,,,,,
1985-05-24,,0.91,,,,,
1985-05-28,,0.9,,,,,
1985-05-29,,0.83,,,,,
1985-05-30,,0.89,,,,,
1985-05-31,,0.89,,,,,
1985-06-03,,0.99,,,,,
1985-06-04,,0.94,,,,,
1985-06-05,,1.05,,,,,
1985-06-06,,0.93,,,,,
1985-06-07,,0.73,,,,,
1985-06-10,,0.78,,,,,
1985-06-11,,0.81,,,,,
1985-06-12,,0.72,,,,,
1985-06-13,,0.71,,,,,
1985-06-14,,0.81,,,,,
1985-06-17,,0.84,,,,,
1985-06-18,,0.85,,,,,
1985-06-19,,0.79,,,,,
1985-06-20,,0.78,,,,,
1985-06-21,,0.67,,,,,
1985-06-24,,0.62,,,,,
1985-06-25,,0.63,,,,,
1985-06-26,,0.63,,,,,
1985-06-27,,0.7,,,,,
1985-06-28,,0.74,,,,,
1985-07-01,,0.79,,,,,
1985-07-02,,0.75,,,,,
1985-07-03,,0.7,,,,,
1985-07-05,,0.83,,,,,
1985-07-08,,0.75,,,,,
1985-07-09,,0.77,,,,,
1985-07-10,,0.77,,,,,
1985-07-11,,0.68,,,,,
1985-07-12,,0.65,,,,,
1985-07-15,,0.64,,,,,
1985-07-16,,0.7,,,,,
1985-07-17,,0.71,,,,,
1985-07-18,,0.62,,,,,
1985-07-19,,0.57,,,,,
1985-07-22,,0.57,,,,,
1985-07-23,,0.55,,,,,
1985-07-24,,0.54,,,,,
1985-07-25,,0.56,,,,,
1985-07-26,,0.56,,,,,
1985-07-29,,0.53,,,,,
1985-07-30,,0.59,,,,,
1985-07-31,,0.66,,,,,
1985-08-01,,0.66,,,,,
1985-08-02,,0.56,,,,,
1985-08-05,,0.58,,,,,
1985-08-06,,0.61,,,,,
1985-08-07,,0.69,,,,,
1985-08-08,,0.75,,,,,
1985-08-09,,0.75,,,,,
1985-08-12,,0.7,,,,,
1985-08-13,,0.65,,,,,
1985-08-14,,0.71,,,,,
1985-08-15,,0.73,,,,,
1985-08-16,,0.79,,,,,
1985-08-19,,0.76,,,,,
1985-08-20,,0.78,,,,,
1985-08-21,,0.83,,,,,
1985-08-22,,0.79,,,,,
1985-08-23,,0.79,,,,,
1985-08-26,,0.78,,,,,
1985-08-27,,0.77,,,,,
1985-08-28,,0.73,,,,,
1985-08-29,,0.74,,,,,
1985-08-30,,0.63,,,,,
1985-09-03,,0.65,,,,,
1985-09-04,,0.73,,,,,
1985-09-05,,0.65,,,,,
1985-09-06,,0.56,,,,,
1985-09-09,,0.62,,,,,
1985-09-10,,0.64,,,,,
1985-09-11,,0.63,,,,,
1985-09-12,,0.65,,,,,
1985-09-13,,0.72,,,,,
1985-09-16,,0.72,,,,,
1985-09-17,,0.73,,,,,
1985-09-18,,0.72,,,,,
1985-09-19,,0.69,,,,,
1985-09-20,,0.71,,,,,
1985-09-23,,0.68,,,,,
1985-09-24,,0.74,,,,,
1985-09-25,,0.79,,,,,
1985-09-26,,0.8,,,,,
1985-09-30,,0.76,,,,,
1985-10-01,,0.74,,,,,
1985-10-02,,0.77,,,,,
1985-10-03,,0.75,,,,,
1985-10-04,,0.73,,,,,
1985-10-07,,0.72,,,,,
1985-10-08,,0.75,,,,,
1985-10-09,,0.76,,,,,
1985-10-10,,0.78,,,,,
1985-10-11,,0.76,,,,,
1985-10-15,,0.76,,,,,
1985-10-16,,0.78,,,,,
1985-10-17,,0.81,,,,,
1985-10-18,,0.81,,,,,
1985-10-21,,0.78,,,,,
1985-10-22,,0.79,,,,,
1985-10-23,,0.77,,,,,
1985-10-24,,0.79,,,,,
1985-10-25,,0.79,,,,,
1985-10-28,,0.72,,,,,
1985-10-29,,0.81,,,,,
1985-10-30,,0.87,,,,,
1985-10-31,,0.82,,,,,
1985-11-01,,0.78,,,,,
1985-11-04,,0.74,,,,,
1985-11-05,,0.76,,,,,
1985-11-06,,0.76,,,,,
1985-11-07,,0.74,,,,,
1985-11-08,,0.75,,,,,
1985-11-12,,0.79,,,,,
1985-11-13,,0.76,,,,,
1985-11-14,,0.73,,,,,
1985-11-15,,0.65,,,,,
1985-11-18,,0.78,,,,,
1985-11-19,,0.73,,,,,
1985-11-20,,0.74,,,,,
1985-11-21,,0.86,,,,,
1985-11-22,,0.81,,,,,
1985-11-25,,0.77,,,,,
1985-11-26,,0.77,,,,,
1985-11-27,,0.78,,,,,
1985-11-29,,0.82,,,,,
1985-12-02,,0.75,,,,,
1985-12-03,,0.76,,,,,
1985-12-04,,0.81,,,,,
1985-12-05,,0.8,,,,,
1985-12-06,,0.78,,,,,
1985-12-09,,0.85,,,,,
1985-12-10,,0.91,,,,,
1985-12-11,,1.06,,,,,
1985-12-12,,0.98,,,,,
1985-12-13,,0.96,,,,,
1985-12-16,,0.96,,,,,
1985-12-17,,1.01,,,,,
1985-12-18,,0.95,,,,,
1985-12-19,,0.94,,,,,
1985-12-20,,0.94,,,,,
1985-12-23,,0.92,,,,,
1985-12-24,,0.9,,,,,
1985-12-26,,0.91,,,,,
1985-12-27,,0.95,,,,,
1985-12-30,,0.93,,,,,
1985-12-31,,0.91,,,,,
1986-01-02,2.34,0.88,,1.46,,,
1986-01-03,2.3,0.87,,1.43,,,
1986-01-06,2.29,0.87,,1.42,,,
1986-01-07,2.35,0.91,,1.44,,,
1986-01-08,2.21,0.76,,1.45,,,
1986-01-09,2.16,0.71,,1.45,,,
1986-01-10,2.06,0.7,,1.36,,,
1986-01-13,2.03,0.75,,1.28,,,
1986-01-14,2.03,0.75,,1.28,,,
1986-01-15,2.2,0.86,,1.34,,,
1986-01-16,2.17,0.86,,1.31,,,
1986-01-17,2.2,0.91,,1.29,,,
1986-01-21,2.24,0.89,,1.35,,,
1986-01-22,2.23,0.84,,1.39,,,
1986-01-23,2.29,0.9,,1.39,,,
1986-01-24,2.26,0.89,,1.37,,,
1986-01-27,2.35,0.94,,1.41,,,
1986-01-28,2.41,0.94,,1.47,,,
1986-01-29,2.34,0.89,,1.45,,,
1986-01-30,2.32,0.89,,1.43,,,
1986-01-31,2.29,0.89,,1.4,,,
1986-02-03,2.3,0.9,,1.4,,,
1986-02-04,2.29,0.92,,1.37,,,
1986-02-05,2.28,0.9,,1.38,,,
1986-02-06,2.25,0.86,,1.39,,,
1986-02-07,2.22,0.83,,1.39,,,
1986-02-10,2.3,0.9,,1.4,,,
1986-02-11,2.35,0.94,,1.41,,,
1986-02-12,2.36,0.96,,1.4,,,
1986-02-13,2.38,0.97,,1.41,,,
1986-02-14,2.47,1.05,,1.42,,,
1986-02-18,2.49,1.06,,1.43,,,
1986-02-19,2.43,0.98,,1.45,,,
1986-02-20,2.44,1,,1.44,,,
1986-02-21,2.54,1.02,,1.52,,,
1986-02-24,2.56,1,,1.56,,,
1986-02-25,2.54,1,,1.54,,,
1986-02-26,2.51,0.95,,1.56,,,
1986-02-27,2.56,1.05,,1.51,,,
1986-02-28,2.49,1,,1.49,,,
1986-03-03,2.57,1.07,,1.5,,,
1986-03-04,2.6,1.09,,1.51,,,
1986-03-05,2.48,1,,1.48,,,
1986-03-06,2.58,1.06,,1.52,,,
1986-03-07,2.68,1.14,,1.54,,,
1986-03-10,2.79,1.22,,1.57,,,
1986-03-11,2.82,1.26,,1.56,,,
1986-03-12,2.79,1.28,,1.51,,,
1986-03-13,2.75,1.25,,1.5,,,
1986-03-14,2.72,1.27,,1.45,,,
1986-03-17,2.68,1.23,,1.45,,,
1986-03-18,2.68,1.22,,1.46,,,
1986-03-19,2.71,1.22,,1.49,,,
1986-03-20,2.73,1.24,,1.49,,,
1986-03-21,2.69,1.23,,1.46,,,
1986-03-24,2.73,1.3,,1.43,,,
1986-03-25,2.74,1.3,,1.44,,,
1986-03-26,2.79,1.3,,1.49,,,
1986-03-27,2.88,1.32,,1.56,,,
1986-03-31,2.92,1.34,,1.58,,,
1986-04-01,2.91,1.34,,1.57,,,
1986-04-02,2.92,1.39,,1.53,,,
1986-04-03,2.85,1.33,,1.52,,,
1986-04-04,2.84,1.35,,1.49,,,
1986-04-07,2.87,1.39,,1.48,,,
1986-04-08,2.93,1.45,,1.48,,,
1986-04-09,2.94,1.45,,1.49,,,
1986-04-10,2.97,1.48,,1.49,,,
1986-04-11,2.96,1.43,,1.53,,,
1986-04-14,2.98,1.48,,1.5,,,
1986-04-15,2.98,1.49,,1.49,,,
1986-04-16,3.16,1.64,,1.52,,,
1986-04-17,3.15,1.6,,1.55,,,
1986-04-18,2.88,1.58,,1.3,,,
1986-04-21,2.97,1.68,,1.29,,,
1986-04-22,2.81,1.59,,1.22,,,
1986-04-23,2.76,1.55,,1.21,,,
1986-04-24,2.7,1.48,,1.22,,,
1986-04-25,2.68,1.44,,1.24,,,
1986-04-28,2.75,1.5,,1.25,,,
1986-04-29,2.82,1.57,,1.25,,,
1986-04-30,2.78,1.56,,1.22,,,
1986-05-01,2.73,1.52,,1.21,,,
1986-05-02,2.73,1.5,,1.23,,,
1986-05-05,2.71,1.52,,1.19,,,
1986-05-06,2.7,1.51,,1.19,,,
1986-05-07,2.73,1.56,,1.17,,,
1986-05-08,2.75,1.55,,1.2,,,
1986-05-09,2.71,1.52,,1.19,,,
1986-05-12,2.58,1.43,,1.15,,,
1986-05-13,2.6,1.46,,1.14,,,
1986-05-14,2.6,1.42,,1.18,,,
1986-05-15,2.56,1.34,,1.22,,,
1986-05-16,2.39,1.21,,1.18,,,
1986-05-19,2.41,1.23,,1.18,,,
1986-05-20,2.46,1.29,,1.17,,,
1986-05-21,2.47,1.28,,1.19,,,
1986-05-22,2.48,1.29,,1.19,,,
1986-05-23,2.53,1.28,,1.25,,,
1986-05-27,2.59,1.34,,1.25,,,
1986-05-28,2.61,1.36,,1.25,,,
1986-05-29,2.4,1.16,,1.24,,,
1986-05-30,2.36,1.19,,1.17,,,
1986-06-02,2.19,1.05,,1.14,,,
1986-06-03,2.31,1.14,,1.17,,,
1986-06-04,2.06,0.96,,1.1,,,
1986-06-05,2.15,0.92,,1.23,,,
1986-06-06,2.46,1.21,,1.25,,,
1986-06-09,2.35,1.1,,1.25,,,
1986-06-10,2.4,1.12,,1.28,,,
1986-06-11,2.43,1.19,,1.24,,,
1986-06-12,2.45,1.21,,1.24,,,
1986-06-13,2.62,1.39,,1.23,,,
1986-06-16,2.66,1.43,,1.23,,,
1986-06-17,2.66,1.44,,1.22,,,
1986-06-18,2.71,1.52,,1.19,,,
1986-06-19,2.64,1.46,,1.18,,,
1986-06-20,2.68,1.45,,1.23,,,
1986-06-23,2.68,1.47,,1.21,,,
1986-06-24,2.73,1.54,,1.19,,,
1986-06-25,2.79,1.6,,1.19,,,
1986-06-26,2.76,1.59,,1.17,,,
1986-06-27,2.8,1.59,,1.21,,,
1986-06-30,2.81,1.61,,1.2,,,
1986-07-01,2.78,1.56,,1.22,,,
1986-07-02,2.79,1.56,,1.23,,,
1986-07-03,2.82,1.58,,1.24,,,
1986-07-07,2.84,1.59,,1.25,,,
1986-07-08,2.72,1.5,,1.22,,,
1986-07-09,2.83,1.56,,1.27,,,
1986-07-10,2.8,1.57,,1.23,,,
1986-07-11,2.84,1.58,,1.26,,,
1986-07-14,2.84,1.6,,1.24,,,
1986-07-15,2.9,1.66,,1.24,,,
1986-07-16,2.88,1.62,,1.26,,,
1986-07-17,2.94,1.67,,1.27,,,
1986-07-18,2.97,1.69,,1.28,,,
1986-07-21,2.97,1.71,,1.26,,,
1986-07-22,2.94,1.71,,1.23,,,
1986-07-23,2.83,1.64,,1.19,,,
1986-07-24,2.88,1.47,,1.41,,,
1986-07-25,2.93,1.48,,1.45,,,
1986-07-28,2.79,1.39,,1.4,,,
1986-07-29,2.88,1.48,,1.4,,,
1986-07-30,2.87,1.46,,1.41,,,
1986-07-31,2.91,1.51,,1.4,,,
1986-08-01,2.91,1.52,,1.39,,,
1986-08-04,2.91,1.51,,1.4,,,
1986-08-05,2.88,1.47,,1.41,,,
1986-08-06,2.87,1.41,,1.46,,,
1986-08-07,2.88,1.41,,1.47,,,
1986-08-08,2.99,1.5,,1.49,,,
1986-08-11,3.05,1.51,,1.54,,,
1986-08-12,3.06,1.54,,1.52,,,
1986-08-13,3.09,1.56,,1.53,,,
1986-08-14,3.06,1.56,,1.5,,,
1986-08-15,3.12,1.58,,1.54,,,
1986-08-18,3,1.55,,1.45,,,
1986-08-19,3.11,1.62,,1.49,,,
1986-08-20,3.11,1.64,,1.47,,,
1986-08-21,3.13,1.68,,1.45,,,
1986-08-22,3.04,1.61,,1.43,,,
1986-08-25,3,1.6,,1.4,,,
1986-08-26,3.06,1.64,,1.42,,,
1986-08-27,3.01,1.58,,1.43,,,
1986-08-28,2.99,1.58,,1.41,,,
1986-08-29,3.07,1.64,,1.43,,,
1986-09-02,3.03,1.65,,1.38,,,
1986-09-03,2.88,1.53,,1.35,,,
1986-09-04,2.92,1.59,,1.33,,,
1986-09-05,2.8,1.47,,1.33,,,
1986-09-08,2.83,1.44,,1.39,,,
1986-09-09,2.83,1.44,,1.39,,,
1986-09-10,2.81,1.44,,1.37,,,
1986-09-11,2.68,1.34,,1.34,,,
1986-09-12,2.64,1.32,,1.32,,,
1986-09-15,2.71,1.38,,1.33,,,
1986-09-16,2.7,1.38,,1.32,,,
1986-09-17,2.74,1.45,,1.29,,,
1986-09-18,2.63,1.36,,1.27,,,
1986-09-19,2.61,1.36,,1.25,,,
1986-09-22,2.67,1.4,,1.27,,,
1986-09-23,2.68,1.42,,1.26,,,
1986-09-24,2.74,1.47,,1.27,,,
1986-09-25,2.74,1.48,,1.26,,,
1986-09-26,2.74,1.47,,1.27,,,
1986-09-29,2.71,1.43,,1.28,,,
1986-09-30,2.75,1.44,,1.31,,,
1986-10-01,2.81,1.48,,1.33,,,
1986-10-02,2.81,1.45,,1.36,,,
1986-10-03,2.92,1.55,,1.37,,,
1986-10-06,2.95,1.56,,1.39,,,
1986-10-07,2.95,1.56,,1.39,,,
1986-10-08,2.94,1.56,,1.38,,,
1986-10-09,2.92,1.54,,1.38,,,
1986-10-10,2.87,1.52,,1.35,,,
1986-10-14,2.74,1.39,,1.35,,,
1986-10-15,2.73,1.37,,1.36,,,
1986-10-16,2.74,1.36,,1.38,,,
1986-10-17,2.71,1.32,,1.39,,,
1986-10-20,2.64,1.28,,1.36,,,
1986-10-21,2.72,1.33,,1.39,,,
1986-10-22,2.76,1.41,,1.35,,,
1986-10-23,2.8,1.43,,1.37,,,
1986-10-24,2.77,1.37,,1.4,,,
1986-10-27,2.78,1.41,,1.37,,,
1986-10-28,2.77,1.38,,1.39,,,
1986-10-29,2.8,1.4,,1.4,,,
1986-10-30,2.86,1.44,,1.42,,,
1986-10-31,2.82,1.45,,1.37,,,
1986-11-03,2.81,1.41,,1.4,,,
1986-11-04,2.78,1.41,,1.37,,,
1986-11-05,2.82,1.47,,1.35,,,
1986-11-06,2.77,1.42,,1.35,,,
1986-11-07,2.73,1.39,,1.34,,,
1986-11-10,2.76,1.41,,1.35,,,
1986-11-12,2.76,1.43,,1.33,,,
1986-11-13,2.78,1.43,,1.35,,,
1986-11-14,2.82,1.44,,1.38,,,
1986-11-17,2.85,1.45,,1.4,,,
1986-11-18,2.8,1.4,,1.4,,,
1986-11-19,2.86,1.47,,1.39,,,
1986-11-20,2.83,1.44,,1.39,,,
1986-11-21,2.84,1.45,,1.39,,,
1986-11-24,2.88,1.47,,1.41,,,
1986-11-25,2.84,1.39,,1.45,,,
1986-11-26,2.84,1.39,,1.45,,,
1986-11-28,2.85,1.38,,1.47,,,
1986-12-01,2.82,1.37,,1.45,,,
1986-12-02,2.92,1.46,,1.46,,,
1986-12-03,2.92,1.46,,1.46,,,
1986-12-04,2.96,1.5,,1.46,,,
1986-12-05,2.82,1.35,,1.47,,,
1986-12-08,2.88,1.36,,1.52,,,
1986-12-09,2.9,1.4,,1.5,,,
1986-12-10,2.9,1.43,,1.47,,,
1986-12-11,2.83,1.36,,1.47,,,
1986-12-12,2.85,1.37,,1.48,,,
1986-12-15,2.83,1.37,,1.46,,,
1986-12-16,2.85,1.39,,1.46,,,
1986-12-17,2.86,1.39,,1.47,,,
1986-12-18,2.87,1.41,,1.46,,,
1986-12-19,2.85,1.4,,1.45,,,
1986-12-22,2.89,1.39,,1.5,,,
1986-12-23,2.91,1.39,,1.52,,,
1986-12-24,2.91,1.39,,1.52,,,
1986-12-26,2.88,1.36,,1.52,,,
1986-12-29,2.75,1.28,,1.47,,,
1986-12-30,2.75,1.27,,1.48,,,
1986-12-31,2.76,1.3,,1.46,,,
1987-01-02,2.79,1.31,,1.48,,,
1987-01-05,2.82,1.36,,1.46,,,
1987-01-06,2.78,1.33,,1.45,,,
1987-01-07,2.77,1.35,,1.42,,,
1987-01-08,2.72,1.33,,1.39,,,
1987-01-09,2.73,1.35,,1.38,,,
1987-01-12,2.67,1.29,,1.38,,,
1987-01-13,2.62,1.22,,1.4,,,
1987-01-14,2.61,1.21,,1.4,,,
1987-01-15,2.61,1.26,,1.35,,,
1987-01-16,2.64,1.31,,1.33,,,
1987-01-20,2.63,1.32,,1.31,,,
1987-01-21,2.63,1.29,,1.34,,,
1987-01-22,2.61,1.26,,1.35,,,
1987-01-23,2.58,1.26,,1.32,,,
1987-01-26,2.5,1.16,,1.34,,,
1987-01-27,2.52,1.24,,1.28,,,
1987-01-28,2.57,1.27,,1.3,,,
1987-01-29,2.55,1.24,,1.31,,,
1987-01-30,2.5,1.18,,1.32,,,
1987-02-02,2.45,1.15,,1.3,,,
1987-02-03,2.4,1.14,,1.26,,,
1987-02-04,2.44,1.16,,1.28,,,
1987-02-05,2.43,1.19,,1.24,,,
1987-02-06,2.42,1.17,,1.25,,,
1987-02-09,2.36,1.1,,1.26,,,
1987-02-10,2.32,1.06,,1.26,,,
1987-02-11,2.32,1.04,,1.28,,,
1987-02-12,2.37,1.11,,1.26,,,
1987-02-13,2.39,1.11,,1.28,,,
1987-02-17,2.35,1.09,,1.26,,,
1987-02-18,2.38,1.12,,1.26,,,
1987-02-19,2.43,1.17,,1.26,,,
1987-02-20,2.43,1.13,,1.3,,,
1987-02-23,2.43,1.16,,1.27,,,
1987-02-24,2.46,1.19,,1.27,,,
1987-02-25,2.41,1.14,,1.27,,,
1987-02-26,2.43,1.14,,1.29,,,
1987-02-27,2.43,1.17,,1.26,,,
1987-03-02,2.46,1.17,,1.29,,,
1987-03-03,2.41,1.12,,1.29,,,
1987-03-04,2.46,1.22,,1.24,,,
1987-03-05,2.43,1.16,,1.27,,,
1987-03-06,2.35,1.11,,1.24,,,
1987-03-09,2.38,1.13,,1.25,,,
1987-03-10,2.39,1.13,,1.26,,,
1987-03-11,2.39,1.14,,1.25,,,
1987-03-12,2.4,1.15,,1.25,,,
1987-03-13,2.4,1.17,,1.23,,,
1987-03-16,2.36,1.13,,1.23,,,
1987-03-17,2.38,1.16,,1.22,,,
1987-03-18,2.36,1.14,,1.22,,,
1987-03-19,2.36,1.15,,1.21,,,
1987-03-20,2.36,1.14,,1.22,,,
1987-03-23,2.34,1.11,,1.23,,,
1987-03-24,2.34,1.09,,1.25,,,
1987-03-25,2.36,1.1,,1.26,,,
1987-03-26,2.38,1.1,,1.28,,,
1987-03-27,2.31,1.04,,1.27,,,
1987-03-30,2.14,0.91,,1.23,,,
1987-03-31,2.19,0.96,,1.23,,,
1987-04-01,2.16,0.93,,1.23,,,
1987-04-02,2.15,0.95,,1.2,,,
1987-04-03,2.16,0.95,,1.21,,,
1987-04-06,2.18,0.99,,1.19,,,
1987-04-07,2.12,0.91,,1.21,,,
1987-04-08,2.13,0.91,,1.22,,,
1987-04-09,2.01,0.81,,1.2,,,
1987-04-10,1.87,0.65,,1.22,,,
1987-04-13,1.85,0.65,,1.2,,,
1987-04-14,1.76,0.55,,1.21,,,
1987-04-15,2.02,0.78,,1.24,,,
1987-04-16,2.09,0.82,,1.27,,,
1987-04-20,1.91,0.74,,1.17,,,
1987-04-21,2,0.86,,1.14,,,
1987-04-22,1.98,0.81,,1.17,,,
1987-04-23,1.9,0.72,,1.18,,,
1987-04-24,1.86,0.71,,1.15,,,
1987-04-27,2.01,0.87,,1.14,,,
1987-04-28,2.09,0.98,,1.11,,,
1987-04-29,2.02,0.86,,1.16,,,
1987-04-30,2.16,0.96,,1.2,,,
1987-05-01,1.96,0.76,,1.2,,,
1987-05-04,1.9,0.69,,1.21,,,
1987-05-05,1.96,0.75,,1.21,,,
1987-05-06,1.9,0.66,,1.24,,,
1987-05-07,1.98,0.73,,1.25,,,
1987-05-08,2.05,0.78,,1.27,,,
1987-05-11,1.84,0.64,,1.2,,,
1987-05-12,1.91,0.68,,1.23,,,
1987-05-13,1.9,0.7,,1.2,,,
1987-05-14,1.89,0.67,,1.22,,,
1987-05-15,1.66,0.51,,1.15,,,
1987-05-18,1.79,0.66,,1.13,,,
1987-05-19,1.66,0.56,,1.1,,,
1987-05-20,1.72,0.59,,1.13,,,
1987-05-21,1.84,0.7,,1.14,,,
1987-05-22,1.91,0.76,,1.15,,,
1987-05-26,2.06,0.88,,1.18,,,
1987-05-27,1.96,0.79,,1.17,,,
1987-05-28,2.03,0.83,,1.2,,,
1987-05-29,2.08,0.91,,1.17,,,
1987-06-01,2.09,0.91,,1.18,,,
1987-06-02,1.89,0.69,,1.2,,,
1987-06-03,1.99,0.74,,1.25,,,
1987-06-04,2.04,0.8,,1.24,,,
1987-06-05,2.13,0.86,,1.27,,,
1987-06-08,2.08,0.83,,1.25,,,
1987-06-09,2.05,0.83,,1.22,,,
1987-06-10,2.02,0.81,,1.21,,,
1987-06-11,2.06,0.85,,1.21,,,
1987-06-12,2.2,1.01,,1.19,,,
1987-06-15,2.24,1.04,,1.2,,,
1987-06-16,2.21,1.03,,1.18,,,
1987-06-17,2.24,1.04,,1.2,,,
1987-06-18,2.21,1.02,,1.19,,,
1987-06-19,2.15,0.99,,1.16,,,
1987-06-22,2.2,1.01,,1.19,,,
1987-06-23,2.19,1.02,,1.17,,,
1987-06-24,2.13,0.94,,1.19,,,
1987-06-25,2.18,1,,1.18,,,
1987-06-26,2.08,0.88,,1.2,,,
1987-06-29,2.14,0.96,,1.18,,,
1987-06-30,2.12,0.95,,1.17,,,
1987-07-01,2.18,0.98,,1.2,,,
1987-07-02,2.25,1.03,,1.22,,,
1987-07-06,2.24,1.01,,1.23,,,
1987-07-07,2.24,1.02,,1.22,,,
1987-07-08,2.2,1,,1.2,,,
1987-07-09,2.14,0.95,,1.19,,,
1987-07-10,2.2,1.01,,1.19,,,
1987-07-13,2.15,0.96,,1.19,,,
1987-07-14,2.24,1.03,,1.21,,,
1987-07-15,2.17,0.95,,1.22,,,
1987-07-16,2.15,0.95,,1.2,,,
1987-07-17,2.21,1.02,,1.19,,,
1987-07-20,2.16,0.97,,1.19,,,
1987-07-21,2.11,0.92,,1.19,,,
1987-07-22,2.1,0.93,,1.17,,,
1987-07-23,2.1,0.94,,1.16,,,
1987-07-24,2.06,0.94,,1.12,,,
1987-07-27,2.11,0.94,,1.17,,,
1987-07-28,2.11,0.92,,1.19,,,
1987-07-29,2.13,0.96,,1.17,,,
1987-07-30,2.15,0.96,,1.19,,,
1987-07-31,2.11,0.91,,1.2,,,
1987-08-03,2.03,0.83,,1.2,,,
1987-08-04,2.05,0.82,,1.23,,,
1987-08-05,2.14,0.95,,1.19,,,
1987-08-06,2.12,0.92,,1.2,,,
1987-08-07,2.09,0.96,,1.13,,,
1987-08-10,2.03,0.91,,1.12,,,
1987-08-11,2.04,0.91,,1.13,,,
1987-08-12,2.04,0.9,,1.14,,,
1987-08-13,2.13,0.97,,1.16,,,
1987-08-14,2.17,1.05,,1.12,,,
1987-08-17,2.15,1.08,,1.07,,,
1987-08-18,2.04,0.97,,1.07,,,
1987-08-19,2.02,0.95,,1.07,,,
1987-08-20,2.03,0.94,,1.09,,,
1987-08-21,2.02,0.89,,1.13,,,
1987-08-24,2.01,0.89,,1.12,,,
1987-08-25,2.06,0.93,,1.13,,,
1987-08-26,2.01,0.89,,1.12,,,
1987-08-27,1.93,0.79,,1.14,,,
1987-08-28,1.86,0.74,,1.12,,,
1987-08-31,1.92,0.79,,1.13,,,
1987-09-01,1.86,0.75,,1.11,,,
1987-09-02,1.72,0.59,,1.13,,,
1987-09-03,1.81,0.62,,1.19,,,
1987-09-04,1.78,0.66,,1.12,,,
1987-09-08,1.68,0.55,,1.13,,,
1987-09-09,1.78,0.71,,1.07,,,
1987-09-10,1.73,0.75,,0.98,,,
1987-09-11,1.91,0.84,,1.07,,,
1987-09-14,1.92,0.84,,1.08,,,
1987-09-15,1.94,0.82,,1.12,,,
1987-09-16,1.92,0.82,,1.1,,,
1987-09-17,1.97,0.85,,1.12,,,
1987-09-18,2.07,0.92,,1.15,,,
1987-09-21,1.96,0.83,,1.13,,,
1987-09-22,2.06,0.87,,1.19,,,
1987-09-23,2.02,0.82,,1.2,,,
1987-09-24,1.9,0.73,,1.17,,,
1987-09-25,1.91,0.76,,1.15,,,
1987-09-28,1.87,0.74,,1.13,,,
1987-09-29,1.86,0.68,,1.18,,,
1987-09-30,1.91,0.78,,1.13,,,
1987-10-01,1.82,0.68,,1.14,,,
1987-10-02,1.96,0.75,,1.21,,,
1987-10-05,1.88,0.7,,1.18,,,
1987-10-06,1.87,0.71,,1.16,,,
1987-10-07,1.84,0.68,,1.16,,,
1987-10-08,1.8,0.72,,1.08,,,
1987-10-09,1.74,0.66,,1.08,,,
1987-10-13,1.82,0.7,,1.12,,,
1987-10-14,1.65,0.57,,1.08,,,
1987-10-15,1.64,0.67,,0.97,,,
1987-10-16,1.59,0.62,,0.97,,,
1987-10-19,1.89,0.91,,0.98,,,
1987-10-20,2.47,1.34,,1.13,,,
1987-10-21,2.5,1.4,,1.1,,,
1987-10-22,2.68,1.52,,1.16,,,
1987-10-23,2.53,1.44,,1.09,,,
1987-10-26,2.58,1.47,,1.11,,,
1987-10-27,2.42,1.33,,1.09,,,
1987-10-28,2.36,1.29,,1.07,,,
1987-10-29,2.46,1.33,,1.13,,,
1987-10-30,2.45,1.31,,1.14,,,
1987-11-02,2.37,1.21,,1.16,,,
1987-11-03,2.47,1.25,,1.22,,,
1987-11-04,2.45,1.24,,1.21,,,
1987-11-05,2.49,1.26,,1.23,,,
1987-11-06,2.41,1.24,,1.17,,,
1987-11-09,2.39,1.22,,1.17,,,
1987-11-10,2.39,1.17,,1.22,,,
1987-11-12,2.39,1.16,,1.23,,,
1987-11-13,2.35,1.14,,1.21,,,
1987-11-16,2.39,1.13,,1.26,,,
1987-11-17,2.36,1.11,,1.25,,,
1987-11-18,2.37,1.12,,1.25,,,
1987-11-19,2.4,1.16,,1.24,,,
1987-11-20,2.43,1.17,,1.26,,,
1987-11-23,2.42,1.19,,1.23,,,
1987-11-24,2.32,1.1,,1.22,,,
1987-11-25,2.24,1.02,,1.22,,,
1987-11-27,2.11,0.95,,1.16,,,
1987-11-30,2.24,1.14,,1.1,,,
1987-12-01,2.22,1.12,,1.1,,,
1987-12-02,2.22,1.1,,1.12,,,
1987-12-03,2.31,1.12,,1.19,,,
1987-12-04,2.27,1.07,,1.2,,,
1987-12-07,2.18,0.98,,1.2,,,
1987-12-08,2.16,1.01,,1.15,,,
1987-12-09,2.19,1.06,,1.13,,,
1987-12-10,2.11,0.97,,1.14,,,
1987-12-11,2.15,0.98,,1.17,,,
1987-12-14,2.19,1.03,,1.16,,,
1987-12-15,2.31,1.13,,1.18,,,
1987-12-16,2.37,1.18,,1.19,,,
1987-12-17,2.31,1.13,,1.18,,,
1987-12-18,2.4,1.22,,1.18,,,
1987-12-21,2.42,1.2,,1.22,,,
1987-12-22,2.36,1.14,,1.22,,,
1987-12-23,2.44,1.26,,1.18,,,
1987-12-24,2.41,1.22,,1.19,,,
1987-12-28,2.34,1.13,,1.21,,,
1987-12-29,2.38,1.22,,1.16,,,
1987-12-30,2.45,1.28,,1.17,,,
1987-12-31,2.39,1.23,,1.16,,,
1988-01-04,2.38,1.19,,1.19,,,
1988-01-05,2.45,1.23,,1.22,,,
1988-01-06,2.38,1.16,,1.22,,,
1988-01-07,2.38,1.16,,1.22,,,
1988-01-08,2.3,1.07,,1.23,,,
1988-01-11,2.29,1.08,,1.21,,,
1988-01-12,2.29,1.09,,1.2,,,
1988-01-13,2.34,1.14,,1.2,,,
1988-01-14,2.32,1.13,,1.19,,,
1988-01-15,2.51,1.35,,1.16,,,
1988-01-19,2.39,1.24,,1.15,,,
1988-01-20,2.39,1.27,,1.12,,,
1988-01-21,2.47,1.35,,1.12,,,
1988-01-22,2.48,1.33,,1.15,,,
1988-01-25,2.44,1.25,,1.19,,,
1988-01-26,2.37,1.18,,1.19,,,
1988-01-27,2.49,1.29,,1.2,,,
1988-01-28,2.49,1.26,,1.23,,,
1988-01-29,2.51,1.26,,1.25,,,
1988-02-01,2.52,1.23,,1.29,,,
1988-02-02,2.55,1.31,,1.24,,,
1988-02-03,2.48,1.22,,1.26,,,
1988-02-04,2.45,1.21,,1.24,,,
1988-02-05,2.54,1.3,,1.24,,,
1988-02-08,2.46,1.25,,1.21,,,
1988-02-09,2.47,1.27,,1.2,,,
1988-02-10,2.49,1.29,,1.2,,,
1988-02-11,2.44,1.25,,1.19,,,
1988-02-12,2.35,1.12,,1.23,,,
1988-02-16,2.32,1.12,,1.2,,,
1988-02-17,2.28,1.09,,1.19,,,
1988-02-18,2.31,1.11,,1.2,,,
1988-02-19,2.32,1.13,,1.19,,,
1988-02-22,2.35,1.14,,1.21,,,
1988-02-23,2.39,1.17,,1.22,,,
1988-02-24,2.36,1.13,,1.23,,,
1988-02-25,2.31,1.09,,1.22,,,
1988-02-26,2.38,1.12,,1.26,,,
1988-02-29,2.37,1.13,,1.24,,,
1988-03-01,2.35,1.11,,1.24,,,
1988-03-02,2.35,1.12,,1.23,,,
1988-03-03,2.3,1.13,,1.17,,,
1988-03-04,2.17,1.01,,1.16,,,
1988-03-07,2.16,1.03,,1.13,,,
1988-03-08,2.15,1,,1.15,,,
1988-03-09,2.18,1.01,,1.17,,,
1988-03-10,2.18,1,,1.18,,,
1988-03-11,2.24,1.09,,1.15,,,
1988-03-14,2.26,1.09,,1.17,,,
1988-03-15,2.24,1.06,,1.18,,,
1988-03-16,2.2,1.01,,1.19,,,
1988-03-17,2.24,1.05,,1.19,,,
1988-03-18,2.13,0.95,,1.18,,,
1988-03-21,2.15,0.94,,1.21,,,
1988-03-22,2.17,0.97,,1.2,,,
1988-03-23,2.16,0.96,,1.2,,,
1988-03-24,2.14,0.96,,1.18,,,
1988-03-25,2.2,1,,1.2,,,
1988-03-28,2.1,0.92,,1.18,,,
1988-03-29,2.13,0.96,,1.17,,,
1988-03-30,2.2,0.98,,1.22,,,
1988-03-31,2.19,0.99,,1.2,,,
1988-04-04,2.15,0.92,,1.23,,,
1988-04-05,2.17,0.94,,1.23,,,
1988-04-06,2.23,1.01,,1.22,,,
1988-04-07,2.23,1.03,,1.2,,,
1988-04-08,2.27,1.07,,1.2,,,
1988-04-11,2.25,1.01,,1.24,,,
1988-04-12,2.26,1.01,,1.25,,,
1988-04-13,2.25,1.03,,1.22,,,
1988-04-14,2.22,0.96,,1.26,,,
1988-04-15,2.18,0.93,,1.25,,,
1988-04-18,2.15,0.91,,1.24,,,
1988-04-19,2.17,0.9,,1.27,,,
1988-04-20,2.16,0.91,,1.25,,,
1988-04-21,2.15,0.91,,1.24,,,
1988-04-22,2.2,0.97,,1.23,,,
1988-04-25,2.17,0.96,,1.21,,,
1988-04-26,2.14,0.93,,1.21,,,
1988-04-27,2.05,0.92,,1.13,,,
1988-04-28,2.08,0.86,,1.22,,,
1988-04-29,2.07,0.86,,1.21,,,
1988-05-02,2.01,0.82,,1.19,,,
1988-05-03,2.07,0.9,,1.17,,,
1988-05-04,2.06,0.88,,1.18,,,
1988-05-05,2.03,0.85,,1.18,,,
1988-05-06,1.97,0.8,,1.17,,,
1988-05-09,1.96,0.81,,1.15,,,
1988-05-10,1.9,0.76,,1.14,,,
1988-05-11,1.97,0.81,,1.16,,,
1988-05-12,2,0.83,,1.17,,,
1988-05-13,2.03,0.85,,1.18,,,
1988-05-16,2.02,0.82,,1.2,,,
1988-05-17,1.94,0.8,,1.14,,,
1988-05-18,1.9,0.78,,1.12,,,
1988-05-19,1.92,0.81,,1.11,,,
1988-05-20,1.87,0.76,,1.11,,,
1988-05-23,1.89,0.8,,1.09,,,
1988-05-24,1.9,0.79,,1.11,,,
1988-05-25,1.89,0.79,,1.1,,,
1988-05-26,1.89,0.79,,1.1,,,
1988-05-27,1.9,0.81,,1.09,,,
1988-05-31,1.93,0.86,,1.07,,,
1988-06-01,2.03,0.96,,1.07,,,
1988-06-02,1.98,0.9,,1.08,,,
1988-06-03,2.14,1.01,,1.13,,,
1988-06-06,2.13,1.01,,1.12,,,
1988-06-07,2.08,0.92,,1.16,,,
1988-06-08,2.16,1,,1.16,,,
1988-06-09,2.11,0.94,,1.17,,,
1988-06-10,2.15,0.98,,1.17,,,
1988-06-13,2.16,0.98,,1.18,,,
1988-06-14,2.27,1.09,,1.18,,,
1988-06-15,2.23,1.02,,1.21,,,
1988-06-16,2.05,0.9,,1.15,,,
1988-06-17,1.91,0.78,,1.13,,,
1988-06-20,1.94,0.84,,1.1,,,
1988-06-21,1.91,0.78,,1.13,,,
1988-06-22,2.03,0.87,,1.16,,,
1988-06-23,2.03,0.87,,1.16,,,
1988-06-24,2.12,0.92,,1.2,,,
1988-06-27,2.03,0.86,,1.17,,,
1988-06-28,2.12,0.95,,1.17,,,
1988-06-29,2.07,0.96,,1.11,,,
1988-06-30,2.16,1.01,,1.15,,,
1988-07-01,2.2,1.05,,1.15,,,
1988-07-05,2.15,0.98,,1.17,,,
1988-07-06,2.09,0.92,,1.17,,,
1988-07-07,2.08,0.9,,1.18,,,
1988-07-08,2.02,0.84,,1.18,,,
1988-07-11,2.05,0.86,,1.19,,,
1988-07-12,2.01,0.84,,1.17,,,
1988-07-13,1.98,0.85,,1.13,,,
1988-07-14,2.02,0.88,,1.14,,,
1988-07-15,2.07,0.92,,1.15,,,
1988-07-18,2.02,0.87,,1.15,,,
1988-07-19,2.04,0.93,,1.11,,,
1988-07-20,2,0.91,,1.09,,,
1988-07-21,1.98,0.88,,1.1,,,
1988-07-22,2.05,0.94,,1.11,,,
1988-07-25,2.12,0.97,,1.15,,,
1988-07-26,2.11,0.95,,1.16,,,
1988-07-27,2.06,0.88,,1.18,,,
1988-07-28,2.04,0.88,,1.16,,,
1988-07-29,2.07,0.91,,1.16,,,
1988-08-01,2.11,0.94,,1.17,,,
1988-08-02,2.17,0.98,,1.19,,,
1988-08-03,2.13,0.94,,1.19,,,
1988-08-04,2.16,1.01,,1.15,,,
1988-08-05,2.03,0.9,,1.13,,,
1988-08-08,2.04,0.93,,1.11,,,
1988-08-09,1.98,0.88,,1.1,,,
1988-08-10,1.91,0.81,,1.1,,,
1988-08-11,1.88,0.78,,1.1,,,
1988-08-12,1.86,0.79,,1.07,,,
1988-08-15,1.87,0.79,,1.08,,,
1988-08-16,1.88,0.8,,1.08,,,
1988-08-17,1.87,0.78,,1.09,,,
1988-08-18,1.88,0.79,,1.09,,,
1988-08-19,1.87,0.79,,1.08,,,
1988-08-22,1.86,0.78,,1.08,,,
1988-08-23,1.93,0.86,,1.07,,,
1988-08-24,1.9,0.81,,1.09,,,
1988-08-25,1.86,0.76,,1.1,,,
1988-08-26,1.89,0.79,,1.1,,,
1988-08-29,1.94,0.88,,1.06,,,
1988-08-30,1.95,0.91,,1.04,,,
1988-08-31,1.97,0.88,,1.09,,,
1988-09-01,1.94,0.87,,1.07,,,
1988-09-02,2.17,1.08,,1.09,,,
1988-09-06,2.15,1.02,,1.13,,,
1988-09-07,2.16,0.95,,1.21,,,
1988-09-08,2.13,0.94,,1.19,,,
1988-09-09,2.17,1,,1.17,,,
1988-09-12,2.13,0.94,,1.19,,,
1988-09-13,2.11,0.93,,1.18,,,
1988-09-14,2.12,0.95,,1.17,,,
1988-09-15,2.06,0.89,,1.17,,,
1988-09-16,2.05,0.86,,1.19,,,
1988-09-19,1.96,0.81,,1.15,,,
1988-09-20,1.88,0.81,,1.07,,,
1988-09-21,1.81,0.79,,1.02,,,
1988-09-22,1.74,0.74,,1,,,
1988-09-23,1.71,0.71,,1,,,
1988-09-26,1.67,0.68,,0.99,,,
1988-09-27,1.6,0.64,,0.96,,,
1988-09-28,1.55,0.61,,0.94,,,
1988-09-29,1.58,0.69,,0.89,,,
1988-09-30,1.62,0.78,,0.84,,,
1988-10-03,1.62,0.79,,0.83,,,
1988-10-04,1.57,0.72,,0.85,,,
1988-10-05,1.58,0.71,,0.87,,,
1988-10-06,1.61,0.69,,0.92,,,
1988-10-07,1.73,0.84,,0.89,,,
1988-10-11,1.67,0.78,,0.89,,,
1988-10-12,1.58,0.69,,0.89,,,
1988-10-13,1.6,0.71,,0.89,,,
1988-10-14,1.61,0.71,,0.9,,,
1988-10-17,1.62,0.72,,0.9,,,
1988-10-18,1.61,0.72,,0.89,,,
1988-10-19,1.59,0.66,,0.93,,,
1988-10-20,1.61,0.68,,0.93,,,
1988-10-21,1.59,0.65,,0.94,,,
1988-10-24,1.58,0.66,,0.92,,,
1988-10-25,1.57,0.6,,0.97,,,
1988-10-26,1.59,0.63,,0.96,,,
1988-10-27,1.68,0.71,,0.97,,,
1988-10-28,1.69,0.73,,0.96,,,
1988-10-31,1.58,0.74,,0.84,,,
1988-11-01,1.65,0.69,,0.96,,,
1988-11-02,1.61,0.65,,0.96,,,
1988-11-03,1.63,0.7,,0.93,,,
1988-11-04,1.55,0.56,,0.99,,,
1988-11-07,1.47,0.47,,1,,,
1988-11-08,1.49,0.48,,1.01,,,
1988-11-09,1.48,0.48,,1,,,
1988-11-10,1.53,0.45,,1.08,,,
1988-11-14,1.54,0.49,,1.05,,,
1988-11-15,1.54,0.52,,1.02,,,
1988-11-16,1.49,0.44,,1.05,,,
1988-11-17,1.46,0.42,,1.04,,,
1988-11-18,1.5,0.42,,1.08,,,
1988-11-21,1.5,0.45,,1.05,,,
1988-11-22,1.48,0.42,,1.06,,,
1988-11-23,1.5,0.44,,1.06,,,
1988-11-25,1.45,0.37,,1.08,,,
1988-11-28,1.46,0.38,,1.08,,,
1988-11-29,1.49,0.44,,1.05,,,
1988-11-30,1.55,0.47,,1.08,,,
1988-12-01,1.58,0.53,,1.05,,,
1988-12-02,1.43,0.38,,1.05,,,
1988-12-05,1.48,0.43,,1.05,,,
1988-12-06,1.63,0.54,,1.09,,,
1988-12-07,1.59,0.52,,1.07,,,
1988-12-08,1.61,0.47,,1.14,,,
1988-12-09,1.56,0.46,,1.1,,,
1988-12-12,1.52,0.45,,1.07,,,
1988-12-13,1.49,0.4,,1.09,,,
1988-12-14,1.46,0.39,,1.07,,,
1988-12-15,1.47,0.4,,1.07,,,
1988-12-16,1.52,0.43,,1.09,,,
1988-12-19,1.55,0.46,,1.09,,,
1988-12-20,1.6,0.5,,1.1,,,
1988-12-21,1.61,0.51,,1.1,,,
1988-12-22,1.61,0.53,,1.08,,,
1988-12-23,1.61,0.55,,1.06,,,
1988-12-27,1.52,0.47,,1.05,,,
1988-12-28,1.46,0.39,,1.07,,,
1988-12-29,1.48,0.42,,1.06,,,
1988-12-30,1.55,0.47,,1.08,,,
1989-01-03,1.48,0.41,,1.07,,,
1989-01-04,1.49,0.4,,1.09,,,
1989-01-05,1.48,0.4,,1.08,,,
1989-01-06,1.48,0.45,,1.03,,,
1989-01-09,1.47,0.47,,1,,,
1989-01-10,1.48,0.45,,1.03,,,
1989-01-11,1.49,0.47,,1.02,,,
1989-01-12,1.57,0.56,,1.01,,,
1989-01-13,1.6,0.6,,1,,,
1989-01-17,1.58,0.58,,1,,,
1989-01-18,1.62,0.6,,1.02,,,
1989-01-19,1.62,0.59,,1.03,,,
1989-01-20,1.59,0.55,,1.04,,,
1989-01-23,1.63,0.6,,1.03,,,
1989-01-24,1.67,0.64,,1.03,,,
1989-01-25,1.62,0.56,,1.06,,,
1989-01-26,1.62,0.56,,1.06,,,
1989-01-27,1.65,0.6,,1.05,,,
1989-01-30,1.58,0.55,,1.03,,,
1989-01-31,1.56,0.56,,1,,,
1989-02-01,1.57,0.57,,1,,,
1989-02-02,1.56,0.57,,0.99,,,
1989-02-03,1.52,0.55,,0.97,,,
1989-02-06,1.54,0.56,,0.98,,,
1989-02-07,1.57,0.58,,0.99,,,
1989-02-08,1.57,0.57,,1,,,
1989-02-09,1.39,0.44,,0.95,,,
1989-02-10,1.36,0.41,,0.95,,,
1989-02-13,1.4,0.45,,0.95,,,
1989-02-14,1.41,0.42,,0.99,,,
1989-02-15,1.42,0.43,,0.99,,,
1989-02-16,1.44,0.44,,1,,,
1989-02-17,1.46,0.46,,1,,,
1989-02-21,1.43,0.42,,1.01,,,
1989-02-22,1.37,0.41,,0.96,,,
1989-02-23,1.33,0.35,,0.98,,,
1989-02-24,1.32,0.38,,0.94,,,
1989-02-27,1.35,0.41,,0.94,,,
1989-02-28,1.35,0.44,,0.91,,,
1989-03-01,1.32,0.39,,0.93,,,
1989-03-02,1.38,0.44,,0.94,,,
1989-03-03,1.38,0.43,,0.95,,,
1989-03-06,1.41,0.47,,0.94,,,
1989-03-07,1.38,0.46,,0.92,,,
1989-03-08,1.41,0.5,,0.91,,,
1989-03-09,1.39,0.49,,0.9,,,
1989-03-10,1.3,0.41,,0.89,,,
1989-03-13,1.3,0.43,,0.87,,,
1989-03-14,1.31,0.45,,0.86,,,
1989-03-15,1.31,0.47,,0.84,,,
1989-03-16,1.31,0.47,,0.84,,,
1989-03-17,1.18,0.34,,0.84,,,
1989-03-20,1.16,0.31,,0.85,,,
1989-03-21,1.18,0.32,,0.86,,,
1989-03-22,1.26,0.4,,0.86,,,
1989-03-23,1.26,0.42,,0.84,,,
1989-03-27,1.28,0.45,,0.83,,,
1989-03-28,1.31,0.49,,0.82,,,
1989-03-29,1.33,0.53,,0.8,,,
1989-03-30,1.35,0.55,,0.8,,,
1989-03-31,1.31,0.55,,0.76,,,
1989-04-03,1.36,0.64,,0.72,,,
1989-04-04,1.4,0.65,,0.75,,,
1989-04-05,1.39,0.65,,0.74,,,
1989-04-06,1.43,0.58,,0.85,,,
1989-04-07,1.39,0.53,,0.86,,,
1989-04-10,1.39,0.54,,0.85,,,
1989-04-11,1.4,0.53,,0.87,,,
1989-04-12,1.36,0.51,,0.85,,,
1989-04-13,1.33,0.47,,0.86,,,
1989-04-14,1.45,0.6,,0.85,,,
1989-04-17,1.42,0.62,,0.8,,,
1989-04-18,1.55,0.74,,0.81,,,
1989-04-19,1.53,0.69,,0.84,,,
1989-04-20,1.41,0.6,,0.81,,,
1989-04-21,1.46,0.65,,0.81,,,
1989-04-24,1.47,0.64,,0.83,,,
1989-04-25,1.47,0.66,,0.81,,,
1989-04-26,1.49,0.64,,0.85,,,
1989-04-27,1.52,0.68,,0.84,,,
1989-04-28,1.55,0.69,,0.86,,,
1989-05-01,1.45,0.59,,0.86,,,
1989-05-02,1.5,0.65,,0.85,,,
1989-05-03,1.52,0.66,,0.86,,,
1989-05-04,1.51,0.68,,0.83,,,
1989-05-05,1.55,0.72,,0.83,,,
1989-05-08,1.52,0.68,,0.84,,,
1989-05-09,1.43,0.53,,0.9,,,
1989-05-10,1.45,0.55,,0.9,,,
1989-05-11,1.5,0.61,,0.89,,,
1989-05-12,1.68,0.81,,0.87,,,
1989-05-15,1.65,0.73,,0.92,,,
1989-05-16,1.67,0.73,,0.94,,,
1989-05-17,1.66,0.74,,0.92,,,
1989-05-18,1.68,0.75,,0.93,,,
1989-05-19,1.69,0.82,,0.87,,,
1989-05-22,1.78,0.86,,0.92,,,
1989-05-23,1.71,0.81,,0.9,,,
1989-05-24,1.68,0.78,,0.9,,,
1989-05-25,1.65,0.72,,0.93,,,
1989-05-26,1.64,0.75,,0.89,,,
1989-05-30,1.66,0.74,,0.92,,,
1989-05-31,1.7,0.79,,0.91,,,
1989-06-01,1.66,0.76,,0.9,,,
1989-06-02,1.77,0.89,,0.88,,,
1989-06-05,1.77,0.9,,0.87,,,
1989-06-06,1.73,0.88,,0.85,,,
1989-06-07,1.78,0.85,,0.93,,,
1989-06-08,1.77,0.84,,0.93,,,
1989-06-09,1.82,0.91,,0.91,,,
1989-06-12,1.81,0.85,,0.96,,,
1989-06-13,1.72,0.78,,0.94,,,
1989-06-14,1.77,0.79,,0.98,,,
1989-06-15,1.65,0.69,,0.96,,,
1989-06-16,1.67,0.69,,0.98,,,
1989-06-19,1.66,0.71,,0.95,,,
1989-06-20,1.74,0.8,,0.94,,,
1989-06-21,1.68,0.74,,0.94,,,
1989-06-22,1.69,0.71,,0.98,,,
1989-06-23,1.79,0.83,,0.96,,,
1989-06-26,1.83,0.86,,0.97,,,
1989-06-27,1.85,0.89,,0.96,,,
1989-06-28,1.82,0.85,,0.97,,,
1989-06-29,1.82,0.89,,0.93,,,
1989-06-30,1.83,0.91,,0.92,,,
1989-07-03,1.82,0.9,,0.92,,,
1989-07-05,1.81,0.91,,0.9,,,
1989-07-06,1.82,0.86,,0.96,,,
1989-07-07,1.87,0.91,,0.96,,,
1989-07-10,1.87,0.94,,0.93,,,
1989-07-11,1.84,0.93,,0.91,,,
1989-07-12,1.83,0.95,,0.88,,,
1989-07-13,1.81,0.93,,0.88,,,
1989-07-14,1.85,0.9,,0.95,,,
1989-07-17,1.85,0.87,,0.98,,,
1989-07-18,1.8,0.83,,0.97,,,
1989-07-19,1.81,0.84,,0.97,,,
1989-07-20,1.89,0.91,,0.98,,,
1989-07-21,1.83,0.85,,0.98,,,
1989-07-24,1.85,0.89,,0.96,,,
1989-07-25,1.86,0.92,,0.94,,,
1989-07-26,1.84,0.9,,0.94,,,
1989-07-27,1.91,0.99,,0.92,,,
1989-07-28,1.96,1,,0.96,,,
1989-07-31,1.99,1.03,,0.96,,,
1989-08-01,1.99,1.05,,0.94,,,
1989-08-02,1.99,1.03,,0.96,,,
1989-08-03,1.96,0.97,,0.99,,,
1989-08-04,1.82,0.85,,0.97,,,
1989-08-07,1.79,0.86,,0.93,,,
1989-08-08,1.81,0.91,,0.9,,,
1989-08-09,1.77,0.88,,0.89,,,
1989-08-10,1.82,0.9,,0.92,,,
1989-08-11,1.74,0.87,,0.87,,,
1989-08-14,1.65,0.72,,0.93,,,
1989-08-15,1.69,0.79,,0.9,,,
1989-08-16,1.76,0.85,,0.91,,,
1989-08-17,1.74,0.82,,0.92,,,
1989-08-18,1.77,0.85,,0.92,,,
1989-08-21,1.71,0.8,,0.91,,,
1989-08-22,1.63,0.74,,0.89,,,
1989-08-23,1.69,0.79,,0.9,,,
1989-08-24,1.72,0.83,,0.89,,,
1989-08-25,1.71,0.81,,0.9,,,
1989-08-28,1.68,0.77,,0.91,,,
1989-08-29,1.7,0.77,,0.93,,,
1989-08-30,1.72,0.8,,0.92,,,
1989-08-31,1.7,0.79,,0.91,,,
1989-09-01,1.78,0.87,,0.91,,,
1989-09-05,1.76,0.84,,0.92,,,
1989-09-06,1.77,0.85,,0.92,,,
1989-09-07,1.77,0.84,,0.93,,,
1989-09-08,1.8,0.87,,0.93,,,
1989-09-11,1.76,0.85,,0.91,,,
1989-09-12,1.75,0.84,,0.91,,,
1989-09-13,1.71,0.81,,0.9,,,
1989-09-14,1.75,0.86,,0.89,,,
1989-09-15,1.79,0.88,,0.91,,,
1989-09-18,1.78,0.88,,0.9,,,
1989-09-19,1.77,0.87,,0.9,,,
1989-09-20,1.72,0.82,,0.9,,,
1989-09-21,1.69,0.8,,0.89,,,
1989-09-22,1.67,0.77,,0.9,,,
1989-09-25,1.62,0.72,,0.9,,,
1989-09-26,1.64,0.74,,0.9,,,
1989-09-27,1.64,0.74,,0.9,,,
1989-09-28,1.63,0.71,,0.92,,,
1989-09-29,1.62,0.73,,0.89,,,
1989-10-02,1.65,0.79,,0.86,,,
1989-10-03,1.7,0.78,,0.92,,,
1989-10-04,1.7,0.81,,0.89,,,
1989-10-05,1.76,0.85,,0.91,,,
1989-10-06,1.86,0.95,,0.91,,,
1989-10-10,1.8,0.93,,0.87,,,
1989-10-11,1.74,0.88,,0.86,,,
1989-10-12,1.78,0.9,,0.88,,,
1989-10-13,1.9,1.03,,0.87,,,
1989-10-16,1.78,0.91,,0.87,,,
1989-10-17,1.77,0.89,,0.88,,,
1989-10-18,1.76,0.87,,0.89,,,
1989-10-19,1.8,0.9,,0.9,,,
1989-10-20,1.79,0.88,,0.91,,,
1989-10-23,1.85,0.93,,0.92,,,
1989-10-24,1.87,0.97,,0.9,,,
1989-10-25,1.89,0.96,,0.93,,,
1989-10-26,1.86,0.96,,0.9,,,
1989-10-27,1.83,0.94,,0.89,,,
1989-10-30,1.86,0.95,,0.91,,,
1989-10-31,1.84,1,,0.84,,,
1989-11-01,1.84,1,,0.84,,,
1989-11-02,1.89,1.04,,0.85,,,
1989-11-03,1.82,0.99,,0.83,,,
1989-11-06,1.81,0.94,,0.87,,,
1989-11-07,1.9,1,,0.9,,,
1989-11-08,1.9,1,,0.9,,,
1989-11-09,1.91,0.99,,0.92,,,
1989-11-10,1.91,0.97,,0.94,,,
1989-11-13,1.93,0.97,,0.96,,,
1989-11-14,1.95,0.99,,0.96,,,
1989-11-15,2,1.04,,0.96,,,
1989-11-16,2,1.04,,0.96,,,
1989-11-17,1.95,1,,0.95,,,
1989-11-20,1.98,1.04,,0.94,,,
1989-11-21,1.96,1.03,,0.93,,,
1989-11-22,2.02,1.06,,0.96,,,
1989-11-24,2.04,1.09,,0.95,,,
1989-11-27,1.98,1.06,,0.92,,,
1989-11-28,1.97,1.03,,0.94,,,
1989-11-29,1.95,1.02,,0.93,,,
1989-11-30,1.99,1.05,,0.94,,,
1989-12-01,2.01,1.01,,1,,,
1989-12-04,1.98,1.03,,0.95,,,
1989-12-05,1.99,1.03,,0.96,,,
1989-12-06,1.97,1,,0.97,,,
1989-12-07,1.94,0.99,,0.95,,,
1989-12-08,1.99,1.04,,0.95,,,
1989-12-11,1.97,1.02,,0.95,,,
1989-12-12,1.96,1.01,,0.95,,,
1989-12-13,1.98,1.04,,0.94,,,
1989-12-14,2.03,1.07,,0.96,,,
1989-12-15,2.01,1.05,,0.96,,,
1989-12-18,2.04,1.08,,0.96,,,
1989-12-19,2.04,1.07,,0.97,,,
1989-12-20,2.05,1.08,,0.97,,,
1989-12-21,2.04,1.08,,0.96,,,
1989-12-22,2,1.02,,0.98,,,
1989-12-26,1.89,0.93,,0.96,,,
1989-12-27,1.91,0.94,,0.97,,,
1989-12-28,1.94,0.98,,0.96,,,
1989-12-29,1.91,0.94,,0.97,,,
1990-01-02,1.91,0.93,17.24,0.98,,,
1990-01-03,1.87,0.91,18.19,0.96,,,
1990-01-04,1.86,0.91,19.22,0.95,,,
1990-01-05,1.89,0.89,20.11,1,,,
1990-01-08,1.86,0.88,20.26,0.98,,,
1990-01-09,1.84,0.9,22.2,0.94,,,
1990-01-10,1.85,0.88,22.44,0.97,,,
1990-01-11,1.82,0.88,20.05,0.94,,,
1990-01-12,1.77,0.84,24.64,0.93,,,
1990-01-15,,,26.34,,,,
1990-01-16,1.72,0.75,24.18,0.97,,,
1990-01-17,1.73,0.78,24.16,0.95,,,
1990-01-18,1.65,0.7,24.34,0.95,,,
1990-01-19,1.69,0.75,22.5,0.94,,,
1990-01-22,1.69,0.74,26.7,0.95,,,
1990-01-23,1.71,0.77,24.72,0.94,,,
1990-01-24,1.62,0.69,25.39,0.93,,,
1990-01-25,1.58,0.64,25.63,0.94,,,
1990-01-26,1.57,0.61,26.28,0.96,,,
1990-01-29,1.59,0.64,26.44,0.95,,,
1990-01-30,1.61,0.67,27.25,0.94,,,
1990-01-31,1.68,0.72,25.36,0.96,,,
1990-02-01,1.68,0.72,24.87,0.96,,,
1990-02-02,1.59,0.65,24.32,0.94,,,
1990-02-05,1.59,0.66,24.54,0.93,,,
1990-02-06,1.56,0.67,24.69,0.89,,,
1990-02-07,1.62,0.73,24.29,0.89,,,
1990-02-08,1.65,0.73,23.77,0.92,,,
1990-02-09,1.8,0.87,23.69,0.93,,,
1990-02-12,1.71,0.8,24.38,0.91,,,
1990-02-13,1.75,0.85,23.76,0.9,,,
1990-02-14,1.76,0.84,22.05,0.92,,,
1990-02-15,1.7,0.78,19.71,0.92,,,
1990-02-16,1.68,0.8,20.78,0.88,,,
1990-02-20,1.52,0.66,22.78,0.86,,,
1990-02-21,1.58,0.66,23.89,0.92,,,
1990-02-22,1.66,0.72,22.54,0.94,,,
1990-02-23,1.68,0.73,23.69,0.95,,,
1990-02-26,1.76,0.8,23.56,0.96,,,
1990-02-27,1.78,0.83,22.69,0.95,,,
1990-02-28,1.68,0.74,21.99,0.94,,,
1990-03-01,1.61,0.69,21.9,0.92,,,
1990-03-02,1.66,0.74,21.34,0.92,,,
1990-03-05,1.63,0.7,22.03,0.93,,,
1990-03-06,1.65,0.77,20.55,0.88,,,
1990-03-07,1.61,0.77,19.1,0.84,,,
1990-03-08,1.66,0.77,19.74,0.89,,,
1990-03-09,1.59,0.7,20.3,0.89,,,
1990-03-12,1.61,0.72,20.07,0.89,,,
1990-03-13,1.5,0.65,21.05,0.85,,,
1990-03-14,1.58,0.77,19.65,0.81,,,
1990-03-15,1.57,0.78,18.81,0.79,,,
1990-03-16,1.6,0.84,17.62,0.76,,,
1990-03-19,1.61,0.83,18.29,0.78,,,
1990-03-20,1.62,0.85,19.06,0.77,,,
1990-03-21,1.61,0.83,20.1,0.78,,,
1990-03-22,1.64,0.84,22.74,0.8,,,
1990-03-23,1.65,0.85,20.46,0.8,,,
1990-03-26,1.67,0.86,19.59,0.81,,,
1990-03-27,1.65,0.84,21.01,0.81,,,
1990-03-28,1.69,0.85,19.77,0.84,,,
1990-03-29,1.61,0.77,18.46,0.84,,,
1990-03-30,1.58,0.74,19.73,0.84,,,
1990-04-02,1.59,0.75,22.84,0.84,,,
1990-04-03,1.59,0.78,20.44,0.81,,,
1990-04-04,1.66,0.81,22.03,0.85,,,
1990-04-05,1.64,0.8,21.21,0.84,,,
1990-04-06,1.64,0.8,21.76,0.84,,,
1990-04-09,1.6,0.77,22.3,0.83,,,
1990-04-10,1.58,0.78,21.69,0.8,,,
1990-04-11,1.55,0.76,17.73,0.79,,,
1990-04-12,1.53,0.76,19.8,0.77,,,
1990-04-16,1.51,0.71,20.75,0.8,,,
1990-04-17,1.47,0.67,20.38,0.8,,,
1990-04-18,1.45,0.6,22.67,0.85,,,
1990-04-19,1.45,0.6,22.46,0.85,,,
1990-04-20,1.42,0.56,23.33,0.86,,,
1990-04-23,1.44,0.58,24.16,0.86,,,
1990-04-24,1.42,0.56,21.7,0.86,,,
1990-04-25,1.41,0.59,20.86,0.82,,,
1990-04-26,1.42,0.54,20.25,0.88,,,
1990-04-27,1.45,0.55,22.19,0.9,,,
1990-04-30,1.5,0.59,19.52,0.91,,,
1990-05-01,1.47,0.56,18.43,0.91,,,
1990-05-02,1.47,0.55,19.32,0.92,,,
1990-05-03,1.51,0.58,17.81,0.93,,,
1990-05-04,1.67,0.72,17.28,0.95,,,
1990-05-07,1.65,0.71,17.65,0.94,,,
1990-05-08,1.67,0.71,18.49,0.96,,,
1990-05-09,1.61,0.69,18.64,0.92,,,
1990-05-10,1.68,0.73,18.59,0.95,,,
1990-05-11,1.77,0.79,19.81,0.98,,,
1990-05-14,1.76,0.78,20.14,0.98,,,
1990-05-15,1.72,0.74,19.49,0.98,,,
1990-05-16,1.69,0.7,17.71,0.99,,,
1990-05-17,1.65,0.7,17.27,0.95,,,
1990-05-18,1.62,0.66,17.2,0.96,,,
1990-05-21,1.64,0.67,16.72,0.97,,,
1990-05-22,1.7,0.72,17.84,0.98,,,
1990-05-23,1.73,0.75,17.18,0.98,,,
1990-05-24,1.69,0.77,17.7,0.92,,,
1990-05-25,1.62,0.72,17.32,0.9,,,
1990-05-29,1.66,0.75,18.75,0.91,,,
1990-05-30,1.68,0.78,17.44,0.9,,,
1990-05-31,1.71,0.77,17.37,0.94,,,
1990-06-01,1.79,0.89,17.09,0.9,,,
1990-06-04,1.77,0.86,18.39,0.91,,,
1990-06-05,1.74,0.79,18.97,0.95,,,
1990-06-06,1.76,0.8,17.42,0.96,,,
1990-06-07,1.75,0.82,16.88,0.93,,,
1990-06-08,1.75,0.8,17.58,0.95,,,
1990-06-11,1.74,0.77,16.34,0.97,,,
1990-06-12,1.71,0.76,16.6,0.95,,,
1990-06-13,1.76,0.83,17.38,0.93,,,
1990-06-14,1.79,0.78,17.4,1.01,,,
1990-06-15,1.73,0.73,15.9,1,,,
1990-06-18,1.7,0.71,17.71,0.99,,,
1990-06-19,1.71,0.73,15.23,0.98,,,
1990-06-20,1.72,0.73,15.27,0.99,,,
1990-06-21,1.73,0.76,14.72,0.97,,,
1990-06-22,1.73,0.77,19.36,0.96,,,
1990-06-25,1.68,0.7,17.06,0.98,,,
1990-06-26,1.7,0.72,16.29,0.98,,,
1990-06-27,1.73,0.76,16,0.97,,,
1990-06-28,1.77,0.79,16.18,0.98,,,
1990-06-29,1.79,0.81,15.5,0.98,,,
1990-07-02,1.78,0.8,16.26,0.98,,,
1990-07-03,1.8,0.82,16.11,0.98,,,
1990-07-05,1.76,0.79,17.25,0.97,,,
1990-07-06,1.7,0.73,16.41,0.97,,,
1990-07-09,1.67,0.69,16.66,0.98,,,
1990-07-10,1.67,0.7,16.92,0.97,,,
1990-07-11,1.67,0.69,16.68,0.98,,,
1990-07-12,1.72,0.77,17.06,0.95,,,
1990-07-13,1.75,0.79,17.09,0.96,,,
1990-07-16,1.74,0.8,16.75,0.94,,,
1990-07-17,1.73,0.8,16.66,0.93,,,
1990-07-18,1.71,0.75,18.9,0.96,,,
1990-07-19,1.68,0.73,18.56,0.95,,,
1990-07-20,1.71,0.76,15.63,0.95,,,
1990-07-23,1.72,0.78,23.68,0.94,,,
1990-07-24,1.68,0.75,21.79,0.93,,,
1990-07-25,1.72,0.78,20.19,0.94,,,
1990-07-26,1.69,0.76,20.26,0.93,,,
1990-07-27,1.75,0.8,21.12,0.95,,,
1990-07-30,1.79,0.85,21.16,0.94,,,
1990-07-31,1.77,0.85,21.11,0.92,,,
1990-08-01,1.82,0.88,21.64,0.94,,,
1990-08-02,1.74,0.79,20.43,0.95,,,
1990-08-03,1.76,0.73,28.74,1.03,,,
1990-08-06,1.61,0.6,35.91,1.01,,,
1990-08-07,1.55,0.54,32.75,1.01,,,
1990-08-08,1.6,0.57,28.27,1.03,,,
1990-08-09,1.68,0.71,24.39,0.97,,,
1990-08-10,1.66,0.68,25.75,0.98,,,
1990-08-13,1.62,0.65,25.74,0.97,,,
1990-08-14,1.67,0.69,24.18,0.98,,,
1990-08-15,1.7,0.71,23.31,0.99,,,
1990-08-16,1.63,0.63,27.16,1,,,
1990-08-17,1.61,0.6,27.53,1.01,,,
1990-08-20,1.67,0.59,26.46,1.08,,,
1990-08-21,1.68,0.61,28.9,1.07,,,
1990-08-22,1.63,0.6,30.55,1.03,,,
1990-08-23,1.53,0.56,36.47,0.97,,,
1990-08-24,1.59,0.54,33.93,1.05,,,
1990-08-27,1.68,0.63,29.63,1.05,,,
1990-08-28,1.61,0.61,29.12,1,,,
1990-08-29,1.72,0.72,27.38,1,,,
1990-08-30,1.72,0.72,29.89,1,,,
1990-08-31,1.69,0.72,29.9,0.97,,,
1990-09-04,1.67,0.69,29.58,0.98,,,
1990-09-05,1.68,0.67,28.52,1.01,,,
1990-09-06,1.69,0.74,30.19,0.95,,,
1990-09-07,1.71,0.76,28.73,0.95,,,
1990-09-10,1.65,0.72,29.34,0.93,,,
1990-09-11,1.78,0.72,28.38,1.06,,,
1990-09-12,1.77,0.73,28.12,1.04,,,
1990-09-13,1.74,0.72,29.33,1.02,,,
1990-09-14,1.72,0.63,30.56,1.09,,,
1990-09-17,1.74,0.63,29.55,1.11,,,
1990-09-18,1.75,0.61,28.82,1.14,,,
1990-09-19,1.78,0.65,27.88,1.13,,,
1990-09-20,1.73,0.57,28.66,1.16,,,
1990-09-21,1.7,0.52,30.04,1.18,,,
1990-09-24,1.69,0.54,30.56,1.15,,,
1990-09-25,1.75,0.66,28.81,1.09,,,
1990-09-26,1.77,0.67,28.19,1.1,,,
1990-09-27,1.85,0.73,28.67,1.12,,,
1990-09-28,1.94,0.78,29.11,1.16,,,
1990-10-01,1.96,0.86,28.06,1.1,,,
1990-10-02,1.96,0.86,27.28,1.1,,,
1990-10-03,1.94,0.82,27.9,1.12,,,
1990-10-04,1.97,0.88,27.51,1.09,,,
1990-10-05,2,0.87,27.85,1.13,,,
1990-10-08,,,28.04,,,,
1990-10-09,1.86,0.75,30.71,1.11,,,
1990-10-10,1.87,0.73,31.19,1.14,,,
1990-10-11,1.88,0.7,33.98,1.18,,,
1990-10-12,1.97,0.77,31.94,1.2,,,
1990-10-15,2,0.82,31.64,1.18,,,
1990-10-16,2.02,0.82,31.45,1.2,,,
1990-10-17,2.05,0.82,31.37,1.23,,,
1990-10-18,2.07,0.83,29.6,1.24,,,
1990-10-19,2.12,0.86,27.86,1.26,,,
1990-10-22,2.12,0.82,27.27,1.3,,,
1990-10-23,2.1,0.8,27.57,1.3,,,
1990-10-24,2.11,0.81,28.28,1.3,,,
1990-10-25,2.13,0.84,29.04,1.29,,,
1990-10-26,2.11,0.81,30.75,1.3,,,
1990-10-29,2.04,0.78,31.54,1.26,,,
1990-10-30,2.1,0.8,30.52,1.3,,,
1990-10-31,2.13,0.84,30.04,1.29,,,
1990-11-01,2.16,0.86,30.25,1.3,,,
1990-11-02,2.16,0.87,30.03,1.29,,,
1990-11-05,2.27,0.89,29.85,1.38,,,
1990-11-06,2.25,0.86,29.11,1.39,,,
1990-11-07,2.15,0.82,30.87,1.33,,,
1990-11-08,2.17,0.81,30.79,1.36,,,
1990-11-09,2.24,0.88,26.96,1.36,,,
1990-11-12,,,25.6,,,,
1990-11-13,2.28,0.94,24.58,1.34,,,
1990-11-14,2.3,0.93,22.89,1.37,,,
1990-11-15,2.26,0.91,22.57,1.35,,,
1990-11-16,2.23,0.96,21.34,1.27,,,
1990-11-19,2.18,0.89,20.95,1.29,,,
1990-11-20,2.23,0.94,20.09,1.29,,,
1990-11-21,2.24,1,21.09,1.24,,,
1990-11-23,2.22,0.97,20.98,1.25,,,
1990-11-26,2.25,0.96,22.76,1.29,,,
1990-11-27,2.23,0.93,22.86,1.3,,,
1990-11-28,2.22,0.9,22.96,1.32,,,
1990-11-29,2.23,0.85,23.91,1.38,,,
1990-11-30,2.27,0.91,22.16,1.36,,,
1990-12-03,2.25,0.92,22.29,1.33,,,
1990-12-04,2.28,0.95,22.03,1.33,,,
1990-12-05,2.31,0.98,20.94,1.33,,,
1990-12-06,2.29,0.94,22.62,1.35,,,
1990-12-07,2.4,1.06,22.59,1.34,,,
1990-12-10,2.38,1.09,23.58,1.29,,,
1990-12-11,2.42,1.11,23.75,1.31,,,
1990-12-12,2.45,1.09,21.28,1.36,,,
1990-12-13,2.38,1.01,23.05,1.37,,,
1990-12-14,2.37,0.97,23.85,1.4,,,
1990-12-17,2.42,1,24.85,1.42,,,
1990-12-18,2.4,1.02,23.11,1.38,,,
1990-12-19,2.41,1.01,23.08,1.4,,,
1990-12-20,2.41,0.98,23.13,1.43,,,
1990-12-21,2.39,0.94,22.66,1.45,,,
1990-12-24,2.29,0.85,24.03,1.44,,,
1990-12-26,2.33,0.89,24.18,1.44,,,
1990-12-27,2.34,0.92,24.81,1.42,,,
1990-12-28,2.32,0.88,25.05,1.44,,,
1990-12-31,2.35,0.97,26.38,1.38,,,
1991-01-02,2.42,1.04,26.62,1.38,,,
1991-01-03,2.43,1.07,27.93,1.36,,,
1991-01-04,2.38,0.99,27.19,1.39,,,
1991-01-07,2.34,0.9,28.95,1.44,,,
1991-01-08,2.34,0.87,30.38,1.47,,,
1991-01-09,2.29,0.8,33.3,1.49,,,
1991-01-10,2.37,0.9,31.33,1.47,,,
1991-01-11,2.29,0.86,32.63,1.43,,,
1991-01-14,2.29,0.85,36.2,1.44,,,
1991-01-15,2.33,0.88,36.16,1.45,,,
1991-01-16,2.36,0.88,33.2,1.48,,,
1991-01-17,2.4,1,27.45,1.4,,,
1991-01-18,2.4,1.02,25.39,1.38,,,
1991-01-21,,,24.33,,,,
1991-01-22,2.38,0.98,24.9,1.4,,,
1991-01-23,2.41,1.01,23.92,1.4,,,
1991-01-24,2.41,1.04,22.86,1.37,,,
1991-01-25,2.4,0.98,22.2,1.42,,,
1991-01-28,2.37,0.97,23.05,1.4,,,
1991-01-29,2.32,0.96,23.17,1.36,,,
1991-01-30,2.3,0.95,21.37,1.35,,,
1991-01-31,2.3,0.96,20.91,1.34,,,
1991-02-01,2.33,1.05,21.04,1.28,,,
1991-02-04,2.31,1.02,21.86,1.29,,,
1991-02-05,2.3,1.04,21.46,1.26,,,
1991-02-06,2.34,1.1,22.68,1.24,,,
1991-02-07,2.28,1.02,23.6,1.26,,,
1991-02-08,2.29,1.05,23.38,1.24,,,
1991-02-11,2.24,1,22.56,1.24,,,
1991-02-12,2.22,0.98,22.26,1.24,,,
1991-02-13,2.2,0.97,20.86,1.23,,,
1991-02-14,2.2,0.98,21.48,1.22,,,
1991-02-15,2.23,1.02,19.57,1.21,,,
1991-02-19,2.22,1.01,19.84,1.21,,,
1991-02-20,2.2,0.97,22.26,1.23,,,
1991-02-21,2.15,0.93,20.78,1.22,,,
1991-02-22,2.14,0.9,21.01,1.24,,,
1991-02-25,2.12,0.91,22.86,1.21,,,
1991-02-26,2.1,0.87,20.38,1.23,,,
1991-02-27,2.1,0.86,21.26,1.24,,,
1991-02-28,2.09,0.84,21.23,1.25,,,
1991-03-01,2.04,0.79,,1.25,,,
1991-03-04,2.05,0.8,20.86,1.25,,,
1991-03-05,2.02,0.83,20.45,1.19,,,
1991-03-06,1.99,0.8,20.55,1.19,,,
1991-03-07,1.99,0.84,21.05,1.15,,,
1991-03-08,1.97,0.8,20.81,1.17,,,
1991-03-11,1.98,0.84,20.88,1.14,,,
1991-03-12,1.97,0.82,18.82,1.15,,,
1991-03-13,2.01,0.88,16.09,1.13,,,
1991-03-14,2,0.87,14.94,1.13,,,
1991-03-15,1.98,0.84,14.9,1.14,,,
1991-03-18,1.97,0.81,15.79,1.16,,,
1991-03-19,1.93,0.75,16.11,1.18,,,
1991-03-20,1.93,0.78,16.04,1.15,,,
1991-03-21,1.94,0.8,16.86,1.14,,,
1991-03-22,1.99,0.83,16.49,1.16,,,
1991-03-25,1.96,0.8,16.76,1.16,,,
1991-03-26,1.96,0.8,16.31,1.16,,,
1991-03-27,1.96,0.83,16.55,1.13,,,
1991-03-28,1.96,0.85,16.88,1.11,,,
1991-04-01,1.95,0.8,17.42,1.15,,,
1991-04-02,1.97,0.83,17.4,1.14,,,
1991-04-03,1.94,0.82,17.61,1.12,,,
1991-04-04,1.95,0.84,18.01,1.11,,,
1991-04-05,1.97,0.86,17.63,1.11,,,
1991-04-08,1.95,0.87,17.41,1.08,,,
1991-04-09,1.91,0.82,20.12,1.09,,,
1991-04-10,1.86,0.78,19.73,1.08,,,
1991-04-11,1.9,0.83,17.24,1.07,,,
1991-04-12,1.99,0.89,18.45,1.1,,,
1991-04-15,1.98,0.86,16.5,1.12,,,
1991-04-16,1.97,0.84,15.82,1.13,,,
1991-04-17,1.96,0.82,15.47,1.14,,,
1991-04-18,1.91,0.8,16.26,1.11,,,
1991-04-19,1.86,0.75,15.68,1.11,,,
1991-04-22,1.83,0.75,16.78,1.08,,,
1991-04-23,1.85,0.79,17.02,1.06,,,
1991-04-24,1.83,0.85,16.72,0.98,,,
1991-04-25,1.82,0.8,17.15,1.02,,,
1991-04-26,1.84,0.81,17.27,1.03,,,
1991-04-29,1.8,0.8,18.27,1,,,
1991-04-30,1.83,0.81,18.24,1.02,,,
1991-05-01,1.8,0.83,17.77,0.97,,,
1991-05-02,1.8,0.83,17.52,0.97,,,
1991-05-03,1.79,0.78,17.24,1.01,,,
1991-05-06,1.77,0.77,17.92,1,,,
1991-05-07,1.77,0.75,17.46,1.02,,,
1991-05-08,1.78,0.79,17.78,0.99,,,
1991-05-09,1.8,0.81,17.17,0.99,,,
1991-05-10,1.76,0.73,17.54,1.03,,,
1991-05-13,1.81,0.78,17.66,1.03,,,
1991-05-14,1.79,0.74,18,1.05,,,
1991-05-15,1.79,0.77,18.38,1.02,,,
1991-05-16,1.8,0.78,17.24,1.02,,,
1991-05-17,1.83,0.82,16.64,1.01,,,
1991-05-20,1.8,0.77,17.1,1.03,,,
1991-05-21,1.83,0.81,16.07,1.02,,,
1991-05-22,1.81,0.8,16.16,1.01,,,
1991-05-23,1.79,0.75,16.11,1.04,,,
1991-05-24,1.8,0.77,15.23,1.03,,,
1991-05-28,1.83,0.79,15.67,1.04,,,
1991-05-29,1.79,0.81,15.9,0.98,,,
1991-05-30,1.8,0.84,16.02,0.96,,,
1991-05-31,1.77,0.82,15.93,0.95,,,
1991-06-03,1.73,0.75,16.87,0.98,,,
1991-06-04,1.74,0.76,16.17,0.98,,,
1991-06-05,1.72,0.75,16.4,0.97,,,
1991-06-06,1.7,0.72,16.93,0.98,,,
1991-06-07,1.71,0.69,16.98,1.02,,,
1991-06-10,1.71,0.68,17.47,1.03,,,
1991-06-11,1.7,0.69,17.32,1.01,,,
1991-06-12,1.67,0.68,17.72,0.99,,,
1991-06-13,1.67,0.7,16.99,0.97,,,
1991-06-14,1.69,0.73,15.98,0.96,,,
1991-06-17,1.68,0.74,15.5,0.94,,,
1991-06-18,1.66,0.73,16.14,0.93,,,
1991-06-19,1.66,0.73,17.44,0.93,,,
1991-06-20,1.67,0.74,16.75,0.93,,,
1991-06-21,1.66,0.72,16.51,0.94,,,
1991-06-24,1.65,0.72,18.28,0.93,,,
1991-06-25,1.64,0.72,17.85,0.92,,,
1991-06-26,1.62,0.71,17.98,0.91,,,
1991-06-27,1.62,0.72,17.87,0.9,,,
1991-06-28,1.66,0.78,19.55,0.88,,,
1991-07-01,1.66,0.77,18.64,0.89,,,
1991-07-02,1.62,0.76,17.63,0.86,,,
1991-07-03,1.64,0.77,19.47,0.87,,,
1991-07-05,1.59,0.71,18.35,0.88,,,
1991-07-08,1.63,0.71,20.29,0.92,,,
1991-07-09,1.62,0.7,19.76,0.92,,,
1991-07-10,1.65,0.71,19.19,0.94,,,
1991-07-11,1.64,0.73,17.39,0.91,,,
1991-07-12,1.64,0.74,18.29,0.9,,,
1991-07-15,1.66,0.72,17.78,0.94,,,
1991-07-16,1.66,0.72,17.49,0.94,,,
1991-07-17,1.62,0.68,17.52,0.94,,,
1991-07-18,1.62,0.69,15.77,0.93,,,
1991-07-19,1.62,0.73,15.5,0.89,,,
1991-07-22,1.61,0.71,16.9,0.9,,,
1991-07-23,1.57,0.67,16.58,0.9,,,
1991-07-24,1.59,0.74,16.41,0.85,,,
1991-07-25,1.6,0.76,15.74,0.84,,,
1991-07-26,1.61,0.75,15.45,0.86,,,
1991-07-29,1.62,0.75,15.67,0.87,,,
1991-07-30,1.61,0.72,15.47,0.89,,,
1991-07-31,1.6,0.73,15.18,0.87,,,
1991-08-01,1.61,0.73,15.47,0.88,,,
1991-08-02,1.67,0.83,15.26,0.84,,,
1991-08-05,1.68,0.82,15.92,0.86,,,
1991-08-06,1.7,0.87,15.54,0.83,,,
1991-08-07,1.73,0.88,15.56,0.85,,,
1991-08-08,1.7,0.83,15.98,0.87,,,
1991-08-09,1.72,0.81,15.45,0.91,,,
1991-08-12,1.74,0.83,15.26,0.91,,,
1991-08-13,1.75,0.85,14.73,0.9,,,
1991-08-14,1.76,0.91,15.09,0.85,,,
1991-08-15,1.76,0.86,15.19,0.9,,,
1991-08-16,1.75,0.85,16.01,0.9,,,
1991-08-19,1.79,0.85,21.19,0.94,,,
1991-08-20,1.82,0.88,18.86,0.94,,,
1991-08-21,1.81,0.88,15.62,0.93,,,
1991-08-22,1.8,0.88,14.59,0.92,,,
1991-08-23,1.79,0.84,14.41,0.95,,,
1991-08-26,1.76,0.82,14.81,0.94,,,
1991-08-27,1.75,0.84,15.46,0.91,,,
1991-08-28,1.76,0.88,15.31,0.88,,,
1991-08-29,1.8,0.92,14.82,0.88,,,
1991-08-30,1.75,0.87,14.46,0.88,,,
1991-09-03,1.76,0.86,16.57,0.9,,,
1991-09-04,1.79,0.87,17.18,0.92,,,
1991-09-05,1.78,0.86,17.31,0.92,,,
1991-09-06,1.79,0.89,16.76,0.9,,,
1991-09-09,1.81,0.91,17.73,0.9,,,
1991-09-10,1.82,0.9,18.22,0.92,,,
1991-09-11,1.84,0.89,17.96,0.95,,,
1991-09-12,1.84,0.94,16.21,0.9,,,
1991-09-13,1.85,0.96,17.88,0.89,,,
1991-09-16,1.87,0.98,17.82,0.89,,,
1991-09-17,1.88,0.98,17.68,0.9,,,
1991-09-18,1.88,1,17.56,0.88,,,
1991-09-19,1.9,0.98,17.56,0.92,,,
1991-09-20,1.94,1.03,17.08,0.91,,,
1991-09-23,1.92,1.04,16.38,0.88,,,
1991-09-24,1.91,1,16.04,0.91,,,
1991-09-25,1.9,0.99,15.68,0.91,,,
1991-09-26,1.91,0.98,15.35,0.93,,,
1991-09-27,1.96,1.04,16.31,0.92,,,
1991-09-30,1.94,1.06,15.85,0.88,,,
1991-10-01,1.97,1.05,14.81,0.92,,,
1991-10-02,1.96,1.03,15.81,0.93,,,
1991-10-03,1.96,0.97,17.04,0.99,,,
1991-10-04,2.01,1.08,15.63,0.93,,,
1991-10-07,1.99,1.08,18.58,0.91,,,
1991-10-08,1.96,1.03,17.81,0.93,,,
1991-10-09,1.96,1,18.54,0.96,,,
1991-10-10,1.9,0.96,17.8,0.94,,,
1991-10-11,1.94,1.02,17.6,0.92,,,
1991-10-14,,,16.71,,,,
1991-10-15,1.95,1.06,16.22,0.89,,,
1991-10-16,1.97,1.07,14.85,0.9,,,
1991-10-17,1.96,1.02,16.32,0.94,,,
1991-10-18,1.96,1.03,15.87,0.93,,,
1991-10-21,1.96,0.97,16.66,0.99,,,
1991-10-22,1.93,0.95,16.55,0.98,,,
1991-10-23,1.95,0.96,16.26,0.99,,,
1991-10-24,1.96,0.98,15.62,0.98,,,
1991-10-25,1.93,0.98,15.75,0.95,,,
1991-10-28,1.95,0.99,15.45,0.96,,,
1991-10-29,1.99,1.06,15.55,0.93,,,
1991-10-30,2.03,1.08,15.46,0.95,,,
1991-10-31,2.02,1.1,15.48,0.92,,,
1991-11-01,2.01,1.08,15.6,0.93,,,
1991-11-04,2,1.07,16.35,0.93,,,
1991-11-05,1.98,1.02,16.48,0.96,,,
1991-11-06,2,1.05,16.47,0.95,,,
1991-11-07,2.06,1.09,15.97,0.97,,,
1991-11-08,2.04,1.09,15.43,0.95,,,
1991-11-11,,,14.89,,,,
1991-11-12,2.03,1.06,14.04,0.97,,,
1991-11-13,2.03,1.04,13.95,0.99,,,
1991-11-14,2.05,1.07,13.96,0.98,,,
1991-11-15,2.08,1.08,21.18,1,,,
1991-11-18,2.07,1.08,18.28,0.99,,,
1991-11-19,2.08,1.09,20.34,0.99,,,
1991-11-20,2.05,1.08,20.4,0.97,,,
1991-11-21,2.06,1.1,19.11,0.96,,,
1991-11-22,2.01,1.05,21.2,0.96,,,
1991-11-25,2.02,1.03,21.92,0.99,,,
1991-11-26,2.04,1.06,19.8,0.98,,,
1991-11-27,2.03,1.03,19.84,1,,,
1991-11-29,2.06,1.06,20.26,1,,,
1991-12-02,2.1,1.11,20.18,0.99,,,
1991-12-03,2.12,1.14,19.7,0.98,,,
1991-12-04,2.19,1.22,19.54,0.97,,,
1991-12-05,2.14,1.17,20.19,0.97,,,
1991-12-06,2.06,1.09,19.04,0.97,,,
1991-12-09,2.1,1.14,19.74,0.96,,,
1991-12-10,2.09,1.13,19.89,0.96,,,
1991-12-11,2.1,1.13,20.57,0.97,,,
1991-12-12,2.1,1.14,19.08,0.96,,,
1991-12-13,2.07,1.14,17.88,0.93,,,
1991-12-16,2.09,1.14,17.62,0.95,,,
1991-12-17,2.11,1.14,18.12,0.97,,,
1991-12-18,2.09,1.14,17.78,0.95,,,
1991-12-19,2.13,1.2,17.96,0.93,,,
1991-12-20,2.21,1.27,17.65,0.94,,,
1991-12-23,2.27,1.35,16.61,0.92,,,
1991-12-24,2.26,1.35,15.67,0.91,,,
1991-12-26,2.27,1.36,15.44,0.91,,,
1991-12-27,2.34,1.39,15.7,0.95,,,
1991-12-30,2.35,1.42,17.63,0.93,,,
1991-12-31,2.39,1.45,19.31,0.94,,,
1992-01-02,2.33,1.4,18.95,0.93,,,
1992-01-03,2.26,1.32,18.75,0.94,,,
1992-01-06,2.27,1.33,18.96,0.94,,,
1992-01-07,2.31,1.37,19.23,0.94,,,
1992-01-08,2.28,1.35,18.72,0.93,,,
1992-01-09,2.22,1.34,18.96,0.88,,,
1992-01-10,2.19,1.32,18.45,0.87,,,
1992-01-13,2.14,1.24,18.01,0.9,,,
1992-01-14,2.05,1.15,17.01,0.9,,,
1992-01-15,2.06,1.15,17.39,0.91,,,
1992-01-16,2.03,1.11,17.64,0.92,,,
1992-01-17,2.04,1.13,16.32,0.91,,,
1992-01-20,,,16.42,,,,
1992-01-21,2.1,1.14,17.92,0.96,,,
1992-01-22,2.06,1.12,16.75,0.94,,,
1992-01-23,2.01,1.04,16.46,0.97,,,
1992-01-24,1.97,1.02,16.24,0.95,,,
1992-01-27,1.95,1.02,16.67,0.93,,,
1992-01-28,2.01,1.06,17.67,0.95,,,
1992-01-29,1.95,0.99,17.62,0.96,,,
1992-01-30,1.92,0.95,17.49,0.97,,,
1992-01-31,1.9,0.96,17.4,0.94,,,
1992-02-03,1.88,0.92,18.2,0.96,,,
1992-02-04,1.89,0.95,17.96,0.94,,,
1992-02-05,1.95,1.04,18.22,0.91,,,
1992-02-06,1.96,1.05,18.79,0.91,,,
1992-02-07,1.96,1.02,18.51,0.94,,,
1992-02-10,1.98,1.03,18.56,0.95,,,
1992-02-11,1.96,1.02,17.7,0.94,,,
1992-02-12,1.88,0.95,17.37,0.93,,,
1992-02-13,1.83,0.89,17.45,0.94,,,
1992-02-14,1.86,0.9,17.03,0.96,,,
1992-02-18,1.84,0.87,18.22,0.97,,,
1992-02-19,1.87,0.91,17.16,0.96,,,
1992-02-20,1.87,0.92,16.72,0.95,,,
1992-02-21,1.84,0.88,16.87,0.96,,,
1992-02-24,1.83,0.87,17.13,0.96,,,
1992-02-25,1.83,0.89,16.35,0.94,,,
1992-02-26,1.9,0.97,16.64,0.93,,,
1992-02-27,1.85,0.95,16.51,0.9,,,
1992-02-28,1.9,1,16.68,0.9,,,
1992-03-02,1.83,0.92,16.88,0.91,,,
1992-03-03,1.78,0.89,17.26,0.89,,,
1992-03-04,1.77,0.89,17.89,0.88,,,
1992-03-05,1.71,0.81,18.47,0.9,,,
1992-03-06,1.72,0.85,19.75,0.87,,,
1992-03-09,1.76,0.89,19.68,0.87,,,
1992-03-10,1.73,0.88,18.68,0.85,,,
1992-03-11,1.71,0.82,19.79,0.89,,,
1992-03-12,1.66,0.73,19.72,0.93,,,
1992-03-13,1.61,0.67,18.35,0.94,,,
1992-03-16,1.65,0.69,18.46,0.96,,,
1992-03-17,1.69,0.77,16.79,0.92,,,
1992-03-18,1.69,0.76,16.69,0.93,,,
1992-03-19,1.71,0.78,16.52,0.93,,,
1992-03-20,1.67,0.74,16.82,0.93,,,
1992-03-23,1.68,0.74,16.73,0.94,,,
1992-03-24,1.71,0.83,16.32,0.88,,,
1992-03-25,1.71,0.83,16.19,0.88,,,
1992-03-26,1.7,0.8,16.29,0.9,,,
1992-03-27,1.67,0.81,16.02,0.86,,,
1992-03-30,1.68,0.81,15.97,0.87,,,
1992-03-31,1.7,0.83,16.18,0.87,,,
1992-04-01,1.75,0.88,16.48,0.87,,,
1992-04-02,1.74,0.87,17.06,0.87,,,
1992-04-03,1.77,0.91,16.72,0.86,,,
1992-04-06,1.79,0.91,16.72,0.88,,,
1992-04-07,1.78,0.9,18.81,0.88,,,
1992-04-08,1.77,0.88,20.15,0.89,,,
1992-04-09,1.83,0.96,17.89,0.87,,,
1992-04-10,1.8,0.95,16.85,0.85,,,
1992-04-13,1.82,0.98,16.99,0.84,,,
1992-04-14,1.81,0.93,15.98,0.88,,,
1992-04-15,1.78,0.9,15.15,0.88,,,
1992-04-16,1.73,0.82,14.85,0.91,,,
1992-04-20,1.64,0.73,15.93,0.91,,,
1992-04-21,1.67,0.75,16.53,0.92,,,
1992-04-22,1.67,0.76,15.96,0.91,,,
1992-04-23,1.67,0.76,15.83,0.91,,,
1992-04-24,1.69,0.79,15.71,0.9,,,
1992-04-27,1.64,0.77,16.49,0.87,,,
1992-04-28,1.67,0.79,16.24,0.88,,,
1992-04-29,1.65,0.78,15.95,0.87,,,
1992-04-30,1.63,0.78,15.53,0.85,,,
1992-05-01,1.64,0.81,16.61,0.83,,,
1992-05-04,1.64,0.79,16.92,0.85,,,
1992-05-05,1.66,0.8,16.66,0.86,,,
1992-05-06,1.74,0.88,16.81,0.86,,,
1992-05-07,1.71,0.86,16.54,0.85,,,
1992-05-08,1.74,0.9,15.65,0.84,,,
1992-05-11,1.74,0.89,15.17,0.85,,,
1992-05-12,1.77,0.92,15.68,0.85,,,
1992-05-13,1.78,0.93,15.19,0.85,,,
1992-05-14,1.78,0.93,15.49,0.85,,,
1992-05-15,1.8,0.97,14.82,0.83,,,
1992-05-18,1.8,0.96,14.62,0.84,,,
1992-05-19,1.85,1.02,13.57,0.83,,,
1992-05-20,1.82,0.97,13.62,0.85,,,
1992-05-21,1.71,0.85,13.92,0.86,,,
1992-05-22,1.72,0.88,13.73,0.84,,,
1992-05-26,1.66,0.8,14.92,0.86,,,
1992-05-27,1.68,0.81,13.99,0.87,,,
1992-05-28,1.74,0.88,13.77,0.86,,,
1992-05-29,1.77,0.9,13.86,0.87,,,
1992-06-01,1.71,0.86,14.43,0.85,,,
1992-06-02,1.74,0.88,14.57,0.86,,,
1992-06-03,1.76,0.91,14.35,0.85,,,
1992-06-04,1.75,0.91,13.66,0.84,,,
1992-06-05,1.77,0.93,14.65,0.84,,,
1992-06-08,1.77,0.91,15.19,0.86,,,
1992-06-09,1.76,0.9,15.97,0.86,,,
1992-06-10,1.75,0.9,16.62,0.85,,,
1992-06-11,1.73,0.93,16.29,0.8,,,
1992-06-12,1.76,0.95,14.95,0.81,,,
1992-06-15,1.77,0.95,14.76,0.82,,,
1992-06-16,1.78,0.98,15.22,0.8,,,
1992-06-17,1.78,0.99,18.08,0.79,,,
1992-06-18,1.81,1.03,18.2,0.78,,,
1992-06-19,1.8,0.98,16.31,0.82,,,
1992-06-22,1.8,0.97,16.66,0.83,,,
1992-06-23,1.79,0.97,14.53,0.82,,,
1992-06-24,1.82,1.01,14.4,0.81,,,
1992-06-25,1.86,1.04,14.4,0.82,,,
1992-06-26,1.85,1.03,14.67,0.82,,,
1992-06-29,1.88,1.04,13.21,0.84,,,
1992-06-30,1.86,1.04,13.35,0.82,,,
1992-07-01,1.9,1.06,13.34,0.84,,,
1992-07-02,1.99,1.2,13.88,0.79,,,
1992-07-06,2,1.18,14.87,0.82,,,
1992-07-07,2.02,1.21,15.83,0.81,,,
1992-07-08,1.98,1.17,15.53,0.81,,,
1992-07-09,1.98,1.17,14.6,0.81,,,
1992-07-10,1.95,1.14,13.7,0.81,,,
1992-07-13,1.92,1.11,14.01,0.81,,,
1992-07-14,1.93,1.13,13.5,0.8,,,
1992-07-15,1.96,1.18,12.52,0.78,,,
1992-07-16,1.98,1.21,12.27,0.77,,,
1992-07-17,1.97,1.2,12.6,0.77,,,
1992-07-20,1.96,1.19,12.66,0.77,,,
1992-07-21,1.96,1.19,12.6,0.77,,,
1992-07-22,1.99,1.21,13.57,0.78,,,
1992-07-23,2.06,1.32,13.33,0.74,,,
1992-07-24,2.06,1.3,13.37,0.76,,,
1992-07-27,2.07,1.33,13.9,0.74,,,
1992-07-28,2.07,1.38,13.05,0.69,,,
1992-07-29,2.09,1.41,13.44,0.68,,,
1992-07-30,2.02,1.32,13.5,0.7,,,
1992-07-31,1.97,1.28,13.17,0.69,,,
1992-08-03,1.98,1.28,13.83,0.7,,,
1992-08-04,2.02,1.34,13.58,0.68,,,
1992-08-05,2.03,1.35,13.82,0.68,,,
1992-08-06,2.05,1.33,14.23,0.72,,,
1992-08-07,2.07,1.39,13.94,0.68,,,
1992-08-10,2.11,1.44,14.51,0.67,,,
1992-08-11,2.11,1.42,15.09,0.69,,,
1992-08-12,2.13,1.44,14.88,0.69,,,
1992-08-13,2.1,1.39,15.34,0.71,,,
1992-08-14,2.07,1.39,14.66,0.68,,,
1992-08-17,2.06,1.37,14.61,0.69,,,
1992-08-18,2.13,1.41,13.84,0.72,,,
1992-08-19,2.14,1.43,14.35,0.71,,,
1992-08-20,2.14,1.43,14.48,0.71,,,
1992-08-21,2.11,1.4,15.01,0.71,,,
1992-08-24,2.01,1.3,16.19,0.71,,,
1992-08-25,1.99,1.25,15.62,0.74,,,
1992-08-26,2.01,1.29,14.5,0.72,,,
1992-08-27,2.03,1.32,13.66,0.71,,,
1992-08-28,2.06,1.34,13.14,0.72,,,
1992-08-31,2.06,1.34,13.58,0.72,,,
1992-09-01,2.11,1.38,13.4,0.73,,,
1992-09-02,2.12,1.39,12.73,0.73,,,
1992-09-03,2.09,1.39,12.88,0.7,,,
1992-09-04,2.16,1.49,12.98,0.67,,,
1992-09-08,2.25,1.58,13.65,0.67,,,
1992-09-09,2.22,1.55,13.36,0.67,,,
1992-09-10,2.23,1.55,12.92,0.68,,,
1992-09-11,2.17,1.51,12.47,0.66,,,
1992-09-14,2.21,1.54,13,0.67,,,
1992-09-15,2.17,1.52,13.63,0.65,,,
1992-09-16,2.17,1.53,14.72,0.64,,,
1992-09-17,2.19,1.52,14.31,0.67,,,
1992-09-18,2.2,1.52,13.74,0.68,,,
1992-09-21,2.21,1.52,13.45,0.69,,,
1992-09-22,2.2,1.48,13.88,0.72,,,
1992-09-23,2.18,1.44,13.83,0.74,,,
1992-09-24,2.23,1.48,13.44,0.75,,,
1992-09-25,2.27,1.52,14.8,0.75,,,
1992-09-28,2.28,1.56,15.19,0.72,,,
1992-09-29,2.28,1.57,14.97,0.71,,,
1992-09-30,2.29,1.57,14.28,0.72,,,
1992-10-01,2.39,1.69,16.31,0.7,,,
1992-10-02,2.38,1.67,17.79,0.71,,,
1992-10-05,2.4,1.64,20.01,0.76,,,
1992-10-06,2.38,1.6,19.95,0.78,,,
1992-10-07,2.28,1.48,21.02,0.8,,,
1992-10-08,2.32,1.51,19.26,0.81,,,
1992-10-09,2.27,1.44,20.51,0.83,,,
1992-10-12,,,19.49,,,,
1992-10-13,2.33,1.46,17.9,0.87,,,
1992-10-14,2.31,1.43,18.42,0.88,,,
1992-10-15,2.3,1.41,17.11,0.89,,,
1992-10-16,2.26,1.36,17.01,0.9,,,
1992-10-19,2.21,1.29,17.31,0.92,,,
1992-10-20,2.12,1.18,16.87,0.94,,,
1992-10-21,2.14,1.25,16.62,0.89,,,
1992-10-22,2.19,1.31,15.84,0.88,,,
1992-10-23,2.09,1.24,16.46,0.85,,,
1992-10-26,2.14,1.26,16.32,0.88,,,
1992-10-27,2.16,1.29,16.24,0.87,,,
1992-10-28,2.19,1.3,15.95,0.89,,,
1992-10-29,2.22,1.34,15.47,0.88,,,
1992-10-30,2.19,1.29,16.15,0.9,,,
1992-11-02,2.14,1.22,16.67,0.92,,,
1992-11-03,2.14,1.23,17.33,0.91,,,
1992-11-04,2.11,1.21,16.28,0.9,,,
1992-11-05,2.15,1.26,15.38,0.89,,,
1992-11-06,2.1,1.17,14.69,0.93,,,
1992-11-09,2.06,1.17,14.23,0.89,,,
1992-11-10,2.11,1.25,14.37,0.86,,,
1992-11-11,,,13.99,,,,
1992-11-12,2.16,1.31,14.37,0.85,,,
1992-11-13,2.12,1.29,14.61,0.83,,,
1992-11-16,2.04,1.2,14.86,0.84,,,
1992-11-17,2.04,1.23,15.01,0.81,,,
1992-11-18,2.11,1.26,14.55,0.85,,,
1992-11-19,2.1,1.26,14.33,0.84,,,
1992-11-20,2.05,1.22,13.67,0.83,,,
1992-11-23,2.04,1.19,13.4,0.85,,,
1992-11-24,2.07,1.23,12.66,0.84,,,
1992-11-25,2.07,1.22,12.5,0.85,,,
1992-11-27,2,1.14,12.58,0.86,,,
1992-11-30,2,1.13,13.01,0.87,,,
1992-12-01,1.99,1.12,12.8,0.87,,,
1992-12-02,2,1.14,12.56,0.86,,,
1992-12-03,2.01,1.16,12.03,0.85,,,
1992-12-04,2.03,1.2,11.81,0.83,,,
1992-12-07,2.05,1.24,12,0.81,,,
1992-12-08,2.09,1.27,11.73,0.82,,,
1992-12-09,2.06,1.24,12.58,0.82,,,
1992-12-10,2.04,1.23,12.75,0.81,,,
1992-12-11,2.01,1.18,12.34,0.83,,,
1992-12-14,2,1.17,12.66,0.83,,,
1992-12-15,2,1.16,12.41,0.84,,,
1992-12-16,2.04,1.21,12.58,0.83,,,
1992-12-17,2.03,1.21,12.14,0.82,,,
1992-12-18,2.05,1.23,11.66,0.82,,,
1992-12-21,2.06,1.25,11.65,0.81,,,
1992-12-22,2.1,1.27,11.75,0.83,,,
1992-12-23,2.07,1.24,11.51,0.83,,,
1992-12-24,2.05,1.22,11.57,0.83,,,
1992-12-28,2.04,1.19,12.22,0.85,,,
1992-12-29,2.05,1.21,12.29,0.84,,,
1992-12-30,2.06,1.21,12.6,0.85,,,
1992-12-31,2.06,1.21,12.57,0.85,,,
1993-01-04,2.09,1.27,13.36,0.82,,,
1993-01-05,2.1,1.27,13.35,0.83,,,
1993-01-06,2.09,1.3,13.37,0.79,,,
1993-01-07,2.02,1.2,14.72,0.82,,,
1993-01-08,2.04,1.23,13.77,0.81,,,
1993-01-11,2.05,1.27,12.86,0.78,,,
1993-01-12,2.06,1.27,12.78,0.79,,,
1993-01-13,2.04,1.27,12.42,0.77,,,
1993-01-14,2.06,1.3,11.99,0.76,,,
1993-01-15,2.06,1.3,11.57,0.76,,,
1993-01-18,,,11.49,,,,
1993-01-19,2.04,1.3,12.06,0.74,,,
1993-01-20,2.05,1.29,12.15,0.76,,,
1993-01-21,2.04,1.3,11.69,0.74,,,
1993-01-22,2.06,1.33,11.3,0.73,,,
1993-01-25,2.08,1.37,11.38,0.71,,,
1993-01-26,2.08,1.35,11.45,0.73,,,
1993-01-27,2.09,1.38,12.01,0.71,,,
1993-01-28,2.1,1.4,12.04,0.7,,,
1993-01-29,2.11,1.41,12.42,0.7,,,
1993-02-01,2.13,1.42,12.33,0.71,,,
1993-02-02,2.07,1.34,12.25,0.73,,,
1993-02-03,2.05,1.35,12.12,0.7,,,
1993-02-04,2.09,1.38,12.29,0.71,,,
1993-02-05,2.14,1.42,12.9,0.72,,,
1993-02-08,2.12,1.4,13.22,0.72,,,
1993-02-09,2.08,1.35,13.48,0.73,,,
1993-02-10,2.12,1.36,13.43,0.76,,,
1993-02-11,2.13,1.37,12.69,0.76,,,
1993-02-12,2.09,1.36,12.38,0.73,,,
1993-02-16,2.1,1.39,15.76,0.71,,,
1993-02-17,2.13,1.43,15.9,0.7,,,
1993-02-18,2.15,1.52,15.56,0.63,,,
1993-02-19,2.16,1.49,15.02,0.67,,,
1993-02-22,2.17,1.54,14.7,0.63,,,
1993-02-23,2.25,1.68,15.04,0.57,,,
1993-02-24,2.19,1.59,14.72,0.6,,,
1993-02-25,2.19,1.59,13.76,0.6,,,
1993-02-26,2.2,1.58,13.16,0.62,,,
1993-03-01,2.23,1.64,13.6,0.59,,,
1993-03-02,2.21,1.64,12.49,0.57,,,
1993-03-03,2.23,1.69,13.13,0.54,,,
1993-03-04,2.24,1.7,13.44,0.54,,,
1993-03-05,2.2,1.64,14.08,0.56,,,
1993-03-08,2.21,1.69,16.22,0.52,,,
1993-03-09,2.19,1.63,14.17,0.56,,,
1993-03-10,2.12,1.56,13.91,0.56,,,
1993-03-11,2.16,1.57,14.26,0.59,,,
1993-03-12,2.09,1.47,15.66,0.62,,,
1993-03-15,2.06,1.45,14.74,0.61,,,
1993-03-16,2.15,1.56,14.51,0.59,,,
1993-03-17,2.13,1.59,14.53,0.54,,,
1993-03-18,2.17,1.67,14.17,0.5,,,
1993-03-19,2.18,1.65,13.23,0.53,,,
1993-03-22,2.15,1.62,13.66,0.53,,,
1993-03-23,2.19,1.65,13.02,0.54,,,
1993-03-24,2.18,1.64,12.44,0.54,,,
1993-03-25,2.18,1.62,12.08,0.56,,,
1993-03-26,2.14,1.54,12.21,0.6,,,
1993-03-29,2.15,1.56,12.63,0.59,,,
1993-03-30,2.18,1.6,12.23,0.58,,,
1993-03-31,2.18,1.6,12.53,0.58,,,
1993-04-01,2.18,1.59,13.02,0.59,,,
1993-04-02,2.15,1.53,14.5,0.62,,,
1993-04-05,2.17,1.53,14.12,0.64,,,
1993-04-06,2.19,1.55,14.24,0.64,,,
1993-04-07,2.17,1.52,13.64,0.65,,,
1993-04-08,2.21,1.58,12.83,0.63,,,
1993-04-12,2.2,1.57,11.93,0.63,,,
1993-04-13,2.16,1.54,11.7,0.62,,,
1993-04-14,2.16,1.56,11.76,0.6,,,
1993-04-15,2.17,1.53,10.96,0.64,,,
1993-04-16,2.16,1.51,11.29,0.65,,,
1993-04-19,2.17,1.49,12.06,0.68,,,
1993-04-20,2.18,1.46,11.94,0.72,,,
1993-04-21,2.19,1.47,12.11,0.72,,,
1993-04-22,2.2,1.48,12.68,0.72,,,
1993-04-23,2.19,1.44,13.36,0.75,,,
1993-04-26,2.17,1.42,15.25,0.75,,,
1993-04-27,2.14,1.37,13.93,0.77,,,
1993-04-28,2.15,1.39,13.12,0.76,,,
1993-04-29,2.16,1.42,12.8,0.74,,,
1993-04-30,2.12,1.36,12.42,0.76,,,
1993-05-03,2.2,1.44,12.9,0.76,,,
1993-05-04,2.2,1.45,12.14,0.75,,,
1993-05-05,2.18,1.43,12.38,0.75,,,
1993-05-06,2.22,1.47,13.22,0.75,,,
1993-05-07,2.22,1.46,13.01,0.76,,,
1993-05-10,2.24,1.48,13.72,0.76,,,
1993-05-11,2.24,1.48,13.35,0.76,,,
1993-05-12,2.21,1.45,13.56,0.76,,,
1993-05-13,2.22,1.42,14.76,0.8,,,
1993-05-14,2.2,1.41,14.39,0.79,,,
1993-05-17,2.18,1.37,14.13,0.81,,,
1993-05-18,2.15,1.33,14.19,0.82,,,
1993-05-19,2.17,1.38,14.29,0.79,,,
1993-05-20,2.18,1.4,13.98,0.78,,,
1993-05-21,2.15,1.34,14.51,0.81,,,
1993-05-24,2.14,1.32,14.1,0.82,,,
1993-05-25,2.13,1.31,14.04,0.82,,,
1993-05-26,2.12,1.31,12.88,0.81,,,
1993-05-27,2.12,1.33,13.1,0.79,,,
1993-05-28,2.1,1.3,13.47,0.8,,,
1993-06-01,2.1,1.3,13.67,0.8,,,
1993-06-02,2.1,1.32,13.48,0.78,,,
1993-06-03,2.12,1.36,13.54,0.76,,,
1993-06-04,2.07,1.3,12.86,0.77,,,
1993-06-07,2.06,1.31,14.07,0.75,,,
1993-06-08,2.07,1.31,14.74,0.76,,,
1993-06-09,2.07,1.32,13.96,0.75,,,
1993-06-10,2.06,1.31,13.31,0.75,,,
1993-06-11,2.1,1.37,12.71,0.73,,,
1993-06-14,2.1,1.36,12.33,0.74,,,
1993-06-15,2.1,1.36,11.99,0.74,,,
1993-06-16,2.1,1.36,11.87,0.74,,,
1993-06-17,2.13,1.39,11.66,0.74,,,
1993-06-18,2.08,1.35,12.24,0.73,,,
1993-06-21,2.11,1.38,12.25,0.73,,,
1993-06-22,2.12,1.38,11.65,0.74,,,
1993-06-23,2.11,1.39,12.04,0.72,,,
1993-06-24,2.13,1.4,12.25,0.73,,,
1993-06-25,2.14,1.42,11.25,0.72,,,
1993-06-28,2.16,1.43,11.11,0.73,,,
1993-06-29,2.16,1.44,11.29,0.72,,,
1993-06-30,2.16,1.44,11.26,0.72,,,
1993-07-01,2.16,1.44,11.51,0.72,,,
1993-07-02,2.19,1.48,11.33,0.71,,,
1993-07-06,2.17,1.44,13.87,0.73,,,
1993-07-07,2.17,1.43,13.05,0.74,,,
1993-07-08,2.17,1.44,12.24,0.73,,,
1993-07-09,2.17,1.44,10.8,0.73,,,
1993-07-12,2.17,1.44,10.85,0.73,,,
1993-07-13,2.14,1.41,11.02,0.73,,,
1993-07-14,2.17,1.42,10.78,0.75,,,
1993-07-15,2.16,1.42,10.6,0.74,,,
1993-07-16,2.16,1.42,10.96,0.74,,,
1993-07-19,2.17,1.42,11.46,0.75,,,
1993-07-20,2.14,1.39,11.05,0.75,,,
1993-07-21,2.11,1.34,11.97,0.77,,,
1993-07-22,2.06,1.28,11.69,0.78,,,
1993-07-23,2.05,1.26,11.32,0.79,,,
1993-07-26,2.06,1.25,11.32,0.81,,,
1993-07-27,2.06,1.24,11.34,0.82,,,
1993-07-28,2.06,1.27,11.37,0.79,,,
1993-07-29,2.1,1.28,11.25,0.82,,,
1993-07-30,2.05,1.25,11.73,0.8,,,
1993-08-02,2.03,1.22,11.47,0.81,,,
1993-08-03,2,1.21,11.49,0.79,,,
1993-08-04,1.96,1.17,11.71,0.79,,,
1993-08-05,1.93,1.15,12.03,0.78,,,
1993-08-06,1.93,1.16,12.33,0.77,,,
1993-08-09,1.92,1.15,12.39,0.77,,,
1993-08-10,1.9,1.13,12.31,0.77,,,
1993-08-11,1.94,1.16,12.07,0.78,,,
1993-08-12,1.89,1.13,12.38,0.76,,,
1993-08-13,1.9,1.15,12.19,0.75,,,
1993-08-16,1.9,1.17,12.01,0.73,,,
1993-08-17,1.88,1.12,11.59,0.76,,,
1993-08-18,1.84,1.1,11.52,0.74,,,
1993-08-19,1.85,1.11,11.63,0.74,,,
1993-08-20,1.87,1.13,11.62,0.74,,,
1993-08-23,1.89,1.14,12.15,0.75,,,
1993-08-24,1.92,1.21,11.8,0.71,,,
1993-08-25,1.91,1.2,12.1,0.71,,,
1993-08-26,1.95,1.26,12.14,0.69,,,
1993-08-27,1.92,1.21,11.91,0.71,,,
1993-08-30,1.94,1.23,11.74,0.71,,,
1993-08-31,1.91,1.2,11.85,0.71,,,
1993-09-01,1.89,1.19,11.48,0.7,,,
1993-09-02,1.92,1.18,11.87,0.74,,,
1993-09-03,1.95,1.19,11.16,0.76,,,
1993-09-07,2,1.24,12.9,0.76,,,
1993-09-08,1.97,1.21,13.24,0.76,,,
1993-09-09,1.97,1.23,12.67,0.74,,,
1993-09-10,1.99,1.26,11.7,0.73,,,
1993-09-13,2.01,1.3,12.16,0.71,,,
1993-09-14,1.94,1.27,13.15,0.67,,,
1993-09-15,1.92,1.28,12.7,0.64,,,
1993-09-16,2,1.35,13.36,0.65,,,
1993-09-17,2,1.35,13.39,0.65,,,
1993-09-20,2.01,1.36,14.6,0.65,,,
1993-09-21,1.98,1.34,17.3,0.64,,,
1993-09-22,1.99,1.36,13.75,0.63,,,
1993-09-23,2,1.35,13.36,0.65,,,
1993-09-24,2,1.34,12.47,0.66,,,
1993-09-27,2.03,1.39,12.49,0.64,,,
1993-09-28,2.04,1.39,12.19,0.65,,,
1993-09-29,2.01,1.33,12.63,0.68,,,
1993-09-30,2,1.33,12.99,0.67,,,
1993-10-01,2.02,1.35,11.83,0.67,,,
1993-10-04,2.03,1.36,12.85,0.67,,,
1993-10-05,2.01,1.37,12.97,0.64,,,
1993-10-06,2.02,1.38,12.68,0.64,,,
1993-10-07,2.04,1.39,13.14,0.65,,,
1993-10-08,2.03,1.37,12.04,0.66,,,
1993-10-11,,,12.26,,,,
1993-10-12,2,1.37,12.41,0.63,,,
1993-10-13,2.02,1.39,11.38,0.63,,,
1993-10-14,2.01,1.37,11,0.64,,,
1993-10-15,1.99,1.36,10.87,0.63,,,
1993-10-18,1.96,1.33,11.33,0.63,,,
1993-10-19,1.96,1.33,11.61,0.63,,,
1993-10-20,1.95,1.32,11.32,0.63,,,
1993-10-21,1.93,1.31,11.2,0.62,,,
1993-10-22,1.91,1.29,11.48,0.62,,,
1993-10-25,1.9,1.27,11.83,0.63,,,
1993-10-26,1.93,1.3,11.83,0.63,,,
1993-10-27,1.95,1.3,12.01,0.65,,,
1993-10-28,1.98,1.31,11.88,0.67,,,
1993-10-29,1.96,1.29,11.46,0.67,,,
1993-11-01,1.88,1.2,11.78,0.68,,,
1993-11-02,1.88,1.21,11.74,0.67,,,
1993-11-03,1.9,1.2,13.26,0.7,,,
1993-11-04,1.97,1.26,14.68,0.71,,,
1993-11-05,1.93,1.22,14.97,0.71,,,
1993-11-08,1.96,1.25,14.31,0.71,,,
1993-11-09,1.97,1.24,13.94,0.73,,,
1993-11-10,1.94,1.21,13.72,0.73,,,
1993-11-11,,,13.88,,,,
1993-11-12,1.98,1.25,13.33,0.73,,,
1993-11-15,1.97,1.22,14.46,0.75,,,
1993-11-16,2.02,1.26,15.11,0.76,,,
1993-11-17,2,1.25,15.57,0.75,,,
1993-11-18,1.99,1.22,14.65,0.77,,,
1993-11-19,1.92,1.18,15.03,0.74,,,
1993-11-22,1.89,1.14,15.9,0.75,,,
1993-11-23,1.9,1.15,14.27,0.75,,,
1993-11-24,1.9,1.14,13.51,0.76,,,
1993-11-26,1.93,1.18,13.77,0.75,,,
1993-11-29,1.89,1.14,14.12,0.75,,,
1993-11-30,1.91,1.16,13.76,0.75,,,
1993-12-01,1.89,1.15,13.83,0.74,,,
1993-12-02,1.88,1.13,13.51,0.75,,,
1993-12-03,1.89,1.14,12.69,0.75,,,
1993-12-06,1.9,1.15,12.84,0.75,,,
1993-12-07,1.9,1.14,12.41,0.76,,,
1993-12-08,1.9,1.14,12.46,0.76,,,
1993-12-09,1.92,1.16,12.43,0.76,,,
1993-12-10,1.89,1.14,12.6,0.75,,,
1993-12-13,1.89,1.15,10.98,0.74,,,
1993-12-14,1.89,1.15,11.13,0.74,,,
1993-12-15,1.9,1.15,11.03,0.75,,,
1993-12-16,1.9,1.15,10.9,0.75,,,
1993-12-17,1.92,1.17,11.08,0.75,,,
1993-12-20,1.9,1.15,10.75,0.75,,,
1993-12-21,1.89,1.15,10.08,0.74,,,
1993-12-22,1.94,1.19,9.31,0.75,,,
1993-12-23,1.93,1.18,9.48,0.75,,,
1993-12-27,1.94,1.18,9.7,0.76,,,
1993-12-28,1.96,1.19,9.82,0.77,,,
1993-12-29,1.94,1.17,10.46,0.77,,,
1993-12-30,1.93,1.17,10.69,0.76,,,
1993-12-31,1.94,1.17,11.66,0.77,,,
1994-01-03,1.9,1.15,12.57,0.75,,,
1994-01-04,1.89,1.15,11.91,0.74,,,
1994-01-05,1.88,1.16,10.94,0.72,,,
1994-01-06,1.89,1.17,11.27,0.72,,,
1994-01-07,1.93,1.19,10.96,0.74,,,
1994-01-10,1.94,1.2,10.74,0.74,,,
1994-01-11,1.94,1.2,11.29,0.74,,,
1994-01-12,1.95,1.21,11.65,0.74,,,
1994-01-13,1.9,1.17,12.08,0.73,,,
1994-01-14,1.89,1.15,11.15,0.74,,,
1994-01-17,,,11.88,,,,
1994-01-18,1.9,1.17,11.63,0.73,,,
1994-01-19,1.89,1.16,11.76,0.73,,,
1994-01-20,1.91,1.19,11.16,0.72,,,
1994-01-21,1.9,1.18,11.09,0.72,,,
1994-01-24,1.89,1.17,11.6,0.72,,,
1994-01-25,1.88,1.17,11.38,0.71,,,
1994-01-26,1.89,1.18,11.17,0.71,,,
1994-01-27,1.88,1.18,10.3,0.7,,,
1994-01-28,1.86,1.17,9.94,0.69,,,
1994-01-31,1.85,1.15,10.63,0.7,,,
1994-02-01,1.84,1.15,10.65,0.69,,,
1994-02-02,1.83,1.15,10.61,0.68,,,
1994-02-03,1.82,1.14,10.75,0.68,,,
1994-02-04,1.74,1.06,15.25,0.68,,,
1994-02-07,1.74,1.06,13.96,0.68,,,
1994-02-08,1.73,1.04,13.66,0.69,,,
1994-02-09,1.81,1.11,13.3,0.7,,,
1994-02-10,1.82,1.13,14.24,0.69,,,
1994-02-11,1.82,1.13,14.46,0.69,,,
1994-02-14,1.81,1.12,14.28,0.69,,,
1994-02-15,1.84,1.14,13.4,0.7,,,
1994-02-16,1.83,1.13,13.13,0.7,,,
1994-02-17,1.79,1.09,13.79,0.7,,,
1994-02-18,1.78,1.08,14.7,0.7,,,
1994-02-22,1.8,1.1,13.52,0.7,,,
1994-02-23,1.77,1.08,13.91,0.69,,,
1994-02-24,1.74,1.06,15.96,0.68,,,
1994-02-25,1.74,1.07,14.8,0.67,,,
1994-02-28,1.77,1.1,14.87,0.67,,,
1994-03-01,1.72,1.07,15.83,0.65,,,
1994-03-02,1.71,1.07,16.08,0.64,,,
1994-03-03,1.71,1.07,16.36,0.64,,,
1994-03-04,1.7,1.04,16,0.66,,,
1994-03-07,1.7,1.05,14.26,0.65,,,
1994-03-08,1.67,1.03,16.23,0.64,,,
1994-03-09,1.68,1.04,14.41,0.64,,,
1994-03-10,1.67,1.03,16.55,0.64,,,
1994-03-11,1.68,1.04,14.87,0.64,,,
1994-03-14,1.65,1.02,16.61,0.63,,,
1994-03-15,1.64,1,14.78,0.64,,,
1994-03-16,1.66,1.02,14.51,0.64,,,
1994-03-17,1.65,1.01,12.76,0.64,,,
1994-03-18,1.63,0.98,13.32,0.65,,,
1994-03-21,1.64,0.98,14.34,0.66,,,
1994-03-22,1.64,0.98,13.39,0.66,,,
1994-03-23,1.64,0.98,12.31,0.66,,,
1994-03-24,1.6,0.96,13.43,0.64,,,
1994-03-25,1.59,0.95,13.67,0.64,,,
1994-03-28,1.59,0.95,14.9,0.64,,,
1994-03-29,1.57,0.93,16.49,0.64,,,
1994-03-30,1.54,0.89,18.59,0.65,,,
1994-03-31,1.59,0.95,20.45,0.64,,,
1994-04-04,1.52,0.86,23.87,0.66,,,
1994-04-05,1.58,0.93,18.13,0.65,,,
1994-04-06,1.6,0.95,17.38,0.65,,,
1994-04-07,1.63,0.98,16.98,0.65,,,
1994-04-08,1.59,0.94,16.92,0.65,,,
1994-04-11,1.59,0.95,16.61,0.64,,,
1994-04-12,1.59,0.96,16.42,0.63,,,
1994-04-13,1.58,0.94,17.02,0.64,,,
1994-04-14,1.56,0.92,16.27,0.64,,,
1994-04-15,1.57,0.93,15.98,0.64,,,
1994-04-18,1.51,0.89,17.22,0.62,,,
1994-04-19,1.51,0.89,16.93,0.62,,,
1994-04-20,1.53,0.91,17.01,0.62,,,
1994-04-21,1.55,0.93,14.93,0.62,,,
1994-04-22,1.53,0.88,14.94,0.65,,,
1994-04-25,1.53,0.88,14.26,0.65,,,
1994-04-26,1.51,0.86,13.8,0.65,,,
1994-04-28,1.5,0.85,14.51,0.65,,,
1994-04-29,1.48,0.84,13.77,0.64,,,
1994-05-02,1.46,0.84,14.11,0.62,,,
1994-05-03,1.44,0.82,13.81,0.62,,,
1994-05-04,1.44,0.82,14.29,0.62,,,
1994-05-05,1.44,0.82,14.56,0.62,,,
1994-05-06,1.36,0.73,15.08,0.63,,,
1994-05-09,1.3,0.68,16.16,0.62,,,
1994-05-10,1.35,0.72,15.19,0.63,,,
1994-05-11,1.41,0.78,15.55,0.63,,,
1994-05-12,1.38,0.76,15.46,0.62,,,
1994-05-13,1.41,0.78,14.54,0.63,,,
1994-05-16,1.43,0.8,14.67,0.63,,,
1994-05-17,1.44,0.81,14.08,0.63,,,
1994-05-18,1.46,0.82,12.55,0.64,,,
1994-05-19,1.5,0.86,12.33,0.64,,,
1994-05-20,1.52,0.88,12.79,0.64,,,
1994-05-23,1.46,0.82,13.49,0.64,,,
1994-05-24,1.44,0.81,12.73,0.63,,,
1994-05-25,1.47,0.83,12.43,0.64,,,
1994-05-26,1.52,0.87,12.5,0.65,,,
1994-05-27,1.51,0.86,12.49,0.65,,,
1994-05-31,1.51,0.86,13.03,0.65,,,
1994-06-01,1.53,0.88,12.72,0.65,,,
1994-06-02,1.54,0.89,12.73,0.65,,,
1994-06-03,1.52,0.87,12.19,0.65,,,
1994-06-06,1.55,0.89,13.03,0.66,,,
1994-06-07,1.54,0.89,13.05,0.65,,,
1994-06-08,1.56,0.91,13.32,0.65,,,
1994-06-09,1.53,0.88,13.21,0.65,,,
1994-06-10,1.53,0.87,12.69,0.66,,,
1994-06-13,1.56,0.88,11.92,0.68,,,
1994-06-14,1.56,0.86,11.6,0.7,,,
1994-06-15,1.52,0.83,11.52,0.69,,,
1994-06-16,1.56,0.86,11.22,0.7,,,
1994-06-17,1.58,0.87,12.31,0.71,,,
1994-06-20,1.58,0.87,13.96,0.71,,,
1994-06-21,1.55,0.84,14.7,0.71,,,
1994-06-22,1.55,0.84,14.02,0.71,,,
1994-06-23,1.57,0.87,14.12,0.7,,,
1994-06-24,1.55,0.85,16.72,0.7,,,
1994-06-27,1.55,0.85,15.53,0.7,,,
1994-06-28,1.53,0.83,15.04,0.7,,,
1994-06-29,1.54,0.84,14.42,0.7,,,
1994-06-30,1.52,0.84,14.97,0.68,,,
1994-07-01,1.51,0.82,14.36,0.69,,,
1994-07-05,1.53,0.84,14.92,0.69,,,
1994-07-06,1.54,0.85,14.7,0.69,,,
1994-07-07,1.53,0.84,14.01,0.69,,,
1994-07-08,1.51,0.82,13.26,0.69,,,
1994-07-11,1.49,0.8,13.83,0.69,,,
1994-07-12,1.5,0.81,13.4,0.69,,,
1994-07-13,1.5,0.81,12.42,0.69,,,
1994-07-14,1.51,0.82,11.64,0.69,,,
1994-07-15,1.51,0.82,11.28,0.69,,,
1994-07-18,1.52,0.83,11.44,0.69,,,
1994-07-19,1.55,0.85,11.65,0.7,,,
1994-07-20,1.52,0.84,11.7,0.68,,,
1994-07-21,1.5,0.82,11.65,0.68,,,
1994-07-22,1.49,0.8,11.22,0.69,,,
1994-07-25,1.49,0.8,11.46,0.69,,,
1994-07-26,1.49,0.8,11.66,0.69,,,
1994-07-27,1.47,0.77,11.93,0.7,,,
1994-07-28,1.46,0.78,12.03,0.68,,,
1994-07-29,1.49,0.8,11.13,0.69,,,
1994-08-01,1.5,0.82,11.17,0.68,,,
1994-08-02,1.49,0.81,11.27,0.68,,,
1994-08-03,1.51,0.82,11.35,0.69,,,
1994-08-04,1.49,0.83,12.18,0.66,,,
1994-08-05,1.47,0.8,12.34,0.67,,,
1994-08-08,1.45,0.78,12.41,0.67,,,
1994-08-09,1.46,0.8,12.54,0.66,,,
1994-08-10,1.49,0.83,11.91,0.66,,,
1994-08-11,1.49,0.82,12.13,0.67,,,
1994-08-12,1.51,0.85,11.09,0.66,,,
1994-08-15,1.48,0.82,12.06,0.66,,,
1994-08-16,1.5,0.83,11.39,0.67,,,
1994-08-17,1.51,0.84,11.54,0.67,,,
1994-08-18,1.47,0.81,12.07,0.66,,,
1994-08-19,1.51,0.84,12.83,0.67,,,
1994-08-22,1.51,0.85,12.62,0.66,,,
1994-08-23,1.52,0.86,11.75,0.66,,,
1994-08-24,1.53,0.87,11.57,0.66,,,
1994-08-25,1.52,0.86,12.02,0.66,,,
1994-08-26,1.53,0.87,12.19,0.66,,,
1994-08-29,1.54,0.87,11.82,0.67,,,
1994-08-30,1.55,0.89,11.23,0.66,,,
1994-08-31,1.55,0.89,11.97,0.66,,,
1994-09-01,1.55,0.89,11.86,0.66,,,
1994-09-02,1.56,0.89,11.4,0.67,,,
1994-09-06,1.56,0.9,11.69,0.66,,,
1994-09-07,1.56,0.9,11.81,0.66,,,
1994-09-08,1.55,0.89,11.86,0.66,,,
1994-09-09,1.54,0.88,13.12,0.66,,,
1994-09-12,1.51,0.86,14.01,0.65,,,
1994-09-13,1.54,0.89,13.77,0.65,,,
1994-09-14,1.52,0.88,13.09,0.64,,,
1994-09-15,1.56,0.91,11.88,0.65,,,
1994-09-16,1.52,0.88,12.8,0.64,,,
1994-09-19,1.52,0.89,13.06,0.63,,,
1994-09-20,1.51,0.88,14.45,0.63,,,
1994-09-21,1.49,0.86,14.49,0.63,,,
1994-09-22,1.47,0.84,13.89,0.63,,,
1994-09-23,1.48,0.86,14.53,0.62,,,
1994-09-26,1.48,0.86,14.56,0.62,,,
1994-09-27,1.49,0.87,14.13,0.62,,,
1994-09-28,1.51,0.9,13.25,0.61,,,
1994-09-29,1.52,0.9,13.97,0.62,,,
1994-09-30,1.5,0.88,14.28,0.62,,,
1994-10-03,1.5,0.88,15.44,0.62,,,
1994-10-04,1.47,0.84,16.66,0.63,,,
1994-10-05,1.47,0.83,15.92,0.64,,,
1994-10-06,1.46,0.82,16.24,0.64,,,
1994-10-07,1.51,0.87,14.92,0.64,,,
1994-10-10,,,14.72,,,,
1994-10-11,1.48,0.85,13.55,0.63,,,
1994-10-12,1.47,0.83,14.51,0.64,,,
1994-10-13,1.46,0.83,14.9,0.63,,,
1994-10-14,1.49,0.85,13.32,0.64,,,
1994-10-17,1.51,0.87,14.76,0.64,,,
1994-10-18,1.48,0.84,14.59,0.64,,,
1994-10-19,1.48,0.84,15.13,0.64,,,
1994-10-20,1.45,0.81,15.99,0.64,,,
1994-10-21,1.44,0.8,15.91,0.64,,,
1994-10-24,1.44,0.8,16.97,0.64,,,
1994-10-25,1.44,0.8,16.13,0.64,,,
1994-10-26,1.44,0.8,15.7,0.64,,,
1994-10-27,1.42,0.78,15.67,0.64,,,
1994-10-28,1.4,0.76,14.56,0.64,,,
1994-10-31,1.4,0.77,14.56,0.63,,,
1994-11-01,1.4,0.76,14.84,0.64,,,
1994-11-02,1.36,0.72,15.34,0.64,,,
1994-11-03,1.4,0.76,15.58,0.64,,,
1994-11-04,1.35,0.72,16.75,0.63,,,
1994-11-07,1.37,0.74,17.37,0.63,,,
1994-11-08,1.36,0.73,16.3,0.63,,,
1994-11-09,1.38,0.75,16.42,0.63,,,
1994-11-10,1.39,0.76,16,0.63,,,
1994-11-11,,,16.5,,,,
1994-11-14,1.39,0.76,16.68,0.63,,,
1994-11-15,1.34,0.71,16.66,0.63,,,
1994-11-16,1.35,0.72,15.56,0.63,,,
1994-11-17,1.37,0.74,15.91,0.63,,,
1994-11-18,1.35,0.72,16,0.63,,,
1994-11-21,1.34,0.7,16.13,0.64,,,
1994-11-22,1.32,0.69,17.24,0.63,,,
1994-11-23,1.36,0.72,18.41,0.64,,,
1994-11-25,1.38,0.75,17.44,0.63,,,
1994-11-28,1.33,0.7,16.83,0.63,,,
1994-11-29,1.31,0.68,16.15,0.63,,,
1994-11-30,1.3,0.66,15.95,0.64,,,
1994-12-01,1.31,0.67,16.69,0.64,,,
1994-12-02,1.33,0.69,16.55,0.64,,,
1994-12-05,1.33,0.69,16.1,0.64,,,
1994-12-06,1.35,0.71,16.05,0.64,,,
1994-12-07,1.32,0.67,16.28,0.65,,,
1994-12-08,1.32,0.68,18.15,0.64,,,
1994-12-09,1.29,0.64,16.04,0.65,,,
1994-12-12,1.29,0.64,15.46,0.65,,,
1994-12-13,1.28,0.63,14.48,0.65,,,
1994-12-14,1.27,0.63,13.03,0.64,,,
1994-12-15,1.31,0.67,12.87,0.64,,,
1994-12-16,1.28,0.64,12.79,0.64,,,
1994-12-19,1.27,0.64,13.02,0.63,,,
1994-12-20,1.27,0.63,12.98,0.64,,,
1994-12-21,1.27,0.64,12.05,0.63,,,
1994-12-22,1.27,0.63,12.42,0.64,,,
1994-12-23,1.23,0.59,11.82,0.64,,,
1994-12-27,1.25,0.61,12.07,0.64,,,
1994-12-28,1.26,0.62,12.81,0.64,,,
1994-12-29,1.28,0.63,12.86,0.65,,,
1994-12-30,1.3,0.65,13.2,0.65,,,
1995-01-03,1.29,0.65,14.25,0.64,,,
1995-01-04,1.28,0.64,13.53,0.64,,,
1995-01-05,1.27,0.63,13.5,0.64,,,
1995-01-06,1.22,0.58,13.13,0.64,,,
1995-01-09,1.25,0.6,13.33,0.65,,,
1995-01-10,1.26,0.61,12.52,0.65,,,
1995-01-11,1.31,0.67,12.15,0.64,,,
1995-01-12,1.32,0.68,12.83,0.64,,,
1995-01-13,1.35,0.72,11.1,0.63,,,
1995-01-16,,,11.14,,,,
1995-01-17,1.34,0.72,11.79,0.62,,,
1995-01-18,1.32,0.7,11.57,0.62,,,
1995-01-19,1.32,0.7,11.86,0.62,,,
1995-01-20,1.31,0.69,12.15,0.62,,,
1995-01-23,1.33,0.71,12.79,0.62,,,
1995-01-24,1.3,0.68,11.94,0.62,,,
1995-01-25,1.32,0.71,11.46,0.61,,,
1995-01-26,1.31,0.72,11.25,0.59,,,
1995-01-27,1.31,0.73,11.25,0.58,,,
1995-01-30,1.31,0.73,12.26,0.58,,,
1995-01-31,1.33,0.74,11.96,0.59,,,
1995-02-01,1.28,0.69,11.73,0.59,,,
1995-02-02,1.29,0.69,11.13,0.6,,,
1995-02-03,1.32,0.73,10.98,0.59,,,
1995-02-06,1.32,0.73,11.22,0.59,,,
1995-02-07,1.32,0.73,11.17,0.59,,,
1995-02-08,1.33,0.74,11.42,0.59,,,
1995-02-09,1.3,0.71,11.63,0.59,,,
1995-02-10,1.32,0.73,11.28,0.59,,,
1995-02-13,1.32,0.73,11.41,0.59,,,
1995-02-14,1.36,0.78,11.43,0.58,,,
1995-02-15,1.37,0.77,11.52,0.6,,,
1995-02-16,1.42,0.83,11.61,0.59,,,
1995-02-17,1.4,0.81,11.71,0.59,,,
1995-02-21,1.41,0.82,12.05,0.59,,,
1995-02-22,1.46,0.87,11.39,0.59,,,
1995-02-23,1.47,0.88,11.15,0.59,,,
1995-02-24,1.49,0.9,10.84,0.59,,,
1995-02-27,1.52,0.94,12.51,0.58,,,
1995-02-28,1.53,0.94,11.75,0.59,,,
1995-03-01,1.49,0.9,11.65,0.59,,,
1995-03-02,1.47,0.88,12.02,0.59,,,
1995-03-03,1.46,0.86,11.45,0.6,,,
1995-03-06,1.46,0.86,12.17,0.6,,,
1995-03-07,1.46,0.87,14.22,0.59,,,
1995-03-08,1.44,0.85,13.72,0.59,,,
1995-03-09,1.48,0.89,13.36,0.59,,,
1995-03-10,1.47,0.89,12.38,0.58,,,
1995-03-13,1.49,0.91,12.15,0.58,,,
1995-03-14,1.5,0.93,12.1,0.57,,,
1995-03-15,1.53,0.95,12.42,0.58,,,
1995-03-16,1.53,0.95,11.95,0.58,,,
1995-03-17,1.52,0.93,11.8,0.59,,,
1995-03-20,1.53,0.95,11.34,0.58,,,
1995-03-21,1.52,0.94,11.53,0.58,,,
1995-03-22,1.53,0.94,11.29,0.59,,,
1995-03-23,1.51,0.93,11.43,0.58,,,
1995-03-24,1.55,0.97,11.19,0.58,,,
1995-03-27,1.54,0.97,11.83,0.57,,,
1995-03-28,1.49,0.92,11.33,0.57,,,
1995-03-29,1.48,0.92,12.51,0.56,,,
1995-03-30,1.48,0.92,12.62,0.56,,,
1995-03-31,1.49,0.93,13.37,0.56,,,
1995-04-03,1.5,0.93,13.5,0.57,,,
1995-04-04,1.49,0.91,12.62,0.58,,,
1995-04-05,1.5,0.93,12.96,0.57,,,
1995-04-06,1.52,0.94,12.81,0.58,,,
1995-04-07,1.52,0.94,12.85,0.58,,,
1995-04-10,1.52,0.95,12.79,0.57,,,
1995-04-11,1.54,0.97,12.73,0.57,,,
1995-04-12,1.55,0.97,12.04,0.58,,,
1995-04-13,1.55,0.97,11.48,0.58,,,
1995-04-17,1.56,0.98,12.33,0.58,,,
1995-04-18,1.58,1.01,12.96,0.57,,,
1995-04-19,1.54,0.97,13.09,0.57,,,
1995-04-20,1.55,0.98,12.1,0.57,,,
1995-04-21,1.58,1.01,11.86,0.57,,,
1995-04-24,1.55,0.98,11.92,0.57,,,
1995-04-25,1.55,0.98,12.41,0.57,,,
1995-04-26,1.55,0.98,12.28,0.57,,,
1995-04-27,1.53,0.97,11.93,0.56,,,
1995-04-28,1.51,0.94,11.75,0.57,,,
1995-05-01,1.48,0.93,12.14,0.55,,,
1995-05-02,1.49,0.94,11.88,0.55,,,
1995-05-03,1.52,0.97,11.69,0.55,,,
1995-05-04,1.53,0.98,12.64,0.55,,,
1995-05-05,1.58,1.02,12.06,0.56,,,
1995-05-08,1.57,1.02,12.22,0.55,,,
1995-05-09,1.61,1.05,12.75,0.56,,,
1995-05-10,1.58,1.01,13.08,0.57,,,
1995-05-11,1.58,1.02,12.98,0.56,,,
1995-05-12,1.58,1.03,11.84,0.55,,,
1995-05-15,1.58,1.03,12.38,0.55,,,
1995-05-16,1.56,1.02,12.2,0.54,,,
1995-05-17,1.57,1.03,12.36,0.54,,,
1995-05-18,1.55,1,13.13,0.55,,,
1995-05-19,1.54,1,12.81,0.54,,,
1995-05-22,1.53,0.98,11.68,0.55,,,
1995-05-23,1.56,1.01,11.55,0.55,,,
1995-05-24,1.59,1.04,11.26,0.55,,,
1995-05-25,1.61,1.05,11.63,0.56,,,
1995-05-26,1.63,1.06,12.2,0.57,,,
1995-05-30,1.65,1.08,12.52,0.57,,,
1995-05-31,1.66,1.09,12.85,0.57,,,
1995-06-01,1.71,1.12,12.21,0.59,,,
1995-06-02,1.71,1.12,12.98,0.59,,,
1995-06-05,1.73,1.14,13.45,0.59,,,
1995-06-06,1.72,1.13,13,0.59,,,
1995-06-07,1.65,1.06,12.84,0.59,,,
1995-06-08,1.65,1.06,12.89,0.59,,,
1995-06-09,1.62,1.03,12.76,0.59,,,
1995-06-12,1.66,1.07,11.91,0.59,,,
1995-06-13,1.8,1.2,11.29,0.6,,,
1995-06-14,1.78,1.17,11.29,0.61,,,
1995-06-15,1.78,1.18,11.23,0.6,,,
1995-06-16,1.76,1.16,10.75,0.6,,,
1995-06-19,1.77,1.18,11.21,0.59,,,
1995-06-20,1.75,1.15,11.16,0.6,,,
1995-06-21,1.77,1.16,11.32,0.61,,,
1995-06-22,1.76,1.16,11.44,0.6,,,
1995-06-23,1.78,1.18,11.12,0.6,,,
1995-06-26,1.76,1.15,11.8,0.61,,,
1995-06-27,1.74,1.13,12.37,0.61,,,
1995-06-28,1.76,1.16,11.74,0.6,,,
1995-06-29,1.71,1.11,11.59,0.6,,,
1995-06-30,1.74,1.14,11.38,0.6,,,
1995-07-03,1.74,1.13,11.57,0.61,,,
1995-07-05,1.76,1.15,12.1,0.61,,,
1995-07-06,1.82,1.21,11.52,0.61,,,
1995-07-07,1.8,1.19,11.77,0.61,,,
1995-07-10,1.8,1.19,12.19,0.61,,,
1995-07-11,1.79,1.18,12.25,0.61,,,
1995-07-12,1.79,1.18,12.31,0.61,,,
1995-07-13,1.78,1.16,12.56,0.62,,,
1995-07-14,1.77,1.13,12.08,0.64,,,
1995-07-17,1.76,1.12,12.26,0.64,,,
1995-07-18,1.77,1.13,12.68,0.64,,,
1995-07-19,1.75,1.09,13.49,0.66,,,
1995-07-20,1.76,1.1,12.78,0.66,,,
1995-07-21,1.74,1.08,12.37,0.66,,,
1995-07-24,1.78,1.13,12.55,0.65,,,
1995-07-25,1.74,1.11,12.77,0.63,,,
1995-07-26,1.71,1.08,13.18,0.63,,,
1995-07-27,1.72,1.1,13.18,0.62,,,
1995-07-28,1.71,1.09,13.18,0.62,,,
1995-07-31,1.72,1.1,13.49,0.62,,,
1995-08-01,1.73,1.1,13.56,0.63,,,
1995-08-02,1.72,1.09,13.66,0.63,,,
1995-08-03,1.68,1.05,13.78,0.63,,,
1995-08-04,1.7,1.07,13.21,0.63,,,
1995-08-07,1.7,1.07,13.1,0.63,,,
1995-08-08,1.7,1.08,13.06,0.62,,,
1995-08-09,1.74,1.11,12.75,0.63,,,
1995-08-10,1.73,1.1,13,0.63,,,
1995-08-11,1.71,1.08,12.9,0.63,,,
1995-08-14,1.71,1.08,13.24,0.63,,,
1995-08-15,1.7,1.07,12.35,0.63,,,
1995-08-16,1.69,1.07,12.45,0.62,,,
1995-08-17,1.68,1.06,12.13,0.62,,,
1995-08-18,1.68,1.06,12.03,0.62,,,
1995-08-21,1.67,1.05,13.42,0.62,,,
1995-08-22,1.66,1.04,12.6,0.62,,,
1995-08-23,1.66,1.03,13.17,0.63,,,
1995-08-24,1.69,1.07,12.94,0.62,,,
1995-08-25,1.75,1.13,12.33,0.62,,,
1995-08-28,1.73,1.1,12.48,0.63,,,
1995-08-29,1.72,1.09,12.65,0.63,,,
1995-08-30,1.73,1.1,12.03,0.63,,,
1995-08-31,1.73,1.1,11.52,0.63,,,
1995-09-01,1.76,1.13,11.29,0.63,,,
1995-09-05,1.75,1.12,11.65,0.63,,,
1995-09-06,1.77,1.15,11.65,0.62,,,
1995-09-07,1.74,1.13,11.85,0.61,,,
1995-09-08,1.74,1.12,11.16,0.62,,,
1995-09-11,1.72,1.1,11.51,0.62,,,
1995-09-12,1.76,1.15,11.46,0.61,,,
1995-09-13,1.74,1.13,11.35,0.61,,,
1995-09-14,1.79,1.17,11.1,0.62,,,
1995-09-15,1.77,1.15,11.58,0.62,,,
1995-09-18,1.76,1.14,12.34,0.62,,,
1995-09-19,1.76,1.14,12.67,0.62,,,
1995-09-20,1.77,1.16,12.35,0.61,,,
1995-09-21,1.75,1.13,12.5,0.62,,,
1995-09-22,1.72,1.11,12.46,0.61,,,
1995-09-25,1.69,1.07,13.22,0.62,,,
1995-09-26,1.69,1.07,12.9,0.62,,,
1995-09-27,1.68,1.06,12.9,0.62,,,
1995-09-28,1.67,1.05,12.46,0.62,,,
1995-09-29,1.71,1.1,12.74,0.61,,,
1995-10-02,1.7,1.08,13.95,0.62,,,
1995-10-03,1.71,1.09,14.5,0.62,,,
1995-10-04,1.7,1.08,14.86,0.62,,,
1995-10-05,1.73,1.11,15.74,0.62,,,
1995-10-06,1.72,1.1,13.98,0.62,,,
1995-10-09,,,14.85,,,,
1995-10-10,1.7,1.08,14.97,0.62,,,
1995-10-11,1.71,1.08,14.57,0.63,,,
1995-10-12,1.7,1.08,14.24,0.62,,,
1995-10-13,1.7,1.08,13.67,0.62,,,
1995-10-16,1.72,1.1,14.62,0.62,,,
1995-10-17,1.73,1.11,14.03,0.62,,,
1995-10-18,1.72,1.09,14.05,0.63,,,
1995-10-19,1.71,1.08,13.55,0.63,,,
1995-10-20,1.69,1.06,13.46,0.63,,,
1995-10-23,1.69,1.06,14.17,0.63,,,
1995-10-24,1.7,1.07,13.85,0.63,,,
1995-10-25,1.68,1.05,14.49,0.63,,,
1995-10-26,1.69,1.06,15.59,0.63,,,
1995-10-27,1.7,1.06,14.63,0.64,,,
1995-10-30,1.71,1.07,14.26,0.64,,,
1995-10-31,1.7,1.04,13.83,0.66,,,
1995-11-01,1.73,1.07,13.41,0.66,,,
1995-11-02,1.74,1.09,13.19,0.65,,,
1995-11-03,1.73,1.08,12.26,0.65,,,
1995-11-06,1.73,1.07,12.74,0.66,,,
1995-11-07,1.74,1.07,13.05,0.67,,,
1995-11-08,1.75,1.09,12.16,0.66,,,
1995-11-09,1.74,1.07,12.46,0.67,,,
1995-11-10,1.74,1.07,12.97,0.67,,,
1995-11-13,1.71,1.04,13.2,0.67,,,
1995-11-14,1.72,1.05,13.38,0.67,,,
1995-11-15,1.73,1.06,12.95,0.67,,,
1995-11-16,1.74,1.07,12.57,0.67,,,
1995-11-17,1.75,1.07,12.49,0.68,,,
1995-11-20,1.76,1.08,12.37,0.68,,,
1995-11-21,1.8,1.12,11.74,0.68,,,
1995-11-22,1.79,1.11,11.81,0.68,,,
1995-11-24,1.78,1.11,11.87,0.67,,,
1995-11-27,1.77,1.1,12.43,0.67,,,
1995-11-28,1.78,1.11,11.57,0.67,,,
1995-11-29,1.8,1.13,11.65,0.67,,,
1995-11-30,1.81,1.13,11.58,0.68,,,
1995-12-01,1.83,1.15,11.11,0.68,,,
1995-12-04,1.83,1.16,10.66,0.67,,,
1995-12-05,1.82,1.15,11.65,0.67,,,
1995-12-06,1.81,1.13,12.7,0.68,,,
1995-12-07,1.79,1.11,12.74,0.68,,,
1995-12-08,1.76,1.09,11.12,0.67,,,
1995-12-11,1.75,1.1,11.06,0.65,,,
1995-12-12,1.77,1.1,10.63,0.67,,,
1995-12-13,1.77,1.1,10.36,0.67,,,
1995-12-14,1.76,1.1,11.07,0.66,,,
1995-12-15,1.77,1.11,11.44,0.66,,,
1995-12-18,1.74,1.07,14.55,0.67,,,
1995-12-19,1.72,1.05,13.16,0.67,,,
1995-12-20,1.77,1.1,12.2,0.67,,,
1995-12-21,1.77,1.1,10.77,0.67,,,
1995-12-22,1.78,1.11,11.51,0.67,,,
1995-12-26,1.78,1.11,11.49,0.67,,,
1995-12-27,1.78,1.11,11.98,0.67,,,
1995-12-28,1.78,1.11,12.25,0.67,,,
1995-12-29,1.8,1.13,12.52,0.67,,,
1996-01-02,1.78,1.12,12.19,0.66,,,
1996-01-03,1.79,1.13,12.1,0.66,,,
1996-01-04,1.79,1.13,13.78,0.66,,,
1996-01-05,1.81,1.11,13.58,0.7,,,
1996-01-08,1.81,1.12,13.11,0.69,,,
1996-01-09,1.76,1.09,15.21,0.67,,,
1996-01-10,1.77,1.1,16.4,0.67,,,
1996-01-11,1.78,1.12,14.69,0.66,,,
1996-01-12,1.79,1.14,14.23,0.65,,,
1996-01-15,,,14.99,,,,
1996-01-16,1.84,1.18,14.09,0.66,,,
1996-01-17,1.85,1.2,14.25,0.65,,,
1996-01-18,1.86,1.21,13.58,0.65,,,
1996-01-19,1.84,1.19,12.7,0.65,,,
1996-01-22,1.84,1.18,13.34,0.66,,,
1996-01-23,1.82,1.17,13.56,0.65,,,
1996-01-24,1.83,1.17,12.54,0.66,,,
1996-01-25,1.79,1.14,12.94,0.65,,,
1996-01-26,1.82,1.17,12,0.65,,,
1996-01-29,1.8,1.16,12.19,0.64,,,
1996-01-30,1.81,1.17,12.42,0.64,,,
1996-01-31,1.82,1.18,12.53,0.64,,,
1996-02-01,1.83,1.19,12.65,0.64,,,
1996-02-02,1.84,1.21,13.23,0.63,,,
1996-02-05,1.82,1.19,13.46,0.63,,,
1996-02-06,1.81,1.18,14.59,0.63,,,
1996-02-07,1.83,1.19,14.11,0.64,,,
1996-02-08,1.85,1.21,13.89,0.64,,,
1996-02-09,1.84,1.21,14.63,0.63,,,
1996-02-12,1.83,1.2,14.69,0.63,,,
1996-02-13,1.84,1.21,14.94,0.63,,,
1996-02-14,1.84,1.21,15.59,0.63,,,
1996-02-15,1.85,1.2,16.13,0.65,,,
1996-02-16,1.87,1.22,15.37,0.65,,,
1996-02-20,1.75,1.11,16.8,0.64,,,
1996-02-21,1.78,1.14,14.47,0.64,,,
1996-02-22,1.83,1.19,14.56,0.64,,,
1996-02-23,1.84,1.2,14.78,0.64,,,
1996-02-26,1.81,1.17,16.38,0.64,,,
1996-02-27,1.81,1.16,16.63,0.65,,,
1996-02-28,1.77,1.11,16.72,0.66,,,
1996-02-29,1.78,1.12,17.04,0.66,,,
1996-03-01,1.82,1.16,16.72,0.66,,,
1996-03-04,1.86,1.18,16.67,0.68,,,
1996-03-05,1.85,1.17,16.1,0.68,,,
1996-03-06,1.83,1.14,16.56,0.69,,,
1996-03-07,1.83,1.14,16.49,0.69,,,
1996-03-08,1.71,1.01,20.7,0.7,,,
1996-03-11,1.73,1.05,19.4,0.68,,,
1996-03-12,1.74,1.06,19.09,0.68,,,
1996-03-13,1.73,1.05,18.13,0.68,,,
1996-03-14,1.72,1.04,16.93,0.68,,,
1996-03-15,1.7,1.02,16.54,0.68,,,
1996-03-18,1.72,1.03,17.31,0.69,,,
1996-03-19,1.71,1.02,18.35,0.69,,,
1996-03-20,1.76,1.07,18.66,0.69,,,
1996-03-21,1.78,1.07,17.74,0.71,,,
1996-03-22,1.77,1.06,17.05,0.71,,,
1996-03-25,1.76,1.06,17.84,0.7,,,
1996-03-26,1.78,1.08,17.8,0.7,,,
1996-03-27,1.78,1.08,17.89,0.7,,,
1996-03-28,1.76,1.06,18.16,0.7,,,
1996-03-29,1.78,1.08,18.88,0.7,,,
1996-04-01,1.79,1.09,17.9,0.7,,,
1996-04-02,1.81,1.1,16.45,0.71,,,
1996-04-03,1.81,1.1,16.33,0.71,,,
1996-04-04,1.77,1.07,16.18,0.7,,,
1996-04-05,1.68,0.97,,0.71,,,
1996-04-08,1.71,1.01,18.72,0.7,,,
1996-04-09,1.7,1,17.32,0.7,,,
1996-04-10,1.7,1,20.22,0.7,,,
1996-04-11,1.66,0.96,19.65,0.7,,,
1996-04-12,1.7,0.99,17.38,0.71,,,
1996-04-15,1.72,1.02,16.83,0.7,,,
1996-04-16,1.68,0.98,16.45,0.7,,,
1996-04-17,1.67,0.98,17.07,0.69,,,
1996-04-18,1.64,0.95,16.41,0.69,,,
1996-04-19,1.65,0.97,15.12,0.68,,,
1996-04-22,1.65,0.97,15.38,0.68,,,
1996-04-23,1.64,0.97,15.01,0.67,,,
1996-04-24,1.61,0.93,14.91,0.68,,,
1996-04-25,1.62,0.93,14.72,0.69,,,
1996-04-26,1.63,0.95,14.75,0.68,,,
1996-04-29,1.61,0.93,15.45,0.68,,,
1996-04-30,1.61,0.93,15.83,0.68,,,
1996-05-01,1.61,0.93,16.07,0.68,,,
1996-05-02,1.58,0.9,18.62,0.68,,,
1996-05-03,1.58,0.9,16.7,0.68,,,
1996-05-06,1.6,0.92,16.92,0.68,,,
1996-05-07,1.58,0.9,16.87,0.68,,,
1996-05-08,1.6,0.92,15.78,0.68,,,
1996-05-09,1.55,0.87,16.99,0.68,,,
1996-05-10,1.57,0.89,15.61,0.68,,,
1996-05-13,1.57,0.89,15.16,0.68,,,
1996-05-14,1.58,0.9,14.9,0.68,,,
1996-05-15,1.58,0.9,15.59,0.68,,,
1996-05-16,1.57,0.9,15.71,0.67,,,
1996-05-17,1.57,0.89,15.13,0.68,,,
1996-05-20,1.57,0.9,15.8,0.67,,,
1996-05-21,1.56,0.88,16,0.68,,,
1996-05-22,1.55,0.88,15.5,0.67,,,
1996-05-23,1.55,0.88,16.17,0.67,,,
1996-05-24,1.56,0.89,15.54,0.67,,,
1996-05-28,1.54,0.88,16.92,0.66,,,
1996-05-29,1.5,0.84,17.15,0.66,,,
1996-05-30,1.49,0.83,16.02,0.66,,,
1996-05-31,1.48,0.82,16.07,0.66,,,
1996-06-03,1.48,0.82,16.86,0.66,,,
1996-06-04,1.49,0.83,16.18,0.66,,,
1996-06-05,1.51,0.83,16.04,0.68,,,
1996-06-06,1.49,0.81,16.84,0.68,,,
1996-06-07,1.48,0.8,16.1,0.68,,,
1996-06-10,1.46,0.78,16.78,0.68,,,
1996-06-11,1.46,0.77,16.68,0.69,,,
1996-06-12,1.48,0.78,17,0.7,,,
1996-06-13,1.5,0.81,17.12,0.69,,,
1996-06-14,1.49,0.79,18.64,0.7,,,
1996-06-17,1.5,0.8,17.46,0.7,,,
1996-06-18,1.5,0.8,17.45,0.7,,,
1996-06-19,1.48,0.78,17.54,0.7,,,
1996-06-20,1.48,0.78,16.97,0.7,,,
1996-06-21,1.5,0.8,15.8,0.7,,,
1996-06-24,1.48,0.78,15.91,0.7,,,
1996-06-25,1.49,0.79,15.43,0.7,,,
1996-06-26,1.47,0.78,15.23,0.69,,,
1996-06-27,1.51,0.81,14.19,0.7,,,
1996-06-28,1.51,0.81,13.68,0.7,,,
1996-07-01,1.5,0.8,13.78,0.7,,,
1996-07-02,1.46,0.76,14.19,0.7,,,
1996-07-03,1.49,0.79,14.21,0.7,,,
1996-07-05,1.43,0.73,16.09,0.7,,,
1996-07-08,1.44,0.75,16.42,0.69,,,
1996-07-09,1.46,0.77,15.49,0.69,,,
1996-07-10,1.49,0.79,15.51,0.7,,,
1996-07-11,1.48,0.78,17.81,0.7,,,
1996-07-12,1.49,0.8,17.09,0.69,,,
1996-07-15,1.49,0.8,20.11,0.69,,,
1996-07-16,1.5,0.79,20.1,0.71,,,
1996-07-17,1.51,0.8,19.22,0.71,,,
1996-07-18,1.54,0.81,17.93,0.73,,,
1996-07-19,1.51,0.79,17.26,0.72,,,
1996-07-22,1.5,0.78,20.41,0.72,,,
1996-07-23,1.5,0.78,21.55,0.72,,,
1996-07-24,1.5,0.78,21.44,0.72,,,
1996-07-25,1.49,0.77,19.39,0.72,,,
1996-07-26,1.49,0.77,17.45,0.72,,,
1996-07-29,1.47,0.76,20.09,0.71,,,
1996-07-30,1.49,0.77,20.53,0.72,,,
1996-07-31,1.5,0.78,19.46,0.72,,,
1996-08-01,1.54,0.81,18.76,0.73,,,
1996-08-02,1.57,0.83,16.19,0.74,,,
1996-08-05,1.55,0.83,17.36,0.72,,,
1996-08-06,1.54,0.81,16.93,0.73,,,
1996-08-07,1.54,0.81,16.24,0.73,,,
1996-08-08,1.55,0.82,16.04,0.73,,,
1996-08-09,1.54,0.81,15.77,0.73,,,
1996-08-12,1.56,0.82,15.57,0.74,,,
1996-08-13,1.52,0.79,16.41,0.73,,,
1996-08-14,1.56,0.83,15.96,0.73,,,
1996-08-15,1.53,0.83,15.46,0.7,,,
1996-08-16,1.55,0.85,14.81,0.7,,,
1996-08-19,1.54,0.83,15.27,0.71,,,
1996-08-20,1.55,0.84,14.73,0.71,,,
1996-08-21,1.57,0.87,14.52,0.7,,,
1996-08-22,1.57,0.87,13.71,0.7,,,
1996-08-23,1.54,0.85,14.18,0.69,,,
1996-08-26,1.52,0.83,15.38,0.69,,,
1996-08-27,1.53,0.84,15.11,0.69,,,
1996-08-28,1.53,0.84,15.1,0.69,,,
1996-08-29,1.5,0.81,16.22,0.69,,,
1996-08-30,1.48,0.8,17.01,0.68,,,
1996-09-03,1.48,0.8,18.47,0.68,,,
1996-09-04,1.5,0.82,18.64,0.68,,,
1996-09-05,1.48,0.8,20.51,0.68,,,
1996-09-06,1.48,0.79,17.1,0.69,,,
1996-09-09,1.51,0.82,16.36,0.69,,,
1996-09-10,1.51,0.82,16.25,0.69,,,
1996-09-11,1.51,0.82,16.06,0.69,,,
1996-09-12,1.52,0.83,15.97,0.69,,,
1996-09-13,1.54,0.85,15.2,0.69,,,
1996-09-16,1.54,0.85,15.43,0.69,,,
1996-09-17,1.51,0.81,15.74,0.7,,,
1996-09-18,1.51,0.81,15.86,0.7,,,
1996-09-19,1.49,0.8,16.03,0.69,,,
1996-09-20,1.49,0.8,15.65,0.69,,,
1996-09-23,1.51,0.82,16.46,0.69,,,
1996-09-24,1.55,0.85,16.45,0.7,,,
1996-09-25,1.56,0.87,16.22,0.69,,,
1996-09-26,1.54,0.85,16.11,0.69,,,
1996-09-27,1.53,0.85,16.1,0.68,,,
1996-09-30,1.5,0.82,16.95,0.68,,,
1996-10-01,1.52,0.84,17.05,0.68,,,
1996-10-02,1.53,0.85,16.78,0.68,,,
1996-10-03,1.53,0.85,16.77,0.68,,,
1996-10-04,1.55,0.88,14.8,0.67,,,
1996-10-07,1.54,0.86,15.11,0.68,,,
1996-10-08,1.54,0.86,15.58,0.68,,,
1996-10-09,1.57,0.89,16.09,0.68,,,
1996-10-10,1.55,0.88,16.26,0.67,,,
1996-10-11,1.55,0.87,15.07,0.68,,,
1996-10-14,,,15.13,,,,
1996-10-15,1.55,0.87,15.83,0.68,,,
1996-10-16,1.55,0.87,15.6,0.68,,,
1996-10-17,1.56,0.88,15.41,0.68,,,
1996-10-18,1.52,0.85,15.08,0.67,,,
1996-10-21,1.52,0.84,15.98,0.68,,,
1996-10-22,1.5,0.83,16.4,0.67,,,
1996-10-23,1.52,0.85,16.45,0.67,,,
1996-10-24,1.53,0.85,16.89,0.68,,,
1996-10-25,1.52,0.85,17.29,0.67,,,
1996-10-28,1.51,0.84,18.34,0.67,,,
1996-10-29,1.55,0.88,18.28,0.67,,,
1996-10-30,1.53,0.85,18.48,0.68,,,
1996-10-31,1.54,0.86,18.11,0.68,,,
1996-11-01,1.56,0.88,17.89,0.68,,,
1996-11-04,1.56,0.88,18.04,0.68,,,
1996-11-05,1.59,0.91,17.65,0.68,,,
1996-11-06,1.56,0.9,16.97,0.66,,,
1996-11-07,1.55,0.88,17.21,0.67,,,
1996-11-08,1.53,0.86,15.78,0.67,,,
1996-11-11,,,14.04,,,,
1996-11-12,1.56,0.89,15.36,0.67,,,
1996-11-13,1.57,0.89,14.89,0.68,,,
1996-11-14,1.58,0.9,13.79,0.68,,,
1996-11-15,1.57,0.89,14.36,0.68,,,
1996-11-18,1.58,0.9,15.12,0.68,,,
1996-11-19,1.58,0.88,15.23,0.7,,,
1996-11-20,1.58,0.88,15.94,0.7,,,
1996-11-21,1.56,0.86,15.77,0.7,,,
1996-11-22,1.62,0.93,14.92,0.69,,,
1996-11-25,1.62,0.93,15.91,0.69,,,
1996-11-26,1.64,0.95,16.97,0.69,,,
1996-11-27,1.63,0.94,16.96,0.69,,,
1996-11-29,1.65,0.95,17.14,0.7,,,
1996-12-02,1.65,0.96,17.93,0.69,,,
1996-12-03,1.67,0.97,18.68,0.7,,,
1996-12-04,1.66,0.96,17.93,0.7,,,
1996-12-05,1.63,0.94,18.14,0.69,,,
1996-12-06,1.62,0.93,18.82,0.69,,,
1996-12-09,1.62,0.93,17.75,0.69,,,
1996-12-10,1.61,0.92,17.88,0.69,,,
1996-12-11,1.56,0.88,19.68,0.68,,,
1996-12-12,1.56,0.88,20.45,0.68,,,
1996-12-13,1.58,0.9,21.09,0.68,,,
1996-12-16,1.58,0.89,21.99,0.69,,,
1996-12-17,1.58,0.9,20.77,0.68,,,
1996-12-18,1.56,0.87,19.42,0.69,,,
1996-12-19,1.59,0.9,18.77,0.69,,,
1996-12-20,1.57,0.88,18.85,0.69,,,
1996-12-23,1.58,0.89,19.5,0.69,,,
1996-12-24,1.55,0.86,18.68,0.69,,,
1996-12-26,1.57,0.88,18.59,0.69,,,
1996-12-27,1.57,0.88,19.13,0.69,,,
1996-12-30,1.55,0.87,19.51,0.68,,,
1996-12-31,1.54,0.84,20.92,0.7,3.13,,
1997-01-02,1.52,0.82,21.14,0.7,3.06,,
1997-01-03,1.53,0.83,19.13,0.7,3.09,,
1997-01-06,1.53,0.83,19.89,0.7,3.1,,
1997-01-07,1.55,0.87,19.35,0.68,3.1,,
1997-01-08,1.53,0.85,20.24,0.68,3.07,,
1997-01-09,1.54,0.87,20.91,0.67,3.13,,
1997-01-10,1.52,0.83,19.63,0.69,3.16,,
1997-01-13,1.48,0.8,19.84,0.68,3.04,,
1997-01-14,1.51,0.82,19.27,0.69,3.09,,
1997-01-15,1.51,0.82,19.4,0.69,3.07,,
1997-01-16,1.52,0.84,19.61,0.68,3.02,,
1997-01-17,1.52,0.83,18.63,0.69,3.04,,
1997-01-20,,,18.6,,3.03,,
1997-01-21,1.56,0.83,17.81,0.73,3.05,,
1997-01-22,1.52,0.82,17.09,0.7,2.99,,
1997-01-23,1.49,0.82,18.47,0.67,2.97,,
1997-01-24,1.51,0.86,19.33,0.65,2.94,,
1997-01-27,1.49,0.84,20.16,0.65,2.9,,
1997-01-28,1.51,0.86,20.74,0.65,2.92,,
1997-01-29,1.51,0.88,20.23,0.63,2.94,,
1997-01-30,1.51,0.87,19.47,0.64,2.97,,
1997-01-31,1.5,0.86,,0.64,3.04,,
1997-02-03,1.51,0.87,19.58,0.64,3.08,,
1997-02-04,1.51,0.87,19.43,0.64,3.08,,
1997-02-05,1.51,0.86,21.06,0.65,3.05,,
1997-02-06,1.51,0.87,20.16,0.64,3.03,,
1997-02-07,1.54,0.91,18.9,0.63,3.06,,
1997-02-10,1.54,0.91,20.65,0.63,3.04,,
1997-02-11,1.48,0.85,19.97,0.63,3.03,,
1997-02-12,1.53,0.9,19.48,0.63,3.01,,
1997-02-13,1.54,0.9,19.23,0.64,3.04,,
1997-02-14,1.53,0.89,19.18,0.64,3.05,,
1997-02-18,1.54,0.9,19.7,0.64,3.01,,
1997-02-19,1.55,0.91,20.61,0.64,2.98,,
1997-02-20,1.51,0.87,21.41,0.64,2.89,,
1997-02-21,1.55,0.91,20.55,0.64,2.89,,
1997-02-24,1.54,0.9,19.84,0.64,2.85,,
1997-02-25,1.54,0.9,19.98,0.64,2.83,,
1997-02-26,1.5,0.87,20.74,0.63,2.71,,
1997-02-27,1.5,0.87,21.08,0.63,2.71,,
1997-02-28,1.49,0.87,21.1,0.62,2.73,,
1997-03-03,1.51,0.88,20.89,0.63,2.71,,
1997-03-04,1.5,0.88,20.62,0.62,2.67,,
1997-03-05,1.49,0.86,19.49,0.63,2.71,,
1997-03-06,1.51,0.88,20.48,0.63,2.7,,
1997-03-07,1.53,0.89,19.32,0.64,2.74,,
1997-03-10,1.53,0.89,19,0.64,2.74,,
1997-03-11,1.54,0.91,19.25,0.63,2.72,,
1997-03-12,1.52,0.88,19.61,0.64,2.69,,
1997-03-13,1.5,0.88,19.79,0.62,2.62,,
1997-03-14,1.48,0.86,19.81,0.62,2.66,,
1997-03-17,1.48,0.87,20.95,0.61,2.66,,
1997-03-18,1.48,0.87,21.26,0.61,2.67,,
1997-03-19,1.51,0.88,21.74,0.63,2.67,,
1997-03-20,1.49,0.87,21.22,0.62,2.68,,
1997-03-21,1.49,0.87,19.69,0.62,2.69,,
1997-03-24,1.48,0.86,20.06,0.62,2.71,,
1997-03-25,1.47,0.85,19.26,0.62,2.69,,
1997-03-26,1.43,0.82,18.32,0.61,2.71,,
1997-03-27,1.42,0.81,20.5,0.61,2.67,,
1997-03-31,1.4,0.79,22.14,0.61,2.84,,
1997-04-01,1.41,0.8,20.84,0.61,2.9,,
1997-04-02,1.43,0.82,21.3,0.61,2.94,,
1997-04-03,1.45,0.84,21.19,0.61,2.95,,
1997-04-04,1.46,0.84,19.23,0.62,2.92,,
1997-04-07,1.47,0.85,18.51,0.62,2.95,,
1997-04-08,1.44,0.82,18.44,0.62,2.93,,
1997-04-09,1.44,0.82,18.56,0.62,2.91,,
1997-04-10,1.44,0.83,19.01,0.61,2.92,,
1997-04-11,1.42,0.82,19.76,0.6,2.87,,
1997-04-14,1.42,0.82,19.09,0.6,2.88,,
1997-04-15,1.45,0.84,18.25,0.61,2.93,,
1997-04-16,1.44,0.83,17.64,0.61,2.91,,
1997-04-17,1.45,0.83,18.71,0.62,2.92,,
1997-04-18,1.48,0.86,18.75,0.62,2.91,,
1997-04-21,1.48,0.87,20.1,0.61,2.87,,
1997-04-22,1.47,0.86,19.52,0.61,2.89,,
1997-04-23,1.45,0.85,20.48,0.6,2.83,,
1997-04-24,1.43,0.83,20.83,0.6,2.78,,
1997-04-25,1.45,0.85,21.15,0.6,2.78,,
1997-04-28,1.46,0.86,21.34,0.6,2.81,,
1997-04-29,1.49,0.87,19.81,0.62,2.91,,
1997-04-30,1.5,0.88,20.06,0.62,2.94,,
1997-05-01,1.52,0.9,19.87,0.62,2.91,,
1997-05-02,1.53,0.91,17.51,0.62,2.9,,
1997-05-05,1.51,0.9,20.13,0.61,2.86,,
1997-05-06,1.49,0.86,20.85,0.63,2.83,,
1997-05-07,1.46,0.84,21.34,0.62,2.79,,
1997-05-08,1.46,0.84,21.26,0.62,2.79,,
1997-05-09,1.5,0.87,20.11,0.63,2.81,,
1997-05-12,1.51,0.88,20.25,0.63,2.82,,
1997-05-13,1.48,0.86,20.81,0.62,2.73,,
1997-05-14,1.49,0.87,21.09,0.62,2.69,,
1997-05-15,1.48,0.87,19.91,0.61,2.7,,
1997-05-16,1.47,0.86,21.57,0.61,2.68,,
1997-05-19,1.47,0.85,21.48,0.62,2.67,,
1997-05-20,1.48,0.86,19.26,0.62,2.69,,
1997-05-21,1.49,0.87,19.28,0.62,2.67,,
1997-05-22,1.49,0.87,18.77,0.62,2.63,,
1997-05-23,1.51,0.9,18.08,0.61,2.64,,
1997-05-27,1.5,0.9,19.36,0.6,2.6,,
1997-05-28,1.48,0.87,19.28,0.61,2.61,,
1997-05-29,1.5,0.89,19.02,0.61,2.61,,
1997-05-30,1.51,0.9,19.19,0.61,2.65,,
1997-05-31,,,,,2.68,,
1997-06-02,1.5,0.88,20.85,0.62,2.66,,
1997-06-03,1.51,0.89,20.01,0.62,2.68,,
1997-06-04,1.51,0.9,20.1,0.61,2.65,,
1997-06-05,1.52,0.9,20.36,0.62,2.6,,
1997-06-06,1.55,0.92,18.94,0.63,2.7,,
1997-06-09,1.55,0.92,19.46,0.63,2.59,,
1997-06-10,1.55,0.93,19.04,0.62,2.56,,
1997-06-11,1.54,0.91,18.85,0.63,2.55,,
1997-06-12,1.53,0.93,18.51,0.6,2.59,,
1997-06-13,1.54,0.93,19.27,0.61,2.62,,
1997-06-16,1.55,0.94,19.77,0.61,2.6,,
1997-06-17,1.54,0.93,20.17,0.61,2.58,,
1997-06-18,1.54,0.93,20.45,0.61,2.62,,
1997-06-19,1.54,0.93,20.1,0.61,2.61,,
1997-06-20,1.52,0.91,20.2,0.61,2.64,,
1997-06-23,1.54,0.93,21.19,0.61,2.61,,
1997-06-24,1.51,0.91,20.74,0.6,2.6,,
1997-06-25,1.51,0.92,21.5,0.59,2.59,,
1997-06-26,1.5,0.91,21.82,0.59,2.61,,
1997-06-27,1.51,0.91,21.22,0.6,2.63,,
1997-06-30,1.5,0.92,21.53,0.58,2.67,,
1997-07-01,1.51,0.92,21,0.59,2.7,,
1997-07-02,1.52,0.93,19.7,0.59,2.71,,
1997-07-03,1.55,0.95,17.82,0.6,2.79,,
1997-07-07,1.55,0.95,19.13,0.6,2.82,,
1997-07-08,1.54,0.94,18.76,0.6,2.8,,
1997-07-09,1.53,0.93,20.4,0.6,2.8,,
1997-07-10,1.53,0.93,19.92,0.6,2.78,,
1997-07-11,1.54,0.93,19.06,0.61,2.76,,
1997-07-14,1.52,0.92,19.58,0.6,2.71,,
1997-07-15,1.52,0.93,19,0.59,2.69,,
1997-07-16,1.53,0.93,19.36,0.6,2.71,,
1997-07-17,1.54,0.93,20.54,0.61,2.7,,
1997-07-18,1.52,0.9,22.28,0.62,2.67,,
1997-07-21,1.52,0.91,23.51,0.61,2.66,,
1997-07-22,1.54,0.93,21.77,0.61,2.72,,
1997-07-23,1.52,0.9,21.3,0.62,2.69,,
1997-07-24,1.51,0.89,20.96,0.62,2.69,,
1997-07-25,1.51,0.9,20.82,0.61,2.66,,
1997-07-28,1.5,0.89,21.84,0.61,2.68,,
1997-07-29,1.52,0.9,22.02,0.62,2.7,,
1997-07-30,1.53,0.91,21.39,0.62,2.73,,
1997-07-31,1.54,0.92,21.48,0.62,2.71,,
1997-08-01,1.49,0.88,22.29,0.61,2.57,,
1997-08-04,1.5,0.9,21.94,0.6,2.55,,
1997-08-05,1.5,0.89,20.64,0.61,2.55,,
1997-08-06,1.5,0.89,20.05,0.61,2.56,,
1997-08-07,1.5,0.89,19.77,0.61,2.52,,
1997-08-08,1.51,0.91,22.46,0.6,2.49,,
1997-08-11,1.5,0.9,22.77,0.6,2.5,,
1997-08-12,1.48,0.9,23.75,0.58,2.51,,
1997-08-13,1.52,0.94,24.52,0.58,2.53,,
1997-08-14,1.58,0.96,23.11,0.62,2.54,,
1997-08-15,1.58,0.95,24.45,0.63,2.56,,
1997-08-18,1.63,0.98,24.37,0.65,2.61,,
1997-08-19,1.62,0.94,22.64,0.68,2.6,,
1997-08-20,1.59,0.94,21.09,0.65,2.58,,
1997-08-21,1.55,0.94,23.83,0.61,2.55,,
1997-08-22,1.5,0.94,24.74,0.56,2.52,,
1997-08-25,1.52,0.92,24.1,0.6,2.5,,
1997-08-26,1.45,0.94,24.73,0.51,2.51,,
1997-08-27,1.44,0.92,24.26,0.52,2.51,,
1997-08-28,1.48,0.94,24.51,0.54,2.57,,
1997-08-29,1.44,0.91,24.76,0.53,2.54,,
1997-08-31,,,,,2.59,,
1997-09-02,1.46,0.92,24.53,0.54,2.62,,
1997-09-03,1.45,0.91,24.95,0.54,2.6,,
1997-09-04,1.45,0.91,25.27,0.54,2.61,,
1997-09-05,1.44,0.93,24.31,0.51,2.6,,
1997-09-08,1.47,0.94,24.4,0.53,2.6,,
1997-09-09,1.46,0.93,23.89,0.53,2.59,,
1997-09-10,1.45,0.93,24.64,0.52,2.55,,
1997-09-11,1.46,0.95,25.99,0.51,2.55,,
1997-09-12,1.48,0.94,25.17,0.54,2.62,,
1997-09-15,1.49,0.95,25.74,0.54,2.61,,
1997-09-16,1.56,0.97,23.77,0.59,2.69,,
1997-09-17,1.54,0.95,24.1,0.59,2.65,,
1997-09-18,1.53,0.94,23.48,0.59,2.59,,
1997-09-19,1.55,0.95,22.74,0.6,2.59,,
1997-09-22,1.56,0.95,22.08,0.61,2.59,,
1997-09-23,1.54,0.94,22,0.6,2.57,,
1997-09-24,1.55,0.93,22.64,0.62,2.61,,
1997-09-25,1.52,0.93,22.96,0.59,2.54,,
1997-09-26,1.55,0.95,22.26,0.6,2.57,,
1997-09-29,1.54,0.95,22.23,0.59,2.55,,
1997-09-30,1.54,0.96,22.91,0.58,2.59,,
1997-10-01,1.55,0.94,22.32,0.61,2.63,,
1997-10-02,1.57,0.95,22.27,0.62,2.63,,
1997-10-03,1.57,0.95,21.54,0.62,2.61,,
1997-10-06,1.6,0.97,21.61,0.63,2.63,,
1997-10-07,1.59,0.95,20.29,0.64,2.62,,
1997-10-08,1.55,0.95,20.77,0.6,2.49,,
1997-10-09,1.54,0.96,22.31,0.58,2.51,,
1997-10-10,1.51,0.94,19.75,0.57,2.51,,
1997-10-13,,,20.26,,2.54,,
1997-10-14,1.55,0.96,19.99,0.59,2.51,,
1997-10-15,1.54,0.96,20.05,0.58,2.48,,
1997-10-16,1.55,0.96,20.53,0.59,2.47,,
1997-10-17,1.47,0.88,21.69,0.59,2.44,,
1997-10-20,1.52,0.94,20.72,0.58,2.45,,
1997-10-21,1.45,0.95,19.53,0.5,2.45,,
1997-10-22,1.47,0.97,19.86,0.5,2.46,,
1997-10-23,1.45,0.94,22.99,0.51,2.55,,
1997-10-24,1.48,0.97,23.17,0.51,2.58,,
1997-10-27,1.61,1.06,31.12,0.55,2.84,,
1997-10-28,1.56,1,31.22,0.56,2.82,,
1997-10-29,1.59,1.03,33.75,0.56,2.83,,
1997-10-30,1.61,1.04,38.2,0.57,2.89,,
1997-10-31,1.6,1.03,35.09,0.57,2.99,,
1997-11-03,1.56,1,32.09,0.56,2.91,,
1997-11-04,1.51,1.01,32.24,0.5,2.84,,
1997-11-05,1.55,0.99,32.18,0.56,2.81,,
1997-11-06,1.56,1.02,32.57,0.54,2.83,,
1997-11-07,1.56,1.02,36.27,0.54,2.83,,
1997-11-10,1.55,1,36.63,0.55,2.81,,
1997-11-11,,,36.38,,2.8,,
1997-11-12,1.56,1,37.84,0.56,2.83,,
1997-11-13,1.55,1,36.64,0.55,2.86,,
1997-11-14,1.56,1.01,33.66,0.55,2.88,,
1997-11-17,1.56,1.01,31.58,0.55,2.89,,
1997-11-18,1.54,0.99,31.55,0.55,2.88,,
1997-11-19,1.54,0.98,29.93,0.56,2.91,,
1997-11-20,1.54,0.99,27.32,0.55,2.89,,
1997-11-21,1.55,1,26.65,0.55,2.9,,
1997-11-24,1.54,0.99,29.8,0.55,2.87,,
1997-11-25,1.53,0.98,28.95,0.55,2.87,,
1997-11-26,1.51,0.96,,0.55,2.85,,
1997-11-27,,,,,2.85,,
1997-11-28,1.52,0.97,27.43,0.55,2.84,,
1997-11-30,,,,,2.9,,
1997-12-01,1.49,0.94,26.01,0.55,2.9,,
1997-12-02,1.49,0.94,25.66,0.55,2.87,,
1997-12-03,1.52,0.97,23.92,0.55,2.88,,
1997-12-04,1.52,0.97,23.84,0.55,2.87,,
1997-12-05,1.48,0.94,22.65,0.54,2.81,,
1997-12-08,1.47,0.93,23.22,0.54,2.77,,
1997-12-09,1.5,0.95,23.36,0.55,2.79,,
1997-12-10,1.52,0.97,24.55,0.55,2.82,,
1997-12-11,1.53,0.98,27.63,0.55,2.88,,
1997-12-12,1.56,0.99,27.92,0.57,2.94,,
1997-12-15,1.54,0.97,27.37,0.57,2.89,,
1997-12-16,1.53,0.97,26.11,0.56,2.9,,
1997-12-17,1.52,0.96,26.33,0.56,2.87,,
1997-12-18,1.53,0.96,27.19,0.57,2.89,,
1997-12-19,1.54,0.98,29.18,0.56,2.93,,
1997-12-22,1.53,0.96,28.56,0.57,2.93,,
1997-12-23,1.53,0.96,29.86,0.57,2.94,,
1997-12-24,1.5,0.93,30.27,0.57,2.94,,
1997-12-26,1.51,0.94,29.27,0.57,2.93,,
1997-12-29,1.52,0.94,26.79,0.58,2.92,,
1997-12-30,1.52,0.96,24.38,0.56,2.91,,
1997-12-31,1.53,0.96,24.01,0.57,2.96,,
1998-01-02,1.54,0.97,23.42,0.57,3.02,,
1998-01-05,1.6,1.02,24.36,0.58,3.09,,
1998-01-06,1.63,1.05,25.66,0.58,3.1,,
1998-01-07,1.62,1.05,25.07,0.57,3.07,,
1998-01-08,1.64,1.06,26.01,0.58,3.1,,
1998-01-09,1.71,1.12,28.69,0.59,3.16,,
1998-01-12,1.71,1.12,28.02,0.59,3.16,,
1998-01-13,1.71,1.11,25.17,0.6,3.14,,
1998-01-14,1.68,1.09,23.75,0.59,3.1,,
1998-01-15,1.66,1.07,23.45,0.59,3.07,,
1998-01-16,1.67,1.08,21.65,0.59,3.01,,
1998-01-19,,,,,3.01,,
1998-01-20,1.64,1.05,21.65,0.59,2.98,,
1998-01-21,1.66,1.08,22.53,0.58,2.99,,
1998-01-22,1.67,1.09,23.16,0.58,2.98,,
1998-01-23,1.63,1.07,23.32,0.56,2.9,,
1998-01-26,1.65,1.07,23.97,0.58,2.92,,
1998-01-27,1.62,1.05,22.27,0.57,2.89,,
1998-01-28,1.65,1.06,22.06,0.59,2.89,,
1998-01-29,1.67,1.08,21.65,0.59,2.95,,
1998-01-30,1.68,1.09,21.47,0.59,2.98,,
1998-01-31,,,,,3,,
1998-02-02,1.68,1.09,21.36,0.59,2.96,,
1998-02-03,1.69,1.1,20.67,0.59,2.98,,
1998-02-04,1.68,1.1,20.55,0.58,2.98,,
1998-02-05,1.68,1.1,21.29,0.58,2.94,,
1998-02-06,1.68,1.1,20.51,0.58,2.93,,
1998-02-09,1.69,1.1,21.55,0.59,2.92,,
1998-02-10,1.67,1.08,20.66,0.59,2.93,,
1998-02-11,1.72,1.13,20.38,0.59,2.96,,
1998-02-12,1.73,1.15,19.73,0.58,2.95,,
1998-02-13,1.72,1.14,19.84,0.58,2.97,,
1998-02-16,,,,,2.96,,
1998-02-17,1.73,1.15,20.76,0.58,2.94,,
1998-02-18,1.7,1.12,19.66,0.58,2.94,,
1998-02-19,1.69,1.11,19.88,0.58,2.93,,
1998-02-20,1.68,1.11,19,0.57,2.91,,
1998-02-23,1.66,1.1,18.99,0.56,2.88,,
1998-02-24,1.61,1.05,19.35,0.56,2.83,,
1998-02-25,1.64,1.07,18.62,0.57,2.87,,
1998-02-26,1.63,1.07,18.63,0.56,2.86,,
1998-02-27,1.67,1.09,18.55,0.58,2.88,,
1998-02-28,,,,,2.87,,
1998-03-02,1.65,1.06,19.19,0.59,2.8,,
1998-03-03,1.64,1.05,19.04,0.59,2.79,,
1998-03-04,1.64,1.05,19.58,0.59,2.81,,
1998-03-05,1.65,1.06,20.93,0.59,2.82,,
1998-03-06,1.64,1.05,19.14,0.59,2.85,,
1998-03-09,1.66,1.06,20.23,0.6,2.88,,
1998-03-10,1.65,1.06,19.43,0.59,2.89,,
1998-03-11,1.69,1.1,18.89,0.59,2.89,,
1998-03-12,1.69,1.08,18.25,0.61,2.93,,
1998-03-13,1.69,1.08,18.71,0.61,2.91,,
1998-03-16,1.7,1.09,18.51,0.61,2.91,,
1998-03-17,1.71,1.1,18.66,0.61,2.88,,
1998-03-18,1.69,1.09,18.29,0.6,2.85,,
1998-03-19,1.71,1.1,17.76,0.61,2.84,,
1998-03-20,1.7,1.08,18.69,0.62,2.84,,
1998-03-23,1.7,1.08,19.98,0.62,2.83,,
1998-03-24,1.69,1.07,20.51,0.62,2.82,,
1998-03-25,1.67,1.06,22.54,0.61,2.78,,
1998-03-26,1.64,1.03,22.81,0.61,2.75,,
1998-03-27,1.66,1.05,23.47,0.61,2.73,,
1998-03-30,1.64,1.03,24.66,0.61,2.71,,
1998-03-31,1.67,1.04,24.22,0.63,2.83,,
1998-04-01,1.7,1.06,23.37,0.64,2.84,,
1998-04-02,1.71,1.08,21.98,0.63,2.88,,
1998-04-03,1.74,1.1,21.82,0.64,2.94,,
1998-04-06,1.73,1.09,22.47,0.64,2.89,,
1998-04-07,1.73,1.09,23.66,0.64,2.9,,
1998-04-08,1.74,1.1,23.17,0.64,2.87,,
1998-04-09,1.71,1.06,21.51,0.65,2.86,,
1998-04-13,1.69,1.05,22.77,0.64,2.81,,
1998-04-14,1.7,1.05,21.61,0.65,2.85,,
1998-04-15,1.71,1.07,20.89,0.64,2.84,,
1998-04-16,1.7,1.06,22.06,0.64,2.86,,
1998-04-17,1.7,1.06,20.76,0.64,2.85,,
1998-04-20,1.68,1.04,20.39,0.64,2.82,,
1998-04-21,1.67,1.04,19.91,0.63,2.8,,
1998-04-22,1.69,1.06,19.44,0.63,2.8,,
1998-04-23,1.68,1.05,20.6,0.63,2.8,,
1998-04-24,1.68,1.05,21.97,0.63,2.81,,
1998-04-27,1.65,1.03,26.09,0.62,2.79,,
1998-04-28,1.64,1.02,24.17,0.62,2.78,,
1998-04-29,1.64,1.02,22.78,0.62,2.79,,
1998-04-30,1.66,1.04,21.18,0.62,2.98,,
1998-05-01,1.66,1.04,19.34,0.62,2.98,,
1998-05-04,1.66,1.04,20.32,0.62,2.95,,
1998-05-05,1.66,1.04,21.46,0.62,2.93,,
1998-05-06,1.66,1.04,22.79,0.62,2.97,,
1998-05-07,1.67,1.05,23.39,0.62,2.97,,
1998-05-08,1.63,1.03,20.57,0.6,2.95,,
1998-05-11,1.62,1.01,21.05,0.61,2.9,,
1998-05-12,1.64,1.03,20.98,0.61,2.98,,
1998-05-13,1.69,1.07,20.44,0.62,3,,
1998-05-14,1.68,1.07,19.64,0.61,2.98,,
1998-05-15,1.63,1.06,20.44,0.57,2.97,,
1998-05-18,1.63,1.05,21.69,0.58,3.02,,
1998-05-19,1.64,1.06,20.39,0.58,3.02,,
1998-05-20,1.64,1.06,19.89,0.58,3.04,,
1998-05-21,1.63,1.04,19.38,0.59,3,,
1998-05-22,1.62,1.04,18.99,0.58,3.01,,
1998-05-25,,,,,3.01,,
1998-05-26,1.63,1.04,22.07,0.59,3.04,,
1998-05-27,1.65,1.05,22.59,0.6,3.05,,
1998-05-28,1.63,1.04,20.74,0.59,3.04,,
1998-05-29,1.63,1.03,21.32,0.6,3.05,,
1998-05-31,,,,,3.18,,
1998-06-01,1.64,1.04,22.83,0.6,3.2,,
1998-06-02,1.63,1.03,22,0.6,3.18,,
1998-06-03,1.62,1.02,22.85,0.6,3.18,,
1998-06-04,1.61,1.02,21.22,0.59,3.15,,
1998-06-05,1.6,1,19.78,0.6,3.16,,
1998-06-08,1.6,1,20.58,0.6,3.15,,
1998-06-09,1.59,0.99,20.52,0.6,3.15,,
1998-06-10,1.61,1,21.48,0.61,3.2,,
1998-06-11,1.64,1.02,23.57,0.62,3.24,,
1998-06-12,1.65,1.04,22.78,0.61,3.26,,
1998-06-15,1.66,1.05,25.94,0.61,3.3,,
1998-06-16,1.63,1.01,24.8,0.62,3.29,,
1998-06-17,1.61,1,22.89,0.61,3.25,,
1998-06-18,1.62,1.01,22.4,0.61,3.26,,
1998-06-19,1.65,1.04,21.92,0.61,3.28,,
1998-06-22,1.64,1.06,21.94,0.58,3.29,,
1998-06-23,1.67,1.07,20.17,0.6,3.31,,
1998-06-24,1.68,1.08,20.02,0.6,3.28,,
1998-06-25,1.68,1.08,20.25,0.6,3.28,,
1998-06-26,1.67,1.06,19.36,0.61,3.28,,
1998-06-29,1.66,1.06,19.57,0.6,3.27,,
1998-06-30,1.67,1.07,19.71,0.6,3.37,,
1998-07-01,1.67,1.07,18,0.6,3.39,,
1998-07-02,1.67,1.07,17.67,0.6,3.41,,
1998-07-03,,,,,3.41,,
1998-07-06,1.68,1.07,18.63,0.61,3.42,,
1998-07-07,1.67,1.07,18.62,0.6,3.39,,
1998-07-08,1.68,1.07,17.82,0.61,3.36,,
1998-07-09,1.68,1.08,18.16,0.6,3.39,,
1998-07-10,1.68,1.08,17.92,0.6,3.38,,
1998-07-13,1.69,1.1,18.26,0.59,3.34,,
1998-07-14,1.69,1.1,17.88,0.59,3.33,,
1998-07-15,1.69,1.09,17.89,0.6,3.3,,
1998-07-16,1.68,1.09,16.97,0.59,3.29,,
1998-07-17,1.68,1.1,16.23,0.58,3.29,,
1998-07-20,1.7,1.11,17.34,0.59,3.3,,
1998-07-21,1.69,1.1,20.1,0.59,3.3,,
1998-07-22,1.69,1.1,20.32,0.59,3.29,,
1998-07-23,1.69,1.09,23.01,0.6,3.31,,
1998-07-24,1.7,1.11,23.01,0.59,3.3,,
1998-07-27,1.7,1.1,23.13,0.6,3.3,,
1998-07-28,1.67,1.07,25.25,0.6,3.26,,
1998-07-29,1.71,1.11,24.79,0.6,3.29,,
1998-07-30,1.71,1.1,22.66,0.61,3.3,,
1998-07-31,1.71,1.1,24.8,0.61,3.38,,
1998-08-03,1.7,1.09,25.98,0.61,3.42,,
1998-08-04,1.72,1.11,31.06,0.61,3.48,,
1998-08-05,1.72,1.11,29.83,0.61,3.5,,
1998-08-06,1.72,1.11,28.2,0.61,3.5,,
1998-08-07,1.73,1.12,27.02,0.61,3.55,,
1998-08-10,1.72,1.11,28.75,0.61,3.58,,
1998-08-11,1.74,1.12,31.91,0.62,3.75,,
1998-08-12,1.75,1.14,28.55,0.61,3.76,,
1998-08-13,1.73,1.11,29.92,0.62,3.76,,
1998-08-14,1.74,1.12,34.34,0.62,3.78,,
1998-08-17,1.74,1.13,31.86,0.61,3.83,,
1998-08-18,1.73,1.12,28.4,0.61,3.84,,
1998-08-19,1.74,1.12,28.69,0.62,3.86,,
1998-08-20,1.74,1.12,30,0.62,3.9,,
1998-08-21,1.8,1.18,33.14,0.62,4.09,,
1998-08-24,1.82,1.21,31.8,0.61,4.16,,
1998-08-25,1.9,1.25,30.33,0.65,4.23,,
1998-08-26,1.91,1.28,31.14,0.63,4.36,,
1998-08-27,2.05,1.42,38.55,0.63,4.7,,
1998-08-28,2.07,1.43,39.6,0.64,4.87,,
1998-08-31,2.06,1.41,44.28,0.65,5.2,,
1998-09-01,2.09,1.44,36.48,0.65,5.26,,
1998-09-02,2.04,1.4,36.76,0.64,5.26,,
1998-09-03,2.08,1.43,41.43,0.65,5.33,,
1998-09-04,2.07,1.42,43.31,0.65,5.36,,
1998-09-07,,,,,5.35,,
1998-09-08,2.09,1.45,37.9,0.64,5.3,,
1998-09-09,2.13,1.48,39.66,0.65,5.43,,
1998-09-10,2.25,1.6,45.29,0.65,5.68,,
1998-09-11,2.23,1.57,43.74,0.66,5.7,,
1998-09-14,2.24,1.56,38.57,0.68,5.67,,
1998-09-15,2.22,1.55,36.58,0.67,5.66,,
1998-09-16,2.24,1.55,35.94,0.69,5.67,,
1998-09-17,2.29,1.6,39.23,0.69,5.7,,
1998-09-18,2.37,1.67,38.63,0.7,5.79,,
1998-09-21,2.38,1.68,38.58,0.7,5.78,,
1998-09-22,2.35,1.65,36.62,0.7,5.72,,
1998-09-23,2.38,1.68,32.47,0.7,5.72,,
1998-09-24,2.42,1.72,34.66,0.7,5.73,,
1998-09-25,2.48,1.75,34.55,0.73,5.76,,
1998-09-28,2.49,1.76,34.87,0.73,5.74,,
1998-09-29,2.5,1.76,36.08,0.74,5.76,,
1998-09-30,2.57,1.8,40.95,0.77,5.95,,
1998-10-01,2.62,1.83,43.48,0.79,6.06,,
1998-10-02,2.6,1.81,40.47,0.79,6.11,,
1998-10-05,2.69,1.89,42.81,0.8,6.29,,
1998-10-06,2.66,1.85,41.2,0.81,6.27,,
1998-10-07,2.62,1.82,43.51,0.8,6.21,,
1998-10-08,2.65,1.86,45.74,0.79,6.39,,
1998-10-09,2.56,1.78,42.2,0.78,6.32,,
1998-10-12,,,40.07,,6.32,,
1998-10-13,2.58,1.79,40.23,0.79,6.37,,
1998-10-14,2.65,1.85,38.96,0.8,6.59,,
1998-10-15,2.68,1.87,33.34,0.81,6.67,,
1998-10-16,2.77,1.96,34.82,0.81,6.78,,
1998-10-19,2.74,1.94,33.13,0.8,6.78,,
1998-10-20,2.7,1.91,33.11,0.79,6.65,,
1998-10-21,2.67,1.85,33.21,0.82,6.59,,
1998-10-22,2.69,1.87,31.53,0.82,6.49,,
1998-10-23,2.64,1.82,32.27,0.82,6.37,,
1998-10-26,2.57,1.74,32.38,0.83,6.38,,
1998-10-27,2.61,1.78,32.95,0.83,6.43,,
1998-10-28,2.66,1.84,32.42,0.82,6.49,,
1998-10-29,2.69,1.87,29.5,0.82,6.5,,
1998-10-30,2.65,1.83,28.05,0.82,6.36,,
1998-10-31,,,,,6.52,,
1998-11-02,2.61,1.75,27.26,0.86,6.33,,
1998-11-03,2.6,1.74,27.76,0.86,6.27,,
1998-11-04,2.6,1.73,27.37,0.87,6.11,,
1998-11-05,2.61,1.76,26.01,0.85,6.09,,
1998-11-06,2.54,1.68,25.7,0.86,5.95,,
1998-11-09,2.46,1.59,28.09,0.87,5.93,,
1998-11-10,2.54,1.63,28.17,0.91,5.88,,
1998-11-11,,,28.47,,5.85,,
1998-11-12,2.56,1.64,29.28,0.92,5.82,,
1998-11-13,2.52,1.6,29.03,0.92,5.73,,
1998-11-16,2.52,1.6,28.9,0.92,5.62,,
1998-11-17,2.49,1.56,27.95,0.93,5.53,,
1998-11-18,2.5,1.55,27.13,0.95,5.54,,
1998-11-19,2.46,1.51,25.5,0.95,5.47,,
1998-11-20,2.46,1.49,22.47,0.97,5.45,,
1998-11-23,2.46,1.48,21.84,0.98,5.41,,
1998-11-24,2.44,1.44,23.28,1,5.36,,
1998-11-25,2.44,1.43,22.15,1.01,5.33,,
1998-11-26,,,,,5.33,,
1998-11-27,2.44,1.44,22.09,1,5.34,,
1998-11-30,2.45,1.43,26.01,1.02,5.44,,
1998-12-01,2.51,1.49,24.97,1.02,5.48,,
1998-12-02,2.57,1.56,25.43,1.01,5.55,,
1998-12-03,2.6,1.6,28.7,1,5.55,,
1998-12-04,2.6,1.6,25.31,1,5.53,,
1998-12-07,2.53,1.53,24.9,1,5.45,,
1998-12-08,2.59,1.58,25.58,1.01,5.54,,
1998-12-09,2.6,1.58,25.66,1.02,5.56,,
1998-12-10,2.63,1.62,26.81,1.01,5.61,,
1998-12-11,2.6,1.59,27.72,1.01,5.56,,
1998-12-14,2.61,1.6,31.31,1.01,5.64,,
1998-12-15,2.6,1.6,29.42,1,5.59,,
1998-12-16,2.62,1.61,29.96,1.01,5.64,,
1998-12-17,2.62,1.61,27.96,1.01,5.64,,
1998-12-18,2.65,1.6,25.04,1.05,5.63,,
1998-12-21,2.59,1.57,23.86,1.02,5.58,,
1998-12-22,2.57,1.56,22.78,1.01,5.53,,
1998-12-23,2.51,1.52,20.21,0.99,5.43,,
1998-12-24,2.5,1.51,21.48,0.99,5.39,,
1998-12-28,2.53,1.53,23.5,1,5.44,,
1998-12-29,2.57,1.55,22.18,1.02,5.48,,
1998-12-30,2.61,1.59,23.34,1.02,5.51,,
1998-12-31,2.58,1.58,24.42,1,5.66,,
1999-01-04,2.61,1.55,26.17,1.06,5.63,,
1999-01-05,2.61,1.54,24.46,1.07,5.57,,
1999-01-06,2.59,1.54,23.34,1.05,5.56,,
1999-01-07,2.57,1.52,24.37,1.05,5.53,,
1999-01-08,2.51,1.48,23.28,1.03,5.41,,
1999-01-11,2.48,1.46,25.46,1.02,5.37,,
1999-01-12,2.53,1.49,28.1,1.04,5.46,,
1999-01-13,2.55,1.51,30.11,1.04,5.6,,
1999-01-14,2.6,1.53,32.98,1.07,5.67,,
1999-01-15,2.61,1.56,29.24,1.05,5.62,,
1999-01-18,,,,,5.63,,
1999-01-19,2.56,1.51,29.24,1.05,5.55,,
1999-01-20,2.53,1.49,28.6,1.04,5.49,,
1999-01-21,2.57,1.53,30.92,1.04,5.54,,
1999-01-22,2.59,1.53,31.95,1.06,5.59,,
1999-01-25,2.58,1.53,31.13,1.05,5.56,,
1999-01-26,2.57,1.51,29.23,1.06,5.54,,
1999-01-27,2.58,1.52,29.73,1.06,5.54,,
1999-01-28,2.56,1.51,28.11,1.05,5.53,,
1999-01-29,2.55,1.5,26.25,1.05,5.53,,
1999-01-31,,,,,5.6,,
1999-02-01,2.53,1.49,27.67,1.04,5.54,,
1999-02-02,2.53,1.5,28.16,1.03,5.49,,
1999-02-03,2.49,1.46,27.88,1.03,5.45,,
1999-02-04,2.48,1.47,29.48,1.01,5.41,,
1999-02-05,2.45,1.46,29.67,0.99,5.36,,
1999-02-08,2.45,1.46,30.27,0.99,5.36,,
1999-02-09,2.45,1.47,31.36,0.98,5.41,,
1999-02-10,2.46,1.47,30.45,0.99,5.35,,
1999-02-11,2.44,1.45,27.42,0.99,5.33,,
1999-02-12,2.31,1.32,29.76,0.99,5.24,,
1999-02-15,,,,,5.22,,
1999-02-16,2.34,1.33,29.65,1.01,5.25,,
1999-02-17,2.37,1.36,30.65,1.01,5.29,,
1999-02-18,2.35,1.35,30.45,1,5.23,,
1999-02-19,2.34,1.33,29.3,1.01,5.23,,
1999-02-22,2.34,1.34,25.87,1,5.31,,
1999-02-23,2.31,1.33,26.49,0.98,5.26,,
1999-02-24,2.29,1.34,27.21,0.95,5.22,,
1999-02-25,2.24,1.3,28.01,0.94,5.15,,
1999-02-26,2.24,1.3,27.88,0.94,5.21,,
1999-02-28,,,,,5.21,,
1999-03-01,2.21,1.28,28.37,0.93,5.15,,
1999-03-02,2.23,1.3,29.22,0.93,5.24,,
1999-03-03,2.24,1.33,29.04,0.91,5.2,,
1999-03-04,2.23,1.32,26.67,0.91,5.2,,
1999-03-05,2.24,1.32,24.08,0.92,5.28,,
1999-03-08,2.27,1.35,24.54,0.92,5.3,,
1999-03-09,2.32,1.39,25.02,0.93,5.34,,
1999-03-10,2.31,1.39,24.79,0.92,5.29,,
1999-03-11,2.31,1.39,24.37,0.92,5.27,,
1999-03-12,2.33,1.42,24.84,0.91,5.29,,
1999-03-15,2.32,1.4,25.24,0.92,5.28,,
1999-03-16,2.34,1.41,25.15,0.93,5.3,,
1999-03-17,2.34,1.41,25.57,0.93,5.28,,
1999-03-18,2.36,1.43,24.13,0.93,5.29,,
1999-03-19,2.33,1.41,24.32,0.92,5.21,,
1999-03-22,2.32,1.4,25,0.92,5.18,,
1999-03-23,2.33,1.41,27.27,0.92,5.23,,
1999-03-24,2.33,1.41,26.6,0.92,5.22,,
1999-03-25,2.32,1.43,24.33,0.89,5.17,,
1999-03-26,2.33,1.46,24.04,0.87,5.18,,
1999-03-29,2.29,1.42,23.54,0.87,5.14,,
1999-03-30,2.32,1.45,22.73,0.87,5.19,,
1999-03-31,2.31,1.45,23.26,0.86,5.19,,
1999-04-01,2.32,1.48,22.06,0.84,5.11,,
1999-04-02,2.33,1.48,,0.85,5.17,,
1999-04-05,2.32,1.47,22.19,0.85,5.18,,
1999-04-06,2.34,1.47,22.65,0.87,5.18,,
1999-04-07,2.33,1.46,22.81,0.87,5.13,,
1999-04-08,2.37,1.49,22.59,0.88,5.18,,
1999-04-09,2.35,1.49,21.77,0.86,5.16,,
1999-04-12,2.34,1.49,21.93,0.85,5.14,,
1999-04-13,2.31,1.47,22.73,0.84,5.09,,
1999-04-14,2.31,1.47,24.94,0.84,5.05,,
1999-04-15,2.27,1.43,23.93,0.84,5,,
1999-04-16,2.27,1.42,23.9,0.85,4.96,,
1999-04-19,2.29,1.45,26.42,0.84,4.99,,
1999-04-20,2.29,1.46,25.02,0.83,5.02,,
1999-04-21,2.29,1.45,23.31,0.84,5,,
1999-04-22,2.27,1.44,22.62,0.83,4.93,,
1999-04-23,2.26,1.43,22.76,0.83,4.93,,
1999-04-26,2.27,1.44,23.53,0.83,4.95,,
1999-04-27,2.26,1.43,23.36,0.83,4.95,,
1999-04-28,2.23,1.41,24.4,0.82,4.92,,
1999-04-29,2.24,1.41,25.06,0.83,4.98,,
1999-04-30,2.22,1.42,25.07,0.8,4.76,,
1999-05-03,2.2,1.39,24.15,0.81,4.7,,
1999-05-04,2.21,1.41,25.62,0.8,4.65,,
1999-05-05,2.21,1.41,25.19,0.8,4.71,,
1999-05-06,2.17,1.38,27.44,0.79,4.61,,
1999-05-07,2.17,1.38,25.36,0.79,4.62,,
1999-05-10,2.13,1.33,26.62,0.8,4.67,,
1999-05-11,2.12,1.34,25.62,0.78,4.65,,
1999-05-12,2.19,1.41,26.13,0.78,4.68,,
1999-05-13,2.2,1.42,25.02,0.78,4.76,,
1999-05-14,2.12,1.36,26.86,0.76,4.66,,
1999-05-17,2.09,1.32,27.28,0.77,4.64,,
1999-05-18,2.11,1.34,27.26,0.77,4.6,,
1999-05-19,2.14,1.35,25.08,0.79,4.69,,
1999-05-20,2.21,1.42,24.46,0.79,4.72,,
1999-05-21,2.23,1.44,24.4,0.79,4.77,,
1999-05-24,2.27,1.48,27.62,0.79,4.81,,
1999-05-25,2.27,1.48,28.9,0.79,4.81,,
1999-05-26,2.24,1.44,27.57,0.8,4.78,,
1999-05-27,2.19,1.39,28.12,0.8,4.72,,
1999-05-28,2.18,1.38,25.39,0.8,4.74,,
1999-05-31,,,,,4.75,,
1999-06-01,2.12,1.34,26.62,0.78,4.65,,
1999-06-02,2.1,1.32,26.21,0.78,4.65,,
1999-06-03,2.12,1.33,26.2,0.79,4.69,,
1999-06-04,2.12,1.33,23.43,0.79,4.7,,
1999-06-07,2.13,1.34,23.78,0.79,4.72,,
1999-06-08,2.13,1.34,24.02,0.79,4.69,,
1999-06-09,2.1,1.32,23.9,0.78,4.64,,
1999-06-10,2.09,1.31,25.32,0.78,4.66,,
1999-06-11,2.07,1.31,25.9,0.76,4.6,,
1999-06-14,2.08,1.32,26.51,0.76,4.65,,
1999-06-15,2.09,1.3,25.91,0.79,4.63,,
1999-06-16,2.11,1.33,22.4,0.78,4.66,,
1999-06-17,2.15,1.36,21.95,0.79,4.77,,
1999-06-18,2.13,1.34,21.75,0.79,4.73,,
1999-06-21,2.12,1.32,21.81,0.8,4.68,,
1999-06-22,2.12,1.33,21.7,0.79,4.66,,
1999-06-23,2.1,1.31,21.32,0.79,4.61,,
1999-06-24,2.1,1.33,23.06,0.77,4.58,,
1999-06-25,2.13,1.36,21.76,0.77,4.6,,
1999-06-28,2.13,1.36,22.63,0.77,4.66,,
1999-06-29,2.12,1.34,22.51,0.78,4.69,,
1999-06-30,2.18,1.4,21.09,0.78,4.87,,
1999-07-01,2.13,1.35,19.69,0.78,4.79,,
1999-07-02,2.14,1.36,18.66,0.78,4.79,,
1999-07-05,,,,,4.8,,
1999-07-06,2.12,1.35,20.73,0.77,4.75,,
1999-07-07,2.08,1.34,20.35,0.74,4.74,,
1999-07-08,2.11,1.36,20.24,0.75,4.79,,
1999-07-09,2.11,1.37,17.96,0.74,4.78,,
1999-07-12,2.12,1.37,19.73,0.75,4.87,,
1999-07-13,2.14,1.37,19.95,0.77,4.86,,
1999-07-14,2.13,1.36,19.71,0.77,4.82,,
1999-07-15,2.15,1.38,18.68,0.77,4.77,,
1999-07-16,2.17,1.4,17.42,0.77,4.79,,
1999-07-19,2.19,1.42,19.07,0.77,4.82,,
1999-07-20,2.19,1.42,21.79,0.77,4.83,,
1999-07-21,2.24,1.48,21.46,0.76,4.83,,
1999-07-22,2.18,1.42,23.05,0.76,4.78,,
1999-07-23,2.18,1.44,23.32,0.74,4.77,,
1999-07-26,2.16,1.42,24.98,0.74,4.77,,
1999-07-27,2.17,1.43,23.23,0.74,4.85,,
1999-07-28,2.18,1.44,22.85,0.74,4.86,,
1999-07-29,2.2,1.45,24.52,0.75,4.82,,
1999-07-30,2.19,1.44,24.64,0.75,4.81,,
1999-07-31,,,,,4.66,,
1999-08-02,2.19,1.44,25.59,0.75,4.66,,
1999-08-03,2.19,1.44,26.27,0.75,4.69,,
1999-08-04,2.16,1.41,27.4,0.75,4.75,,
1999-08-05,2.19,1.44,27.01,0.75,4.84,,
1999-08-06,2.19,1.45,26.6,0.74,4.74,,
1999-08-09,2.14,1.4,27.66,0.74,4.65,,
1999-08-10,2.13,1.38,28.45,0.75,4.69,,
1999-08-11,2.21,1.46,25.39,0.75,4.73,,
1999-08-12,2.22,1.48,25.03,0.74,4.7,,
1999-08-13,2.26,1.51,22.31,0.75,4.78,,
1999-08-16,2.21,1.46,23.07,0.75,4.76,,
1999-08-17,2.24,1.48,21.67,0.76,4.83,,
1999-08-18,2.24,1.47,23.3,0.77,4.87,,
1999-08-19,2.23,1.47,24.39,0.76,4.87,,
1999-08-20,2.23,1.46,22.95,0.77,4.89,,
1999-08-23,2.21,1.45,22.55,0.76,4.89,,
1999-08-24,2.25,1.49,22.4,0.76,4.94,,
1999-08-25,2.27,1.49,20.96,0.78,5.03,,
1999-08-26,2.27,1.49,21.21,0.78,5,,
1999-08-27,2.24,1.47,21.83,0.77,4.93,,
1999-08-30,2.23,1.47,24.63,0.76,4.88,,
1999-08-31,2.23,1.45,24.45,0.78,4.9,,
1999-09-01,2.23,1.45,22.93,0.78,4.91,,
1999-09-02,2.24,1.47,24.53,0.77,4.9,,
1999-09-03,2.28,1.5,20.98,0.78,4.99,,
1999-09-06,,,,,4.99,,
1999-09-07,2.26,1.49,23.44,0.77,4.94,,
1999-09-08,2.27,1.49,23.82,0.78,4.96,,
1999-09-09,2.26,1.49,23.01,0.77,4.94,,
1999-09-10,2.27,1.5,22.03,0.77,5.01,,
1999-09-13,2.27,1.5,22.89,0.77,5,,
1999-09-14,2.25,1.47,23.77,0.78,4.98,,
1999-09-15,2.25,1.47,24.56,0.78,5.01,,
1999-09-16,2.26,1.48,25.25,0.78,5.05,,
1999-09-17,2.28,1.48,23.3,0.8,5.07,,
1999-09-20,2.28,1.46,24.03,0.82,5.06,,
1999-09-21,2.27,1.46,25.65,0.81,5.07,,
1999-09-22,2.28,1.47,25.19,0.81,5.09,,
1999-09-23,2.33,1.47,27.84,0.86,5.15,,
1999-09-24,2.41,1.51,27.79,0.9,5.26,,
1999-09-27,2.38,1.5,26.4,0.88,5.22,,
1999-09-28,2.35,1.47,26.06,0.88,5.17,,
1999-09-29,2.31,1.47,26.49,0.84,5.1,,
1999-09-30,2.3,1.49,25.41,0.81,5.07,,
1999-10-01,2.26,1.45,24.93,0.81,5.06,,
1999-10-04,2.28,1.46,24.46,0.82,5.05,,
1999-10-05,2.27,1.46,24.79,0.81,5.12,,
1999-10-06,2.24,1.44,22.06,0.8,5.03,,
1999-10-07,2.24,1.44,23.58,0.8,4.99,,
1999-10-08,2.26,1.45,20.49,0.81,5,,
1999-10-11,,,20.63,,4.99,,
1999-10-12,2.28,1.46,22.84,0.82,4.96,,
1999-10-13,2.29,1.48,25.96,0.81,4.98,,
1999-10-14,2.28,1.46,26.05,0.82,4.93,,
1999-10-15,2.31,1.49,28.75,0.82,4.94,,
1999-10-18,2.31,1.49,28.19,0.82,4.99,,
1999-10-19,2.25,1.47,26.56,0.78,4.99,,
1999-10-20,2.24,1.45,23.9,0.79,4.91,,
1999-10-21,2.27,1.46,24.02,0.81,4.97,,
1999-10-22,2.25,1.42,21.64,0.83,4.93,,
1999-10-25,2.25,1.41,23.6,0.84,4.89,,
1999-10-26,2.24,1.4,24.26,0.84,4.94,,
1999-10-27,2.26,1.4,24.2,0.86,4.99,,
1999-10-28,2.26,1.39,21.34,0.87,5.08,,
1999-10-29,2.28,1.36,22.2,0.92,5.17,,
1999-10-31,,,,,5.13,,
1999-11-01,2.27,1.36,22.09,0.91,5.13,,
1999-11-02,2.26,1.33,23.1,0.93,5.15,,
1999-11-03,2.27,1.34,23.16,0.93,5.14,,
1999-11-04,2.28,1.34,23,0.94,5.14,,
1999-11-05,2.27,1.33,21.66,0.94,5.16,,
1999-11-08,2.25,1.31,21.87,0.94,5.15,,
1999-11-09,2.16,1.31,22.7,0.85,5.13,,
1999-11-10,2.13,1.31,22.26,0.82,5.12,,
1999-11-11,,,22.07,,5.14,,
1999-11-12,2.13,1.35,21.65,0.78,5.18,,
1999-11-15,2.09,1.34,22.74,0.75,5.17,,
1999-11-16,2.04,1.33,20.73,0.71,5.13,,
1999-11-17,2.04,1.32,20.96,0.72,5.1,,
1999-11-18,2.04,1.33,19.76,0.71,5.07,,
1999-11-19,2.02,1.31,19.11,0.71,5.05,,
1999-11-22,2.03,1.31,19.98,0.72,5.02,,
1999-11-23,2.04,1.32,21,0.72,5.01,,
1999-11-24,2.02,1.32,20.26,0.7,4.99,,
1999-11-25,,,,,5,,
1999-11-26,2.01,1.32,22.33,0.69,4.97,,
1999-11-29,1.99,1.31,23.57,0.68,4.9,,
1999-11-30,1.99,1.32,24.18,0.67,4.91,,
1999-12-01,1.97,1.29,22.23,0.68,4.86,,
1999-12-02,1.95,1.29,21.77,0.66,4.89,,
1999-12-03,1.96,1.29,19.32,0.67,4.91,,
1999-12-06,1.96,1.29,20.58,0.67,4.92,,
1999-12-07,1.97,1.31,21.09,0.66,4.93,,
1999-12-08,1.95,1.29,21.25,0.66,4.85,,
1999-12-09,1.95,1.29,21.19,0.66,4.86,,
1999-12-10,1.95,1.29,21.48,0.66,4.88,,
1999-12-13,1.95,1.29,21.72,0.66,4.87,,
1999-12-14,1.94,1.28,23.06,0.66,4.79,,
1999-12-15,1.93,1.28,22.03,0.65,4.73,,
1999-12-16,1.93,1.28,21.91,0.65,4.72,,
1999-12-17,1.93,1.29,21.35,0.64,4.72,,
1999-12-20,1.91,1.27,23.78,0.64,4.69,,
1999-12-21,1.92,1.28,22.66,0.64,4.68,,
1999-12-22,1.89,1.27,22.43,0.62,4.66,,
1999-12-23,1.88,1.26,21.12,0.62,4.66,,
1999-12-24,,,,,4.66,,
1999-12-27,1.86,1.25,23.07,0.61,4.68,,
1999-12-28,1.85,1.23,22.97,0.62,4.66,,
1999-12-29,1.84,1.23,23.09,0.61,4.7,,
1999-12-30,1.84,1.22,24.76,0.62,4.71,,
1999-12-31,1.73,1.19,24.64,0.54,4.76,,
2000-01-03,1.69,1.17,24.21,0.52,4.68,,
2000-01-04,1.72,1.2,27.01,0.52,4.81,,
2000-01-05,1.67,1.16,26.41,0.51,4.77,,
2000-01-06,1.67,1.15,25.73,0.52,4.82,,
2000-01-07,1.7,1.17,21.72,0.53,4.86,,
2000-01-10,1.7,1.15,21.71,0.55,4.81,,
2000-01-11,1.69,1.14,22.5,0.55,4.74,,
2000-01-12,1.68,1.13,22.84,0.55,4.72,,
2000-01-13,1.75,1.17,21.71,0.58,4.82,,
2000-01-14,1.73,1.15,19.66,0.58,4.77,,
2000-01-17,,,,,4.77,,
2000-01-18,1.72,1.15,21.5,0.57,4.75,,
2000-01-19,1.7,1.14,21.72,0.56,4.77,,
2000-01-20,1.66,1.1,21.75,0.56,4.74,,
2000-01-21,1.63,1.07,20.82,0.56,4.73,,
2000-01-24,1.67,1.11,24.07,0.56,4.82,,
2000-01-25,1.63,1.07,23.02,0.56,4.81,,
2000-01-26,1.59,1.04,23.03,0.55,4.81,,
2000-01-27,1.55,0.99,23.54,0.56,4.8,,
2000-01-28,1.6,1.03,26.14,0.57,4.8,,
2000-01-31,1.68,1.1,24.95,0.58,4.87,,
2000-02-01,1.65,1.07,23.45,0.58,4.87,,
2000-02-02,1.62,1.05,23.12,0.57,4.86,,
2000-02-03,1.64,1.07,22.01,0.57,4.99,,
2000-02-04,1.6,1.03,21.54,0.57,4.87,,
2000-02-07,1.66,1.06,22.79,0.6,4.82,,
2000-02-08,1.59,1,21.25,0.59,4.82,,
2000-02-09,1.7,1.09,22.9,0.61,4.79,,
2000-02-10,1.72,1.1,23.07,0.62,4.77,,
2000-02-11,1.73,1.11,24.42,0.62,4.81,,
2000-02-14,1.74,1.11,24.38,0.63,4.88,,
2000-02-15,1.77,1.13,22.92,0.64,4.83,,
2000-02-16,1.79,1.16,23.51,0.63,4.86,,
2000-02-17,1.75,1.13,23.17,0.62,4.82,,
2000-02-18,1.82,1.21,26,0.61,4.9,,
2000-02-21,,,,,4.9,,
2000-02-22,1.88,1.26,25.86,0.62,5.02,,
2000-02-23,1.84,1.23,23.89,0.61,4.94,,
2000-02-24,1.94,1.33,24.38,0.61,5.04,,
2000-02-25,1.99,1.36,25.2,0.63,5.07,,
2000-02-28,2.01,1.38,24.68,0.63,5.01,,
2000-02-29,1.91,1.27,23.37,0.64,5.08,,
2000-03-01,1.96,1.33,21.64,0.63,5.11,,
2000-03-02,1.95,1.31,21.06,0.64,5.11,,
2000-03-03,1.93,1.29,19.21,0.64,5.13,,
2000-03-06,1.91,1.27,21.5,0.64,5.1,,
2000-03-07,1.95,1.31,24.31,0.64,5.15,,
2000-03-08,1.98,1.33,23.82,0.65,5.16,,
2000-03-09,2.05,1.39,22.21,0.66,5.19,,
2000-03-10,2.09,1.42,21.24,0.67,5.16,,
2000-03-13,2.17,1.49,22.85,0.68,5.21,,
2000-03-14,2.15,1.47,24.41,0.68,5.29,,
2000-03-15,2.17,1.46,22.34,0.71,5.34,,
2000-03-16,2.16,1.45,20.77,0.71,5.4,,
2000-03-17,2.16,1.44,22.37,0.72,5.41,,
2000-03-20,2.14,1.42,22.96,0.72,5.42,,
2000-03-21,2.18,1.46,21.7,0.72,5.46,,
2000-03-22,2.2,1.49,21.49,0.71,5.51,,
2000-03-23,2.2,1.52,22.26,0.68,5.55,,
2000-03-24,2.13,1.43,23.31,0.7,5.47,,
2000-03-27,2.11,1.41,24.53,0.7,5.47,,
2000-03-28,2.16,1.46,24.86,0.7,5.57,,
2000-03-29,2.2,1.49,24.1,0.71,5.68,,
2000-03-30,2.3,1.57,25.47,0.73,5.84,,
2000-03-31,2.3,1.57,24.11,0.73,5.75,,
2000-04-03,2.3,1.57,24.03,0.73,5.78,,
2000-04-04,2.38,1.65,27.12,0.73,5.94,,
2000-04-05,2.45,1.73,28.41,0.72,5.94,,
2000-04-06,2.39,1.67,27.15,0.72,5.87,,
2000-04-07,2.4,1.68,24.39,0.72,5.9,,
2000-04-10,2.44,1.72,25.99,0.72,5.95,,
2000-04-11,2.45,1.73,27.25,0.72,5.89,,
2000-04-12,2.44,1.7,28.98,0.74,5.82,,
2000-04-13,2.45,1.7,29.4,0.75,5.87,,
2000-04-14,2.53,1.78,33.49,0.75,5.92,,
2000-04-17,2.5,1.74,28.95,0.76,5.84,,
2000-04-18,2.43,1.67,26.12,0.76,5.81,,
2000-04-19,2.42,1.65,27.02,0.77,5.85,,
2000-04-20,2.41,1.63,25.85,0.78,5.85,,
2000-04-24,2.42,1.62,27.37,0.8,5.88,,
2000-04-25,2.36,1.56,25.24,0.8,5.77,,
2000-04-26,2.37,1.57,26.97,0.8,5.77,,
2000-04-27,2.34,1.52,26.19,0.82,5.69,,
2000-04-28,2.34,1.5,26.2,0.84,5.71,,
2000-04-30,,,,,5.88,,
2000-05-01,2.3,1.45,25.88,0.85,5.83,,
2000-05-02,2.32,1.47,28.5,0.85,5.79,,
2000-05-03,2.34,1.49,31.63,0.85,5.77,,
2000-05-04,2.38,1.49,30.77,0.89,5.74,,
2000-05-05,2.36,1.48,27.53,0.88,5.73,,
2000-05-08,2.35,1.48,28.2,0.87,5.72,,
2000-05-09,2.36,1.48,28.93,0.88,5.75,,
2000-05-10,2.41,1.53,29.87,0.88,5.82,,
2000-05-11,2.49,1.59,27.76,0.9,5.84,,
2000-05-12,2.52,1.61,26.05,0.91,5.78,,
2000-05-15,2.52,1.59,24.86,0.93,5.78,,
2000-05-16,2.51,1.59,24.34,0.92,5.82,,
2000-05-17,2.53,1.59,23.98,0.94,5.83,,
2000-05-18,2.52,1.56,23.96,0.96,5.8,,
2000-05-19,2.55,1.59,25.44,0.96,5.89,,
2000-05-22,2.57,1.61,26,0.96,5.95,,
2000-05-23,2.55,1.61,25.87,0.94,5.99,,
2000-05-24,2.52,1.57,24.32,0.95,6.01,,
2000-05-25,2.5,1.56,24.58,0.94,6.13,,
2000-05-26,2.51,1.57,24.47,0.94,6.18,,
2000-05-29,,,,,6.19,,
2000-05-30,2.49,1.56,23.62,0.93,6.15,,
2000-05-31,2.52,1.59,23.65,0.93,6.16,,
2000-06-01,2.51,1.57,22.36,0.94,6.22,,
2000-06-02,2.5,1.57,21.48,0.93,6.21,,
2000-06-05,2.44,1.52,22.71,0.92,6.23,,
2000-06-06,2.39,1.47,23.05,0.92,6.2,,
2000-06-07,2.36,1.45,22.48,0.91,6.18,,
2000-06-08,2.35,1.44,22.77,0.91,6.18,,
2000-06-09,2.34,1.45,22.14,0.89,6.12,,
2000-06-12,2.35,1.48,22.32,0.87,6.15,,
2000-06-13,2.36,1.49,21.67,0.87,6.15,,
2000-06-14,2.35,1.53,21.48,0.82,6.18,,
2000-06-15,2.36,1.55,20.68,0.81,6.12,,
2000-06-16,2.37,1.61,20.5,0.76,6.19,,
2000-06-19,2.38,1.66,20.63,0.72,6.18,,
2000-06-20,2.36,1.64,20.88,0.72,6.14,,
2000-06-21,2.35,1.62,20.61,0.73,6.07,,
2000-06-22,2.37,1.64,22,0.73,6.06,,
2000-06-23,2.34,1.62,22.34,0.72,5.99,,
2000-06-26,2.41,1.67,22.45,0.74,6.05,,
2000-06-27,2.38,1.64,21.8,0.74,6.05,,
2000-06-28,2.4,1.65,20.29,0.75,6.04,,
2000-06-29,2.4,1.64,19.7,0.76,6.11,,
2000-06-30,2.4,1.66,19.54,0.74,6.17,,
2000-07-03,2.41,1.67,19.83,0.74,6.2,,
2000-07-04,,,,,6.21,,
2000-07-05,2.4,1.67,21.16,0.73,6.21,,
2000-07-06,2.38,1.66,20.94,0.72,6.18,,
2000-07-07,2.37,1.65,19.22,0.72,6.2,,
2000-07-10,2.34,1.63,20.33,0.71,6.17,,
2000-07-11,2.33,1.63,20.11,0.7,6.14,,
2000-07-12,2.29,1.52,20.03,0.77,6.14,,
2000-07-13,2.3,1.61,20.03,0.69,6.18,,
2000-07-14,2.24,1.57,19.32,0.67,6.06,,
2000-07-17,2.22,1.54,19.45,0.68,5.98,,
2000-07-18,2.22,1.54,19.75,0.68,5.97,,
2000-07-19,2.24,1.56,19.65,0.68,5.98,,
2000-07-20,2.29,1.61,18.94,0.68,6.1,,
2000-07-21,2.27,1.59,18.94,0.68,6.11,,
2000-07-24,2.26,1.57,19.92,0.69,6.07,,
2000-07-25,2.26,1.57,19.39,0.69,6.09,,
2000-07-26,2.27,1.58,19.67,0.69,6.06,,
2000-07-27,2.24,1.55,19.6,0.69,6.13,,
2000-07-28,2.25,1.55,20.84,0.7,6.15,,
2000-07-31,2.27,1.56,20.74,0.71,6.26,,
2000-08-01,2.27,1.57,20.55,0.7,6.31,,
2000-08-02,2.3,1.6,20,0.7,6.33,,
2000-08-03,2.31,1.6,19.99,0.71,6.33,,
2000-08-04,2.33,1.63,18.62,0.7,6.38,,
2000-08-07,2.29,1.58,19.03,0.71,6.33,,
2000-08-08,2.31,1.6,18.79,0.71,6.34,,
2000-08-09,2.44,1.74,19.18,0.7,6.33,,
2000-08-10,2.47,1.76,19.19,0.71,6.37,,
2000-08-11,2.45,1.75,18.55,0.7,6.33,,
2000-08-14,2.45,1.75,17.88,0.7,6.37,,
2000-08-15,2.43,1.73,17.98,0.7,6.34,,
2000-08-16,2.42,1.72,18.02,0.7,6.34,,
2000-08-17,2.46,1.75,17.48,0.71,6.36,,
2000-08-18,2.46,1.75,17.05,0.71,6.4,,
2000-08-21,2.47,1.76,17.35,0.71,6.4,,
2000-08-22,2.51,1.79,17.47,0.72,6.39,,
2000-08-23,2.53,1.82,17.38,0.71,6.43,,
2000-08-24,2.49,1.78,17.04,0.71,6.44,,
2000-08-25,2.5,1.79,16.53,0.71,6.42,,
2000-08-28,2.49,1.78,16.54,0.71,6.36,,
2000-08-29,2.49,1.77,16.89,0.72,6.3,,
2000-08-30,2.49,1.77,17.69,0.72,6.28,,
2000-08-31,2.51,1.79,16.84,0.72,6.43,,
2000-09-01,2.54,1.83,17.53,0.71,6.48,,
2000-09-04,,,,,6.49,,
2000-09-05,2.53,1.82,19.82,0.71,6.41,,
2000-09-06,2.54,1.82,20.79,0.72,6.37,,
2000-09-07,2.51,1.79,19.42,0.72,6.3,,
2000-09-08,2.52,1.81,18.46,0.71,6.32,,
2000-09-11,2.52,1.79,18.4,0.73,6.3,,
2000-09-12,2.56,1.8,18.59,0.76,6.31,,
2000-09-13,2.58,1.83,18.32,0.75,6.35,,
2000-09-14,2.58,1.82,18.26,0.76,6.33,,
2000-09-15,2.6,1.86,18.52,0.74,6.3,,
2000-09-18,2.61,1.86,20.25,0.75,6.35,,
2000-09-19,2.57,1.84,19.54,0.73,6.41,,
2000-09-20,2.55,1.82,19.93,0.73,6.43,,
2000-09-21,2.55,1.82,20.18,0.73,6.45,,
2000-09-22,2.55,1.84,20.74,0.71,6.5,,
2000-09-25,2.53,1.82,21.41,0.71,6.49,,
2000-09-26,2.52,1.82,21.88,0.7,6.56,,
2000-09-27,2.54,1.84,21.67,0.7,6.65,,
2000-09-28,2.5,1.82,19.47,0.68,6.69,,
2000-09-29,2.54,1.84,20.57,0.7,6.72,,
2000-09-30,,,,,6.77,,
2000-10-02,2.58,1.86,21.23,0.72,6.77,,
2000-10-03,2.54,1.83,21.85,0.71,6.74,,
2000-10-04,2.51,1.81,21.54,0.7,6.77,,
2000-10-05,2.52,1.8,21.03,0.72,6.84,,
2000-10-06,2.53,1.81,22.71,0.72,6.87,,
2000-10-09,,,24.02,,6.89,,
2000-10-10,2.54,1.76,24.86,0.78,6.96,,
2000-10-11,2.61,1.81,26.57,0.8,7.11,,
2000-10-12,2.64,1.83,30.51,0.81,7.21,,
2000-10-13,2.64,1.84,27.6,0.8,7.31,,
2000-10-16,2.63,1.83,26.79,0.8,7.28,,
2000-10-17,2.64,1.85,27.84,0.79,7.47,,
2000-10-18,2.68,1.87,28.72,0.81,7.58,,
2000-10-19,2.66,1.86,25.09,0.8,7.58,,
2000-10-20,2.65,1.85,24.24,0.8,7.59,,
2000-10-23,2.68,1.86,24.69,0.82,7.65,,
2000-10-24,2.66,1.81,24.28,0.85,7.61,,
2000-10-25,2.65,1.8,26.65,0.85,7.55,,
2000-10-26,2.6,1.75,28.62,0.85,7.62,,
2000-10-27,2.58,1.74,26.47,0.84,7.62,,
2000-10-30,2.56,1.72,25.46,0.84,7.62,,
2000-10-31,2.56,1.72,23.63,0.84,7.79,,
2000-11-01,2.57,1.75,24.28,0.82,7.75,,
2000-11-02,2.54,1.72,23.92,0.82,7.8,,
2000-11-03,2.52,1.71,23.67,0.81,7.75,,
2000-11-06,2.5,1.69,24.52,0.81,7.73,,
2000-11-07,2.5,1.69,24.91,0.81,7.75,,
2000-11-08,2.48,1.66,25.66,0.82,7.73,,
2000-11-09,2.5,1.68,27.2,0.82,7.81,,
2000-11-10,2.5,1.7,28.53,0.8,7.85,,
2000-11-13,2.52,1.72,29.06,0.8,7.9,,
2000-11-14,2.52,1.71,26.81,0.81,7.9,,
2000-11-15,2.52,1.7,26.15,0.82,7.91,,
2000-11-16,2.54,1.72,25.05,0.82,7.96,,
2000-11-17,2.58,1.76,24.81,0.82,7.99,,
2000-11-20,2.61,1.77,27.43,0.84,8.09,,
2000-11-21,2.64,1.77,26.62,0.87,8.24,,
2000-11-22,2.61,1.75,27.71,0.86,8.37,,
2000-11-23,,,,,8.37,,
2000-11-24,2.63,1.76,26,0.87,8.36,,
2000-11-27,2.65,1.77,26.93,0.88,8.42,,
2000-11-28,2.6,1.79,27.64,0.81,8.51,,
2000-11-29,2.63,1.82,27.49,0.81,8.69,,
2000-11-30,2.64,1.83,29.65,0.81,9.06,,
2000-12-01,2.66,1.84,27.48,0.82,8.98,,
2000-12-04,2.66,1.84,27.78,0.82,9.06,,
2000-12-05,2.69,1.88,24.99,0.81,9.1,,
2000-12-06,2.73,1.93,25.07,0.8,9.12,,
2000-12-07,2.72,1.91,25.34,0.81,9.13,,
2000-12-08,2.74,1.92,22.41,0.82,9.09,,
2000-12-11,2.71,1.88,23.51,0.83,9.02,,
2000-12-12,2.72,1.89,24.88,0.83,8.94,,
2000-12-13,2.74,1.92,23.63,0.82,8.89,,
2000-12-14,2.77,1.95,24.86,0.82,8.94,,
2000-12-15,2.77,1.97,26.55,0.8,8.88,,
2000-12-18,2.81,2,27.7,0.81,8.91,,
2000-12-19,2.81,2,27.17,0.81,8.87,,
2000-12-20,2.87,2.07,31.74,0.8,8.98,,
2000-12-21,2.89,2.11,29.66,0.78,9.05,,
2000-12-22,2.9,2.11,27.55,0.79,9.06,,
2000-12-26,2.89,2.1,28.73,0.79,9.07,,
2000-12-27,2.86,2.05,28.14,0.81,9.04,,
2000-12-28,2.83,2.02,26.57,0.81,9,,
2000-12-29,2.88,2.04,26.85,0.84,9,,
2000-12-31,,,,,9.16,,
2001-01-02,2.99,2.16,29.99,0.83,9.36,,
2001-01-03,2.83,1.97,26.6,0.86,9.13,,
2001-01-04,2.91,2.06,26.97,0.85,9.11,,
2001-01-05,2.99,2.15,28.67,0.84,9.12,,
2001-01-08,2.94,2.13,29.84,0.81,9.06,,
2001-01-09,2.92,2.1,27.99,0.82,8.88,,
2001-01-10,2.83,2.01,26.8,0.82,8.73,,
2001-01-11,2.85,2.03,25.79,0.82,8.56,,
2001-01-12,2.8,1.98,24.56,0.82,8.38,,
2001-01-15,,,,,8.32,,
2001-01-16,2.73,1.95,25.28,0.78,8.33,,
2001-01-17,2.72,1.94,24.93,0.78,8.31,,
2001-01-18,2.72,1.97,23.37,0.75,8.36,,
2001-01-19,2.7,1.96,23.24,0.74,8.21,,
2001-01-22,2.71,1.95,23.25,0.76,8.17,,
2001-01-23,2.67,1.94,21.57,0.73,8.09,,
2001-01-24,2.61,1.89,22.03,0.72,8.05,,
2001-01-25,2.63,1.9,22.64,0.73,8.05,,
2001-01-26,2.65,1.92,22.57,0.73,8.05,,
2001-01-29,2.65,1.93,22.61,0.72,8.03,,
2001-01-30,2.65,1.93,22.57,0.72,8.02,,
2001-01-31,2.62,1.92,22.02,0.7,7.87,,
2001-02-01,2.63,1.94,21.66,0.69,7.83,,
2001-02-02,2.63,1.93,21.95,0.7,7.73,,
2001-02-05,2.59,1.9,22.19,0.69,7.69,,
2001-02-06,2.58,1.89,21.98,0.69,7.62,,
2001-02-07,2.77,2.05,21.67,0.72,7.64,,
2001-02-08,2.78,2.06,21.46,0.72,7.6,,
2001-02-09,2.79,2.09,22.03,0.7,7.63,,
2001-02-12,2.82,2.1,21.92,0.72,7.6,,
2001-02-13,2.82,2.02,21.37,0.8,7.56,,
2001-02-14,2.77,1.97,21.52,0.8,7.49,,
2001-02-15,2.77,1.96,20.27,0.81,7.38,,
2001-02-16,2.81,2.01,22.12,0.8,7.49,,
2001-02-19,,,,,7.5,,
2001-02-20,2.81,1.99,24.69,0.82,7.51,,
2001-02-21,2.82,1.99,25.75,0.83,7.54,,
2001-02-22,2.84,2.01,26.76,0.83,7.6,,
2001-02-23,2.86,2.02,27.21,0.84,7.67,,
2001-02-26,2.89,2.04,25.43,0.85,7.69,,
2001-02-27,2.86,2.02,26.49,0.84,7.68,,
2001-02-28,2.88,2.05,28.35,0.83,7.7,,
2001-03-01,2.88,2.06,28.08,0.82,7.68,,
2001-03-02,2.87,2.05,27.43,0.82,7.64,,
2001-03-05,2.83,2.02,27.12,0.81,7.61,,
2001-03-06,2.85,2.03,25.89,0.82,7.59,,
2001-03-07,2.85,2.04,24.12,0.81,7.61,,
2001-03-08,2.87,2.05,24.29,0.82,7.59,,
2001-03-09,2.82,2.01,25.62,0.81,7.53,,
2001-03-12,2.86,2.03,30.32,0.83,7.6,,
2001-03-13,2.85,2.01,27.55,0.84,7.63,,
2001-03-14,2.98,2.12,29.61,0.86,7.84,,
2001-03-15,3.03,2.16,28.56,0.87,7.88,,
2001-03-16,3.03,2.14,29.91,0.89,8,,
2001-03-19,3.02,2.13,29.78,0.89,8.02,,
2001-03-20,3.06,2.16,30.96,0.9,8.09,,
2001-03-21,3.06,2.16,31.93,0.9,8.22,,
2001-03-22,3.07,2.16,32.84,0.91,8.4,,
2001-03-23,3.04,2.14,30.45,0.9,8.3,,
2001-03-26,3.05,2.14,29.04,0.91,8.2,,
2001-03-27,2.98,2.07,27.04,0.91,8.03,,
2001-03-28,3.03,2.12,28.58,0.91,8.08,,
2001-03-29,3.02,2.11,29.17,0.91,8.13,,
2001-03-30,3.04,2.13,28.64,0.91,8.2,,
2001-03-31,,,,,8.18,,
2001-04-02,3,2.1,31.21,0.9,8.21,,
2001-04-03,3.03,2.14,34.72,0.89,8.48,,
2001-04-04,3.04,2.15,34.07,0.89,8.61,,
2001-04-05,3.03,2.13,29.94,0.9,8.63,,
2001-04-06,3.06,2.16,31.69,0.9,8.75,,
2001-04-09,3.04,2.16,31.91,0.88,8.78,,
2001-04-10,2.99,2.12,29.44,0.87,8.55,,
2001-04-11,2.96,2.08,28.46,0.88,8.5,,
2001-04-12,2.92,2.03,26.12,0.89,8.44,,
2001-04-16,2.9,2.01,26.33,0.89,8.3,,
2001-04-17,2.93,2.04,25.61,0.89,8.4,,
2001-04-18,2.95,2.07,24.13,0.88,8.46,,
2001-04-19,2.91,2.03,24.16,0.88,8.61,,
2001-04-20,2.87,2.01,25.38,0.86,8.64,,
2001-04-23,2.9,2.05,28.16,0.85,8.9,,
2001-04-24,2.85,2.02,28.49,0.83,9.02,,
2001-04-25,2.85,2.02,27.4,0.83,8.26,,
2001-04-26,2.83,2.01,25.96,0.82,8.29,,
2001-04-27,2.76,1.95,24.02,0.81,8.17,,
2001-04-30,2.73,1.93,25.48,0.8,8.06,,
2001-05-01,2.75,1.96,24.2,0.79,7.95,,
2001-05-02,2.7,1.91,24.23,0.79,7.8,,
2001-05-03,2.7,1.92,25.78,0.78,7.83,,
2001-05-04,2.73,1.95,23.91,0.78,7.86,,
2001-05-07,2.75,1.98,24.86,0.77,7.85,,
2001-05-08,2.76,1.99,24.44,0.77,7.83,,
2001-05-09,2.76,1.99,24.35,0.77,7.88,,
2001-05-10,2.74,1.95,24,0.79,7.79,,
2001-05-11,2.67,1.88,23.54,0.79,7.6,,
2001-05-14,2.68,1.89,24.26,0.79,7.7,,
2001-05-15,2.69,1.9,23.71,0.79,7.61,,
2001-05-16,2.66,1.89,21.89,0.77,7.66,,
2001-05-17,2.61,1.85,21.47,0.76,7.65,,
2001-05-18,2.62,1.86,21.23,0.76,7.63,,
2001-05-21,2.61,1.85,20.76,0.76,7.6,,
2001-05-22,2.63,1.86,21.35,0.77,7.61,,
2001-05-23,2.69,1.9,22.08,0.79,7.62,,
2001-05-24,2.65,1.85,20.57,0.8,7.53,,
2001-05-25,2.65,1.85,20.6,0.8,7.53,,
2001-05-28,,,,,7.55,,
2001-05-29,2.64,1.83,22.14,0.81,7.52,,
2001-05-30,2.63,1.82,22.76,0.81,7.56,,
2001-05-31,2.65,1.86,22.64,0.79,7.68,,
2001-06-01,2.63,1.83,21.59,0.8,7.65,,
2001-06-04,2.65,1.85,21.38,0.8,7.69,,
2001-06-05,2.66,1.87,19.58,0.79,7.76,,
2001-06-06,2.69,1.9,20.39,0.79,7.75,,
2001-06-07,2.68,1.89,19.67,0.79,7.71,,
2001-06-08,2.65,1.86,19.92,0.79,7.67,,
2001-06-11,2.66,1.88,20.7,0.78,7.71,,
2001-06-12,2.68,1.89,20.7,0.79,7.78,,
2001-06-13,2.67,1.88,21.45,0.79,7.86,,
2001-06-14,2.67,1.88,23.12,0.79,8.09,,
2001-06-15,2.71,1.93,22.81,0.78,8.04,,
2001-06-18,2.73,1.94,23.17,0.79,8.19,,
2001-06-19,2.73,1.94,22.34,0.79,8.28,,
2001-06-20,2.74,1.94,21.71,0.8,8.38,,
2001-06-21,2.74,1.93,19.38,0.81,8.4,,
2001-06-22,2.75,1.95,20.02,0.8,8.47,,
2001-06-25,2.75,1.94,20.67,0.81,8.45,,
2001-06-26,2.72,1.92,21.2,0.8,8.42,,
2001-06-27,2.68,1.87,20.88,0.81,8.34,,
2001-06-28,2.66,1.84,20.01,0.82,8.29,,
2001-06-29,2.65,1.83,19.06,0.82,8.16,,
2001-06-30,,,,,8.16,,
2001-07-02,2.67,1.83,18.76,0.84,8.18,,
2001-07-03,2.67,1.83,18.92,0.84,8.1,,
2001-07-04,,,,,8.11,,
2001-07-05,2.67,1.82,20.09,0.85,8.07,,
2001-07-06,2.69,1.84,21.63,0.85,8.13,,
2001-07-09,2.69,1.85,22.48,0.84,8.13,,
2001-07-10,2.71,1.87,23.25,0.84,8.2,,
2001-07-11,2.74,1.9,24.01,0.84,8.21,,
2001-07-12,2.74,1.89,22.09,0.85,8.28,,
2001-07-13,2.71,1.88,21.14,0.83,8.27,,
2001-07-16,2.74,1.9,22.91,0.84,8.28,,
2001-07-17,2.73,1.89,22.61,0.84,8.31,,
2001-07-18,2.78,1.95,23.6,0.83,8.45,,
2001-07-19,2.78,1.94,22.51,0.84,8.42,,
2001-07-20,2.77,1.93,22.34,0.84,8.39,,
2001-07-23,2.77,1.93,23.74,0.84,8.37,,
2001-07-24,2.74,1.92,25.24,0.82,8.37,,
2001-07-25,2.74,1.91,24,0.83,8.31,,
2001-07-26,2.76,1.93,23.01,0.83,8.27,,
2001-07-27,2.77,1.95,22,0.82,8.28,,
2001-07-30,2.76,1.94,22.69,0.82,8.32,,
2001-07-31,2.78,1.96,21.62,0.82,8.27,,
2001-08-01,2.76,1.95,20.56,0.81,8.09,,
2001-08-02,2.74,1.92,20.09,0.82,7.95,,
2001-08-03,2.72,1.91,19.89,0.81,7.92,,
2001-08-06,2.75,1.92,21.89,0.83,7.91,,
2001-08-07,2.74,1.92,21.01,0.82,7.87,,
2001-08-08,2.88,2.06,22.32,0.82,7.95,,
2001-08-09,2.84,2.02,21.75,0.82,7.93,,
2001-08-10,2.87,2.05,20.55,0.82,7.99,,
2001-08-13,2.89,2.07,20.42,0.82,8.07,,
2001-08-14,2.89,2.07,20.48,0.82,8.04,,
2001-08-15,2.86,2.05,20.91,0.81,7.96,,
2001-08-16,2.89,2.07,21.54,0.82,8.01,,
2001-08-17,2.97,2.14,23.84,0.83,8.11,,
2001-08-20,2.93,2.1,22.87,0.83,8.07,,
2001-08-21,2.98,2.13,24.4,0.85,8.12,,
2001-08-22,2.94,2.09,22.44,0.85,8.11,,
2001-08-23,2.92,2.07,22.23,0.85,8.15,,
2001-08-24,2.91,2.07,19.71,0.84,8.13,,
2001-08-27,2.91,2.07,20.56,0.84,8.14,,
2001-08-28,2.95,2.11,22,0.84,8.19,,
2001-08-29,2.97,2.14,23.03,0.83,8.23,,
2001-08-30,2.97,2.13,25.41,0.84,8.23,,
2001-08-31,2.9,2.07,24.92,0.83,8.05,,
2001-09-03,,,,,8.04,,
2001-09-04,2.88,2.04,25.85,0.84,7.87,,
2001-09-05,2.9,2.05,26.35,0.85,7.95,,
2001-09-06,2.94,2.09,28.61,0.85,8.09,,
2001-09-07,2.99,2.14,30.99,0.85,8.22,,
2001-09-10,2.99,2.14,31.84,0.85,8.22,,
2001-09-13,3.16,2.3,,0.86,,,
2001-09-14,3.36,2.5,,0.86,9.41,,
2001-09-17,3.45,2.59,41.76,0.86,9.58,,
2001-09-18,3.48,2.62,38.87,0.86,9.51,,
2001-09-19,3.52,2.66,40.56,0.86,9.6,,
2001-09-20,3.52,2.65,43.74,0.87,9.69,,
2001-09-21,3.53,2.67,42.66,0.86,9.89,,
2001-09-24,3.48,2.62,37.75,0.86,9.95,,
2001-09-25,3.48,2.64,35.81,0.84,9.88,,
2001-09-26,3.46,2.61,35.26,0.85,9.97,,
2001-09-27,3.47,2.62,34,0.85,10.07,,
2001-09-28,3.42,2.57,31.93,0.85,10.25,,
2001-09-30,,,,,10.18,,
2001-10-01,3.44,2.59,32.32,0.85,10.14,,
2001-10-02,3.42,2.54,31.18,0.88,10.17,,
2001-10-03,3.43,2.54,31.34,0.89,10.14,,
2001-10-04,3.38,2.5,31.97,0.88,10.11,,
2001-10-05,3.4,2.52,33.39,0.88,10.1,,
2001-10-08,,,35.12,,10.06,,
2001-10-09,3.36,2.49,34.83,0.87,10,,
2001-10-10,3.34,2.46,31.6,0.88,9.92,,
2001-10-11,3.3,2.41,31.5,0.89,9.81,,
2001-10-12,3.33,2.44,35.27,0.89,9.77,,
2001-10-15,3.34,2.45,35.31,0.89,9.65,,
2001-10-16,3.33,2.45,32.88,0.88,9.63,,
2001-10-17,3.31,2.42,35.08,0.89,9.61,,
2001-10-18,3.31,2.43,34.95,0.88,9.61,,
2001-10-19,3.29,2.42,34.11,0.87,9.6,,
2001-10-22,3.28,2.41,32.25,0.87,9.6,,
2001-10-23,3.28,2.41,32,0.87,9.57,,
2001-10-24,3.28,2.4,30.95,0.88,9.61,,
2001-10-25,3.3,2.42,29.46,0.88,9.62,,
2001-10-26,3.31,2.43,28.42,0.88,9.62,,
2001-10-29,3.32,2.44,31.64,0.88,9.64,,
2001-10-30,3.35,2.47,33.46,0.88,9.73,,
2001-10-31,3.38,2.51,33.56,0.87,9.61,,
2001-11-01,3.37,2.51,32.31,0.86,9.56,,
2001-11-02,3.37,2.5,30.71,0.87,9.46,,
2001-11-05,3.34,2.47,30.5,0.87,9.48,,
2001-11-06,3.36,2.49,28.8,0.87,9.5,,
2001-11-07,3.35,2.48,29.13,0.87,9.53,,
2001-11-08,3.28,2.42,28.62,0.86,9.36,,
2001-11-09,3.27,2.41,27.44,0.86,9.29,,
2001-11-12,,,29.35,,9.3,,
2001-11-13,3.24,2.37,26.47,0.87,9.24,,
2001-11-14,3.19,2.34,26.56,0.85,9.06,,
2001-11-15,3.1,2.27,25.56,0.83,8.62,,
2001-11-16,3.07,2.26,25.07,0.81,8.38,,
2001-11-19,3.08,2.27,24.46,0.81,8.48,,
2001-11-20,3.08,2.27,24.12,0.81,8.37,,
2001-11-21,3.01,2.21,24.19,0.8,8.25,,
2001-11-22,,,,,8.24,,
2001-11-23,2.97,2.17,23.25,0.8,8.15,,
2001-11-26,2.96,2.17,23.79,0.79,8.17,,
2001-11-27,3.01,2.14,24,0.87,8.18,,
2001-11-28,3.01,2.14,25.9,0.87,8.13,,
2001-11-29,3.07,2.21,25.18,0.86,8.33,,
2001-11-30,3.1,2.24,23.84,0.86,8.39,,
2001-12-03,3.14,2.26,25.77,0.88,8.38,,
2001-12-04,3.15,2.28,24.08,0.87,8.47,,
2001-12-05,3.07,2.19,23.02,0.88,8.25,,
2001-12-06,3.03,2.16,23.71,0.87,8.12,,
2001-12-07,2.96,1.68,23.49,1.28,8.01,,
2001-12-10,3,1.71,25.62,1.29,8.2,,
2001-12-11,3.01,1.57,25.3,1.44,8.31,,
2001-12-12,3.04,1.61,24.87,1.43,8.42,,
2001-12-13,2.98,1.56,25.91,1.42,8.33,,
2001-12-14,2.91,1.49,24.63,1.42,8.34,,
2001-12-17,2.97,1.52,24.26,1.45,8.17,,
2001-12-18,2.94,1.5,23.29,1.44,8.33,,
2001-12-19,2.94,1.53,22.58,1.41,8.41,,
2001-12-20,2.92,1.51,23.67,1.41,8.37,,
2001-12-21,2.87,1.48,22.5,1.39,8.32,,
2001-12-24,,,22.62,,8.3,,
2001-12-26,2.82,1.44,22.29,1.38,8.26,,
2001-12-27,2.88,1.5,21.59,1.38,8.33,,
2001-12-28,2.87,1.53,21.4,1.34,8.33,,
2001-12-31,2.85,1.54,23.8,1.31,8.24,,
2002-01-02,2.82,1.5,22.71,1.32,8.12,,
2002-01-03,2.82,1.53,21.34,1.29,8.03,,
2002-01-04,2.78,1.49,20.45,1.29,7.99,,
2002-01-07,2.8,1.5,21.94,1.3,8.06,,
2002-01-08,2.8,1.5,21.83,1.3,8.05,,
2002-01-09,2.78,1.5,22.13,1.28,8.04,,
2002-01-10,2.82,1.53,22.36,1.29,8.08,,
2002-01-11,2.86,1.56,22.6,1.3,8.17,,
2002-01-14,2.88,1.58,23.58,1.3,8.17,,
2002-01-15,2.86,1.57,22.7,1.29,8.26,,
2002-01-16,2.87,1.58,23.45,1.29,8.27,,
2002-01-17,2.82,1.53,22.25,1.29,8.22,,
2002-01-18,2.86,1.52,22.52,1.34,8.28,,
2002-01-21,,,,,8.29,,
2002-01-22,2.85,1.51,23.61,1.34,8.27,,
2002-01-23,2.87,1.52,21.88,1.35,8.22,,
2002-01-24,2.85,1.5,21.15,1.35,8.18,,
2002-01-25,2.81,1.46,21.01,1.35,8.14,,
2002-01-28,2.78,1.42,21.14,1.36,8.11,,
2002-01-29,2.84,1.47,24.35,1.37,8.26,,
2002-01-30,2.89,1.49,23.22,1.4,8.29,,
2002-01-31,2.85,1.47,21.09,1.38,7.89,,
2002-02-01,2.86,1.48,21.12,1.38,7.81,,
2002-02-04,2.93,1.51,24.87,1.42,7.91,,
2002-02-05,2.98,1.53,25.45,1.45,7.98,,
2002-02-06,3.01,1.57,26.09,1.44,8.02,,
2002-02-07,3.05,1.61,25.11,1.44,8.02,,
2002-02-08,3.03,1.6,23.26,1.43,8.08,,
2002-02-11,3.02,1.61,21.78,1.41,8.09,,
2002-02-12,2.99,1.61,21.62,1.38,8.03,,
2002-02-13,2.93,1.56,20.85,1.37,7.99,,
2002-02-14,2.95,1.58,21.77,1.37,8.05,,
2002-02-15,2.98,1.62,22.37,1.36,8.11,,
2002-02-18,,,,,8.12,,
2002-02-19,2.99,1.63,24.43,1.36,8.12,,
2002-02-20,3.01,1.64,22.66,1.37,8.19,,
2002-02-21,2.97,1.62,23.8,1.35,8.2,,
2002-02-22,2.98,1.63,22.86,1.35,8.28,,
2002-02-25,2.98,1.63,21.84,1.35,8.31,,
2002-02-26,2.96,1.61,21.68,1.35,8.25,,
2002-02-27,3,1.66,21.49,1.34,8.31,,
2002-02-28,2.98,1.64,21.59,1.34,8.19,,
2002-03-01,2.97,1.63,19.96,1.34,7.99,,
2002-03-04,2.94,1.6,20.5,1.34,7.92,,
2002-03-05,2.9,1.58,20.3,1.32,7.83,,
2002-03-06,2.91,1.59,19.94,1.32,7.77,,
2002-03-07,2.83,1.53,20.04,1.3,7.51,,
2002-03-08,2.79,1.5,19.27,1.29,7.34,,
2002-03-11,2.78,1.5,19.84,1.28,7.33,,
2002-03-12,2.78,1.5,19.59,1.28,7.32,,
2002-03-13,2.82,1.54,19.46,1.28,7.36,,
2002-03-14,2.79,1.51,19.2,1.28,7.2,,
2002-03-15,2.81,1.53,18.42,1.28,7.18,,
2002-03-18,2.8,1.52,18.93,1.28,7.2,,
2002-03-19,2.83,1.54,18.16,1.29,7.18,,
2002-03-20,2.81,1.53,18.46,1.28,7.08,,
2002-03-21,2.78,1.49,18.15,1.29,7.1,,
2002-03-22,2.78,1.48,17.77,1.3,7.08,,
2002-03-25,2.74,1.48,18.48,1.26,7.06,,
2002-03-26,2.76,1.5,18.13,1.26,7.13,,
2002-03-27,2.81,1.5,17.7,1.31,7.13,,
2002-03-28,2.81,1.48,17.4,1.33,7.11,,
2002-03-31,,,,,7.08,,
2002-04-01,2.78,1.46,18.73,1.32,7,,
2002-04-02,2.81,1.5,19.16,1.31,7.06,,
2002-04-03,2.83,1.51,20.2,1.32,7.15,,
2002-04-04,2.84,1.52,19.78,1.32,7.15,,
2002-04-05,2.85,1.54,19.13,1.31,7.21,,
2002-04-08,2.85,1.54,19.61,1.31,7.18,,
2002-04-09,2.85,1.53,19.47,1.32,7.2,,
2002-04-10,2.84,1.52,18.19,1.32,7.15,,
2002-04-11,2.83,1.52,20.3,1.31,7.17,,
2002-04-12,2.86,1.54,19.42,1.32,7.26,,
2002-04-15,2.84,1.54,19.82,1.3,7.27,,
2002-04-16,2.81,1.53,18.11,1.28,7.21,,
2002-04-17,2.79,1.49,18.43,1.3,7.14,,
2002-04-18,2.82,1.56,19.29,1.26,7.13,,
2002-04-19,2.8,1.55,18.3,1.25,7.14,,
2002-04-22,2.77,1.59,19.77,1.18,7.18,,
2002-04-23,2.78,1.59,20.28,1.19,7.17,,
2002-04-24,2.81,1.62,20.77,1.19,7.2,,
2002-04-25,2.83,1.63,20.95,1.2,7.22,,
2002-04-26,2.83,1.63,22.14,1.2,7.24,,
2002-04-29,2.82,1.6,24.05,1.22,7.19,,
2002-04-30,2.84,1.6,21.91,1.24,6.88,,
2002-05-01,2.86,1.63,20.06,1.23,6.89,,
2002-05-02,2.84,1.58,20.07,1.26,6.87,,
2002-05-03,2.89,1.63,20.19,1.26,6.94,,
2002-05-06,2.86,1.56,22.56,1.3,6.96,,
2002-05-07,2.86,1.56,21.94,1.3,7.02,,
2002-05-08,2.86,1.52,20.39,1.34,6.89,,
2002-05-09,2.89,1.54,21.56,1.35,6.89,,
2002-05-10,2.93,1.57,22.41,1.36,6.97,,
2002-05-13,2.9,1.55,20.72,1.35,6.96,,
2002-05-14,2.89,1.53,19.35,1.36,6.89,,
2002-05-15,2.91,1.56,19.19,1.35,6.93,,
2002-05-16,2.96,1.6,18.5,1.36,7.05,,
2002-05-17,2.94,1.58,17.7,1.36,7.01,,
2002-05-20,2.96,1.59,19.24,1.37,7.07,,
2002-05-21,2.95,1.58,20.05,1.37,7.11,,
2002-05-22,2.98,1.6,19.58,1.38,7.15,,
2002-05-23,2.97,1.62,18.23,1.35,7.1,,
2002-05-24,2.96,1.61,18.9,1.35,7.08,,
2002-05-27,,,,,7.08,,
2002-05-28,2.95,1.6,20.31,1.35,7.09,,
2002-05-29,2.97,1.63,20.39,1.34,7.16,,
2002-05-30,3,1.66,20.61,1.34,7.22,,
2002-05-31,2.98,1.65,19.98,1.33,7.28,,
2002-06-03,3,1.66,23.37,1.34,7.27,,
2002-06-04,3.01,1.68,23.89,1.33,7.35,,
2002-06-05,2.99,1.67,22.61,1.32,7.31,,
2002-06-06,2.99,1.69,24.16,1.3,7.35,,
2002-06-07,2.96,1.66,23.51,1.3,7.41,,
2002-06-10,2.95,1.65,23.72,1.3,7.48,,
2002-06-11,2.95,1.65,24.45,1.3,7.57,,
2002-06-12,3,1.69,24.15,1.31,7.7,,
2002-06-13,3,1.69,25.02,1.31,7.75,,
2002-06-14,3.02,1.72,25.96,1.3,7.9,,
2002-06-17,2.97,1.66,24.64,1.31,7.85,,
2002-06-18,3.02,1.71,24.24,1.31,7.85,,
2002-06-19,3.06,1.76,26.06,1.3,7.97,,
2002-06-20,3.05,1.72,27.48,1.33,7.95,,
2002-06-21,3.05,1.73,27.23,1.32,8.14,,
2002-06-24,3.03,1.7,26.98,1.33,8.19,,
2002-06-25,3.03,1.7,27.84,1.33,8.27,,
2002-06-26,3.12,1.77,28.42,1.35,9.06,,
2002-06-27,3.14,1.77,26.29,1.37,9.14,,
2002-06-28,3.13,1.75,25.4,1.38,9.23,,
2002-06-30,,,,,8.75,,
2002-07-01,3.14,1.76,27.11,1.38,8.69,,
2002-07-02,3.18,1.79,28.96,1.39,8.93,,
2002-07-03,3.17,1.77,29.42,1.4,9.02,,
2002-07-04,,,,,9.02,,
2002-07-05,3.15,1.72,27.11,1.43,8.96,,
2002-07-08,3.19,1.76,28.25,1.43,8.99,,
2002-07-09,3.19,1.78,30.22,1.41,8.98,,
2002-07-10,3.21,1.85,34.1,1.36,9.06,,
2002-07-11,3.21,1.84,33.85,1.37,9.26,,
2002-07-12,3.24,1.86,32.94,1.38,9.26,,
2002-07-15,3.26,1.85,35.03,1.41,9.19,,
2002-07-16,3.24,1.84,36.65,1.4,9.13,,
2002-07-17,3.27,1.84,35.45,1.43,9.19,,
2002-07-18,3.3,1.88,35.12,1.42,9.26,,
2002-07-19,3.25,1.89,38.17,1.36,9.37,,
2002-07-22,3.3,1.94,41.87,1.36,9.49,,
2002-07-23,3.33,1.97,44.92,1.36,9.71,,
2002-07-24,3.35,1.97,39.86,1.38,9.96,,
2002-07-25,3.35,2.03,39.27,1.32,9.98,,
2002-07-26,3.34,2.08,35.51,1.26,10.13,,
2002-07-29,3.25,1.96,31.33,1.29,10.01,,
2002-07-30,3.21,1.97,31.92,1.24,9.99,,
2002-07-31,3.25,2.02,32.03,1.23,9.71,,
2002-08-01,3.27,2.05,36.95,1.22,9.54,,
2002-08-02,3.34,2.12,41.29,1.22,9.76,,
2002-08-05,3.36,2.14,45.08,1.22,9.91,,
2002-08-06,3.3,2.06,42.03,1.24,9.81,,
2002-08-07,3.35,2.1,38.73,1.25,9.89,,
2002-08-08,3.33,2.08,36.33,1.25,9.85,,
2002-08-09,3.36,2.13,35.33,1.23,9.92,,
2002-08-12,3.33,2.13,37.05,1.2,10,,
2002-08-13,3.39,2.18,35.82,1.21,10.15,,
2002-08-14,3.37,2.17,32.36,1.2,10.2,,
2002-08-15,3.35,2.12,29.43,1.23,10.01,,
2002-08-16,3.32,2.05,28.81,1.27,9.93,,
2002-08-19,3.32,2.06,28.61,1.26,9.93,,
2002-08-20,3.36,2.12,29.59,1.24,9.94,,
2002-08-21,3.32,2.11,28.23,1.21,9.88,,
2002-08-22,3.28,2.07,27.75,1.21,9.65,,
2002-08-23,3.27,2.08,29.32,1.19,9.62,,
2002-08-26,3.29,2.1,29.89,1.19,9.55,,
2002-08-27,3.28,2.09,30.11,1.19,9.44,,
2002-08-28,3.3,2.12,33.32,1.18,9.48,,
2002-08-29,3.33,2.15,33.67,1.18,9.51,,
2002-08-30,3.32,2.14,32.64,1.18,9.5,,
2002-08-31,,,,,9.61,,
2002-09-02,,,,,9.6,,
2002-09-03,3.39,2.22,39.97,1.17,9.76,,
2002-09-04,3.4,2.21,37.44,1.19,9.75,,
2002-09-05,3.47,2.28,38.86,1.19,9.82,,
2002-09-06,3.42,2.21,36.33,1.21,9.69,,
2002-09-09,3.41,2.2,36.45,1.21,9.69,,
2002-09-10,3.43,2.23,35.08,1.2,9.7,,
2002-09-11,3.42,2.17,34.81,1.25,9.59,,
2002-09-12,3.45,2.21,37.5,1.24,9.63,,
2002-09-13,3.44,2.23,35.82,1.21,9.65,,
2002-09-16,3.47,2.23,36.74,1.24,9.61,,
2002-09-17,3.51,2.26,38.01,1.25,9.6,,
2002-09-18,3.51,2.27,37.52,1.24,9.65,,
2002-09-19,3.55,2.32,40.65,1.23,9.82,,
2002-09-20,3.59,2.32,38.98,1.27,9.92,,
2002-09-23,3.63,2.37,39.68,1.26,10.12,,
2002-09-24,3.65,2.35,40.52,1.3,10.26,,
2002-09-25,3.67,2.38,37.33,1.29,10.18,,
2002-09-26,3.64,2.35,34.6,1.29,10.17,,
2002-09-27,3.71,2.42,36.97,1.29,10.3,,
2002-09-30,3.76,2.46,39.69,1.3,10.33,,
2002-10-01,3.74,2.43,34.12,1.31,10.21,,
2002-10-02,3.73,2.43,36.83,1.3,10.34,,
2002-10-03,3.76,2.45,37.31,1.31,10.48,,
2002-10-04,3.78,2.45,39.46,1.33,10.55,,
2002-10-07,3.86,2.49,42.64,1.37,10.71,,
2002-10-08,3.89,2.51,41.02,1.38,10.87,,
2002-10-09,3.9,2.5,42.13,1.4,11.17,,
2002-10-10,3.9,2.46,37.55,1.44,11.2,,
2002-10-11,3.88,2.4,35.7,1.48,11.07,,
2002-10-14,,,36.04,,11.09,,
2002-10-15,3.74,2.28,34.02,1.46,10.73,,
2002-10-16,3.77,2.33,36,1.44,10.73,,
2002-10-17,3.73,2.29,34.1,1.44,10.64,,
2002-10-18,3.76,2.31,33.53,1.45,10.65,,
2002-10-21,3.7,2.26,33.11,1.44,10.54,,
2002-10-22,3.71,2.25,34.09,1.46,10.53,,
2002-10-23,3.73,2.27,33.2,1.46,10.54,,
2002-10-24,3.77,2.32,34.03,1.45,10.53,,
2002-10-25,3.78,2.34,30,1.44,10.57,,
2002-10-28,3.81,2.37,31.07,1.44,10.55,,
2002-10-29,3.85,2.42,32.27,1.43,10.67,,
2002-10-30,3.83,2.41,31.23,1.42,10.62,,
2002-10-31,3.82,2.41,31.14,1.41,10.59,,
2002-11-01,3.76,2.34,29.3,1.42,10.47,,
2002-11-04,3.72,2.31,30.82,1.41,10.3,,
2002-11-05,3.72,2.31,31.23,1.41,10.19,,
2002-11-06,3.72,2.31,30.73,1.41,10.1,,
2002-11-07,3.73,2.37,31.42,1.36,10.12,,
2002-11-08,3.66,2.32,29.41,1.34,10.16,,
2002-11-11,,,31.3,,10.18,,
2002-11-12,3.68,2.33,30.58,1.35,10.15,,
2002-11-13,3.67,2.33,31.24,1.34,10.11,,
2002-11-14,3.58,2.24,28.67,1.34,9.94,,
2002-11-15,3.54,2.23,26.65,1.31,9.78,,
2002-11-18,3.52,2.23,27.66,1.29,9.7,,
2002-11-19,3.5,2.24,27.41,1.26,9.61,,
2002-11-20,3.48,2.21,25.32,1.27,9.39,,
2002-11-21,3.46,2.21,23.81,1.25,9.15,,
2002-11-22,3.43,2.18,23.16,1.25,9.04,,
2002-11-25,3.42,2.18,24.07,1.24,9.01,,
2002-11-26,3.45,2.22,25.97,1.23,9.14,,
2002-11-27,3.39,2.17,27.25,1.22,8.94,,
2002-11-28,,,,,8.94,,
2002-11-29,3.38,2.17,27.5,1.21,9.01,,
2002-11-30,,,,,8.83,,
2002-12-02,3.37,2.16,27.46,1.21,8.67,,
2002-12-03,3.35,2.15,28.33,1.2,8.67,,
2002-12-04,3.38,2.13,28.92,1.25,8.81,,
2002-12-05,3.38,2.14,30.1,1.24,8.89,,
2002-12-06,3.42,2.19,28.88,1.23,9,,
2002-12-09,3.42,2.18,30.78,1.24,9.08,,
2002-12-10,3.4,2.16,28.76,1.24,9.05,,
2002-12-11,3.4,2.14,27.76,1.26,9.09,,
2002-12-12,3.42,2.15,27.29,1.27,9.06,,
2002-12-13,3.42,2.15,28.18,1.27,8.99,,
2002-12-16,3.37,2.12,26.24,1.25,8.88,,
2002-12-17,3.37,2.15,26.66,1.22,8.9,,
2002-12-18,3.4,2.19,28.29,1.21,8.94,,
2002-12-19,3.44,2.22,30.21,1.22,9.03,,
2002-12-20,3.42,2.2,26.71,1.22,8.99,,
2002-12-23,3.44,2.2,26.2,1.24,9,,
2002-12-24,3.44,2.21,26.49,1.23,9.01,,
2002-12-26,3.45,2.22,27.37,1.23,9.02,,
2002-12-27,3.49,2.25,29.55,1.24,9.11,,
2002-12-30,3.48,2.25,29.62,1.23,9.13,,
2002-12-31,3.48,2.26,28.62,1.22,8.9,,
2003-01-02,3.37,2.16,25.39,1.21,8.65,,
2003-01-03,3.39,2.18,24.68,1.21,8.57,,
2003-01-06,3.38,2.14,24.91,1.24,8.41,,
2003-01-07,3.39,2.18,25.13,1.21,8.26,,
2003-01-08,3.35,2.18,25.53,1.17,8.18,,
2003-01-09,3.29,2.11,24.25,1.18,7.95,,
2003-01-10,3.31,2.12,24.32,1.19,7.92,,
2003-01-13,3.29,2.11,24.9,1.18,7.92,,
2003-01-14,3.31,2.13,24.57,1.18,7.96,,
2003-01-15,3.29,2.12,25.51,1.17,7.96,,
2003-01-16,3.29,2.11,25.01,1.18,7.99,,
2003-01-17,3.29,2.13,25.7,1.16,8.1,,
2003-01-20,,,,,8.11,,
2003-01-21,3.31,2.12,27.59,1.19,8.12,,
2003-01-22,3.33,2.15,29.01,1.18,8.23,,
2003-01-23,3.33,2.14,27.53,1.19,8.16,,
2003-01-24,3.33,2.15,31.51,1.18,8.21,,
2003-01-27,3.27,2.14,34.69,1.13,8.29,,
2003-01-28,3.23,2.12,31.93,1.11,8.25,,
2003-01-29,3.18,2.03,31.26,1.15,8.24,,
2003-01-30,3.19,2.06,31.32,1.13,8.25,,
2003-01-31,3.16,2.04,31.17,1.12,8.29,,
2003-02-03,3.14,2.02,31.02,1.12,8.21,,
2003-02-04,3.12,2.02,32.76,1.1,8.28,,
2003-02-05,3.11,1.98,33.04,1.13,8.23,,
2003-02-06,3.12,1.99,33.35,1.13,8.35,,
2003-02-07,3.11,2,34.01,1.11,8.39,,
2003-02-10,3.11,2,33.99,1.11,8.35,,
2003-02-11,3.13,1.99,33.68,1.14,8.37,,
2003-02-12,3.16,2.04,34.33,1.12,8.5,,
2003-02-13,3.17,2.05,33.7,1.12,8.69,,
2003-02-14,3.16,2.04,32.62,1.12,8.62,,
2003-02-17,,,,,8.58,,
2003-02-18,3.16,2.04,31.11,1.12,8.56,,
2003-02-19,3.16,2.07,31.31,1.09,8.53,,
2003-02-20,3.18,2.08,31.16,1.1,8.51,,
2003-02-21,3.16,2.07,30.25,1.09,8.42,,
2003-02-24,3.17,2.09,31.98,1.08,8.41,,
2003-02-25,3.18,2.11,31.74,1.07,8.45,,
2003-02-26,3.18,2.11,31.94,1.07,8.44,,
2003-02-27,3.2,2.1,30.53,1.1,8.4,,
2003-02-28,3.21,2.12,29.63,1.09,8.38,,
2003-03-03,3.23,2.15,30.43,1.08,8.29,,
2003-03-04,3.25,2.17,31.83,1.08,8.31,,
2003-03-05,3.25,2.18,30.38,1.07,8.33,,
2003-03-06,3.24,2.16,31.37,1.08,8.31,,
2003-03-07,3.26,2.19,31.08,1.07,8.34,,
2003-03-10,3.29,2.22,33.31,1.07,8.38,,
2003-03-11,3.28,2.2,33.61,1.08,8.33,,
2003-03-12,3.26,2.18,33.51,1.08,8.32,,
2003-03-13,3.21,2.11,31.76,1.1,8.16,,
2003-03-14,3.22,2.12,30.98,1.1,8.17,,
2003-03-17,3.17,2.09,31.75,1.08,8.04,,
2003-03-18,3.11,2.04,30.43,1.07,7.91,,
2003-03-19,3.04,2,31.54,1.04,7.88,,
2003-03-20,3.05,2.02,30.44,1.03,7.84,,
2003-03-21,2.99,1.96,28.67,1.03,7.69,,
2003-03-24,3.03,2.02,30.39,1.01,7.81,,
2003-03-25,3.04,2.02,28.75,1.02,7.8,,
2003-03-26,3.01,1.98,28.23,1.03,7.78,,
2003-03-27,3,1.96,27.96,1.04,7.76,,
2003-03-28,3.01,1.95,27.75,1.06,7.75,,
2003-03-31,3.04,1.94,29.15,1.1,7.72,,
2003-04-01,3.02,1.93,28.36,1.09,7.61,,
2003-04-02,2.98,1.9,28.02,1.08,7.36,,
2003-04-03,3.01,1.9,28.21,1.11,7.31,,
2003-04-04,2.99,1.87,29.13,1.12,7.24,,
2003-04-07,2.95,1.84,28.45,1.11,7.11,,
2003-04-08,2.97,1.85,27.13,1.12,7.21,,
2003-04-09,2.97,1.85,27.11,1.12,7.31,,
2003-04-10,2.96,1.85,25.6,1.11,7.28,,
2003-04-11,2.93,1.82,24.44,1.11,7.21,,
2003-04-14,2.92,1.81,23.41,1.11,7.12,,
2003-04-15,2.92,1.83,22.56,1.09,7.07,,
2003-04-16,2.9,1.82,22.52,1.08,7.05,,
2003-04-17,2.86,1.78,21.5,1.08,6.97,,
2003-04-21,2.84,1.74,21.95,1.1,6.92,,
2003-04-22,2.83,1.72,20.7,1.11,6.86,,
2003-04-23,2.79,1.68,20.8,1.11,6.71,,
2003-04-24,2.8,1.69,20.33,1.11,6.69,,
2003-04-25,2.82,1.69,20.8,1.13,6.68,,
2003-04-28,2.79,1.65,20.84,1.14,6.64,,
2003-04-29,2.77,1.65,20.76,1.12,6.55,,
2003-04-30,2.76,1.64,21.21,1.12,6.44,,
2003-05-01,2.77,1.66,21.59,1.11,6.37,,
2003-05-02,2.73,1.6,20.63,1.13,6.26,,
2003-05-05,2.71,1.6,21.13,1.11,6.25,,
2003-05-06,2.74,1.63,20.8,1.11,6.34,,
2003-05-07,2.78,1.68,21,1.1,6.46,,
2003-05-08,2.67,1.65,21.24,1.02,6.55,,
2003-05-09,2.81,1.67,19.69,1.14,6.53,,
2003-05-12,2.83,1.69,19.52,1.14,6.53,,
2003-05-13,2.83,1.68,19.91,1.15,6.53,,
2003-05-14,2.83,1.67,20,1.16,6.62,,
2003-05-15,2.83,1.64,19.24,1.19,6.55,,
2003-05-16,2.84,1.67,18.4,1.17,6.63,,
2003-05-19,2.86,1.66,20.51,1.2,6.66,,
2003-05-20,2.86,1.65,21.29,1.21,6.77,,
2003-05-21,2.86,1.59,21.21,1.27,6.8,,
2003-05-22,2.85,1.64,19.78,1.21,6.86,,
2003-05-23,2.81,1.6,19.17,1.21,6.87,,
2003-05-26,,,,,6.87,,
2003-05-27,2.83,1.63,19.99,1.2,6.88,,
2003-05-28,2.83,1.65,20.03,1.18,6.89,,
2003-05-29,2.87,1.69,20.43,1.18,6.87,,
2003-05-30,2.85,1.67,19.47,1.18,6.81,,
2003-05-31,,,,,6.79,,
2003-06-02,2.85,1.65,20.85,1.2,6.66,,
2003-06-03,2.88,1.67,20.84,1.21,6.74,,
2003-06-04,2.87,1.64,20.62,1.23,6.7,,
2003-06-05,2.87,1.64,20.83,1.23,6.58,,
2003-06-06,2.83,1.6,21.25,1.23,6.48,,
2003-06-09,2.87,1.64,22.15,1.23,6.51,,
2003-06-10,2.89,1.65,20.64,1.24,6.58,,
2003-06-11,2.87,1.63,20.21,1.24,6.5,,
2003-06-12,2.88,1.63,20.41,1.25,6.48,,
2003-06-13,2.88,1.63,20.66,1.25,6.46,,
2003-06-16,2.87,1.63,20.22,1.24,6.31,,
2003-06-17,2.85,1.62,20.01,1.23,6.14,,
2003-06-18,2.83,1.52,19.76,1.31,6.04,,
2003-06-19,2.87,1.66,19.8,1.21,6.09,,
2003-06-20,2.86,1.65,19.14,1.21,6.07,,
2003-06-23,2.88,1.67,20.58,1.21,6.21,,
2003-06-24,2.87,1.65,20.75,1.22,6.29,,
2003-06-25,2.85,1.65,20.81,1.2,6.15,,
2003-06-26,2.8,1.6,19.4,1.2,6.03,,
2003-06-27,2.8,1.61,19.16,1.19,6.03,,
2003-06-30,2.81,1.62,19.52,1.19,6.13,,
2003-07-01,2.81,1.63,19.46,1.18,6.15,,
2003-07-02,2.75,1.61,19.03,1.14,6.18,,
2003-07-03,2.72,1.6,19.39,1.12,6.11,,
2003-07-04,,,,,6.11,,
2003-07-07,2.7,1.58,20.06,1.12,6.05,,
2003-07-08,2.68,1.57,19.48,1.11,5.97,,
2003-07-09,2.68,1.57,18.93,1.11,5.97,,
2003-07-10,2.71,1.6,19.19,1.11,6,,
2003-07-11,2.73,1.62,18.47,1.11,6.05,,
2003-07-14,2.72,1.62,19.59,1.1,5.94,,
2003-07-15,2.66,1.57,19.55,1.09,5.73,,
2003-07-16,2.62,1.5,19.76,1.12,5.76,,
2003-07-17,2.61,1.49,20.22,1.12,5.75,,
2003-07-18,2.61,1.46,19.11,1.15,5.76,,
2003-07-21,2.57,1.43,19.78,1.14,5.59,,
2003-07-22,2.56,1.42,19.17,1.14,5.66,,
2003-07-23,2.59,1.46,18.64,1.13,5.72,,
2003-07-24,2.55,1.43,18.6,1.12,5.7,,
2003-07-25,2.57,1.44,17.75,1.13,5.73,,
2003-07-28,2.58,1.45,18.36,1.13,5.65,,
2003-07-29,2.55,1.42,18.67,1.13,5.63,,
2003-07-30,2.55,1.44,18.85,1.11,5.83,,
2003-07-31,2.58,1.46,19.49,1.12,5.67,,
2003-08-01,2.57,1.43,20.75,1.14,5.77,,
2003-08-04,2.62,1.48,21.27,1.14,5.84,,
2003-08-05,2.62,1.47,22.68,1.15,5.8,,
2003-08-06,2.64,1.48,21.5,1.16,6.06,,
2003-08-07,2.64,1.48,20.26,1.16,6.15,,
2003-08-08,2.69,1.53,19.59,1.16,6.13,,
2003-08-11,2.61,1.46,19.75,1.15,6.08,,
2003-08-12,2.63,1.48,17.94,1.15,6.13,,
2003-08-13,2.56,1.42,18.77,1.14,5.99,,
2003-08-14,2.59,1.46,18.47,1.13,6.06,,
2003-08-15,2.55,1.42,18.27,1.13,6.07,,
2003-08-18,2.6,1.45,18.18,1.15,6.05,,
2003-08-19,2.61,1.46,17.86,1.15,5.98,,
2003-08-20,2.56,1.44,17.82,1.12,5.81,,
2003-08-21,2.51,1.38,17.84,1.13,5.61,,
2003-08-22,2.49,1.37,18.55,1.12,5.62,,
2003-08-25,2.5,1.38,19.53,1.12,5.53,,
2003-08-26,2.49,1.38,19.49,1.11,5.55,,
2003-08-27,2.47,1.37,19.13,1.1,5.45,,
2003-08-28,2.49,1.4,18.48,1.09,5.5,,
2003-08-29,2.46,1.38,18.63,1.08,5.43,,
2003-08-31,,,,,5.46,,
2003-09-01,,,,,5.46,,
2003-09-02,2.39,1.32,19.02,1.07,5.19,,
2003-09-03,2.4,1.34,19.44,1.06,5.16,,
2003-09-04,2.46,1.39,18.71,1.07,5.25,,
2003-09-05,2.52,1.45,18.17,1.07,5.42,,
2003-09-08,2.48,1.41,18.26,1.07,5.35,,
2003-09-09,2.53,1.45,18.85,1.08,5.34,,
2003-09-10,2.55,1.47,20.01,1.08,5.42,,
2003-09-11,2.48,1.4,19.25,1.08,5.36,,
2003-09-12,2.56,1.49,18.68,1.07,5.42,,
2003-09-15,2.55,1.48,19.28,1.07,5.43,,
2003-09-16,2.57,1.51,18.03,1.06,5.39,,
2003-09-17,2.56,1.51,18.15,1.05,5.41,,
2003-09-18,2.54,1.5,17.57,1.04,5.32,,
2003-09-19,2.52,1.48,17.54,1.04,5.26,,
2003-09-22,2.52,1.47,19.65,1.05,5.28,,
2003-09-23,2.5,1.4,19.47,1.1,5.34,,
2003-09-24,2.5,1.41,21.22,1.09,5.36,,
2003-09-25,2.52,1.42,22.26,1.1,5.37,,
2003-09-26,2.55,1.45,22.23,1.1,5.45,,
2003-09-29,2.56,1.46,21.67,1.1,5.4,,
2003-09-30,2.57,1.47,22.72,1.1,5.51,,
2003-10-01,2.56,1.47,21.07,1.09,5.46,,
2003-10-02,2.54,1.45,20.8,1.09,5.36,,
2003-10-03,2.52,1.43,19.5,1.09,5.18,,
2003-10-06,2.51,1.43,19.51,1.08,5.25,,
2003-10-07,2.49,1.42,19.41,1.07,5.13,,
2003-10-08,2.51,1.44,19.18,1.07,5.1,,
2003-10-09,2.5,1.44,18.82,1.06,5.02,,
2003-10-10,2.48,1.43,18.45,1.05,5.02,,
2003-10-13,,,17.55,,5.01,,
2003-10-14,2.48,1.43,17.37,1.05,4.88,,
2003-10-15,2.44,1.41,17.69,1.03,4.74,,
2003-10-16,2.4,1.38,17.19,1.02,4.62,,
2003-10-17,2.38,1.38,17.62,1,4.68,,
2003-10-20,2.36,1.36,17.04,1,4.68,,
2003-10-21,2.39,1.38,16.55,1.01,4.68,,
2003-10-22,2.43,1.41,17.67,1.02,4.81,,
2003-10-23,2.41,1.39,17.68,1.02,4.82,,
2003-10-24,2.42,1.4,17.71,1.02,4.89,,
2003-10-27,2.39,1.38,18.05,1.01,4.8,,
2003-10-28,2.41,1.4,16.82,1.01,4.87,,
2003-10-29,2.39,1.39,16.43,1,4.77,,
2003-10-30,2.36,1.38,16.33,0.98,4.68,,
2003-10-31,2.36,1.36,16.1,1,4.73,,
2003-11-03,2.32,1.32,16.55,1,4.65,,
2003-11-04,2.36,1.35,16.55,1.01,4.68,,
2003-11-05,2.35,1.34,16.86,1.01,4.62,,
2003-11-06,2.34,1.32,16.74,1.02,4.56,,
2003-11-07,2.32,1.31,16.93,1.01,4.52,,
2003-11-10,2.33,1.32,17.62,1.01,4.5,,
2003-11-11,,,17.54,,4.5,,
2003-11-12,2.33,1.31,16.75,1.02,4.55,,
2003-11-13,2.35,1.34,16.47,1.01,4.69,,
2003-11-14,2.37,1.37,16.94,1,4.74,,
2003-11-17,2.39,1.39,18.6,1,4.74,,
2003-11-18,2.38,1.38,19.11,1,4.73,,
2003-11-19,2.37,1.37,18.8,1,4.65,,
2003-11-20,2.4,1.39,19.48,1.01,4.76,,
2003-11-21,2.39,1.38,18.98,1.01,4.75,,
2003-11-24,2.38,1.37,17.44,1.01,4.67,,
2003-11-25,2.38,1.37,16.71,1.01,4.62,,
2003-11-26,2.35,1.34,16.23,1.01,4.55,,
2003-11-27,,,,,4.55,,
2003-11-28,2.33,1.3,16.32,1.03,4.46,,
2003-11-30,,,,,4.48,,
2003-12-01,2.3,1.28,16.77,1.02,4.37,,
2003-12-02,2.3,1.29,16.27,1.01,4.35,,
2003-12-03,2.29,1.32,16.63,0.97,4.27,,
2003-12-04,2.29,1.32,16.3,0.97,4.26,,
2003-12-05,2.33,1.36,17.09,0.97,4.39,,
2003-12-08,2.33,1.37,16.54,0.96,4.29,,
2003-12-09,2.34,1.39,17.63,0.95,4.19,,
2003-12-10,2.35,1.39,17.87,0.96,4.22,,
2003-12-11,2.35,1.38,16.73,0.97,4.35,,
2003-12-12,2.34,1.37,16.41,0.97,4.34,,
2003-12-15,2.34,1.37,17.23,0.97,4.27,,
2003-12-16,2.35,1.38,15.93,0.97,4.31,,
2003-12-17,2.35,1.38,15.58,0.97,4.34,,
2003-12-18,2.32,1.35,16.16,0.97,4.34,,
2003-12-19,2.33,1.35,16.42,0.98,4.33,,
2003-12-22,2.34,1.35,16.94,0.99,4.28,,
2003-12-23,2.31,1.32,16.49,0.99,4.16,,
2003-12-24,2.34,1.36,16.66,0.98,4.25,,
2003-12-26,2.33,1.35,17.45,0.98,4.28,,
2003-12-29,2.33,1.35,17.09,0.98,4.22,,
2003-12-30,2.33,1.35,17.68,0.98,4.17,,
2003-12-31,2.34,1.36,18.31,0.98,4.18,,
2004-01-02,2.32,1.35,18.22,0.97,4.08,,
2004-01-05,2.27,1.29,17.49,0.98,3.97,,
2004-01-06,2.32,1.34,16.73,0.98,3.98,,
2004-01-07,2.3,1.34,15.5,0.96,3.92,,
2004-01-08,2.26,1.36,15.61,0.9,3.87,,
2004-01-09,2.31,1.41,16.75,0.9,4.01,,
2004-01-12,2.32,1.41,16.82,0.91,4,,
2004-01-13,2.35,1.44,18.04,0.91,4.05,,
2004-01-14,2.33,1.42,16.75,0.91,4.04,,
2004-01-15,2.33,1.42,15.56,0.91,3.98,,
2004-01-16,2.3,1.39,15,0.91,3.94,,
2004-01-19,,,,,3.93,,
2004-01-20,2.31,1.4,15.21,0.91,3.89,,
2004-01-21,2.33,1.42,14.34,0.91,3.88,,
2004-01-22,2.33,1.42,14.71,0.91,3.9,,
2004-01-23,2.3,1.4,14.84,0.9,3.79,,
2004-01-26,2.28,1.4,14.55,0.88,3.76,,
2004-01-27,2.26,1.4,15.35,0.86,3.88,,
2004-01-28,2.23,1.37,16.78,0.86,3.81,,
2004-01-29,2.19,1.36,17.14,0.83,3.92,,
2004-01-30,2.19,1.37,16.63,0.82,4.03,,
2004-01-31,,,,,4.05,,
2004-02-02,2.17,1.37,17.11,0.8,4.06,,
2004-02-03,2.18,1.39,17.34,0.79,4.17,,
2004-02-04,2.16,1.38,17.87,0.78,4.2,,
2004-02-05,2.13,1.35,17.71,0.78,4.22,,
2004-02-06,2.16,1.39,16,0.77,4.34,,
2004-02-09,2.16,1.4,16.39,0.76,4.28,,
2004-02-10,2.15,1.39,15.94,0.76,4.24,,
2004-02-11,2.19,1.43,15.39,0.76,4.31,,
2004-02-12,2.18,1.43,15.31,0.75,4.19,,
2004-02-13,2.2,1.45,15.58,0.75,4.25,,
2004-02-16,,,,,4.23,,
2004-02-17,2.19,1.45,15.4,0.74,4.21,,
2004-02-18,2.19,1.44,15.59,0.75,4.23,,
2004-02-19,2.19,1.42,15.8,0.77,4.24,,
2004-02-20,2.18,1.43,16.04,0.75,4.22,,
2004-02-23,2.2,1.44,16.29,0.76,4.3,,
2004-02-24,2.19,1.43,15.9,0.76,4.38,,
2004-02-25,2.21,1.44,14.93,0.77,4.36,,
2004-02-26,2.2,1.44,14.83,0.76,4.32,,
2004-02-27,2.21,1.44,14.55,0.77,4.34,,
2004-02-29,,,,,4.34,,
2004-03-01,2.2,1.43,14.44,0.77,4.29,,
2004-03-02,2.19,1.42,14.86,0.77,4.22,,
2004-03-03,2.18,1.41,14.55,0.77,4.22,,
2004-03-04,2.18,1.41,14.4,0.77,4.24,,
2004-03-05,2.25,1.47,14.48,0.78,4.35,,
2004-03-08,2.3,1.51,15.79,0.79,4.37,,
2004-03-09,2.3,1.51,16.6,0.79,4.4,,
2004-03-10,2.31,1.52,18.67,0.79,4.37,,
2004-03-11,2.32,1.53,20.67,0.79,4.41,,
2004-03-12,2.31,1.51,18.3,0.8,4.39,,
2004-03-15,2.31,1.5,21.13,0.81,4.41,,
2004-03-16,2.34,1.57,20.34,0.77,4.53,,
2004-03-17,2.33,1.56,18.11,0.77,4.5,,
2004-03-18,2.32,1.52,18.53,0.8,4.46,,
2004-03-19,2.3,1.51,19.15,0.79,4.43,,
2004-03-22,2.32,1.5,21.58,0.82,4.52,,
2004-03-23,2.33,1.53,20.67,0.8,4.54,,
2004-03-24,2.33,1.53,19.81,0.8,4.56,,
2004-03-25,2.34,1.53,17.88,0.81,4.53,,
2004-03-26,2.31,1.51,17.33,0.8,4.42,,
2004-03-29,2.28,1.49,16.5,0.79,4.34,,
2004-03-30,2.28,1.5,16.28,0.78,4.33,,
2004-03-31,2.29,1.51,16.74,0.78,4.41,,
2004-04-01,2.27,1.49,16.65,0.78,4.32,,
2004-04-02,2.17,1.4,15.64,0.77,4.16,,
2004-04-05,2.13,1.38,14.97,0.75,4.11,,
2004-04-06,2.16,1.41,15.32,0.75,4.14,,
2004-04-07,2.15,1.4,15.76,0.75,4.11,,
2004-04-08,2.15,1.41,16.26,0.74,4.06,,
2004-04-12,2.13,1.39,15.28,0.74,4.02,,
2004-04-13,2.11,1.38,17.26,0.73,3.96,,
2004-04-14,2.08,1.36,15.62,0.72,3.97,,
2004-04-15,2.09,1.38,15.74,0.71,3.95,,
2004-04-16,2.11,1.4,14.94,0.71,3.96,,
2004-04-19,2.12,1.4,15.42,0.72,3.94,,
2004-04-20,2.1,1.39,16.67,0.71,3.91,,
2004-04-21,2.09,1.37,15.6,0.72,3.91,,
2004-04-22,2.1,1.38,14.61,0.72,3.93,,
2004-04-23,2.07,1.36,14.01,0.71,3.81,,
2004-04-26,2.06,1.35,14.77,0.71,3.82,,
2004-04-27,2.08,1.37,15.07,0.71,3.85,,
2004-04-28,2.06,1.35,16.29,0.71,3.81,,
2004-04-29,2.06,1.34,16.6,0.72,3.83,,
2004-04-30,2.05,1.34,17.19,0.71,3.91,,
2004-05-03,2.05,1.34,16.62,0.71,3.93,,
2004-05-04,2.07,1.36,16.55,0.71,3.98,,
2004-05-05,2.05,1.3,15.77,0.75,3.97,,
2004-05-06,2.06,1.35,17.05,0.71,4.04,,
2004-05-07,1.97,1.27,18.13,0.7,3.99,,
2004-05-10,1.98,1.31,19.77,0.67,4.21,,
2004-05-11,1.99,1.29,18.57,0.7,4.24,,
2004-05-12,2,1.3,18.14,0.7,4.31,,
2004-05-13,2.02,1.33,18.86,0.69,4.37,,
2004-05-14,2.03,1.33,18.47,0.7,4.48,,
2004-05-17,2.08,1.36,19.96,0.72,4.56,,
2004-05-18,2.05,1.34,19.33,0.71,4.46,,
2004-05-19,2.03,1.33,18.93,0.7,4.32,,
2004-05-20,2.05,1.33,18.67,0.72,4.4,,
2004-05-21,2.03,1.32,18.49,0.71,4.32,,
2004-05-24,2.02,1.31,18.08,0.71,4.29,,
2004-05-25,2.02,1.3,15.96,0.72,4.28,,
2004-05-26,2.05,1.33,15.97,0.72,4.28,,
2004-05-27,2.05,1.33,15.28,0.72,4.32,,
2004-05-28,2.03,1.31,15.5,0.72,4.24,,
2004-05-31,,,,,4.28,,
2004-06-01,2.05,1.31,16.3,0.74,4.25,,
2004-06-02,2.06,1.3,16.08,0.76,4.23,,
2004-06-03,2.08,1.32,17.03,0.76,4.25,,
2004-06-04,2.06,1.29,16.78,0.77,4.16,,
2004-06-07,2.05,1.29,15.39,0.76,4.16,,
2004-06-08,2.04,1.28,15.01,0.76,4.1,,
2004-06-09,2.03,1.28,15.39,0.75,4.05,,
2004-06-10,2.03,1.27,15.04,0.76,4.06,,
2004-06-11,,,15.04,,4.05,,
2004-06-14,2.01,1.25,16.07,0.76,4,,
2004-06-15,2.06,1.28,15.05,0.78,4.12,,
2004-06-16,2.04,1.28,14.79,0.76,4.05,,
2004-06-17,2.03,1.25,15.15,0.78,4.06,,
2004-06-18,2.03,1.26,14.99,0.77,4.02,,
2004-06-21,2.05,1.28,15.26,0.77,4.02,,
2004-06-22,2.05,1.27,14.31,0.78,3.98,,
2004-06-23,2.06,1.27,13.98,0.79,3.98,,
2004-06-24,2.06,1.29,14.81,0.77,4.01,,
2004-06-25,2.07,1.29,15.19,0.78,4,,
2004-06-28,2.04,1.27,16.07,0.77,3.91,,
2004-06-29,2.06,1.28,15.47,0.78,3.96,,
2004-06-30,2.09,1.29,14.34,0.8,4.1,,
2004-07-01,2.12,1.32,15.2,0.8,4.13,,
2004-07-02,2.13,1.33,15.08,0.8,4.17,,
2004-07-05,,,,,4.18,,
2004-07-06,2.14,1.34,16.25,0.8,4.13,,
2004-07-07,2.13,1.33,15.81,0.8,4.12,,
2004-07-08,2.14,1.34,16.2,0.8,4.1,,
2004-07-09,2.14,1.34,15.78,0.8,4.08,,
2004-07-12,2.15,1.35,14.96,0.8,4.08,,
2004-07-13,2.14,1.34,14.46,0.8,4.02,,
2004-07-14,2.12,1.33,13.76,0.79,3.98,,
2004-07-15,2.12,1.33,14.71,0.79,3.94,,
2004-07-16,2.15,1.35,14.34,0.8,4.02,,
2004-07-19,2.14,1.35,15.17,0.79,3.98,,
2004-07-20,2.12,1.31,14.17,0.81,3.86,,
2004-07-21,2.12,1.31,16.41,0.81,3.84,,
2004-07-22,2.13,1.32,15.75,0.81,3.91,,
2004-07-23,2.13,1.32,16.5,0.81,3.95,,
2004-07-26,2.11,1.31,17.3,0.8,3.95,,
2004-07-27,2.09,1.29,16.55,0.8,3.92,,
2004-07-28,2.1,1.3,16.15,0.8,3.96,,
2004-07-29,2.09,1.3,15.68,0.79,3.94,,
2004-07-30,2.1,1.31,15.32,0.79,3.99,,
2004-07-31,,,,,4.02,,
2004-08-02,2.13,1.31,15.37,0.82,4.04,,
2004-08-03,2.14,1.32,16.03,0.82,4.05,,
2004-08-04,2.14,1.32,16.21,0.82,4.06,,
2004-08-05,2.14,1.32,18.32,0.82,4.05,,
2004-08-06,2.22,1.4,19.34,0.82,4.19,,
2004-08-09,2.19,1.37,18.89,0.82,4.16,,
2004-08-10,2.18,1.35,17.47,0.83,4.12,,
2004-08-11,2.17,1.37,18.04,0.8,4.11,,
2004-08-12,2.19,1.39,19.08,0.8,4.17,,
2004-08-13,2.2,1.39,17.98,0.81,4.2,,
2004-08-16,2.2,1.38,17.57,0.82,4.16,,
2004-08-17,2.21,1.39,17.02,0.82,4.18,,
2004-08-18,2.2,1.39,16.23,0.81,4.13,,
2004-08-19,2.2,1.38,16.96,0.82,4.12,,
2004-08-20,2.19,1.37,16,0.82,4.07,,
2004-08-23,2.19,1.37,15.88,0.82,4.01,,
2004-08-24,2.18,1.37,15.33,0.81,4,,
2004-08-25,2.18,1.37,14.98,0.81,3.97,,
2004-08-26,2.19,1.38,14.91,0.81,3.99,,
2004-08-27,2.18,1.37,14.71,0.81,3.97,,
2004-08-30,2.19,1.38,15.44,0.81,3.98,,
2004-08-31,2.19,1.38,15.29,0.81,4.06,,
2004-09-01,2.2,1.38,14.91,0.82,4.07,,
2004-09-02,2.17,1.35,14.28,0.82,3.99,,
2004-09-03,2.15,1.33,13.91,0.82,3.89,,
2004-09-06,,,,,3.89,,
2004-09-07,2.13,1.31,14.07,0.82,3.93,,
2004-09-08,2.15,1.33,14.06,0.82,3.96,,
2004-09-09,2.15,1.33,14.01,0.82,3.89,,
2004-09-10,2.16,1.34,13.76,0.82,3.88,,
2004-09-13,2.15,1.34,13.17,0.81,3.86,,
2004-09-14,2.15,1.34,13.56,0.81,3.85,,
2004-09-15,2.14,1.33,14.64,0.81,3.82,,
2004-09-16,2.16,1.35,14.39,0.81,3.93,,
2004-09-17,2.13,1.33,14.03,0.8,3.83,,
2004-09-20,2.14,1.35,14.43,0.79,3.88,,
2004-09-21,2.14,1.34,13.66,0.8,3.85,,
2004-09-22,2.13,1.33,14.74,0.8,3.87,,
2004-09-23,2.13,1.33,14.8,0.8,3.77,,
2004-09-24,2.12,1.31,14.28,0.81,3.78,,
2004-09-27,2.13,1.31,14.62,0.82,3.83,,
2004-09-28,2.14,1.33,13.83,0.81,3.83,,
2004-09-29,2.12,1.31,13.21,0.81,3.79,,
2004-09-30,2.11,1.33,13.34,0.78,3.83,,
2004-10-01,2.09,1.32,12.75,0.77,3.78,,
2004-10-04,2.1,1.33,13.41,0.77,3.78,,
2004-10-05,2.1,1.34,13.95,0.76,3.78,,
2004-10-06,2.09,1.34,13.28,0.75,3.7,,
2004-10-07,2.09,1.34,14.5,0.75,3.66,,
2004-10-08,2.1,1.35,15.05,0.75,3.73,,
2004-10-11,,,14.71,,3.73,,
2004-10-12,2.11,1.36,15.05,0.75,3.74,,
2004-10-13,2.12,1.38,15.42,0.74,3.76,,
2004-10-14,2.13,1.4,16.43,0.73,3.79,,
2004-10-15,2.12,1.4,15.04,0.72,3.74,,
2004-10-18,2.13,1.4,14.71,0.73,3.77,,
2004-10-19,2.1,1.37,15.13,0.73,3.78,,
2004-10-20,2.13,1.42,14.85,0.71,3.84,,
2004-10-21,2.12,1.41,14.54,0.71,3.78,,
2004-10-22,2.12,1.39,15.28,0.73,3.78,,
2004-10-25,2.13,1.4,16.58,0.73,3.76,,
2004-10-26,2.11,1.38,16.39,0.73,3.72,,
2004-10-27,2.08,1.36,15.72,0.72,3.61,,
2004-10-28,2.1,1.37,15.39,0.73,3.58,,
2004-10-29,2.09,1.36,16.27,0.73,3.56,,
2004-10-31,,,,,3.63,,
2004-11-01,2.09,1.39,16.27,0.7,3.56,,
2004-11-02,2.09,1.4,16.18,0.69,3.54,,
2004-11-03,2.08,1.39,14.04,0.69,3.49,,
2004-11-04,2.05,1.36,13.97,0.69,3.43,,
2004-11-05,2.02,1.35,13.84,0.67,3.29,,
2004-11-08,2.03,1.37,13.8,0.66,3.28,,
2004-11-09,2.03,1.4,13.61,0.63,3.29,,
2004-11-10,2.04,1.37,13.08,0.67,3.27,,
2004-11-11,,,13.04,,3.27,,
2004-11-12,2.02,1.33,13.33,0.69,3.31,,
2004-11-15,2.01,1.32,13.38,0.69,3.28,,
2004-11-16,2,1.31,13.21,0.69,3.26,,
2004-11-17,2.01,1.32,13.21,0.69,3.31,,
2004-11-18,2.01,1.31,12.98,0.7,3.29,,
2004-11-19,1.99,1.28,13.5,0.71,3.21,,
2004-11-22,1.96,1.26,12.97,0.7,3.24,,
2004-11-23,1.96,1.26,12.67,0.7,3.21,,
2004-11-24,1.95,1.25,12.72,0.7,3.19,,
2004-11-25,,,,,3.21,,
2004-11-26,1.96,1.26,12.79,0.7,3.15,,
2004-11-29,1.93,1.24,13.3,0.69,3.12,,
2004-11-30,1.95,1.26,13.24,0.69,3.17,,
2004-12-01,1.95,1.25,12.97,0.7,3.15,,
2004-12-02,1.94,1.25,12.98,0.69,3.13,,
2004-12-03,1.96,1.27,12.96,0.69,3.2,,
2004-12-06,1.96,1.27,13.19,0.69,3.21,,
2004-12-07,1.96,1.27,13.67,0.69,3.18,,
2004-12-08,1.94,1.23,13.19,0.71,3.23,,
2004-12-09,1.94,1.23,12.88,0.71,3.18,,
2004-12-10,1.95,1.25,12.76,0.7,3.17,,
2004-12-13,1.94,1.26,12.54,0.68,3.15,,
2004-12-14,1.94,1.25,12.73,0.69,3.15,,
2004-12-15,1.91,1.21,12.35,0.7,3.15,,
2004-12-16,1.92,1.22,12.27,0.7,3.06,,
2004-12-17,1.92,1.25,11.95,0.67,3.06,,
2004-12-20,1.9,1.23,11.83,0.67,3.05,,
2004-12-21,1.91,1.24,11.55,0.67,3.07,,
2004-12-22,1.91,1.24,11.45,0.67,3.05,,
2004-12-23,1.91,1.24,11.23,0.67,3.05,,
2004-12-27,1.9,1.24,12.14,0.66,2.99,,
2004-12-28,1.9,1.22,12,0.68,2.99,,
2004-12-29,1.89,1.22,11.62,0.67,2.96,,
2004-12-30,1.89,1.22,12.56,0.67,2.99,,
2004-12-31,1.86,1.19,13.29,0.67,3.1,,
2005-01-03,1.86,1.2,14.08,0.66,3.06,,
2005-01-04,1.85,1.2,13.98,0.65,2.97,,
2005-01-05,1.83,1.18,14.09,0.65,3.04,,
2005-01-06,1.84,1.19,13.58,0.65,3.09,,
2005-01-07,1.83,1.18,13.49,0.65,3.07,,
2005-01-10,1.82,1.16,13.23,0.66,3.1,,
2005-01-11,1.81,1.16,13.19,0.65,3.19,,
2005-01-12,1.81,1.15,12.56,0.66,3.2,,
2005-01-13,1.8,1.15,12.84,0.65,3.24,,
2005-01-14,1.79,1.13,12.43,0.66,3.22,,
2005-01-17,,,,,3.21,,
2005-01-18,1.77,1.11,12.47,0.66,3.24,,
2005-01-19,1.76,1.1,13.18,0.66,3.24,,
2005-01-20,1.8,1.12,13.83,0.68,3.33,,
2005-01-21,1.79,1.13,14.36,0.66,3.37,,
2005-01-24,1.77,1.11,14.65,0.66,3.37,,
2005-01-25,1.78,1.12,14.06,0.66,3.29,,
2005-01-26,1.76,1.09,13.44,0.67,3.27,,
2005-01-27,1.75,1.08,13.24,0.67,3.23,,
2005-01-28,1.75,1.08,13.24,0.67,3.27,,
2005-01-31,1.75,1.08,12.82,0.67,3.29,,
2005-02-01,1.74,1.07,12.03,0.67,3.26,,
2005-02-02,1.73,1.06,11.66,0.67,3.2,,
2005-02-03,1.7,1.03,11.79,0.67,3.15,,
2005-02-04,1.69,1.05,11.21,0.64,3.19,,
2005-02-07,1.65,1.02,11.73,0.63,3.17,,
2005-02-08,1.63,1,11.6,0.63,3.14,,
2005-02-09,1.64,1.03,12,0.61,3.22,,
2005-02-10,1.67,1.06,11.51,0.61,3.16,,
2005-02-11,1.65,1.06,11.43,0.59,3.12,,
2005-02-14,1.63,1.03,11.52,0.6,3.11,,
2005-02-15,1.64,1.04,11.27,0.6,3.06,,
2005-02-16,1.62,1.03,11.1,0.59,2.99,,
2005-02-17,1.64,1.04,11.77,0.6,2.99,,
2005-02-18,1.62,1.05,11.18,0.57,2.93,,
2005-02-21,,,,,2.93,,
2005-02-22,1.64,1.04,13.14,0.6,2.92,,
2005-02-23,1.64,1.03,12.39,0.61,2.93,,
2005-02-24,1.62,1.01,11.57,0.61,2.88,,
2005-02-25,1.62,1.01,11.49,0.61,2.85,,
2005-02-28,1.59,0.99,12.08,0.6,2.83,,
2005-03-01,1.58,0.97,12.04,0.61,2.81,,
2005-03-02,1.6,0.99,12.5,0.61,2.84,,
2005-03-03,1.59,0.98,12.93,0.61,2.83,,
2005-03-04,1.57,0.94,11.94,0.63,2.86,,
2005-03-07,1.55,0.92,12.26,0.63,2.82,,
2005-03-08,1.54,0.92,12.4,0.62,2.76,,
2005-03-09,1.53,0.91,12.7,0.62,2.71,,
2005-03-10,1.51,0.89,12.49,0.62,2.78,,
2005-03-11,1.48,0.86,12.8,0.62,2.73,,
2005-03-14,1.5,0.87,12.39,0.63,2.77,,
2005-03-15,1.51,0.88,13.15,0.63,2.77,,
2005-03-16,1.53,0.88,13.49,0.65,2.89,,
2005-03-17,1.57,0.9,13.29,0.67,3,,
2005-03-18,1.59,0.91,13.14,0.68,2.98,,
2005-03-21,1.6,0.91,13.61,0.69,3.08,,
2005-03-22,1.56,0.87,14.27,0.69,3.08,,
2005-03-23,1.57,0.88,14.06,0.69,3.19,,
2005-03-24,1.58,0.87,13.42,0.71,3.18,,
2005-03-28,1.58,0.88,13.75,0.7,3.19,,
2005-03-29,1.6,0.88,14.49,0.72,3.28,,
2005-03-30,1.61,0.88,13.64,0.73,3.38,,
2005-03-31,1.64,0.9,14.02,0.74,3.52,,
2005-04-01,1.65,0.9,14.09,0.75,3.55,,
2005-04-04,1.65,0.91,14.11,0.74,3.59,,
2005-04-05,1.66,0.94,13.68,0.72,3.53,,
2005-04-06,1.67,0.97,13.15,0.7,3.48,,
2005-04-07,1.65,0.99,12.33,0.66,3.41,,
2005-04-08,1.64,0.97,12.62,0.67,3.39,,
2005-04-11,1.67,0.97,11.98,0.7,3.47,,
2005-04-12,1.66,0.96,11.3,0.7,3.58,,
2005-04-13,1.69,0.99,13.31,0.7,3.61,,
2005-04-14,1.75,1.02,14.53,0.73,3.75,,
2005-04-15,1.78,1.03,17.74,0.75,3.89,,
2005-04-18,1.75,1.01,16.56,0.74,3.98,,
2005-04-19,1.76,1.02,14.96,0.74,4,,
2005-04-20,1.78,1.04,16.92,0.74,3.94,,
2005-04-21,1.73,1.01,14.41,0.72,3.82,,
2005-04-22,1.74,1.01,15.38,0.73,3.86,,
2005-04-25,1.71,0.99,14.62,0.72,3.88,,
2005-04-26,1.7,0.98,14.91,0.72,3.92,,
2005-04-27,1.72,0.99,14.87,0.73,4.04,,
2005-04-28,1.75,1.01,16.86,0.74,4.16,,
2005-04-29,1.76,1,15.31,0.76,4.15,,
2005-04-30,,,,,4.19,,
2005-05-02,1.77,1,15.12,0.77,4.17,,
2005-05-03,1.77,1,14.53,0.77,4.13,,
2005-05-04,1.83,1.08,13.85,0.75,4.12,,
2005-05-05,1.84,1.09,13.98,0.75,4.13,,
2005-05-06,1.82,1.01,14.05,0.81,4.07,,
2005-05-09,1.78,0.98,13.75,0.8,4.05,,
2005-05-10,1.82,1,14.91,0.82,4.13,,
2005-05-11,1.81,0.99,14.45,0.82,4.23,,
2005-05-12,1.83,0.99,16.12,0.84,4.28,,
2005-05-13,1.88,1.01,16.32,0.87,4.39,,
2005-05-16,1.89,1,15.68,0.89,4.49,,
2005-05-17,1.91,0.99,14.57,0.92,4.57,,
2005-05-18,1.92,1,13.63,0.92,4.55,,
2005-05-19,1.91,1,13.32,0.91,4.4,,
2005-05-20,1.89,0.97,13.14,0.92,4.33,,
2005-05-23,1.89,0.99,12.95,0.9,4.29,,
2005-05-24,1.91,1,12.69,0.91,4.28,,
2005-05-25,1.91,1.01,12.58,0.9,4.16,,
2005-05-26,1.91,1.02,12.24,0.89,4.07,,
2005-05-27,1.91,1.02,12.15,0.89,4.02,,
2005-05-30,,,,,4.02,,
2005-05-31,1.9,1.02,13.29,0.88,4.13,,
2005-06-01,1.91,1.02,12.36,0.89,4.13,,
2005-06-02,1.89,1.01,11.84,0.88,4,,
2005-06-03,1.84,0.97,12.15,0.87,3.9,,
2005-06-06,1.82,0.96,12.28,0.86,3.99,,
2005-06-07,1.82,0.95,12.39,0.87,3.99,,
2005-06-08,1.82,0.94,12.7,0.88,3.98,,
2005-06-09,1.83,0.94,12.08,0.89,4.01,,
2005-06-10,1.84,0.94,11.96,0.9,3.91,,
2005-06-13,1.84,0.95,11.65,0.89,3.88,,
2005-06-14,1.87,0.97,11.79,0.9,3.83,,
2005-06-15,1.87,0.97,11.46,0.9,3.78,,
2005-06-16,1.86,0.95,11.15,0.91,3.83,,
2005-06-17,1.85,0.95,11.48,0.9,3.81,,
2005-06-20,1.85,0.95,11.47,0.9,3.81,,
2005-06-21,1.85,0.94,11.08,0.91,3.82,,
2005-06-22,1.89,0.97,11.05,0.92,3.9,,
2005-06-23,1.88,0.97,12.13,0.91,3.88,,
2005-06-24,1.89,0.97,12.18,0.92,3.93,,
2005-06-27,1.89,0.96,12.52,0.93,3.96,,
2005-06-28,1.87,0.94,11.58,0.93,3.86,,
2005-06-29,1.87,0.97,11.77,0.9,3.81,,
2005-06-30,1.87,0.97,12.04,0.9,3.85,,
2005-07-01,1.83,0.93,11.4,0.9,3.75,,
2005-07-04,,,,,3.75,,
2005-07-05,1.84,0.94,11.68,0.9,3.71,,
2005-07-06,1.85,0.94,12.27,0.91,3.75,,
2005-07-07,1.84,0.94,12.49,0.9,3.78,,
2005-07-08,1.83,0.94,11.45,0.89,3.67,,
2005-07-11,1.81,0.88,11.28,0.93,3.61,,
2005-07-12,1.8,0.88,10.95,0.92,3.54,,
2005-07-13,1.79,0.88,10.84,0.91,3.51,,
2005-07-14,1.78,0.88,10.81,0.9,3.46,,
2005-07-15,1.77,0.87,10.33,0.9,3.43,,
2005-07-18,1.8,0.9,10.77,0.9,3.4,,
2005-07-19,1.78,0.89,10.45,0.89,3.43,,
2005-07-20,1.77,0.88,10.23,0.89,3.43,,
2005-07-21,1.76,0.85,10.97,0.91,3.36,,
2005-07-22,1.75,0.84,10.52,0.91,3.39,,
2005-07-25,1.72,0.85,11.1,0.87,3.36,,
2005-07-26,1.72,0.85,10.99,0.87,3.35,,
2005-07-27,1.71,0.84,10.36,0.87,3.31,,
2005-07-28,1.68,0.81,10.52,0.87,3.33,,
2005-07-29,1.67,0.8,11.57,0.87,3.25,,
2005-07-31,,,,,3.3,,
2005-08-01,1.67,0.81,12.08,0.86,3.29,,
2005-08-02,1.68,0.83,11.75,0.85,3.29,,
2005-08-03,1.7,0.84,11.83,0.86,3.32,,
2005-08-04,1.69,0.83,12.52,0.86,3.31,,
2005-08-05,1.67,0.81,12.48,0.86,3.29,,
2005-08-08,1.67,0.81,13.21,0.86,3.31,,
2005-08-09,1.66,0.79,12.4,0.87,3.33,,
2005-08-10,1.68,0.81,12.38,0.87,3.32,,
2005-08-11,1.71,0.84,12.42,0.87,3.37,,
2005-08-12,1.71,0.83,12.74,0.88,3.42,,
2005-08-15,1.71,0.84,12.26,0.87,3.37,,
2005-08-16,1.71,0.84,13.52,0.87,3.41,,
2005-08-17,1.71,0.84,13.3,0.87,3.37,,
2005-08-18,1.73,0.86,13.42,0.87,3.41,,
2005-08-19,1.72,0.85,13.42,0.87,3.39,,
2005-08-22,1.72,0.85,13.42,0.87,3.39,,
2005-08-23,1.72,0.85,13.34,0.87,3.4,,
2005-08-24,1.72,0.85,14.17,0.87,3.38,,
2005-08-25,1.7,0.83,13.73,0.87,3.38,,
2005-08-26,1.69,0.83,13.72,0.86,3.34,,
2005-08-29,1.68,0.81,13.52,0.87,3.37,,
2005-08-30,1.67,0.8,13.65,0.87,3.48,,
2005-08-31,1.77,0.89,12.6,0.88,3.66,,
2005-09-01,1.81,0.92,13.15,0.89,3.7,,
2005-09-02,1.84,0.92,13.57,0.92,3.7,,
2005-09-05,,,,,3.7,,
2005-09-06,1.83,0.91,12.93,0.92,3.64,,
2005-09-07,1.83,0.92,12.52,0.91,3.61,,
2005-09-08,1.83,0.92,12.93,0.91,3.59,,
2005-09-09,1.82,0.91,11.98,0.91,3.59,,
2005-09-12,1.82,0.92,11.65,0.9,3.55,,
2005-09-13,1.83,0.93,12.39,0.9,3.58,,
2005-09-14,1.83,0.93,12.91,0.9,3.57,,
2005-09-15,1.84,0.94,12.49,0.9,3.55,,
2005-09-16,1.85,0.96,11.22,0.89,3.54,,
2005-09-19,1.85,0.96,12.14,0.89,3.61,,
2005-09-20,1.81,0.93,12.64,0.88,3.65,,
2005-09-21,1.84,0.95,13.79,0.89,3.75,,
2005-09-22,1.84,0.94,13.33,0.9,3.81,,
2005-09-23,1.83,0.93,12.96,0.9,3.71,,
2005-09-26,1.83,0.93,13.04,0.9,3.65,,
2005-09-27,1.84,0.94,12.76,0.9,3.66,,
2005-09-28,1.82,0.91,12.63,0.91,3.69,,
2005-09-29,1.83,0.92,12.24,0.91,3.67,,
2005-09-30,1.81,0.88,11.92,0.93,3.54,,
2005-10-03,1.82,0.88,12.46,0.94,3.47,,
2005-10-04,1.81,0.87,13.2,0.94,3.48,,
2005-10-05,1.81,0.87,14.55,0.94,3.51,,
2005-10-06,1.82,0.9,14.96,0.92,3.55,,
2005-10-07,1.82,0.9,14.59,0.92,3.59,,
2005-10-10,,,15.55,,3.59,,
2005-10-11,1.8,0.88,15.63,0.92,3.66,,
2005-10-12,1.83,0.89,16.22,0.94,3.72,,
2005-10-13,1.86,0.91,16.47,0.95,3.77,,
2005-10-14,1.87,0.91,14.87,0.96,3.72,,
2005-10-17,1.84,0.89,14.67,0.95,3.61,,
2005-10-18,1.84,0.88,15.33,0.96,3.56,,
2005-10-19,1.86,0.89,13.5,0.97,3.6,,
2005-10-20,1.86,0.89,16.11,0.97,3.58,,
2005-10-21,1.85,0.89,16.13,0.96,3.59,,
2005-10-24,1.85,0.88,14.74,0.97,3.54,,
2005-10-25,1.81,0.84,14.53,0.97,3.49,,
2005-10-26,1.84,0.87,14.59,0.97,3.49,,
2005-10-27,1.84,0.87,16.02,0.97,3.57,,
2005-10-28,1.83,0.86,14.25,0.97,3.58,,
2005-10-31,1.83,0.86,15.32,0.97,3.61,,
2005-11-01,1.84,0.86,14.85,0.98,3.57,,
2005-11-02,1.84,0.87,13.48,0.97,3.54,,
2005-11-03,1.82,0.87,13,0.95,3.48,,
2005-11-04,1.82,0.87,13.17,0.95,3.48,,
2005-11-07,1.82,0.86,13.1,0.96,3.49,,
2005-11-08,1.83,0.87,13.08,0.96,3.55,,
2005-11-09,1.82,0.86,12.8,0.96,3.5,,
2005-11-10,1.84,0.88,11.9,0.96,3.57,,
2005-11-11,,,11.63,,3.56,,
2005-11-14,1.83,0.87,12.18,0.96,3.58,,
2005-11-15,1.83,0.86,12.23,0.97,3.62,,
2005-11-16,1.84,0.86,12.26,0.98,3.72,,
2005-11-17,1.85,0.87,11.25,0.98,3.78,,
2005-11-18,1.86,0.87,11.12,0.99,3.69,,
2005-11-21,1.87,0.88,10.82,0.99,3.71,,
2005-11-22,1.91,0.91,10.6,1,3.74,,
2005-11-23,1.91,0.92,10.96,0.99,3.69,,
2005-11-24,,,,,3.69,,
2005-11-25,1.91,0.91,10.88,1,3.72,,
2005-11-28,1.89,0.89,11.84,1,3.71,,
2005-11-29,1.88,0.89,11.89,0.99,3.61,,
2005-11-30,1.89,0.93,12.06,0.96,3.67,,
2005-12-01,1.87,0.93,11.24,0.94,3.62,,
2005-12-02,1.87,0.92,11.01,0.95,3.63,,
2005-12-05,1.86,0.91,11.6,0.95,3.62,,
2005-12-06,1.88,0.92,11.52,0.96,3.68,,
2005-12-07,1.88,0.92,12.18,0.96,3.66,,
2005-12-08,1.88,0.92,12.21,0.96,3.7,,
2005-12-09,1.88,0.92,11.69,0.96,3.6,,
2005-12-12,1.86,0.9,11.47,0.96,3.59,,
2005-12-13,1.88,0.92,11.11,0.96,3.6,,
2005-12-14,1.88,0.93,10.48,0.95,3.66,,
2005-12-15,1.87,0.92,10.73,0.95,3.64,,
2005-12-16,1.85,0.91,10.68,0.94,3.65,,
2005-12-19,1.84,0.9,11.38,0.94,3.66,,
2005-12-20,1.84,0.9,11.19,0.94,3.65,,
2005-12-21,1.84,0.89,10.81,0.95,3.61,,
2005-12-22,1.83,0.88,10.29,0.95,3.66,,
2005-12-23,1.83,0.88,10.27,0.95,3.71,,
2005-12-27,1.83,0.87,11.57,0.96,3.73,,
2005-12-28,1.82,0.87,11.35,0.95,3.69,,
2005-12-29,1.82,0.87,11.61,0.95,3.68,,
2005-12-30,1.82,0.87,12.07,0.95,3.65,,
2005-12-31,,,,,3.71,,
2006-01-03,1.84,0.89,11.14,0.95,3.73,,
2006-01-04,1.84,0.89,11.37,0.95,3.69,,
2006-01-05,1.84,0.9,11.31,0.94,3.64,,
2006-01-06,1.84,0.9,11,0.94,3.56,,
2006-01-09,1.84,0.9,11.13,0.94,3.51,,
2006-01-10,1.84,0.88,10.86,0.96,3.5,,
2006-01-11,1.84,0.88,10.94,0.96,3.47,,
2006-01-12,1.83,0.87,11.2,0.96,3.53,,
2006-01-13,1.82,0.87,11.23,0.95,3.62,,
2006-01-16,,,,,3.6,,
2006-01-17,1.83,0.87,11.91,0.96,3.64,,
2006-01-18,1.84,0.89,12.25,0.95,3.64,,
2006-01-19,1.83,0.88,11.98,0.95,3.58,,
2006-01-20,1.81,0.87,14.56,0.94,3.6,,
2006-01-23,1.82,0.88,13.93,0.94,3.59,,
2006-01-24,1.81,0.87,13.31,0.94,3.54,,
2006-01-25,1.8,0.87,12.87,0.93,3.44,,
2006-01-26,1.8,0.87,12.42,0.93,3.42,,
2006-01-27,1.78,0.86,11.97,0.92,3.4,,
2006-01-30,1.79,0.87,12.39,0.92,3.34,,
2006-01-31,1.78,0.86,12.95,0.92,3.42,,
2006-02-01,1.76,0.84,12.36,0.92,3.35,,
2006-02-02,1.74,0.83,13.23,0.91,3.35,,
2006-02-03,1.72,0.78,12.96,0.94,3.38,,
2006-02-06,1.69,0.75,13.04,0.94,3.38,,
2006-02-07,1.71,0.77,13.59,0.94,3.39,,
2006-02-08,1.75,0.8,12.83,0.95,3.38,,
2006-02-09,1.73,0.78,13.12,0.95,3.38,,
2006-02-10,1.71,0.77,12.87,0.94,3.35,,
2006-02-13,1.72,0.79,13.35,0.93,3.37,,
2006-02-14,1.71,0.78,12.25,0.93,3.36,,
2006-02-15,1.7,0.78,12.31,0.92,3.32,,
2006-02-16,1.71,0.8,11.48,0.91,3.29,,
2006-02-17,1.7,0.78,12.01,0.92,3.3,,
2006-02-20,,,,,3.3,,
2006-02-21,1.68,0.77,12.41,0.91,3.29,,
2006-02-22,1.68,0.77,11.88,0.91,3.31,,
2006-02-23,1.67,0.76,11.87,0.91,3.27,,
2006-02-24,1.64,0.74,11.46,0.9,3.28,,
2006-02-27,1.65,0.75,11.59,0.9,3.28,,
2006-02-28,1.65,0.76,12.34,0.89,3.37,,
2006-03-01,1.66,0.77,11.54,0.89,3.33,,
2006-03-02,1.66,0.77,11.72,0.89,3.32,,
2006-03-03,1.67,0.78,11.96,0.89,3.29,,
2006-03-06,1.67,0.79,12.74,0.88,3.26,,
2006-03-07,1.67,0.78,12.66,0.89,3.3,,
2006-03-08,1.68,0.8,12.32,0.88,3.31,,
2006-03-09,1.67,0.78,12.68,0.89,3.32,,
2006-03-10,1.67,0.78,11.85,0.89,3.3,,
2006-03-13,1.69,0.8,11.37,0.89,3.27,,
2006-03-14,1.68,0.8,10.74,0.88,3.34,,
2006-03-15,1.7,0.82,11.35,0.88,3.29,,
2006-03-16,1.72,0.84,11.98,0.88,3.34,,
2006-03-17,1.7,0.83,12.12,0.87,3.31,,
2006-03-20,1.7,0.83,11.79,0.87,3.3,,
2006-03-21,1.7,0.82,11.62,0.88,3.21,,
2006-03-22,1.69,0.8,11.21,0.89,3.2,,
2006-03-23,1.7,0.81,11.17,0.89,3.18,,
2006-03-24,1.7,0.8,11.19,0.9,3.23,,
2006-03-27,1.7,0.81,11.46,0.89,3.19,,
2006-03-28,1.68,0.79,11.58,0.89,3.12,,
2006-03-29,1.71,0.81,10.95,0.9,3.14,,
2006-03-30,1.7,0.81,11.57,0.89,3.11,,
2006-03-31,1.69,0.81,11.39,0.88,3.13,,
2006-04-03,1.68,0.8,11.57,0.88,3.09,,
2006-04-04,1.69,0.82,11.14,0.87,3.1,,
2006-04-05,1.7,0.84,11.13,0.86,3.13,,
2006-04-06,1.7,0.84,11.45,0.86,3.12,,
2006-04-07,1.7,0.85,12.26,0.85,3.06,,
2006-04-10,1.7,0.85,12.19,0.85,3.1,,
2006-04-11,1.71,0.86,13,0.85,3.11,,
2006-04-12,1.71,0.86,12.76,0.85,3.06,,
2006-04-13,1.69,0.84,12.38,0.85,3.05,,
2006-04-17,1.7,0.85,12.58,0.85,3.08,,
2006-04-18,1.7,0.86,11.4,0.84,3.11,,
2006-04-19,1.7,0.87,11.32,0.83,3.07,,
2006-04-20,1.7,0.88,11.64,0.82,3.04,,
2006-04-21,1.7,0.87,11.59,0.83,3.04,,
2006-04-24,1.67,0.85,11.75,0.82,3.06,,
2006-04-25,1.68,0.86,11.75,0.82,2.98,,
2006-04-26,1.64,0.83,11.76,0.81,2.97,,
2006-04-27,1.67,0.87,11.84,0.8,3,,
2006-04-28,1.67,0.88,11.59,0.79,3,,
2006-04-30,,,,,3.04,,
2006-05-01,1.63,0.86,12.54,0.77,2.96,,
2006-05-02,1.61,0.86,11.99,0.75,2.97,,
2006-05-03,1.61,0.85,11.99,0.76,2.94,,
2006-05-04,1.6,0.84,11.86,0.76,2.93,,
2006-05-05,1.6,0.84,11.62,0.76,2.96,,
2006-05-08,1.59,0.83,12,0.76,2.94,,
2006-05-09,1.59,0.82,11.99,0.77,2.92,,
2006-05-10,1.58,0.8,11.78,0.78,2.9,,
2006-05-11,1.61,0.83,12.49,0.78,2.88,,
2006-05-12,1.63,0.85,14.19,0.78,2.88,,
2006-05-15,1.64,0.86,13.57,0.78,2.92,,
2006-05-16,1.66,0.86,13.35,0.8,2.99,,
2006-05-17,1.66,0.86,16.26,0.8,3.03,,
2006-05-18,1.66,0.84,16.99,0.82,3.09,,
2006-05-19,1.65,0.83,17.18,0.82,3.08,,
2006-05-22,1.66,0.84,17.72,0.82,3.15,,
2006-05-23,1.65,0.83,18.26,0.82,3.12,,
2006-05-24,1.68,0.85,17.36,0.83,3.18,,
2006-05-25,1.67,0.85,15.5,0.82,3.13,,
2006-05-26,1.67,0.84,14.26,0.83,3.12,,
2006-05-29,,,,,3.12,,
2006-05-30,1.67,0.84,18.66,0.83,3.1,,
2006-05-31,1.66,0.83,16.44,0.83,3.12,,
2006-06-01,1.66,0.83,14.52,0.83,3.13,,
2006-06-02,1.67,0.83,14.32,0.84,3.22,,
2006-06-05,1.67,0.83,16.65,0.84,3.19,,
2006-06-06,1.65,0.81,17.34,0.84,3.24,,
2006-06-07,1.67,0.81,17.8,0.86,3.22,,
2006-06-08,1.66,0.81,18.35,0.85,3.26,,
2006-06-09,1.66,0.78,18.12,0.88,3.27,,
2006-06-12,1.65,0.8,20.96,0.85,3.25,,
2006-06-13,1.67,0.82,23.81,0.85,3.32,,
2006-06-14,1.67,0.77,21.46,0.9,3.32,,
2006-06-15,1.67,0.77,15.9,0.9,3.29,,
2006-06-16,1.67,0.77,17.25,0.9,3.26,,
2006-06-19,1.67,0.78,17.83,0.89,3.25,,
2006-06-20,1.67,0.78,16.69,0.89,3.28,,
2006-06-21,1.68,0.76,15.52,0.92,3.34,,
2006-06-22,1.69,0.76,15.88,0.93,3.32,,
2006-06-23,1.69,0.76,15.89,0.93,3.31,,
2006-06-26,1.69,0.76,15.62,0.93,3.34,,
2006-06-27,1.7,0.76,16.4,0.94,3.36,,
2006-06-28,1.69,0.76,15.79,0.93,3.33,,
2006-06-29,1.69,0.76,13.03,0.93,3.33,,
2006-06-30,1.67,0.76,13.08,0.91,3.35,,
2006-07-03,1.68,0.77,13.05,0.91,3.33,,
2006-07-04,,,,,3.33,,
2006-07-05,1.67,0.76,14.15,0.91,3.27,,
2006-07-06,1.66,0.76,13.65,0.9,3.31,,
2006-07-07,1.66,0.75,13.97,0.91,3.33,,
2006-07-10,1.66,0.76,14.02,0.9,3.3,,
2006-07-11,1.67,0.76,13.14,0.91,3.33,,
2006-07-12,1.66,0.75,14.49,0.91,3.32,,
2006-07-13,1.66,0.75,17.79,0.91,3.39,,
2006-07-14,1.69,0.76,18.05,0.93,3.44,,
2006-07-17,1.68,0.75,18.64,0.93,3.42,,
2006-07-18,1.68,0.75,17.74,0.93,3.37,,
2006-07-19,1.69,0.76,15.55,0.93,3.42,,
2006-07-20,1.69,0.75,16.21,0.94,3.43,,
2006-07-21,1.69,0.75,17.4,0.94,3.41,,
2006-07-24,1.69,0.76,14.98,0.93,3.41,,
2006-07-25,1.68,0.78,14.85,0.9,3.38,,
2006-07-26,1.68,0.78,14.62,0.9,3.38,,
2006-07-27,1.65,0.76,14.94,0.89,3.36,,
2006-07-28,1.67,0.79,14.33,0.88,3.4,,
2006-07-31,1.68,0.8,14.95,0.88,3.45,,
2006-08-01,1.69,0.8,15.05,0.89,3.44,,
2006-08-02,1.69,0.81,14.34,0.88,3.42,,
2006-08-03,1.68,0.79,14.46,0.89,3.42,,
2006-08-04,1.69,0.8,14.34,0.89,3.44,,
2006-08-07,1.67,0.79,15.23,0.88,3.42,,
2006-08-08,1.7,0.81,15.23,0.89,3.41,,
2006-08-09,1.73,0.84,15.2,0.89,3.41,,
2006-08-10,1.73,0.85,14.46,0.88,3.42,,
2006-08-11,1.72,0.83,14.3,0.89,3.39,,
2006-08-14,1.69,0.79,14.26,0.9,3.36,,
2006-08-15,1.7,0.79,13.42,0.91,3.39,,
2006-08-16,1.71,0.8,12.41,0.91,3.42,,
2006-08-17,1.71,0.8,12.24,0.91,3.38,,
2006-08-18,1.71,0.8,11.64,0.91,3.41,,
2006-08-21,1.72,0.81,12.22,0.91,3.43,,
2006-08-22,1.71,0.8,12.19,0.91,3.43,,
2006-08-23,1.72,0.8,12.4,0.92,3.43,,
2006-08-24,1.72,0.8,12.4,0.92,3.43,,
2006-08-25,1.74,0.81,12.31,0.93,3.44,,
2006-08-28,1.73,0.81,12.18,0.92,3.41,,
2006-08-29,1.74,0.81,12.28,0.93,3.41,,
2006-08-30,1.74,0.81,12.22,0.93,3.42,,
2006-08-31,1.73,0.8,12.31,0.93,3.49,,
2006-09-01,1.73,0.8,11.96,0.93,3.49,,
2006-09-04,,,,,3.49,,
2006-09-05,1.73,0.81,12.63,0.92,3.43,,
2006-09-06,1.73,0.8,13.74,0.93,3.4,,
2006-09-07,1.72,0.79,13.88,0.93,3.41,,
2006-09-08,1.72,0.79,13.16,0.93,3.42,,
2006-09-11,1.72,0.8,12.99,0.92,3.39,,
2006-09-12,1.7,0.79,11.92,0.91,3.4,,
2006-09-13,1.7,0.79,11.18,0.91,3.38,,
2006-09-14,1.7,0.79,11.55,0.91,3.35,,
2006-09-15,1.69,0.78,11.76,0.91,3.33,,
2006-09-18,1.68,0.78,11.78,0.9,3.33,,
2006-09-19,1.69,0.78,11.98,0.91,3.4,,
2006-09-20,1.69,0.78,11.39,0.91,3.39,,
2006-09-21,1.71,0.79,12.25,0.92,3.48,,
2006-09-22,1.72,0.8,12.59,0.92,3.53,,
2006-09-25,1.72,0.8,12.12,0.92,3.55,,
2006-09-26,1.71,0.78,11.53,0.93,3.5,,
2006-09-27,1.71,0.78,11.58,0.93,3.46,,
2006-09-28,1.73,0.79,11.72,0.94,3.44,,
2006-09-29,1.72,0.78,11.98,0.94,3.42,,
2006-09-30,,,,,3.44,,
2006-10-02,1.73,0.79,12.57,0.94,3.44,,
2006-10-03,1.72,0.78,12.24,0.94,3.43,,
2006-10-04,1.74,0.8,11.86,0.94,3.45,,
2006-10-05,1.74,0.8,11.98,0.94,3.39,,
2006-10-06,1.73,0.79,11.56,0.94,3.31,,
2006-10-09,,,11.68,,3.31,,
2006-10-10,1.72,0.78,11.52,0.94,3.27,,
2006-10-11,1.73,0.78,11.62,0.95,3.23,,
2006-10-12,1.71,0.77,11.09,0.94,3.22,,
2006-10-13,1.72,0.78,10.75,0.94,3.19,,
2006-10-16,1.71,0.78,11.09,0.93,3.18,,
2006-10-17,1.71,0.78,11.73,0.93,3.19,,
2006-10-18,1.7,0.77,11.34,0.93,3.18,,
2006-10-19,1.7,0.77,10.9,0.93,3.17,,
2006-10-20,1.69,0.76,10.63,0.93,3.17,,
2006-10-23,1.66,0.77,11.08,0.89,3.14,,
2006-10-24,1.65,0.78,10.78,0.87,3.15,,
2006-10-25,1.66,0.79,10.66,0.87,3.19,,
2006-10-26,1.65,0.78,10.56,0.87,3.21,,
2006-10-27,1.65,0.79,10.8,0.86,3.23,,
2006-10-30,1.64,0.78,11.2,0.86,3.21,,
2006-10-31,1.64,0.78,11.1,0.86,3.29,,
2006-11-01,1.64,0.78,11.51,0.86,3.3,,
2006-11-02,1.64,0.77,11.42,0.87,3.24,,
2006-11-03,1.59,0.74,11.16,0.85,3.12,,
2006-11-06,1.59,0.74,11.16,0.85,3.13,,
2006-11-07,1.6,0.75,11.09,0.85,3.14,,
2006-11-08,1.59,0.74,10.75,0.85,3.15,,
2006-11-09,1.62,0.77,11.01,0.85,3.13,,
2006-11-10,1.61,0.74,10.79,0.87,3.15,,
2006-11-13,1.6,0.73,10.86,0.87,3.12,,
2006-11-14,1.61,0.73,10.5,0.88,3.13,,
2006-11-15,1.61,0.73,10.31,0.88,3.05,,
2006-11-16,1.59,0.71,10.16,0.88,2.99,,
2006-11-17,1.6,0.72,10.05,0.88,3.06,,
2006-11-20,1.6,0.72,9.97,0.88,3.07,,
2006-11-21,1.6,0.72,9.9,0.88,3.13,,
2006-11-22,1.6,0.72,10.14,0.88,3.14,,
2006-11-23,,,,,3.14,,
2006-11-24,1.6,0.72,10.73,0.88,3.15,,
2006-11-27,1.61,0.72,12.3,0.89,3.17,,
2006-11-28,1.62,0.73,11.62,0.89,3.22,,
2006-11-29,1.62,0.73,10.83,0.89,3.15,,
2006-11-30,1.64,0.74,10.91,0.9,3.2,,
2006-12-01,1.65,0.75,11.66,0.9,3.21,,
2006-12-04,1.66,0.76,11.23,0.9,3.2,,
2006-12-05,1.65,0.76,11.27,0.89,3.14,,
2006-12-06,1.65,0.76,11.33,0.89,3.07,,
2006-12-07,1.64,0.75,12.67,0.89,3.05,,
2006-12-08,1.63,0.74,12.07,0.89,3,,
2006-12-11,1.64,0.75,10.71,0.89,3.02,,
2006-12-12,1.65,0.76,10.65,0.89,3.06,,
2006-12-13,1.64,0.75,10.18,0.89,3,,
2006-12-14,1.66,0.76,9.97,0.9,3,,
2006-12-15,1.66,0.76,10.05,0.9,2.98,,
2006-12-18,1.65,0.75,10.6,0.9,2.99,,
2006-12-19,1.67,0.77,10.3,0.9,2.98,,
2006-12-20,1.67,0.77,10.26,0.9,2.97,,
2006-12-21,1.68,0.78,10.53,0.9,2.99,,
2006-12-22,1.67,0.77,11.36,0.9,2.93,,
2006-12-26,1.66,0.76,11.26,0.9,2.93,,
2006-12-27,1.66,0.76,10.64,0.9,2.87,,
2006-12-28,1.65,0.75,10.99,0.9,2.83,,
2006-12-29,1.64,0.75,11.56,0.89,2.82,,
2006-12-31,,,,,2.89,,
2007-01-02,1.64,0.66,,0.98,2.91,,
2007-01-03,1.61,0.65,12.04,0.96,2.91,,
2007-01-04,1.62,0.66,11.51,0.96,2.95,,
2007-01-05,1.6,0.64,12.14,0.96,2.93,,
2007-01-08,1.59,0.63,12,0.96,2.92,,
2007-01-09,1.59,0.63,11.91,0.96,2.89,,
2007-01-10,1.59,0.63,11.47,0.96,2.87,,
2007-01-11,1.59,0.63,10.87,0.96,2.82,,
2007-01-12,1.59,0.64,10.15,0.95,2.8,,
2007-01-15,,,,,2.79,,
2007-01-16,1.59,0.64,10.74,0.95,2.78,,
2007-01-17,1.58,0.64,10.59,0.94,2.72,,
2007-01-18,1.58,0.65,10.85,0.93,2.73,,
2007-01-19,1.57,0.63,10.4,0.94,2.7,,
2007-01-22,1.57,0.64,10.77,0.93,2.69,,
2007-01-23,1.57,0.64,10.34,0.93,2.65,,
2007-01-24,1.57,0.65,9.89,0.92,2.63,,
2007-01-25,1.56,0.64,11.22,0.92,2.57,,
2007-01-26,1.56,0.65,11.13,0.91,2.59,,
2007-01-29,1.55,0.64,11.45,0.91,2.58,,
2007-01-30,1.56,0.65,10.96,0.91,2.62,,
2007-01-31,1.57,0.65,10.42,0.92,2.72,,
2007-02-01,1.56,0.64,10.31,0.92,2.66,,
2007-02-02,1.56,0.65,10.08,0.91,2.67,,
2007-02-05,1.56,0.65,10.55,0.91,2.67,,
2007-02-06,1.55,0.65,10.65,0.9,2.67,,
2007-02-07,1.56,0.66,10.32,0.9,2.65,,
2007-02-08,1.55,0.66,10.44,0.89,2.65,,
2007-02-09,1.54,0.65,11.1,0.89,2.59,,
2007-02-12,1.54,0.66,11.61,0.88,2.59,,
2007-02-13,1.54,0.65,10.34,0.89,2.58,,
2007-02-14,1.55,0.66,10.23,0.89,2.62,,
2007-02-15,1.56,0.68,10.22,0.88,2.59,,
2007-02-16,1.55,0.67,10.02,0.88,2.57,,
2007-02-19,,,,,2.57,,
2007-02-20,1.55,0.67,10.24,0.88,2.57,,
2007-02-21,1.54,0.67,10.2,0.87,2.53,,
2007-02-22,1.54,0.67,10.18,0.87,2.49,,
2007-02-23,1.53,0.67,10.58,0.86,2.55,,
2007-02-26,1.54,0.67,11.15,0.87,2.58,,
2007-02-27,1.59,0.7,18.31,0.89,2.79,,
2007-02-28,1.6,0.69,15.42,0.91,2.82,,
2007-03-01,1.62,0.7,15.82,0.92,2.83,,
2007-03-02,1.64,0.71,18.61,0.93,2.91,,
2007-03-05,1.68,0.73,19.63,0.95,2.99,,
2007-03-06,1.66,0.71,15.96,0.95,2.94,,
2007-03-07,1.66,0.72,15.24,0.94,2.91,,
2007-03-08,1.67,0.72,14.29,0.95,2.85,,
2007-03-09,1.65,0.71,14.09,0.94,2.75,,
2007-03-12,1.65,0.71,13.99,0.94,2.8,,
2007-03-13,1.7,0.74,18.13,0.96,2.92,,
2007-03-14,1.72,0.75,17.27,0.97,2.94,,
2007-03-15,1.7,0.74,16.43,0.96,2.88,,
2007-03-16,1.7,0.73,16.79,0.97,2.88,,
2007-03-19,1.7,0.72,14.59,0.98,2.85,,
2007-03-20,1.71,0.73,13.27,0.98,2.88,,
2007-03-21,1.73,0.75,12.19,0.98,2.91,,
2007-03-22,1.75,0.76,12.93,0.99,2.81,,
2007-03-23,1.75,0.76,12.95,0.99,2.79,,
2007-03-26,1.75,0.76,13.16,0.99,2.82,,
2007-03-27,1.76,0.77,13.48,0.99,2.81,,
2007-03-28,1.78,0.79,14.98,0.99,2.84,,
2007-03-29,1.74,0.77,15.14,0.97,2.82,,
2007-03-30,1.75,0.78,14.64,0.97,2.8,,
2007-03-31,,,,,2.85,,
2007-04-02,1.74,0.77,14.53,0.97,2.86,,
2007-04-03,1.73,0.8,13.46,0.93,2.83,,
2007-04-04,1.74,0.81,13.24,0.93,2.87,,
2007-04-05,1.74,0.81,13.23,0.93,2.84,,
2007-04-06,1.71,0.78,,0.93,,,
2007-04-09,1.72,0.79,13.14,0.93,2.76,,
2007-04-10,1.72,0.79,12.68,0.93,2.78,,
2007-04-11,1.71,0.79,13.49,0.92,2.75,0.657163,
2007-04-12,1.71,0.79,12.71,0.92,2.75,0.657454,
2007-04-13,1.7,0.79,12.2,0.91,2.71,0.65829,
2007-04-16,1.68,0.74,11.98,0.94,2.7,0.654433,
2007-04-17,1.68,0.75,12.14,0.93,2.72,0.65048,
2007-04-18,1.67,0.75,12.42,0.92,2.73,0.647433,
2007-04-19,1.67,0.75,12.54,0.92,2.71,0.650773,
2007-04-20,1.68,0.75,12.07,0.93,2.68,0.652098,
2007-04-23,1.68,0.76,13.04,0.92,2.68,0.650111,
2007-04-24,1.68,0.76,13.12,0.92,2.7,0.652157,
2007-04-25,1.68,0.76,13.21,0.92,2.67,0.655437,
2007-04-26,1.69,0.77,12.79,0.92,2.63,0.661402,
2007-04-27,1.68,0.76,12.45,0.92,2.63,0.661552,
2007-04-30,1.68,0.77,14.22,0.91,2.74,0.654755,
2007-05-01,1.67,0.76,13.51,0.91,2.74,0.654362,
2007-05-02,1.66,0.75,13.08,0.91,2.72,0.654483,
2007-05-03,1.64,0.74,13.09,0.9,2.67,0.656031,
2007-05-04,1.64,0.74,12.91,0.9,2.7,0.654172,
2007-05-07,1.64,0.77,13.15,0.87,2.69,0.652341,
2007-05-08,1.66,0.79,13.21,0.87,2.69,0.65431,
2007-05-09,1.65,0.75,12.88,0.9,2.64,0.655161,
2007-05-10,1.66,0.76,13.6,0.9,2.65,0.655967,
2007-05-11,1.66,0.76,12.95,0.9,2.63,0.658648,
2007-05-14,1.65,0.75,13.96,0.9,2.61,0.660305,
2007-05-15,1.65,0.76,14.01,0.89,2.57,0.66003,
2007-05-16,1.64,0.75,13.5,0.89,2.58,0.662232,
2007-05-17,1.64,0.69,13.51,0.95,2.55,0.66477,
2007-05-18,1.63,0.68,12.76,0.95,2.51,0.669393,
2007-05-21,1.63,0.71,13.3,0.92,2.5,0.668028,
2007-05-22,1.63,0.71,13.06,0.92,2.46,0.671559,
2007-05-23,1.63,0.71,13.24,0.92,2.44,0.672991,
2007-05-24,1.63,0.7,14.08,0.93,2.45,0.672559,
2007-05-25,1.62,0.7,13.34,0.92,2.45,0.675072,
2007-05-29,1.62,0.69,13.53,0.93,2.42,0.672477,
2007-05-30,1.61,0.68,12.83,0.93,2.44,0.672602,
2007-05-31,1.6,0.67,13.05,0.93,2.46,0.672766,
2007-06-01,1.6,0.67,12.78,0.93,2.41,0.676229,
2007-06-04,1.58,0.64,13.29,0.94,2.44,0.673737,
2007-06-05,1.57,0.64,13.63,0.93,2.41,0.677029,
2007-06-06,1.6,0.66,14.87,0.94,2.48,0.676508,
2007-06-07,1.6,0.65,17.06,0.95,2.48,0.685633,
2007-06-08,1.62,0.66,14.84,0.96,2.51,0.684365,
2007-06-11,1.61,0.71,14.71,0.9,2.5,0.684882,
2007-06-12,1.6,0.7,16.67,0.9,2.49,0.691401,
2007-06-13,1.58,0.68,14.73,0.9,2.53,0.684459,
2007-06-14,1.57,0.67,13.64,0.9,2.49,0.686719,
2007-06-15,1.6,0.71,13.94,0.89,2.51,0.681908,
2007-06-18,1.6,0.71,13.42,0.89,2.52,0.683692,
2007-06-19,1.6,0.72,12.85,0.88,2.6,0.678215,
2007-06-20,1.57,0.71,14.67,0.86,2.59,0.677672,
2007-06-21,1.6,0.73,14.21,0.87,2.66,0.682187,
2007-06-22,1.6,0.72,15.75,0.88,2.69,0.679104,
2007-06-25,1.59,0.71,16.65,0.88,2.8,0.671472,
2007-06-26,1.61,0.73,18.89,0.88,2.79,0.673274,
2007-06-27,1.59,0.71,15.53,0.88,2.88,0.670283,
2007-06-28,1.6,0.7,15.54,0.9,2.83,0.666915,
2007-06-29,1.59,0.7,16.23,0.89,2.89,0.658229,
2007-06-30,,,,,2.98,,
2007-07-02,1.6,0.71,15.4,0.89,3.03,0.659917,
2007-07-03,1.6,0.7,14.92,0.9,2.99,0.662728,
2007-07-04,,,,,2.99,,
2007-07-05,1.58,0.68,15.48,0.9,2.92,0.667804,
2007-07-06,1.59,0.7,14.72,0.89,2.9,0.67125,
2007-07-09,1.58,0.69,15.16,0.89,2.93,0.670888,
2007-07-10,1.6,0.71,17.57,0.89,3.12,0.657957,4.83716
2007-07-11,1.59,0.71,16.64,0.88,3.16,0.659852,4.56309
2007-07-12,1.59,0.71,15.54,0.88,3.08,0.664098,3.94899
2007-07-13,1.59,0.71,15.15,0.88,3.06,0.665036,3.81327
2007-07-16,1.58,0.7,15.59,0.88,3.07,0.658962,4.69177
2007-07-17,1.59,0.71,15.63,0.88,3.05,0.661141,4.37672
2007-07-18,1.58,0.7,16,0.88,3.2,0.653738,5.44739
2007-07-19,1.59,0.7,15.23,0.89,3.2,0.654603,5.3223
2007-07-20,1.61,0.73,16.95,0.88,3.37,0.647069,6.41194
2007-07-23,1.61,0.72,16.81,0.89,3.44,0.64671,6.46383
2007-07-24,1.65,0.75,18.55,0.9,3.61,0.640593,7.34867
2007-07-25,1.65,0.74,18.1,0.91,3.71,0.633257,8.40963
2007-07-26,1.83,0.78,20.74,1.05,4.13,0.619142,10.4512
2007-07-27,1.87,0.78,24.17,1.09,4.28,0.607064,12.198
2007-07-30,1.88,0.83,20.87,1.05,4.24,0.614703,11.0932
2007-07-31,1.85,0.84,23.52,1.01,4.19,0.612362,11.4317
2007-08-01,1.86,0.85,23.67,1.01,4.28,0.612422,11.4231
2007-08-02,1.83,0.83,21.22,1,4.18,0.614362,11.1425
2007-08-03,1.86,0.96,25.16,0.9,4.24,0.61031,11.7286
2007-08-06,1.89,0.99,22.94,0.9,4.28,0.613455,11.2737
2007-08-07,1.83,0.93,21.56,0.9,4.2,0.618322,10.5698
2007-08-08,1.87,0.99,21.45,0.88,3.93,0.633313,8.4015
2007-08-09,1.91,1.04,26.48,0.87,4.04,0.631793,8.6214
2007-08-10,1.88,1.01,28.3,0.87,4.12,0.631974,8.59526
2007-08-13,1.91,1.04,26.57,0.87,4.08,0.634758,8.19254
2007-08-14,1.95,1.07,27.68,0.88,4.16,0.628151,9.14818
2007-08-15,2.03,1.2,30.67,0.83,4.27,0.633937,8.31125
2007-08-16,2.06,1.24,30.83,0.82,4.59,0.626636,9.36732
2007-08-17,2.07,1.23,29.99,0.84,4.48,0.635539,8.07962
2007-08-20,2.08,1.24,26.33,0.84,4.5,0.62912,9.00794
2007-08-21,2.09,1.25,25.25,0.84,4.53,0.622858,9.91376
2007-08-22,2.07,1.24,22.89,0.83,4.42,0.628685,9.07091
2007-08-23,2.04,1.21,22.62,0.83,4.34,0.630326,8.83354
2007-08-24,2.01,1.18,20.72,0.83,4.29,0.628813,9.05237
2007-08-27,2,1.16,22.72,0.84,4.3,0.629611,8.93692
2007-08-28,2.07,1.23,26.3,0.84,4.44,0.626355,9.40795
2007-08-29,2.05,1.23,23.81,0.82,4.43,0.630566,8.79883
2007-08-30,2.07,1.25,25.06,0.82,4.48,0.627685,9.21556
2007-08-31,2.05,1.22,23.38,0.83,4.55,0.632857,8.46746
2007-09-03,,,,,4.55,,
2007-09-04,2.04,1.21,22.78,0.83,4.53,0.636956,7.87459
2007-09-05,2.06,1.25,24.58,0.81,4.6,0.632139,8.57138
2007-09-06,2.06,1.23,23.99,0.83,4.56,0.633397,8.38946
2007-09-07,2.1,1.28,26.23,0.82,4.73,0.617438,10.6976
2007-09-10,2.13,1.27,27.38,0.86,4.79,0.615308,11.0056
2007-09-11,2.11,1.25,25.27,0.86,4.74,0.620844,10.205
2007-09-12,2.13,1.25,24.96,0.88,4.69,0.625989,9.4609
2007-09-13,2.12,1.22,24.76,0.9,4.57,0.629412,8.96579
2007-09-14,2.12,1.22,24.92,0.9,4.58,0.634423,8.241
2007-09-17,2.1,1.2,26.48,0.9,4.52,0.634287,8.2606
2007-09-18,2.11,1.23,20.35,0.88,4.46,0.643672,6.90328
2007-09-19,2.11,1.24,20.03,0.87,4.3,0.662108,4.23688
2007-09-20,2.04,1.19,20.45,0.85,4.21,0.658329,4.78337
2007-09-21,2.03,1.17,19,0.86,4.16,0.654428,5.34762
2007-09-24,2.02,1.17,19.37,0.85,4.1,0.656974,4.97937
2007-09-25,2.02,1.18,18.6,0.84,4.17,0.660869,4.41596
2007-09-26,2.03,1.19,17.63,0.84,4.14,0.657873,4.84941
2007-09-27,2.01,1.18,17,0.83,4.15,0.651336,5.79476
2007-09-28,2,1.17,18,0.83,4.16,0.649868,6.0071
2007-09-30,,,,,4.2,,
2007-10-01,1.99,1.16,17.84,0.83,4.19,0.648645,6.18407
2007-10-02,2,1.17,18.49,0.83,4.2,0.647853,6.29852
2007-10-03,1.99,1.17,18.8,0.82,4.16,0.64631,6.52167
2007-10-04,1.97,1.13,18.44,0.84,4.15,0.646589,6.4814
2007-10-05,1.94,1.13,16.91,0.81,4.02,0.653996,5.41004
2007-10-08,,,17.46,,4.02,0.656722,5.01584
2007-10-09,1.9,1.11,16.12,0.79,3.95,0.658046,4.8243
2007-10-10,1.91,1.12,16.67,0.79,3.91,0.657104,4.9605
2007-10-11,1.9,1.13,18.88,0.77,3.86,0.658723,4.72646
2007-10-12,1.87,1.07,17.73,0.8,3.83,0.662653,4.15805
2007-10-15,1.88,1.09,19.25,0.79,3.81,0.66567,3.72159
2007-10-16,1.92,1.12,20.02,0.8,3.91,0.662909,4.12095
2007-10-17,1.91,1.1,18.54,0.81,4.07,0.647642,6.32911
2007-10-18,1.94,1.12,18.5,0.82,4.2,0.643769,6.88918
2007-10-19,1.97,1.14,22.96,0.83,4.36,0.63148,8.66671
2007-10-22,1.96,1.14,21.64,0.82,4.39,0.625574,9.52084
2007-10-23,1.98,1.16,20.41,0.82,4.34,0.631633,8.64458
2007-10-24,1.98,1.15,20.8,0.83,4.42,0.626983,9.317
2007-10-25,1.99,1.16,21.17,0.83,4.4,0.630044,8.87429
2007-10-26,1.98,1.14,19.56,0.84,4.39,0.632981,8.44949
2007-10-29,1.98,1.14,19.87,0.84,4.38,0.632439,8.52798
2007-10-30,1.99,1.14,21.07,0.85,4.38,0.631563,8.65469
2007-10-31,1.99,1.14,18.53,0.85,4.36,0.641332,7.2417
2007-11-01,2.01,1.17,23.21,0.84,4.53,0.628995,9.0261
2007-11-02,2.04,1.19,23.01,0.85,4.65,0.625463,9.53686
2007-11-05,2.02,1.14,24.31,0.88,4.69,0.62543,9.54163
2007-11-06,2.03,1.15,21.39,0.88,4.66,0.631729,8.63067
2007-11-07,2.1,1.23,26.49,0.87,4.76,0.629816,8.90733
2007-11-08,2.16,1.27,26.16,0.89,4.91,0.622936,9.90245
2007-11-09,2.18,1.29,28.5,0.89,5.02,0.620428,10.2652
2007-11-12,,,31.09,,5.02,0.620622,10.237
2007-11-13,2.18,1.27,24.1,0.91,5.07,0.620496,10.2553
2007-11-14,2.16,1.24,25.94,0.92,5.04,0.621339,10.1334
2007-11-15,2.22,1.28,28.06,0.94,5.25,0.615368,10.997
2007-11-16,2.26,1.31,25.49,0.95,5.37,0.614683,11.096
2007-11-19,2.3,1.34,26.01,0.96,5.61,0.610717,11.6696
2007-11-20,2.35,1.36,24.88,0.99,5.71,0.605381,12.4415
2007-11-21,2.41,1.4,26.84,1.01,5.87,0.59056,14.585
2007-11-22,,,,,5.87,,
2007-11-23,2.37,1.36,25.61,1.01,5.8,0.587666,15.0036
2007-11-26,2.4,1.38,28.91,1.02,5.92,0.582644,15.73
2007-11-27,2.41,1.33,26.28,1.08,5.88,0.589126,14.7925
2007-11-28,2.4,1.31,24.11,1.09,5.73,0.598761,13.3989
2007-11-29,2.46,1.35,23.97,1.11,5.73,0.596584,13.7139
2007-11-30,2.47,1.37,22.87,1.1,5.75,0.601912,12.9432
2007-12-03,2.52,1.4,23.61,1.12,5.82,0.603193,12.7579
2007-12-04,2.53,1.39,23.79,1.14,5.89,0.60096,13.0808
2007-12-05,2.58,1.4,22.53,1.18,5.86,0.601059,13.0665
2007-12-06,2.59,1.42,20.96,1.17,5.78,0.611784,11.5154
2007-12-07,2.61,1.42,20.85,1.19,5.63,0.618414,10.5564
2007-12-10,2.59,1.42,20.74,1.17,5.55,0.621226,10.1497
2007-12-11,2.63,1.48,23.59,1.15,5.68,0.608668,11.966
2007-12-12,2.63,1.46,22.47,1.17,5.61,0.618351,10.5655
2007-12-13,2.58,1.41,22.56,1.17,5.58,0.624837,9.6274
2007-12-14,2.55,1.4,23.27,1.15,5.54,0.628657,9.07494
2007-12-17,2.55,1.4,24.52,1.15,5.58,0.619731,10.366
2007-12-18,2.52,1.38,22.64,1.14,5.66,0.616363,10.853
2007-12-19,2.54,1.4,21.68,1.14,5.71,0.611292,11.5865
2007-12-20,2.51,1.38,20.58,1.13,5.79,0.611286,11.5874
2007-12-21,2.5,1.35,18.47,1.15,5.68,0.622304,9.99381
2007-12-24,2.49,1.34,18.6,1.15,5.65,0.623032,9.88851
2007-12-26,2.49,1.34,18.66,1.15,5.59,0.625767,9.49292
2007-12-27,2.52,1.36,20.26,1.16,5.64,0.6231,9.87864
2007-12-28,2.51,1.37,20.74,1.14,5.73,0.60755,12.1277
2007-12-31,2.52,1.37,22.5,1.15,5.92,0.605215,12.4654
2008-01-02,2.54,1.4,23.17,1.14,6.1,0.589395,14.7536
2008-01-03,2.57,1.42,22.49,1.15,6.17,0.58908,14.7991
2008-01-04,2.59,1.46,23.94,1.13,6.36,0.588302,14.9116
2008-01-07,2.6,1.43,23.79,1.17,6.45,0.582273,15.7837
2008-01-08,2.63,1.45,25.43,1.18,6.51,0.57958,16.1732
2008-01-09,2.67,1.5,24.12,1.17,6.73,0.572164,17.2457
2008-01-10,2.73,1.58,23.45,1.15,6.63,0.584306,15.4896
2008-01-11,2.77,1.56,23.68,1.21,6.68,0.581026,15.9641
2008-01-14,2.76,1.55,22.9,1.21,6.66,0.576864,16.566
2008-01-15,2.78,1.56,23.34,1.22,6.74,0.57193,17.2796
2008-01-16,2.77,1.55,24.38,1.22,6.83,0.57544,16.772
2008-01-17,2.81,1.58,28.46,1.23,6.99,0.564066,18.417
2008-01-18,2.87,1.62,27.18,1.25,7.04,0.572415,17.2095
2008-01-21,,,,,7.05,,
2008-01-22,2.98,1.75,31.01,1.23,7.39,0.562425,18.6543
2008-01-23,2.95,1.71,29.02,1.24,7.48,0.564813,18.3089
2008-01-24,2.95,1.71,27.78,1.24,7.12,0.583595,15.5924
2008-01-25,2.95,1.71,29.08,1.24,6.99,0.574796,16.865
2008-01-28,2.97,1.71,27.78,1.26,7.03,0.574332,16.9322
2008-01-29,2.94,1.68,27.32,1.26,6.85,0.578853,16.2784
2008-01-30,2.94,1.69,27.62,1.25,6.78,0.58491,15.4023
2008-01-31,2.96,1.71,26.2,1.25,6.95,0.58196,15.8289
2008-02-01,2.98,1.73,24.02,1.25,6.96,0.5788,16.286
2008-02-04,2.98,1.71,25.99,1.27,6.92,0.584939,15.398
2008-02-05,3.01,1.72,28.24,1.29,7.06,0.575838,16.7143
2008-02-06,3.05,1.75,28.97,1.3,7.09,0.576418,16.6304
2008-02-07,3.06,1.75,27.66,1.31,7.1,0.586629,15.1536
2008-02-08,3.09,1.79,28.01,1.3,7.25,0.57562,16.7459
2008-02-11,3.09,1.8,27.6,1.29,7.37,0.568707,17.7458
2008-02-12,3.11,1.84,26.33,1.27,7.37,0.574269,16.9413
2008-02-13,3.11,1.82,24.88,1.29,7.38,0.578898,16.2719
2008-02-14,3.1,1.82,25.54,1.28,7.25,0.590424,14.6047
2008-02-15,3.14,1.85,25.02,1.29,7.3,0.584461,15.4672
2008-02-18,,,,,7.3,,
2008-02-19,3.07,1.78,25.59,1.29,7.25,0.587416,15.0398
2008-02-20,3.03,1.73,24.4,1.3,7.25,0.584906,15.4028
2008-02-21,3.1,1.79,25.12,1.31,7.35,0.580775,16.0003
2008-02-22,3.12,1.81,24.06,1.31,7.35,0.585156,15.3667
2008-02-25,3.08,1.77,23.03,1.31,7.21,0.59298,14.2351
2008-02-26,3.1,1.8,21.9,1.3,7.17,0.596603,13.711
2008-02-27,3.11,1.8,22.69,1.31,7.18,0.595956,13.8046
2008-02-28,3.17,1.84,23.53,1.33,7.37,0.584707,15.4315
2008-02-29,3.22,1.89,26.54,1.33,7.67,0.573694,17.0245
2008-03-03,3.22,1.89,26.28,1.33,7.75,0.575334,16.7873
2008-03-04,3.19,1.85,25.52,1.34,7.76,0.580311,16.0674
2008-03-05,3.26,1.91,24.6,1.35,7.68,0.588998,14.8109
2008-03-06,3.35,1.99,27.55,1.36,7.79,0.58434,15.4847
2008-03-07,3.39,2.01,27.49,1.38,7.92,0.582361,15.771
2008-03-10,3.43,2.04,29.38,1.39,8.08,0.572575,17.1863
2008-03-11,3.39,2.03,26.36,1.36,7.95,0.578966,16.262
2008-03-12,3.39,2,27.22,1.39,8.13,0.567891,17.8638
2008-03-13,3.39,1.97,27.29,1.42,8.27,0.568352,17.7971
2008-03-14,3.42,2.04,31.16,1.38,8.38,0.558037,19.289
2008-03-17,3.5,2.13,32.24,1.37,8.62,0.551198,20.2782
2008-03-18,3.39,2.02,25.79,1.37,8.39,0.561477,18.7915
2008-03-19,3.44,2.04,29.84,1.4,8.37,0.552905,20.0313
2008-03-20,3.42,2.01,26.62,1.41,8.4,0.554143,19.8522
2008-03-24,3.34,1.93,25.73,1.41,8.07,0.569382,17.6481
2008-03-25,3.39,1.98,25.72,1.41,7.97,0.568472,17.7797
2008-03-26,3.41,2,26.08,1.41,7.99,0.569501,17.631
2008-03-27,3.41,2,25.88,1.41,7.94,0.57169,17.3143
2008-03-28,3.47,2.05,25.71,1.42,7.99,0.56648,18.0679
2008-03-31,3.45,2.03,25.61,1.42,8.21,0.566995,17.9934
2008-04-01,3.43,2,22.68,1.43,8.02,0.578908,16.2703
2008-04-02,3.4,1.97,23.43,1.43,7.86,0.577977,16.405
2008-04-03,3.38,1.96,23.21,1.42,7.78,0.575674,16.7381
2008-04-04,3.4,1.95,22.45,1.45,7.76,0.572666,17.1732
2008-04-07,3.37,1.93,22.42,1.44,7.54,0.580273,16.0729
2008-04-08,3.37,1.94,22.36,1.43,7.58,0.584275,15.4942
2008-04-09,3.38,1.95,22.81,1.43,7.71,0.573242,17.0899
2008-04-10,3.35,1.92,21.98,1.43,7.7,0.57725,16.5102
2008-04-11,3.38,1.94,23.46,1.44,7.76,0.56879,17.7337
2008-04-14,3.39,1.94,23.82,1.45,7.74,0.574156,16.9577
2008-04-15,3.39,1.94,22.78,1.45,7.65,0.581308,15.9232
2008-04-16,3.39,1.96,20.53,1.43,7.46,0.589605,14.7232
2008-04-17,3.34,1.9,20.37,1.44,7.36,0.591227,14.4886
2008-04-18,3.26,1.87,20.13,1.39,7.15,0.595748,13.8347
2008-04-21,3.22,1.85,20.5,1.37,7.13,0.592413,14.317
2008-04-22,3.21,1.8,20.87,1.41,7.07,0.591169,14.497
2008-04-23,3.18,1.77,20.26,1.41,7.05,0.595558,13.8622
2008-04-24,3.13,1.73,20.06,1.4,6.92,0.600835,13.099
2008-04-25,3.14,1.73,19.59,1.41,6.84,0.607253,12.1707
2008-04-28,3.11,1.76,19.64,1.35,6.85,0.608959,11.924
2008-04-29,3.11,1.76,20.24,1.35,6.86,0.604884,12.5133
2008-04-30,3.1,1.74,20.79,1.36,6.86,0.601202,13.0459
2008-05-01,3.04,1.72,18.88,1.32,6.81,0.61394,11.2036
2008-05-02,2.97,1.69,18.18,1.28,6.64,0.61549,10.9794
2008-05-05,3.01,1.69,18.9,1.32,6.65,0.614503,11.1221
2008-05-06,3.01,1.7,18.21,1.31,6.7,0.614552,11.1151
2008-05-07,3.05,1.74,19.73,1.31,6.72,0.612361,11.4319
2008-05-08,3.08,1.74,19.4,1.34,6.83,0.605624,12.4064
2008-05-09,3.07,1.72,19.41,1.35,6.9,0.604681,12.5427
2008-05-12,3.06,1.71,17.79,1.35,6.9,0.604802,12.5252
2008-05-13,3.04,1.69,17.98,1.35,6.76,0.611305,11.5847
2008-05-14,3.06,1.69,17.66,1.37,6.65,0.61017,11.7488
2008-05-15,3.08,1.72,16.3,1.36,6.69,0.606272,12.3125
2008-05-16,3.06,1.7,16.47,1.36,6.63,0.609642,11.8252
2008-05-19,3.07,1.71,17.01,1.36,6.6,0.611242,11.5937
2008-05-20,3.08,1.72,17.58,1.36,6.68,0.606908,12.2206
2008-05-21,3.08,1.71,18.59,1.37,6.64,0.605676,12.3987
2008-05-22,3.06,1.67,18.05,1.39,6.59,0.611974,11.4879
2008-05-23,3.06,1.67,19.55,1.39,6.7,0.605674,12.3991
2008-05-26,,,,,6.7,,
2008-05-27,3.08,1.68,19.64,1.4,6.72,0.606386,12.2961
2008-05-28,3.03,1.63,19.07,1.4,6.61,0.614824,11.0757
2008-05-29,3.04,1.65,18.14,1.39,6.55,0.61865,10.5223
2008-05-30,3,1.61,17.83,1.39,6.57,0.61467,11.098
2008-05-31,,,,,6.53,,
2008-06-02,3.05,1.66,19.83,1.39,6.67,0.60725,12.1711
2008-06-03,3.03,1.65,20.24,1.38,6.78,0.603346,12.7358
2008-06-04,3.04,1.66,20.8,1.38,6.79,0.60814,12.0424
2008-06-05,3.01,1.63,18.63,1.38,6.63,0.614459,11.1285
2008-06-06,3.04,1.67,23.56,1.37,6.68,0.604921,12.508
2008-06-09,2.94,1.56,23.12,1.38,6.58,0.606856,12.2281
2008-06-10,2.94,1.55,23.18,1.39,6.49,0.611079,11.6173
2008-06-11,2.97,1.56,24.12,1.41,6.56,0.612378,10.8256
2008-06-12,2.9,1.5,23.33,1.4,6.43,0.61755,10.0725
2008-06-13,2.9,1.49,21.22,1.41,6.39,0.621612,9.08013
2008-06-16,2.92,1.5,20.95,1.42,6.37,0.612867,10.3593
2008-06-17,2.94,1.53,21.13,1.41,6.4,0.612709,10.1845
2008-06-18,2.95,1.54,22.24,1.41,6.53,0.608918,10.7402
2008-06-19,2.92,1.55,21.58,1.37,6.53,0.608662,10.7778
2008-06-20,2.95,1.56,22.87,1.39,6.7,0.60274,11.2448
2008-06-23,2.93,1.54,22.64,1.39,6.76,0.599264,10.9925
2008-06-24,2.98,1.58,22.42,1.4,7.01,0.592794,11.9535
2008-06-25,2.96,1.55,21.14,1.41,7.02,0.594534,11.4288
2008-06-26,3,1.6,23.93,1.4,7.27,0.585902,12.7148
2008-06-27,3.04,1.62,23.44,1.42,7.41,0.577516,13.9642
2008-06-30,3.05,1.61,23.95,1.44,7.35,0.576777,14.0742
2008-07-01,3.06,1.61,23.65,1.45,7.48,0.577533,13.9616
2008-07-02,3.05,1.58,25.92,1.47,7.53,0.574097,14.4735
2008-07-03,3.08,1.61,24.79,1.47,7.63,0.575097,14.3245
2008-07-04,,,,,7.63,,
2008-07-07,3.1,1.62,25.78,1.48,7.76,0.572977,14.5943
2008-07-08,3.11,1.61,23.15,1.5,7.87,0.567756,14.7091
2008-07-09,3.14,1.65,25.23,1.49,7.82,0.563322,15.3752
2008-07-10,3.17,1.66,25.59,1.51,7.9,0.564111,15.2566
2008-07-11,3.15,1.63,27.49,1.52,7.88,0.571514,14.1446
2008-07-14,3.16,1.64,28.48,1.52,7.89,0.565188,15.0949
2008-07-15,3.22,1.71,28.54,1.51,8.06,0.556624,16.3814
2008-07-16,3.24,1.73,25.1,1.51,8.01,0.56874,14.5614
2008-07-17,3.2,1.68,25.01,1.52,7.79,0.573376,13.8649
2008-07-18,3.17,1.66,24.05,1.51,7.67,0.58477,12.1532
2008-07-21,3.18,1.67,23.05,1.51,7.58,0.585395,12.0593
2008-07-22,3.13,1.64,21.18,1.49,7.6,0.590323,11.319
2008-07-23,3.14,1.65,21.31,1.49,7.46,0.589926,11.3786
2008-07-24,3.19,1.69,23.44,1.5,7.64,0.585599,12.0286
2008-07-25,3.17,1.68,22.91,1.49,7.6,0.592771,10.9512
2008-07-28,3.16,1.67,24.23,1.49,7.79,0.584848,12.1414
2008-07-29,3.13,1.65,22.03,1.48,7.82,0.587362,11.7638
2008-07-30,3.17,1.69,21.21,1.48,7.81,0.586905,11.8324
2008-07-31,3.22,1.74,22.94,1.48,8,0.582321,12.5211
2008-08-01,3.21,1.73,22.57,1.48,8.13,0.578438,13.1044
2008-08-04,3.22,1.74,23.49,1.48,8.14,0.575769,13.5054
2008-08-05,3.2,1.72,21.14,1.48,8.11,0.584179,12.242
2008-08-06,3.24,1.76,20.23,1.48,8.05,0.582656,12.4708
2008-08-07,3.25,1.78,21.15,1.47,8.16,0.572635,13.9761
2008-08-08,3.23,1.74,20.66,1.49,8.14,0.572072,14.0608
2008-08-11,3.24,1.75,20.12,1.49,8.07,0.575968,13.4754
2008-08-12,3.26,1.77,21.17,1.49,8.11,0.572878,13.9397
2008-08-13,3.25,1.76,21.55,1.49,8.09,0.575749,13.5083
2008-08-14,3.26,1.76,20.34,1.5,8.11,0.572067,14.0615
2008-08-15,3.27,1.77,19.58,1.5,8.12,0.568437,14.6069
2008-08-18,3.26,1.75,20.98,1.51,8.17,0.564902,15.1379
2008-08-19,3.28,1.77,21.28,1.51,8.23,0.568191,14.6438
2008-08-20,3.31,1.78,20.42,1.53,8.3,0.566487,14.8998
2008-08-21,3.28,1.75,19.82,1.53,8.29,0.566723,14.8642
2008-08-22,3.27,1.72,18.81,1.55,8.25,0.563841,15.2973
2008-08-25,3.3,1.74,20.97,1.56,8.32,0.561295,15.6797
2008-08-26,3.31,1.74,20.49,1.57,8.32,0.557788,16.2066
2008-08-27,3.3,1.74,19.76,1.56,8.34,0.557446,16.2579
2008-08-28,3.29,1.72,19.43,1.57,8.29,0.558175,16.1484
2008-08-29,3.29,1.77,20.65,1.52,8.28,0.561705,15.6181
2008-08-31,,,,,8.36,,
2008-09-01,,,,,8.36,,
2008-09-02,3.33,1.8,21.99,1.53,8.42,0.556649,16.3776
2008-09-03,3.32,1.79,21.43,1.53,8.48,0.556111,16.4585
2008-09-04,3.37,1.82,24.03,1.55,8.55,0.554082,16.7632
2008-09-05,3.37,1.8,23.06,1.57,8.55,0.553893,16.7917
2008-09-08,3.37,1.79,22.64,1.58,8.46,0.550926,17.2375
2008-09-09,3.35,1.75,25.47,1.6,8.53,0.546704,17.8717
2008-09-10,3.37,1.81,24.52,1.56,8.55,0.547079,17.8153
2008-09-11,3.41,1.8,24.39,1.61,8.62,0.547363,17.7727
2008-09-12,3.43,1.82,25.66,1.61,8.54,0.554511,16.6988
2008-09-15,3.66,1.99,31.7,1.67,9.05,0.517355,22.2806
2008-09-16,3.68,2.01,30.3,1.67,9.29,0.505549,24.0541
2008-09-17,3.84,2.17,36.22,1.67,9.64,0.472822,28.9705
2008-09-18,3.79,2.14,33.1,1.65,9.83,0.517692,22.23
2008-09-19,3.77,2.15,32.07,1.62,9.21,0.541481,18.6563
2008-09-22,3.78,2.08,33.85,1.7,9.21,0.541049,18.7212
2008-09-23,3.77,2.09,35.72,1.68,9.39,0.537813,19.2073
2008-09-24,3.78,2.08,35.19,1.7,9.67,0.540277,18.8372
2008-09-25,3.86,2.04,32.82,1.82,9.87,0.527587,20.7436
2008-09-26,3.88,2.06,34.74,1.82,10.25,0.521974,21.5868
2008-09-29,4.01,2.15,46.72,1.86,10.75,0.466142,29.9741
2008-09-30,4,2.16,39.39,1.84,10.96,0.494552,25.7062
2008-10-01,4.1,2.25,39.81,1.85,11.24,0.509671,23.4349
2008-10-02,4.31,2.38,45.26,1.93,12,0.492437,26.0239
2008-10-03,4.35,2.35,45.14,2,12.24,0.486366,26.9359
2008-10-06,4.43,2.41,52.05,2.02,13.07,0.460341,30.8455
2008-10-07,4.55,2.47,53.68,2.08,13.18,0.453941,31.8069
2008-10-08,4.49,2.39,57.53,2.1,13.51,0.441308,33.7046
2008-10-09,4.48,2.35,63.92,2.13,13.91,0.434693,34.6984
2008-10-10,4.86,2.54,69.95,2.32,15.36,0.408573,38.6223
2008-10-13,,,54.99,,15.38,0.464657,30.1971
2008-10-14,4.78,2.47,55.13,2.31,14.5,0.470726,28.9909
2008-10-15,4.94,2.28,69.25,2.66,15.14,0.44592,31.1472
2008-10-16,5.09,2.48,67.61,2.61,15.72,0.431251,33.0116
2008-10-17,5.45,2.57,70.33,2.88,15.95,0.429026,33.1039
2008-10-20,5.52,2.6,52.97,2.92,15.76,0.434139,32.3067
2008-10-21,5.6,2.68,53.11,2.92,15.87,0.429377,33.0493
2008-10-22,5.6,2.64,69.65,2.96,16.05,0.41734,34.9261
2008-10-23,5.48,2.48,67.8,3,16.34,0.42127,34.3134
2008-10-24,5.54,2.48,79.13,3.06,16.69,0.415152,35.2672
2008-10-27,5.6,2.48,80.06,3.12,16.81,0.393753,38.6039
2008-10-28,5.59,2.48,66.96,3.11,16.67,0.404096,36.9911
2008-10-29,5.58,2.5,69.96,3.08,16.21,0.424628,33.7897
2008-10-30,5.52,2.47,62.9,3.05,15.91,0.440257,30.3092
2008-10-31,5.53,2.53,59.89,3,16.17,0.446229,29.3638
2008-11-03,5.53,2.49,53.68,3.04,16.29,0.448644,28.9816
2008-11-04,5.56,2.55,47.73,3.01,16.18,0.445342,29.5042
2008-11-05,5.53,2.57,54.56,2.96,16.08,0.43649,30.6956
2008-11-06,5.5,2.58,63.68,2.92,16.19,0.439664,30.0629
2008-11-07,5.45,2.56,56.1,2.89,16.31,0.44716,28.8706
2008-11-10,5.4,2.52,59.98,2.88,16.35,0.445049,29.2064
2008-11-11,,,61.44,,16.36,0.442946,29.5408
2008-11-12,5.41,2.55,66.46,2.86,16.84,0.433887,30.982
2008-11-13,5.54,2.63,59.83,2.91,17.06,0.442178,29.663
2008-11-14,5.56,2.63,66.31,2.93,17.16,0.428293,31.8717
2008-11-17,5.58,2.65,69.15,2.93,17.43,0.419814,33.2206
2008-11-18,5.71,2.62,67.64,3.09,17.96,0.405757,35.4566
2008-11-19,5.73,2.59,74.26,3.14,18.61,0.382104,39.219
2008-11-20,5.92,2.59,80.86,3.33,19.48,0.351257,44.1259
2008-11-21,5.88,2.62,72.67,3.26,19.92,0.359952,42.7427
2008-11-24,5.86,2.57,64.7,3.29,19.87,0.367328,41.5694
2008-11-25,6.01,2.64,60.9,3.37,19.86,0.360549,42.6478
2008-11-26,6.06,2.73,54.92,3.33,19.76,0.368431,41.3939
2008-11-27,,,,,19.77,,
2008-11-28,6.1,2.67,55.84,3.43,19.78,0.362568,42.3265
2008-11-30,,,,,19.88,,
2008-12-01,6.12,2.63,68.51,3.49,20.2,0.341994,45.5993
2008-12-02,6.11,2.64,62.98,3.47,20.19,0.344347,45.225
2008-12-03,6.13,2.63,60.72,3.5,20.39,0.343429,45.3709
2008-12-04,6.16,2.7,63.64,3.46,20.54,0.334822,46.7401
2008-12-05,6.07,2.65,59.93,3.42,20.74,0.340495,45.8377
2008-12-08,6.02,2.59,58.49,3.43,20.62,0.345202,45.0889
2008-12-09,6.06,2.63,58.91,3.43,20.59,0.335968,46.5578
2008-12-10,6.01,2.7,55.73,3.31,20.66,0.336516,46.4706
2008-12-11,6.07,2.73,55.78,3.34,20.92,0.333265,46.9878
2008-12-12,6.08,2.75,54.28,3.33,21.3,0.33788,46.2536
2008-12-15,6.1,2.76,56.76,3.34,21.82,0.332332,46.892
2008-12-16,6.11,2.79,52.37,3.32,21.44,0.330318,47.2139
2008-12-17,6.02,2.74,49.84,3.28,21.06,0.329826,47.2925
2008-12-18,6.03,2.64,47.34,3.39,20.72,0.3418,45.379
2008-12-19,5.94,2.49,44.93,3.45,20.43,0.339148,45.8028
2008-12-22,5.93,2.5,44.56,3.43,20.18,0.355467,43.195
2008-12-23,5.94,2.57,45.02,3.37,19.82,0.361131,42.2898
2008-12-24,5.9,2.55,44.21,3.35,19.79,0.35622,42.831
2008-12-26,5.9,2.56,43.38,3.34,19.55,0.361819,41.7935
2008-12-29,5.92,2.61,43.9,3.31,19.25,0.364695,41.3307
2008-12-30,5.86,2.53,41.63,3.33,18.48,0.362358,41.7067
2008-12-31,5.82,2.45,40,3.37,18.12,0.372502,40.0748
2009-01-02,5.72,2.37,39.19,3.35,17.84,0.3809,38.7238
2009-01-05,5.82,2.56,39.08,3.26,17.44,0.409867,34.0639
2009-01-06,5.77,2.54,38.56,3.23,16.68,0.417523,32.8322
2009-01-07,5.71,2.53,43.39,3.18,16.42,0.408364,34.3056
2009-01-08,5.71,2.56,42.56,3.15,16.67,0.402767,35.2061
2009-01-09,5.72,2.59,42.82,3.13,16.65,0.408075,34.3522
2009-01-12,5.71,2.63,45.84,3.08,16.67,0.395101,36.4393
2009-01-13,5.72,2.63,43.27,3.09,16.82,0.39325,36.7372
2009-01-14,5.68,2.6,49.14,3.08,16.86,0.381925,38.559
2009-01-15,5.68,2.59,51,3.09,16.97,0.379787,38.9029
2009-01-16,5.55,2.48,46.11,3.07,16.79,0.388857,37.4438
2009-01-19,,,,,16.81,,
2009-01-20,5.55,2.5,56.65,3.05,16.79,0.382272,38.5031
2009-01-21,5.58,2.53,46.42,3.05,16.71,0.394793,36.4889
2009-01-22,5.62,2.59,47.29,3.03,16.69,0.401463,35.4158
2009-01-23,5.63,2.53,47.27,3.1,16.73,0.398169,35.9457
2009-01-26,5.6,2.54,45.69,3.06,16.74,0.402716,35.2142
2009-01-27,5.47,2.46,42.25,3.01,16.76,0.397105,36.1169
2009-01-28,5.49,2.49,39.66,3,16.4,0.421721,32.1569
2009-01-29,5.41,2.45,42.63,2.96,16.22,0.420914,32.2868
2009-01-30,5.38,2.45,44.84,2.93,16.22,0.424171,31.7628
2009-01-31,,,,,16.26,,
2009-02-02,5.33,2.43,45.52,2.9,16.4,0.407551,34.4364
2009-02-03,5.32,2.39,43.06,2.93,16.3,0.418237,32.7174
2009-02-04,5.29,2.39,43.85,2.9,16.15,0.419363,32.5363
2009-02-05,5.23,2.35,43.73,2.88,16.13,0.415548,33.1499
2009-02-06,5.13,2.3,43.37,2.83,16.05,0.425258,31.5879
2009-02-09,5.09,2.3,43.64,2.79,15.98,0.427164,31.2813
2009-02-10,5.08,2.32,46.67,2.76,16.07,0.415326,33.1857
2009-02-11,5.1,2.29,44.53,2.81,16.17,0.409064,34.193
2009-02-12,5.16,2.34,41.25,2.82,16.27,0.411663,33.775
2009-02-13,5.24,2.43,42.93,2.81,16.21,0.424587,31.6958
2009-02-16,,,,,16.06,,
2009-02-17,5.28,2.48,48.66,2.8,16.45,0.401271,35.4467
2009-02-18,5.21,2.45,48.46,2.76,16.59,0.402301,35.281
2009-02-19,5.27,2.55,47.08,2.72,16.48,0.41132,33.8301
2009-02-20,5.25,2.5,49.3,2.75,16.76,0.401409,35.4246
2009-02-23,5.24,2.45,52.62,2.79,16.85,0.387735,37.6242
2009-02-24,5.23,2.41,45.49,2.82,17.22,0.393653,36.6722
2009-02-25,5.18,2.36,44.67,2.82,17.17,0.396319,36.2434
2009-02-26,5.23,2.38,44.66,2.85,17.18,0.3926,36.8417
2009-02-27,5.22,2.41,46.35,2.81,17.39,0.388917,37.4342
2009-02-28,,,,,17.38,,
2009-03-02,5.29,2.5,52.65,2.79,17.84,0.374642,39.7306
2009-03-03,5.34,2.51,50.93,2.83,18.09,0.378666,39.0832
2009-03-04,5.31,2.45,47.56,2.86,18.28,0.380351,38.8122
2009-03-05,5.34,2.49,50.17,2.85,18.59,0.352518,43.2897
2009-03-06,5.35,2.55,49.33,2.8,18.66,0.353177,43.1837
2009-03-09,5.4,2.53,49.68,2.87,18.86,0.353193,43.1812
2009-03-10,5.45,2.55,44.37,2.9,18.71,0.377924,39.2026
2009-03-11,5.45,2.54,43.61,2.91,18.38,0.379831,38.8958
2009-03-12,5.52,2.58,41.18,2.94,18.29,0.384299,38.1771
2009-03-13,5.56,2.62,42.36,2.94,18.04,0.387112,37.7245
2009-03-16,5.57,2.73,43.74,2.84,17.63,0.395546,36.3678
2009-03-17,5.6,2.73,40.8,2.87,17.58,0.395465,36.3807
2009-03-18,5.88,3,40.06,2.88,17.97,0.389792,37.2934
2009-03-19,5.84,2.94,43.68,2.9,17.74,0.385896,37.9201
2009-03-20,5.86,2.94,45.89,2.92,17.74,0.387307,37.6932
2009-03-23,5.88,2.94,43.23,2.94,17.56,0.398762,35.8503
2009-03-24,5.8,2.76,42.93,3.04,17.45,0.395747,36.3353
2009-03-25,5.79,2.74,42.25,3.05,17.26,0.403288,35.1223
2009-03-26,5.76,2.72,40.36,3.04,17.09,0.404845,34.8718
2009-03-27,5.72,2.67,41.04,3.05,16.75,0.397773,36.0094
2009-03-30,5.75,2.7,45.54,3.05,16.89,0.377698,39.2389
2009-03-31,5.74,2.68,44.14,3.06,17.03,0.380919,38.7208
2009-04-01,5.7,2.64,42.28,3.06,17.12,0.378069,39.1792
2009-04-02,5.69,2.63,42.04,3.06,16.78,0.396665,36.1877
2009-04-03,5.68,2.59,39.7,3.09,16.53,0.410659,33.9365
2009-04-06,5.68,2.58,40.93,3.1,16.43,0.411076,33.8693
2009-04-07,5.67,2.57,40.39,3.1,16.44,0.405312,34.7967
2009-04-08,5.64,2.57,38.85,3.07,16.36,0.406495,34.6063
2009-04-09,5.61,2.47,36.53,3.14,16.19,0.423369,31.8918
2009-04-13,5.6,2.45,37.81,3.15,16.16,0.419227,32.5581
2009-04-14,5.6,2.5,37.67,3.1,15.85,0.41491,33.2527
2009-04-15,5.53,2.47,36.17,3.06,15.74,0.419159,32.5691
2009-04-16,5.52,2.49,35.79,3.03,15.44,0.429203,30.9533
2009-04-17,5.43,2.35,33.94,3.08,15.05,0.44346,28.6598
2009-04-20,5.35,2.35,39.18,3,15.17,0.420881,32.292
2009-04-21,5.3,2.35,37.14,2.95,15.35,0.429887,30.8431
2009-04-22,5.33,2.4,38.1,2.93,15.27,0.434576,30.0888
2009-04-23,5.3,2.38,37.15,2.92,15.17,0.434148,30.1578
2009-04-24,5.25,2.39,36.82,2.86,14.87,0.445344,28.3567
2009-04-27,5.3,2.44,38.32,2.86,14.91,0.439947,29.2249
2009-04-28,5.24,2.45,37.95,2.79,14.79,0.448218,27.8942
2009-04-29,5.17,2.34,36.08,2.83,14.46,0.460622,25.8988
2009-04-30,5.08,2.29,36.5,2.79,13.45,0.46606,25.0241
2009-05-01,5.01,2.29,35.3,2.72,13.34,0.468552,24.6231
2009-05-04,4.98,2.28,34.53,2.7,13.23,0.465901,25.0496
2009-05-05,4.93,2.19,33.36,2.74,13.08,0.470498,24.3101
2009-05-06,4.91,2.24,32.45,2.67,12.94,0.475519,23.5022
2009-05-07,4.9,2.31,33.44,2.59,12.54,0.479409,22.8765
2009-05-08,4.85,2.31,32.05,2.54,12.41,0.486809,21.686
2009-05-11,4.88,2.34,32.87,2.54,12.58,0.477483,23.1863
2009-05-12,4.86,2.31,31.8,2.55,12.64,0.477623,23.1638
2009-05-13,4.86,2.3,33.65,2.56,12.85,0.466325,24.9813
2009-05-14,4.87,2.29,31.37,2.58,12.91,0.459606,26.0622
2009-05-15,4.85,2.27,33.12,2.58,12.91,0.453298,27.0771
2009-05-18,4.85,2.28,30.24,2.57,12.82,0.470231,24.353
2009-05-19,4.79,2.28,28.8,2.51,12.67,0.475865,23.4466
2009-05-20,4.74,2.29,29.03,2.45,12.45,0.477864,23.125
2009-05-21,4.7,2.28,31.35,2.42,12.32,0.483887,22.1561
2009-05-22,4.66,2.27,32.63,2.39,12.13,0.49608,20.1947
2009-05-25,,,,,12.15,,
2009-05-26,4.62,2.27,30.62,2.35,12.09,0.502366,19.1834
2009-05-27,4.48,2.17,32.36,2.31,11.87,0.512347,17.5776
2009-05-28,4.38,2.08,31.67,2.3,11.74,0.506808,18.4687
2009-05-29,4.29,1.89,28.92,2.4,11.76,0.497761,19.9242
2009-05-31,,,,,11.7,,
2009-06-01,4.26,1.99,30.04,2.27,11.36,0.525063,15.5321
2009-06-02,4.14,1.97,29.63,2.17,11.19,0.520732,16.2289
2009-06-03,4.1,2.01,31.02,2.09,11.17,0.512936,17.4829
2009-06-04,4.05,2,30.18,2.05,11.01,0.525365,15.4834
2009-06-05,3.95,1.94,29.62,2.01,10.7,0.531087,14.563
2009-06-08,3.81,1.85,29.77,1.96,10.6,0.533396,14.1916
2009-06-09,3.85,1.92,28.27,1.93,10.59,0.53447,14.0188
2009-06-10,3.77,1.89,28.46,1.88,10.42,0.543701,12.5337
2009-06-11,3.79,1.93,28.11,1.86,10.43,0.538948,13.2983
2009-06-12,3.79,1.95,28.15,1.84,10.41,0.536917,13.6251
2009-06-15,3.76,1.92,30.81,1.84,10.4,0.524253,14.4589
2009-06-16,3.74,1.96,32.68,1.78,10.48,0.510366,16.7034
2009-06-17,3.67,1.91,31.54,1.76,10.73,0.510285,16.1981
2009-06-18,3.61,1.76,30.03,1.85,10.74,0.523084,14.06
2009-06-19,3.54,1.74,27.99,1.8,10.75,0.516539,14.3015
2009-06-22,3.51,1.76,31.17,1.75,10.93,0.504636,15.7907
2009-06-23,3.53,1.78,30.58,1.75,11.03,0.499606,15.9669
2009-06-24,3.52,1.77,29.05,1.75,11.01,0.507218,14.6865
2009-06-25,3.64,1.86,26.36,1.78,11.09,0.502832,15.1726
2009-06-26,3.65,1.84,25.93,1.81,11.09,0.501855,15.3375
2009-06-29,3.69,1.86,25.35,1.83,11.05,0.50738,14.4055
2009-06-30,3.64,1.84,26.35,1.8,10.55,0.510609,13.8607
2009-07-01,3.65,1.9,26.22,1.75,10.5,0.512887,13.4764
2009-07-02,3.63,1.89,27.95,1.74,10.52,0.502771,15.1829
2009-07-03,,,,,10.52,,
2009-07-06,3.66,1.91,29,1.75,10.61,0.496223,16.2877
2009-07-07,3.66,1.91,30.85,1.75,10.63,0.486043,18.005
2009-07-08,3.66,1.91,31.3,1.75,10.84,0.480133,19.002
2009-07-09,3.71,1.95,29.78,1.76,10.79,0.492889,16.85
2009-07-10,3.71,1.96,29.02,1.75,10.89,0.484646,18.2406
2009-07-13,3.7,1.93,26.31,1.77,10.92,0.488464,17.5966
2009-07-14,3.68,1.93,25.02,1.75,10.76,0.49866,15.8765
2009-07-15,3.63,1.88,25.89,1.75,10.52,0.523123,11.7496
2009-07-16,3.6,1.86,25.42,1.74,10.57,0.519111,12.4264
2009-07-17,3.56,1.85,24.34,1.71,10.41,0.527716,10.9748
2009-07-20,3.55,1.85,24.4,1.7,10.37,0.532263,10.2077
2009-07-21,3.55,1.84,23.87,1.71,10.29,0.524391,11.5356
2009-07-22,3.53,1.85,23.47,1.68,10.18,0.529799,10.6234
2009-07-23,3.48,1.83,23.43,1.65,9.88,0.545188,8.02732
2009-07-24,3.41,1.8,23.09,1.61,9.8,0.545762,7.93044
2009-07-27,3.4,1.82,24.28,1.58,9.66,0.553112,5.83116
2009-07-28,3.32,1.78,25.01,1.54,9.56,0.548862,6.55469
2009-07-29,3.23,1.72,25.61,1.51,9.44,0.54773,6.6749
2009-07-30,3.13,1.66,25.4,1.47,9.33,0.544529,6.78724
2009-07-31,3.11,1.66,25.92,1.45,9.22,0.542812,7.08115
2009-08-03,3.04,1.63,25.56,1.41,8.99,0.55221,5.47242
2009-08-04,2.99,1.58,24.89,1.41,8.88,0.555442,4.91919
2009-08-05,2.95,1.56,24.9,1.39,8.77,0.562054,3.53583
2009-08-06,2.9,1.52,25.67,1.38,8.73,0.555713,3.5167
2009-08-07,2.85,1.57,24.76,1.28,8.57,0.564308,2.02452
2009-08-10,2.85,1.57,24.99,1.28,8.58,0.559887,2.7921
2009-08-11,2.88,1.6,25.99,1.28,8.64,0.552161,4.09698
2009-08-12,2.97,1.68,25.45,1.29,8.78,0.55672,3.30516
2009-08-13,2.99,1.7,24.71,1.29,8.91,0.541956,5.26346
2009-08-14,3.02,1.76,24.27,1.26,8.94,0.537176,5.49949
2009-08-17,3.08,1.76,27.89,1.32,9.17,0.516419,9.1117
2009-08-18,3.07,1.77,26.18,1.3,9.19,0.528409,7.00138
2009-08-19,3.1,1.76,26.26,1.34,9.25,0.526198,7.15079
2009-08-20,3.09,1.76,25.09,1.33,9.27,0.520312,8.18946
2009-08-21,3.06,1.74,25.01,1.32,9.13,0.538492,4.57472
2009-08-24,3.05,1.72,25.14,1.33,9.14,0.526144,6.76294
2009-08-25,3.01,1.69,24.92,1.32,9.12,0.523122,7.29847
2009-08-26,2.98,1.67,24.95,1.31,9.11,0.522767,7.36141
2009-08-27,2.96,1.67,24.68,1.29,9.07,0.522158,7.46933
2009-08-28,2.95,1.66,24.76,1.29,9.04,0.522379,7.43009
2009-08-31,2.98,1.72,26.01,1.26,9.12,0.521956,7.50515
2009-09-01,3.01,1.76,29.15,1.25,9.18,0.518306,8.15196
2009-09-02,2.99,1.75,28.9,1.24,9.23,0.508144,9.95273
2009-09-03,3,1.76,27.1,1.24,9.19,0.514596,8.80927
2009-09-04,3,1.76,25.26,1.24,9.09,0.527524,6.51841
2009-09-07,,,,,9.1,,
2009-09-08,2.98,1.78,25.62,1.2,9.03,0.538819,4.51679
2009-09-09,3.01,1.78,24.32,1.23,8.98,0.534361,5.30691
2009-09-10,2.96,1.74,23.55,1.22,8.93,0.532825,5.5791
2009-09-11,2.97,1.76,24.15,1.21,8.78,0.534934,5.20521
2009-09-14,2.94,1.71,23.86,1.23,8.57,0.540941,4.14073
2009-09-15,2.93,1.7,23.42,1.23,8.35,0.547604,2.96004
2009-09-16,2.91,1.69,23.69,1.22,8.09,0.553664,1.88621
2009-09-17,2.87,1.67,23.65,1.2,8.09,0.547742,2.9356
2009-09-18,2.85,1.7,23.92,1.15,7.98,0.551118,2.33729
2009-09-21,2.86,1.71,24.06,1.15,8,0.550177,2.50412
2009-09-22,2.84,1.7,23.08,1.14,7.93,0.548392,2.82049
2009-09-23,2.84,1.71,23.49,1.13,7.88,0.548402,2.81867
2009-09-24,2.86,1.73,24.95,1.13,7.87,0.547835,2.91916
2009-09-25,2.83,1.71,25.61,1.12,7.89,0.539198,4.44968
2009-09-28,2.81,1.69,24.88,1.12,7.95,0.538742,4.53047
2009-09-29,2.81,1.68,25.19,1.13,7.91,0.53861,4.5538
2009-09-30,2.86,1.73,25.61,1.13,7.93,0.538977,4.48891
2009-10-01,2.9,1.74,28.27,1.16,8.11,0.517696,8.26002
2009-10-02,2.93,1.79,28.68,1.14,8.2,0.521491,7.58757
2009-10-05,2.95,1.79,26.84,1.16,8.15,0.528438,6.35637
2009-10-06,2.94,1.79,25.7,1.15,8.05,0.531889,5.74488
2009-10-07,2.92,1.76,24.68,1.16,8.11,0.529593,6.15183
2009-10-08,2.96,1.8,24.18,1.16,8,0.538609,4.55413
2009-10-09,2.96,1.79,23.12,1.17,7.87,0.553376,1.93724
2009-10-12,,,23.01,,7.88,0.552383,2.11313
2009-10-13,2.95,1.78,22.99,1.17,7.93,0.549394,2.64285
2009-10-14,2.96,1.79,22.86,1.17,7.76,0.559864,0.787474
2009-10-15,2.96,1.79,21.72,1.17,7.69,0.562336,0.349382
2009-10-16,2.93,1.77,21.43,1.16,7.69,0.557734,1.1649
2009-10-19,2.91,1.75,21.49,1.16,7.67,0.553516,1.91231
2009-10-20,2.91,1.76,20.9,1.15,7.66,0.551564,2.25827
2009-10-21,2.89,1.75,22.22,1.14,7.58,0.555857,1.49756
2009-10-22,2.88,1.75,20.69,1.13,7.52,0.562857,0.257154
2009-10-23,2.8,1.66,22.27,1.14,7.45,0.566148,0
2009-10-26,2.83,1.72,24.31,1.11,7.35,0.573908,0
2009-10-27,2.84,1.72,24.83,1.12,7.47,0.561746,2.11917
2009-10-28,2.85,1.72,27.91,1.13,7.59,0.549889,4.18514
2009-10-29,2.86,1.74,24.76,1.12,7.56,0.563747,1.77043
2009-10-30,2.86,1.75,30.69,1.11,7.66,0.550451,4.08714
2009-10-31,,,,,7.6,,
2009-11-02,2.85,1.74,29.78,1.11,7.6,0.557233,2.90559
2009-11-03,2.87,1.74,28.81,1.13,7.61,0.564115,1.70644
2009-11-04,2.89,1.75,27.72,1.14,7.55,0.570185,0.648653
2009-11-05,2.86,1.76,25.43,1.1,7.56,0.570653,0.567083
2009-11-06,2.86,1.74,24.19,1.12,7.6,0.570635,0.570328
2009-11-09,2.89,1.77,23.15,1.12,7.57,0.572226,0.293129
2009-11-10,2.92,1.8,22.84,1.12,7.52,0.573071,0.145899
2009-11-11,,,23.04,,7.52,0.571015,0.504119
2009-11-12,2.94,1.82,24.24,1.12,7.54,0.57272,0.207013
2009-11-13,2.93,1.81,23.36,1.12,7.52,0.568971,0.860175
2009-11-16,2.92,1.81,22.89,1.11,7.55,0.565003,1.5517
2009-11-17,2.92,1.8,22.41,1.12,7.55,0.561856,2.09993
2009-11-18,2.94,1.82,21.63,1.12,7.51,0.56373,1.77349
2009-11-19,2.92,1.82,22.63,1.1,7.55,0.563899,1.74401
2009-11-20,2.93,1.8,22.19,1.13,7.54,0.563886,1.74628
2009-11-23,2.92,1.74,21.16,1.18,7.52,0.564009,1.72477
2009-11-24,2.93,1.76,20.47,1.17,7.56,0.560796,2.28466
2009-11-25,2.95,1.78,20.48,1.17,7.57,0.558485,2.68735
2009-11-26,,,,,7.57,,
2009-11-27,2.99,1.82,24.85,1.17,7.64,0.552528,3.72539
2009-11-30,2.99,1.8,24.51,1.19,7.65,0.553015,3.64052
2009-12-01,3,1.81,21.92,1.19,7.58,0.562013,2.07269
2009-12-02,2.95,1.77,21.12,1.18,7.49,0.562129,2.05234
2009-12-03,2.93,1.75,22.46,1.18,7.4,0.568757,0.897459
2009-12-04,2.91,1.75,21.25,1.16,7.24,0.577193,0
2009-12-07,2.93,1.78,22.1,1.15,7.26,0.577186,0.00128251
2009-12-08,2.92,1.79,23.69,1.13,7.31,0.576992,0.034894
2009-12-09,2.89,1.77,22.66,1.12,7.26,0.579654,0
2009-12-10,2.93,1.82,22.32,1.11,7.18,0.589304,0
2009-12-11,2.86,1.76,21.59,1.1,7.09,0.589707,0
2009-12-14,2.79,1.71,21.15,1.08,6.97,0.593747,0
2009-12-15,2.8,1.73,21.49,1.07,6.86,0.595786,0
2009-12-16,2.77,1.69,20.54,1.08,6.82,0.597865,0
2009-12-17,2.75,1.68,22.51,1.07,6.91,0.58784,1.67675
2009-12-18,2.73,1.67,21.68,1.06,6.84,0.590038,1.30916
2009-12-21,2.69,1.61,20.49,1.08,6.72,0.602502,0
2009-12-22,2.65,1.55,19.54,1.1,6.65,0.607202,0
2009-12-23,2.63,1.53,19.71,1.1,6.6,0.608515,0
2009-12-24,2.65,1.56,19.47,1.09,6.54,0.617188,0
2009-12-28,2.64,1.55,19.93,1.09,6.5,0.617098,0.0145968
2009-12-29,2.59,1.52,20.01,1.07,6.49,0.609773,1.20146
2009-12-30,2.56,1.5,19.96,1.06,6.5,0.608357,1.43085
2009-12-31,2.54,1.48,21.68,1.06,6.39,0.612243,0.801286
2010-01-04,2.54,1.5,20.04,1.04,6.34,0.617602,0
2010-01-05,2.53,1.47,19.35,1.06,6.3,0.61655,0.170267
2010-01-06,2.49,1.45,19.16,1.04,6.17,0.626531,0
2010-01-07,2.48,1.46,19.06,1.02,6.03,0.628004,0
2010-01-08,2.49,1.49,18.13,1,6.02,0.629267,0
2010-01-11,2.47,1.5,17.55,0.97,5.99,0.632176,0
2010-01-12,2.48,1.51,18.25,0.97,6.07,0.618345,2.18791
2010-01-13,2.5,1.52,17.85,0.98,6.03,0.627023,0.815204
2010-01-14,2.46,1.41,17.63,1.05,6.04,0.619056,2.07536
2010-01-15,2.48,1.42,17.91,1.06,6.1,0.612773,3.06923
2010-01-18,,,,,6.1,,
2010-01-19,2.48,1.49,17.58,0.99,6.11,0.614804,2.74798
2010-01-20,2.48,1.56,18.68,0.92,6.16,0.60775,3.86384
2010-01-21,2.51,1.59,22.27,0.92,6.24,0.595531,5.79665
2010-01-22,2.53,1.59,27.31,0.94,6.36,0.590915,6.52676
2010-01-25,2.56,1.63,25.41,0.93,6.42,0.594513,5.95764
2010-01-26,2.59,1.65,24.55,0.94,6.44,0.595071,5.86942
2010-01-27,2.57,1.62,23.14,0.95,6.41,0.595601,5.78564
2010-01-28,2.57,1.62,23.73,0.95,6.41,0.593394,6.13466
2010-01-29,2.57,1.61,24.62,0.96,6.46,0.585264,7.42076
2010-01-31,,,,,6.54,,
2010-02-01,2.57,1.62,22.59,0.95,6.54,0.593476,6.12172
2010-02-02,2.56,1.61,21.48,0.95,6.54,0.593578,6.10555
2010-02-03,2.58,1.63,21.6,0.95,6.46,0.603605,4.51949
2010-02-04,2.62,1.65,26.08,0.97,6.59,0.58577,7.34066
2010-02-05,2.62,1.65,26.11,0.97,6.81,0.581075,8.08333
2010-02-08,2.64,1.65,26.51,0.99,6.85,0.577791,8.60276
2010-02-09,2.65,1.65,26,1,6.88,0.584794,7.49506
2010-02-10,2.66,1.67,25.4,0.99,6.93,0.582487,7.86008
2010-02-11,2.7,1.7,23.96,1,6.98,0.588046,6.98067
2010-02-12,2.72,1.72,22.73,1,7.03,0.585283,7.41769
2010-02-15,,,,,7.01,,
2010-02-16,2.73,1.73,22.25,1,7.02,0.589961,6.67775
2010-02-17,2.73,1.72,21.72,1.01,6.8,0.601342,4.8774
2010-02-18,2.72,1.7,20.63,1.02,6.65,0.609504,3.58639
2010-02-19,2.65,1.65,20.02,1,6.56,0.610312,3.45852
2010-02-22,2.65,1.65,19.94,1,6.5,0.613624,2.93458
2010-02-23,2.65,1.64,21.37,1.01,6.6,0.599815,5.119
2010-02-24,2.65,1.62,20.27,1.03,6.58,0.60065,4.98698
2010-02-25,2.64,1.62,20.1,1.02,6.65,0.59736,5.50736
2010-02-26,2.62,1.6,19.5,1.02,6.66,0.598278,5.3621
2010-02-28,,,,,6.71,,
2010-03-01,2.65,1.61,19.26,1.04,6.66,0.598996,5.24855
2010-03-02,2.64,1.61,19.06,1.03,6.58,0.603663,4.51034
2010-03-03,2.63,1.62,18.83,1.01,6.54,0.605815,4.16993
2010-03-04,2.62,1.61,18.72,1.01,6.49,0.603118,4.59653
2010-03-05,2.61,1.6,17.42,1.01,6.37,0.614775,2.75252
2010-03-08,2.59,1.57,17.79,1.02,6.27,0.618133,2.22138
2010-03-09,2.61,1.58,17.92,1.03,6.23,0.62067,1.82007
2010-03-10,2.59,1.57,18.57,1.02,6.16,0.622474,1.53477
2010-03-11,2.56,1.55,18.06,1.01,6.15,0.619629,1.9848
2010-03-12,2.55,1.53,17.58,1.02,6.11,0.615933,2.56935
2010-03-15,2.56,1.54,18,1.02,6.12,0.616052,2.55059
2010-03-16,2.55,1.54,17.69,1.01,6.16,0.613262,2.99185
2010-03-17,2.53,1.53,16.91,1,6.11,0.610648,3.40546
2010-03-18,2.52,1.53,16.62,0.99,6.02,0.613559,2.94492
2010-03-19,2.49,1.5,16.97,0.99,5.98,0.609907,3.52263
2010-03-22,2.5,1.52,16.87,0.98,6.02,0.612144,3.1687
2010-03-23,2.51,1.53,16.35,0.98,6,0.614971,2.72163
2010-03-24,2.48,1.5,17.55,0.98,5.85,0.62605,0.969006
2010-03-25,2.47,1.49,18.4,0.98,5.78,0.63157,0.0958099
2010-03-26,2.49,1.49,17.77,1,5.8,0.629582,0.410274
2010-03-29,2.49,1.49,17.59,1,5.79,0.632781,0
2010-03-30,2.48,1.49,17.13,0.99,5.77,0.63015,0.41587
2010-03-31,2.47,1.48,17.59,0.99,5.84,0.623878,1.40711
2010-04-01,2.44,1.44,17.47,1,5.82,0.623895,1.40433
2010-04-02,2.44,1.44,,1,,,
2010-04-05,2.43,1.43,17.02,1,5.65,0.634162,0
2010-04-06,2.46,1.47,16.23,0.99,5.65,0.637274,0
2010-04-07,2.44,1.45,16.62,0.99,5.72,0.630159,1.11646
2010-04-08,2.43,1.44,16.48,0.99,5.7,0.630947,0.99283
2010-04-09,2.43,1.44,16.14,0.99,5.68,0.630384,1.08114
2010-04-12,2.4,1.42,15.58,0.98,5.68,0.627214,1.57857
2010-04-13,2.4,1.42,16.2,0.98,5.66,0.626883,1.63052
2010-04-14,2.4,1.43,15.59,0.97,5.57,0.633024,0.666781
2010-04-15,2.42,1.45,15.89,0.97,5.52,0.63402,0.510482
2010-04-16,2.43,1.46,18.36,0.97,5.57,0.624353,2.02755
2010-04-19,2.42,1.45,17.34,0.97,5.59,0.624682,1.9759
2010-04-20,2.4,1.45,15.73,0.95,5.54,0.629157,1.27369
2010-04-21,2.38,1.43,16.32,0.95,5.55,0.624093,2.06824
2010-04-22,2.38,1.43,16.47,0.95,5.5,0.624133,2.06199
2010-04-23,2.37,1.42,16.62,0.95,5.44,0.630434,1.07326
2010-04-26,2.38,1.44,17.47,0.94,5.42,0.629735,1.18294
2010-04-27,2.39,1.44,22.81,0.95,5.55,0.613156,3.78449
2010-04-28,2.38,1.44,21.08,0.94,5.51,0.618849,2.89114
2010-04-29,2.37,1.43,18.44,0.94,5.54,0.620516,2.62955
2010-04-30,2.38,1.44,22.05,0.94,5.61,0.61544,3.42605
2010-05-03,2.37,1.43,20.19,0.94,5.57,0.616175,3.31081
2010-05-04,2.38,1.43,23.84,0.95,5.68,0.599078,5.99364
2010-05-05,2.4,1.45,24.91,0.95,5.91,0.587431,7.82117
2010-05-06,2.41,1.39,32.8,1.02,6.26,0.55569,12.802
2010-05-07,2.55,1.5,40.95,1.05,6.47,0.562657,11.7087
2010-05-10,2.53,1.5,28.84,1.03,6.25,0.585307,8.15451
2010-05-11,2.58,1.53,28.32,1.05,6.34,0.586131,8.02526
2010-05-12,2.61,1.57,25.52,1.04,6.18,0.597836,6.18855
2010-05-13,2.6,1.56,26.68,1.04,6.14,0.590239,7.38053
2010-05-14,2.59,1.53,31.24,1.06,6.33,0.576808,9.48823
2010-05-17,2.59,1.52,30.84,1.07,6.36,0.578202,9.26946
2010-05-18,2.61,1.51,33.55,1.1,6.46,0.568273,10.8275
2010-05-19,2.65,1.52,35.32,1.13,6.59,0.56308,11.6424
2010-05-20,2.74,1.58,45.79,1.16,6.92,0.535011,16.0469
2010-05-21,2.76,1.58,40.1,1.18,7.02,0.545204,14.4474
2010-05-24,2.79,1.6,38.32,1.19,6.97,0.547937,14.0186
2010-05-25,2.81,1.59,34.61,1.22,7.24,0.544622,14.5388
2010-05-26,2.87,1.68,35.02,1.19,7.07,0.539633,15.3216
2010-05-27,2.89,1.7,29.68,1.19,6.88,0.559781,12.1601
2010-05-28,2.89,1.7,32.07,1.19,6.9,0.558152,12.4156
2010-05-31,,,,,6.98,,
2010-06-01,2.92,1.66,35.54,1.26,7.04,0.551637,13.438
2010-06-02,2.91,1.67,30.17,1.24,7.04,0.559791,12.1584
2010-06-03,2.92,1.66,29.46,1.26,6.93,0.564109,11.4809
2010-06-04,2.95,1.68,35.48,1.27,7.14,0.546267,14.2805
2010-06-07,3,1.72,36.57,1.28,7.18,0.538348,15.5233
2010-06-08,2.99,1.68,33.7,1.31,7.27,0.541885,14.9682
2010-06-09,3,1.68,33.73,1.32,7.26,0.543669,14.6882
2010-06-10,3.01,1.67,30.57,1.34,7.19,0.559209,12.2498
2010-06-11,3.04,1.65,28.79,1.39,7.27,0.552993,13.2252
2010-06-14,3.06,1.68,28.58,1.38,7.16,0.556571,12.6637
2010-06-15,3.05,1.67,25.87,1.38,7.03,0.56431,11.4494
2010-06-16,3.07,1.69,25.92,1.38,6.97,0.561574,11.8787
2010-06-17,3.04,1.65,25.05,1.39,6.91,0.561221,11.934
2010-06-18,3.04,1.63,23.95,1.41,6.82,0.564562,11.4099
2010-06-21,3.02,1.63,24.88,1.39,6.68,0.568219,10.8359
2010-06-22,3.04,1.64,27.05,1.4,6.75,0.557511,12.5162
2010-06-23,3.05,1.69,26.91,1.36,6.82,0.55336,13.1675
2010-06-24,3.08,1.71,29.74,1.37,6.89,0.552847,13.2481
2010-06-25,3.09,1.71,28.53,1.38,6.9,0.553132,13.2034
2010-06-28,3.1,1.73,29,1.37,6.93,0.549202,13.8201
2010-06-29,3.12,1.74,34.13,1.38,7.06,0.537838,15.6032
2010-06-30,3.08,1.69,34.54,1.39,7.13,0.533426,16.2956
2010-07-01,3.02,1.66,32.86,1.36,7.17,0.535135,16.0275
2010-07-02,3.04,1.69,30.12,1.35,7.13,0.539562,15.3327
2010-07-05,,,,,7.13,,
2010-07-06,3.05,1.69,29.65,1.36,7.14,0.539388,15.3601
2010-07-07,3.08,1.71,26.84,1.37,7.1,0.552364,13.3239
2010-07-08,3.07,1.71,25.71,1.36,6.98,0.558479,12.3643
2010-07-09,3.07,1.72,24.98,1.35,6.88,0.560394,12.0638
2010-07-12,3.05,1.71,24.43,1.34,6.85,0.560166,12.0996
2010-07-13,3.03,1.71,24.56,1.32,6.7,0.569385,10.653
2010-07-14,3.02,1.69,24.89,1.33,6.68,0.563191,11.6249
2010-07-15,3.02,1.68,25.14,1.34,6.73,0.558465,12.3665
2010-07-16,3.04,1.71,26.25,1.33,6.77,0.552375,13.3222
2010-07-19,3.04,1.71,25.97,1.33,6.77,0.557652,12.4941
2010-07-20,2.99,1.7,23.93,1.29,6.79,0.561298,11.922
2010-07-21,2.98,1.71,25.64,1.27,6.75,0.551694,13.4291
2010-07-22,2.97,1.74,24.63,1.23,6.67,0.563115,11.6369
2010-07-23,2.95,1.72,23.47,1.23,6.59,0.571727,10.2854
2010-07-26,2.92,1.71,22.73,1.21,6.54,0.572961,10.0919
2010-07-27,2.9,1.73,23.19,1.17,6.43,0.577755,9.33951
2010-07-28,2.92,1.73,24.25,1.19,6.47,0.574655,9.82607
2010-07-29,2.92,1.77,24.13,1.15,6.48,0.576583,9.52355
2010-07-30,2.91,1.76,23.5,1.15,6.57,0.566275,11.141
2010-07-31,,,,,6.59,,
2010-08-02,2.9,1.79,22.01,1.11,6.54,0.577332,9.40593
2010-08-03,2.92,1.79,22.63,1.13,6.55,0.574019,9.92587
2010-08-04,2.9,1.77,22.21,1.13,6.49,0.578117,9.28281
2010-08-05,2.93,1.78,22.1,1.15,6.51,0.575172,9.74488
2010-08-06,2.94,1.79,21.74,1.15,6.57,0.568838,10.7388
2010-08-09,2.95,1.8,22.14,1.15,6.54,0.569915,10.5698
2010-08-10,3.05,1.89,22.37,1.16,6.6,0.568523,10.7883
2010-08-11,3.03,1.85,25.39,1.18,6.78,0.553685,13.1166
2010-08-12,3.04,1.84,25.73,1.2,6.83,0.553142,13.2019
2010-08-13,3.05,1.84,26.24,1.21,6.87,0.548723,13.8953
2010-08-16,3,1.78,26.1,1.22,6.91,0.536001,15.8915
2010-08-17,2.99,1.83,24.33,1.16,6.82,0.541126,15.0873
2010-08-18,2.94,1.79,24.59,1.15,6.78,0.540601,15.1697
2010-08-19,2.93,1.78,26.44,1.15,6.82,0.531208,16.6437
2010-08-20,2.9,1.74,25.49,1.16,6.8,0.533084,16.3492
2010-08-23,2.94,1.77,25.66,1.17,6.82,0.532984,16.365
2010-08-24,2.95,1.77,27.46,1.18,6.93,0.521826,18.1159
2010-08-25,2.94,1.74,26.7,1.2,6.92,0.522806,17.962
2010-08-26,2.95,1.74,27.37,1.21,6.93,0.517222,18.8383
2010-08-27,2.96,1.75,24.45,1.21,6.81,0.532233,16.4827
2010-08-30,2.99,1.8,27.21,1.19,6.89,0.523181,17.9033
2010-08-31,3.01,1.79,26.05,1.22,6.92,0.517268,18.8311
2010-09-01,3.01,1.8,23.89,1.21,6.8,0.533896,16.2219
2010-09-02,3.02,1.82,23.19,1.2,6.72,0.540461,15.1917
2010-09-03,2.97,1.78,21.31,1.19,6.62,0.548869,13.8724
2010-09-06,,,,,6.62,,
2010-09-07,2.96,1.78,23.8,1.18,6.68,0.537064,15.7247
2010-09-08,2.95,1.79,23.25,1.16,6.59,0.541491,15.0301
2010-09-09,2.96,1.79,22.81,1.17,6.47,0.554599,12.9731
2010-09-10,2.94,1.78,21.99,1.16,6.37,0.558601,12.3452
2010-09-13,2.97,1.83,21.21,1.14,6.36,0.55878,12.3171
2010-09-14,2.97,1.83,21.56,1.14,6.36,0.553326,13.173
2010-09-15,3,1.85,22.1,1.15,6.31,0.561152,11.945
2010-09-16,3.02,1.87,21.72,1.15,6.25,0.567706,10.9165
2010-09-17,3.03,1.88,22.01,1.15,6.24,0.566435,11.1158
2010-09-20,3.02,1.87,21.5,1.15,6.25,0.564053,11.4897
2010-09-21,3.05,1.96,22.35,1.09,6.32,0.555392,12.8487
2010-09-22,3.05,1.93,22.51,1.12,6.35,0.548229,13.9728
2010-09-23,3.04,1.96,23.87,1.08,6.37,0.545242,14.4414
2010-09-24,3.05,1.98,21.71,1.07,6.32,0.554857,12.9327
2010-09-27,3.04,1.97,22.54,1.07,6.36,0.546295,14.2762
2010-09-28,3.06,1.99,22.6,1.07,6.36,0.543378,14.7339
2010-09-29,3.06,1.99,23.25,1.07,6.29,0.546931,14.1765
2010-09-30,3.05,2.01,23.7,1.04,6.26,0.550052,13.6866
2010-10-01,3.07,2.03,22.5,1.04,6.22,0.553449,13.1536
2010-10-04,3.1,2.07,23.53,1.03,6.23,0.550107,13.6781
2010-10-05,3.11,2.08,21.76,1.03,6.18,0.555423,12.8438
2010-10-06,3.13,2.1,21.49,1.03,6.15,0.548038,14.0027
2010-10-07,3.18,2.15,21.56,1.03,6.13,0.553762,13.1046
2010-10-08,3.21,2.17,20.71,1.04,6.12,0.558073,12.428
2010-10-11,,,18.96,,6.11,0.559148,12.2593
2010-10-12,3.22,2.19,18.93,1.03,6.08,0.564226,11.4625
2010-10-13,3.22,2.2,19.07,1.02,6.02,0.56699,11.0287
2010-10-14,3.23,2.2,19.88,1.03,5.97,0.572844,10.1101
2010-10-15,3.26,2.22,19.03,1.04,5.95,0.581416,8.76502
2010-10-18,3.26,2.22,19.09,1.04,6.02,0.575987,9.61702
2010-10-19,3.25,2.2,20.63,1.05,6.04,0.572469,10.1691
2010-10-20,3.23,2.18,19.79,1.05,6.06,0.573016,10.0832
2010-10-21,3.2,2.14,19.27,1.06,6,0.578999,9.14438
2010-10-22,3.18,2.11,18.78,1.07,5.96,0.577739,9.342
2010-10-25,3.13,2.1,19.85,1.03,5.9,0.578325,9.25012
2010-10-26,3.13,2.11,20.22,1.02,5.79,0.588304,7.68425
2010-10-27,3.09,2.05,20.71,1.04,5.73,0.592866,6.96831
2010-10-28,3.16,2.12,20.88,1.04,5.77,0.591584,7.16953
2010-10-29,3.15,2.12,21.2,1.03,5.82,0.586363,7.98877
2010-10-31,,,,,5.93,,
2010-11-01,3.13,2.1,21.83,1.03,5.96,0.587796,7.764
2010-11-02,3.08,2.03,21.57,1.05,5.94,0.583007,8.51548
2010-11-03,3.16,2.11,19.56,1.05,5.92,0.597122,6.30047
2010-11-04,3.24,2.22,18.52,1.02,5.89,0.600219,5.81462
2010-11-05,3.27,2.2,18.26,1.07,5.79,0.610029,4.2751
2010-11-08,3.25,2.19,18.29,1.06,5.76,0.605516,4.98342
2010-11-09,3.25,2.21,19.08,1.04,5.64,0.617408,3.11729
2010-11-10,3.31,2.27,18.47,1.04,5.75,0.611508,4.04306
2010-11-11,,,18.64,,5.75,0.609392,4.37511
2010-11-12,3.24,2.19,20.61,1.05,5.75,0.610459,4.20775
2010-11-15,3.2,2.15,20.2,1.05,5.67,0.622291,2.35102
2010-11-16,3.15,2.1,22.58,1.05,5.89,0.600506,5.76959
2010-11-17,3.13,2.08,21.76,1.05,5.89,0.606897,4.76657
2010-11-18,3.12,2.08,18.75,1.04,5.8,0.612098,3.95045
2010-11-19,3.11,2.05,18.04,1.06,5.81,0.608157,4.56894
2010-11-22,3.14,2.09,18.37,1.05,5.9,0.601357,5.63594
2010-11-23,3.13,2.08,20.63,1.05,6.04,0.590179,7.39
2010-11-24,3.1,2.05,19.56,1.05,5.93,0.60451,5.14114
2010-11-25,,,,,5.93,,
2010-11-26,3.07,2.01,22.22,1.06,5.94,0.594081,6.77766
2010-11-29,3.04,2,21.53,1.04,6.03,0.590575,7.32793
2010-11-30,3.03,1.98,23.54,1.05,6.22,0.588837,7.60067
2010-12-01,3.01,1.95,21.36,1.06,6.02,0.607796,4.62562
2010-12-02,2.99,1.94,19.39,1.05,5.93,0.609726,4.32271
2010-12-03,3.02,1.97,18.01,1.05,5.92,0.615578,3.40444
2010-12-06,3.02,1.98,18.02,1.04,5.95,0.606667,4.80279
2010-12-07,2.99,1.94,17.99,1.05,5.69,0.623128,2.21967
2010-12-08,2.9,1.81,17.74,1.09,5.62,0.627179,1.58406
2010-12-09,2.86,1.78,17.25,1.08,5.6,0.622776,2.27502
2010-12-10,2.79,1.71,17.61,1.08,5.54,0.626867,1.63298
2010-12-13,2.8,1.7,17.55,1.1,5.58,0.621375,2.49482
2010-12-14,2.75,1.66,17.61,1.09,5.42,0.633667,0.566011
2010-12-15,2.74,1.64,17.94,1.1,5.4,0.639515,0
2010-12-16,2.77,1.67,17.39,1.1,5.45,0.637469,0.319865
2010-12-17,2.73,1.64,16.11,1.09,5.54,0.626963,1.96272
2010-12-20,2.75,1.65,16.41,1.1,5.52,0.628757,1.68218
2010-12-21,2.72,1.63,16.49,1.09,5.5,0.625722,2.15672
2010-12-22,2.73,1.64,15.45,1.09,5.45,0.63198,1.17821
2010-12-23,2.7,1.62,16.47,1.08,5.37,0.633904,0.877388
2010-12-24,,,,,5.37,,
2010-12-27,2.7,1.61,17.67,1.09,5.4,0.628781,1.67839
2010-12-28,2.68,1.6,17.52,1.08,5.28,0.641748,0
2010-12-29,2.7,1.61,17.28,1.09,5.4,0.633182,1.33486
2010-12-30,2.69,1.6,17.52,1.09,5.32,0.63436,1.15125
2010-12-31,2.68,1.58,17.75,1.1,5.41,0.628532,2.0594
2011-01-03,2.68,1.57,17.61,1.11,5.32,0.633801,1.23843
2011-01-04,2.71,1.61,17.38,1.1,5.27,0.635929,0.906883
2011-01-05,2.67,1.59,17.02,1.08,5.11,0.651899,0
2011-01-06,2.67,1.62,17.4,1.05,5.13,0.649845,0.314997
2011-01-07,2.73,1.68,17.14,1.05,5.23,0.643912,1.22512
2011-01-10,2.75,1.67,17.54,1.08,5.28,0.639952,1.83258
2011-01-11,2.68,1.62,16.89,1.06,5.22,0.646039,0.89881
2011-01-12,2.68,1.62,16.24,1.06,5.17,0.652476,0
2011-01-13,2.71,1.66,16.39,1.05,5.18,0.646546,0.908722
2011-01-14,2.74,1.68,15.46,1.06,5.12,0.651768,0.108393
2011-01-17,,,,,5.12,,
2011-01-18,2.72,1.67,15.87,1.05,5.1,0.654763,0
2011-01-19,2.7,1.65,17.31,1.05,5.11,0.648077,1.02124
2011-01-20,2.7,1.65,17.99,1.05,5.03,0.655842,0
2011-01-21,2.68,1.63,18.47,1.05,5.05,0.653332,0.382822
2011-01-24,2.67,1.63,17.65,1.04,5.03,0.653978,0.28423
2011-01-25,2.66,1.63,17.59,1.03,5.06,0.648814,1.07163
2011-01-26,2.68,1.67,16.64,1.01,4.98,0.66016,0
2011-01-27,2.67,1.67,16.15,1,4.99,0.65806,0.318191
2011-01-28,2.7,1.71,20.04,0.99,5.03,0.650702,1.43267
2011-01-31,2.68,1.7,19.53,0.98,5.08,0.659215,0.143103
2011-02-01,2.66,1.68,17.63,0.98,4.99,0.663796,0
2011-02-02,2.64,1.66,17.3,0.98,4.89,0.664376,0
2011-02-03,2.61,1.63,16.69,0.98,4.83,0.669931,0
2011-02-04,2.57,1.6,15.93,0.97,4.68,0.679753,0
2011-02-07,2.53,1.58,16.28,0.95,4.64,0.677503,0.330995
2011-02-08,2.5,1.56,15.81,0.94,4.53,0.684526,0
2011-02-09,2.53,1.59,15.87,0.94,4.6,0.674788,1.42267
2011-02-10,2.55,1.61,16.09,0.94,4.55,0.683416,0.162236
2011-02-11,2.56,1.62,15.69,0.94,4.59,0.675402,1.33299
2011-02-14,2.53,1.59,15.95,0.94,4.58,0.675463,1.32411
2011-02-15,2.53,1.65,16.37,0.88,4.57,0.671144,1.95503
2011-02-16,2.53,1.65,16.72,0.88,4.54,0.673534,1.60586
2011-02-17,2.56,1.68,16.59,0.88,4.56,0.674022,1.53454
2011-02-18,2.58,1.7,16.43,0.88,4.53,0.678187,0.926049
2011-02-21,,,,,4.52,,
2011-02-22,2.62,1.74,20.8,0.88,4.66,0.662684,3.19087
2011-02-23,2.6,1.71,22.13,0.89,4.66,0.660933,3.44661
2011-02-24,2.59,1.68,21.32,0.91,4.73,0.657256,3.98386
2011-02-25,2.6,1.7,19.22,0.9,4.72,0.655404,4.25446
2011-02-28,2.57,1.67,18.35,0.9,4.78,0.657823,3.90103
2011-03-01,2.59,1.68,21.01,0.91,4.76,0.654917,4.32547
2011-03-02,2.6,1.7,20.7,0.9,4.72,0.665722,2.74713
2011-03-03,2.55,1.63,18.6,0.92,4.6,0.674715,1.43336
2011-03-04,2.6,1.68,19.06,0.92,4.69,0.667764,2.44869
2011-03-07,2.59,1.68,20.66,0.91,4.69,0.672201,1.80063
2011-03-08,2.59,1.68,19.82,0.91,4.64,0.675737,1.28402
2011-03-09,2.61,1.7,20.22,0.91,4.71,0.667351,2.50909
2011-03-10,2.66,1.76,21.88,0.9,4.85,0.652897,4.62067
2011-03-11,2.63,1.73,20.08,0.9,4.88,0.656463,4.09973
2011-03-14,2.65,1.76,21.13,0.89,4.93,0.654084,4.44715
2011-03-15,2.68,1.77,24.32,0.91,5.09,0.6411,6.34397
2011-03-16,2.71,1.8,29.4,0.91,5.16,0.630005,7.96477
2011-03-17,2.72,1.8,26.37,0.92,5.1,0.641729,6.2521
2011-03-18,2.69,1.79,24.44,0.9,5.02,0.643047,6.05953
2011-03-21,2.64,1.75,20.61,0.89,4.93,0.650825,4.92331
2011-03-22,2.64,1.74,20.21,0.9,4.91,0.649015,5.18767
2011-03-23,2.63,1.73,19.17,0.9,4.91,0.649073,5.17925
2011-03-24,2.59,1.69,18,0.9,4.84,0.654561,4.37759
2011-03-25,2.58,1.68,17.91,0.9,4.79,0.656409,4.1075
2011-03-28,2.56,1.65,19.44,0.91,4.76,0.655699,4.21134
2011-03-29,2.59,1.68,18.16,0.91,4.73,0.661142,3.41612
2011-03-30,2.59,1.69,17.71,0.9,4.76,0.656911,4.03418
2011-03-31,2.58,1.68,17.74,0.9,4.77,0.657909,3.88839
2011-04-01,2.58,1.67,17.4,0.91,4.72,0.653938,4.46857
2011-04-04,2.58,1.68,17.5,0.9,4.72,0.657237,3.98657
2011-04-05,2.55,1.65,17.25,0.9,4.65,0.659164,3.70504
2011-04-06,2.55,1.66,16.9,0.89,4.57,0.670671,2.02402
2011-04-07,2.57,1.64,17.11,0.93,4.56,0.672665,1.73272
2011-04-08,2.56,1.64,17.87,0.92,4.53,0.676258,1.20789
2011-04-11,2.55,1.64,16.59,0.91,4.53,0.674996,1.39231
2011-04-12,2.58,1.67,17.09,0.91,4.63,0.665688,2.75199
2011-04-13,2.58,1.67,16.92,0.91,4.65,0.664717,2.89387
2011-04-14,2.55,1.64,16.27,0.91,4.6,0.662553,3.21002
2011-04-15,2.56,1.65,15.32,0.91,4.68,0.654542,4.38033
2011-04-18,2.58,1.76,16.96,0.82,4.74,0.650787,4.92881
2011-04-19,2.56,1.74,15.83,0.82,4.75,0.650262,5.00551
2011-04-20,2.55,1.73,15.07,0.82,4.66,0.656966,4.02615
2011-04-21,2.57,1.76,14.69,0.81,4.65,0.659104,3.71391
2011-04-25,2.58,1.77,15.77,0.81,4.69,0.655912,4.18023
2011-04-26,2.57,1.76,15.62,0.81,4.71,0.651098,4.88346
2011-04-27,2.57,1.78,15.35,0.79,4.67,0.658254,3.83801
2011-04-28,2.59,1.77,14.62,0.82,4.73,0.653614,4.51585
2011-04-29,2.58,1.77,14.75,0.81,4.71,0.653143,4.58469
2011-04-30,,,,,4.76,,
2011-05-02,2.57,1.77,15.99,0.8,4.74,0.651764,4.78608
2011-05-03,2.57,1.75,16.7,0.82,4.76,0.648236,5.3016
2011-05-04,2.56,1.75,17.08,0.81,4.76,0.645148,5.7526
2011-05-05,2.59,1.76,18.2,0.83,4.8,0.636435,7.02555
2011-05-06,2.6,1.77,18.4,0.83,4.81,0.642517,6.13696
2011-05-09,2.64,1.8,17.16,0.84,4.82,0.64403,5.91592
2011-05-10,2.61,1.77,15.91,0.84,4.76,0.650079,5.03234
2011-05-11,2.61,1.77,16.95,0.84,4.79,0.645399,5.71598
2011-05-12,2.64,1.8,16.03,0.84,4.77,0.650142,5.02309
2011-05-13,2.64,1.79,17.07,0.85,4.8,0.641685,6.25849
2011-05-16,2.6,1.76,18.24,0.84,4.79,0.639373,6.59632
2011-05-17,2.59,1.74,17.55,0.85,4.82,0.633982,7.38388
2011-05-18,2.59,1.74,16.23,0.85,4.79,0.643261,6.02837
2011-05-19,2.61,1.79,15.52,0.82,4.8,0.643252,6.02965
2011-05-20,2.63,1.83,17.43,0.8,4.82,0.642428,6.14998
2011-05-23,2.62,1.82,18.27,0.8,4.87,0.636304,7.04465
2011-05-24,2.62,1.83,17.82,0.79,4.89,0.63289,7.54339
2011-05-25,2.64,1.84,17.07,0.8,4.92,0.635866,7.10865
2011-05-26,2.64,1.85,16.09,0.79,5.01,0.629915,7.97797
2011-05-27,2.65,1.88,15.98,0.77,5.01,0.632095,7.65957
2011-05-30,,,,,5.01,,
2011-05-31,2.65,1.89,15.45,0.76,5.09,0.632369,7.61951
2011-06-01,2.68,1.92,18.3,0.76,5.15,0.620308,9.38147
2011-06-02,2.7,1.95,18.09,0.75,5.15,0.631938,7.68238
2011-06-03,2.73,1.98,17.95,0.75,5.24,0.62585,8.57179
2011-06-06,2.75,2,18.49,0.75,5.25,0.629103,8.09655
2011-06-07,2.75,2,18.07,0.75,5.28,0.625738,8.58826
2011-06-08,2.73,1.97,18.79,0.76,5.38,0.617943,9.72695
2011-06-09,2.73,1.96,17.77,0.77,5.38,0.620854,9.30169
2011-06-10,2.71,1.94,18.86,0.77,5.43,0.612096,10.5811
2011-06-13,2.72,1.98,19.61,0.74,5.47,0.612865,10.4688
2011-06-14,2.71,1.95,18.26,0.76,5.37,0.626168,8.52531
2011-06-15,2.74,1.98,21.32,0.76,5.52,0.61239,10.5382
2011-06-16,2.75,1.99,22.73,0.76,5.65,0.598789,12.5251
2011-06-17,2.79,2.02,21.85,0.77,5.64,0.608272,11.1397
2011-06-20,2.76,1.99,19.99,0.77,5.67,0.611759,10.6304
2011-06-21,2.75,1.99,18.86,0.76,5.65,0.618603,9.63049
2011-06-22,2.74,1.97,18.52,0.77,5.62,0.613757,10.3384
2011-06-23,2.76,1.99,19.29,0.77,5.75,0.612363,10.542
2011-06-24,2.83,2.05,21.1,0.78,5.8,0.612011,10.5936
2011-06-27,2.87,2.09,20.56,0.78,5.78,0.620382,9.37056
2011-06-28,2.81,2.04,19.17,0.77,5.65,0.627934,8.26731
2011-06-29,2.75,1.99,17.27,0.76,5.53,0.638397,6.73889
2011-06-30,2.72,1.96,16.52,0.76,5.42,0.643713,5.96225
2011-07-01,2.69,1.94,15.87,0.75,5.34,0.648171,5.31101
2011-07-04,,,,,5.34,,
2011-07-05,2.74,1.97,16.06,0.77,5.37,0.647571,5.39869
2011-07-06,2.73,1.96,16.34,0.77,5.41,0.644558,5.83878
2011-07-07,2.69,1.9,15.95,0.79,5.27,0.649024,5.18642
2011-07-08,2.73,1.95,15.95,0.78,5.39,0.638228,6.76356
2011-07-11,2.76,1.95,18.39,0.81,5.56,0.622614,9.04452
2011-07-12,2.77,1.95,19.87,0.82,5.6,0.618786,9.60383
2011-07-13,2.76,1.94,19.91,0.82,5.57,0.621851,9.15602
2011-07-14,2.76,1.94,20.8,0.82,5.49,0.630509,7.89114
2011-07-15,2.8,1.97,19.53,0.83,5.51,0.629253,8.07476
2011-07-18,2.84,2.01,20.95,0.83,5.54,0.63428,7.34035
2011-07-19,2.78,1.93,19.21,0.85,5.54,0.624168,8.81751
2011-07-20,2.8,1.95,19.09,0.85,5.46,0.632193,7.64519
2011-07-21,2.77,1.93,17.56,0.84,5.36,0.640171,6.4797
2011-07-22,2.75,1.89,17.52,0.86,5.35,0.636203,7.05943
2011-07-25,2.77,1.91,19.35,0.86,5.33,0.639803,6.53349
2011-07-26,2.76,1.89,20.23,0.87,5.35,0.636777,6.97553
2011-07-27,2.73,1.87,22.98,0.86,5.32,0.631704,7.71664
2011-07-28,2.73,1.86,23.74,0.87,5.37,0.630305,7.92099
2011-07-29,2.77,1.85,25.25,0.92,5.51,0.618685,9.61848
2011-07-31,,,,,5.58,,
2011-08-01,2.77,1.82,23.66,0.95,5.63,0.613864,10.3228
2011-08-02,2.74,1.78,24.79,0.96,5.8,0.58861,14.012
2011-08-03,2.72,1.78,23.38,0.94,5.87,0.587126,14.2289
2011-08-04,2.77,1.84,31.66,0.93,6.16,0.550614,19.5628
2011-08-05,2.77,1.83,32,0.94,6.24,0.566387,17.2586
2011-08-08,2.88,1.93,48,0.95,6.84,0.525666,23.2074
2011-08-09,3.01,2.04,35.06,0.97,7.19,0.540085,21.1009
2011-08-10,3.03,2.04,42.99,0.99,7.3,0.515607,24.6769
2011-08-11,3.15,2.12,39,1.03,7.39,0.552861,19.2346
2011-08-12,3.14,2.1,36.36,1.04,7.3,0.539597,21.1722
2011-08-15,3.15,2.11,31.87,1.04,7.1,0.553998,19.0684
2011-08-16,3.12,2.08,32.85,1.04,7.11,0.54152,20.8913
2011-08-17,3.11,2.2,31.58,0.91,7.08,0.538066,21.3959
2011-08-18,3.12,2.19,42.67,0.93,7.23,0.520826,23.9144
2011-08-19,3.12,2.15,43.05,0.97,7.3,0.512158,25.1807
2011-08-22,3.13,2.13,42.44,1,7.32,0.514052,24.904
2011-08-23,3.19,2.18,36.27,1.01,7.46,0.525146,23.2833
2011-08-24,3.21,2.18,35.9,1.03,7.45,0.538065,21.3961
2011-08-25,3.25,2.22,39.76,1.03,7.43,0.52802,22.8634
2011-08-26,3.25,2.2,35.59,1.05,7.5,0.528149,22.8446
2011-08-29,3.25,2.2,32.28,1.05,7.39,0.540979,20.9703
2011-08-30,3.22,2.14,32.89,1.08,7.39,0.533401,22.0774
2011-08-31,3.25,2.18,31.62,1.07,7.3,0.548757,19.8341
2011-09-01,3.23,2.18,31.82,1.05,7.26,0.537015,21.5494
2011-09-02,3.18,2.11,33.92,1.07,7.33,0.517678,24.3742
2011-09-05,,,,,7.34,,
2011-09-06,3.21,2.1,37,1.11,7.54,0.506285,26.0387
2011-09-07,3.25,2.12,33.38,1.13,7.41,0.518659,24.231
2011-09-08,3.26,2.13,34.32,1.13,7.42,0.515655,24.6698
2011-09-09,3.28,2.14,38.52,1.14,7.51,0.505621,26.1357
2011-09-12,3.29,2.12,38.59,1.17,7.64,0.500736,26.8493
2011-09-13,3.32,2.15,36.91,1.17,7.62,0.511844,25.2266
2011-09-14,3.3,2.11,34.6,1.19,7.55,0.510918,25.3618
2011-09-15,3.31,2.1,31.97,1.21,7.49,0.522335,23.694
2011-09-16,3.31,2.1,30.98,1.21,7.46,0.518268,24.2881
2011-09-19,3.31,2.07,32.73,1.24,7.61,0.507809,25.8159
2011-09-20,3.35,2.1,32.86,1.25,7.59,0.506504,26.0067
2011-09-21,3.26,2.16,37.32,1.1,7.61,0.486053,28.9943
2011-09-22,3.32,2.12,41.35,1.2,7.95,0.462082,32.496
2011-09-23,3.31,2.09,41.25,1.22,8.01,0.472115,31.0303
2011-09-26,3.37,2.15,39.02,1.22,8,0.48162,29.6418
2011-09-27,3.39,2.15,37.71,1.24,7.92,0.48968,28.4644
2011-09-28,3.35,2.07,41.08,1.28,8.03,0.484356,29.2421
2011-09-29,3.3,2.02,38.84,1.28,8.16,0.480118,29.8613
2011-09-30,3.3,2.04,42.96,1.26,8.41,0.459043,32.9401
2011-10-03,3.31,2,45.45,1.31,8.72,0.441362,35.523
2011-10-04,3.33,1.98,40.82,1.35,9.1,0.445657,34.8955
2011-10-05,3.36,2,37.81,1.36,8.98,0.454371,33.6226
2011-10-06,3.34,1.98,36.27,1.36,8.72,0.470081,31.3275
2011-10-07,3.32,1.95,36.2,1.37,8.55,0.473978,30.7583
2011-10-10,,,33.02,,8.56,0.49109,28.2584
2011-10-11,3.32,1.88,32.86,1.44,8.34,0.4873,28.8122
2011-10-12,3.33,1.89,31.26,1.44,8.07,0.505999,26.0804
2011-10-13,3.29,1.87,30.7,1.42,8.05,0.498918,27.1149
2011-10-14,3.26,1.87,28.24,1.39,7.89,0.509812,25.5234
2011-10-17,3.26,1.82,33.39,1.44,7.88,0.49825,27.2125
2011-10-18,3.23,1.77,31.56,1.46,7.87,0.504047,26.3656
2011-10-19,3.21,1.79,34.44,1.42,7.7,0.502589,26.5786
2011-10-20,3.2,1.78,34.78,1.42,7.64,0.510661,25.3994
2011-10-21,3.18,1.76,31.32,1.42,7.46,0.52236,23.6902
2011-10-24,3.16,1.76,29.26,1.4,7.31,0.535602,21.7558
2011-10-25,3.14,1.73,32.22,1.41,7.29,0.513072,25.0472
2011-10-26,3.1,1.72,29.86,1.38,7.2,0.524431,23.3877
2011-10-27,3.04,1.65,25.46,1.39,6.83,0.550814,19.5335
2011-10-28,2.99,1.63,24.53,1.36,6.85,0.543455,20.6086
2011-10-31,3.02,1.71,29.96,1.31,7.07,0.517852,24.3488
2011-11-01,3.03,1.72,34.77,1.31,7.42,0.492137,28.1055
2011-11-02,3.03,1.79,32.74,1.24,7.35,0.503099,26.5041
2011-11-03,3.04,1.81,30.5,1.23,7.25,0.515147,24.744
2011-11-04,3.06,1.82,30.16,1.24,7.26,0.514006,24.9107
2011-11-07,3.02,1.78,29.85,1.24,7.29,0.509036,25.6368
2011-11-08,3.05,1.83,27.48,1.22,7.23,0.5168,24.5025
2011-11-09,3.08,1.84,36.16,1.24,7.48,0.495566,27.6046
2011-11-10,3.14,1.89,32.81,1.25,7.46,0.503582,26.4335
2011-11-11,,,30.04,,7.46,0.513381,25.0021
2011-11-14,3.13,1.85,31.13,1.28,7.44,0.501868,26.6839
2011-11-15,3.14,1.87,31.22,1.27,7.49,0.501231,26.777
2011-11-16,3.17,1.9,33.51,1.27,7.54,0.49186,28.1459
2011-11-17,3.16,1.87,34.51,1.29,7.62,0.485574,29.0642
2011-11-18,3.14,1.89,32,1.25,7.61,0.485356,29.096
2011-11-21,3.15,1.87,32.91,1.28,7.79,0.477037,30.3113
2011-11-22,3.17,1.87,31.97,1.3,7.9,0.46816,31.6082
2011-11-23,3.15,1.83,33.98,1.32,8.03,0.455254,33.4936
2011-11-24,,,,,8.03,,
2011-11-25,3.18,1.88,34.47,1.3,8,0.461962,32.5137
2011-11-28,3.19,1.92,32.13,1.27,7.95,0.472524,30.9707
2011-11-29,3.22,1.96,30.64,1.26,7.95,0.479529,29.9474
2011-11-30,3.24,1.99,27.8,1.25,7.79,0.49543,27.6244
2011-12-01,3.3,1.99,27.41,1.31,7.69,0.500121,26.9391
2011-12-02,3.24,1.93,27.52,1.31,7.65,0.496004,27.5405
2011-12-05,3.25,1.99,27.84,1.26,7.56,0.499812,26.9842
2011-12-06,3.26,1.99,28.13,1.27,7.5,0.506879,25.9519
2011-12-07,3.26,1.98,28.67,1.28,7.54,0.50346,26.4513
2011-12-08,3.26,1.96,30.59,1.3,7.56,0.49401,27.8318
2011-12-09,3.28,1.98,26.38,1.3,7.53,0.508732,25.6812
2011-12-12,3.27,1.99,25.67,1.28,7.6,0.500431,26.8938
2011-12-13,3.29,2.02,25.41,1.27,7.6,0.493933,27.8431
2011-12-14,3.24,1.96,26.04,1.28,7.63,0.483939,29.3031
2011-12-15,3.27,1.98,25.11,1.29,7.62,0.487476,28.7863
2011-12-16,3.26,1.96,24.29,1.3,7.65,0.484126,29.2758
2011-12-19,3.26,1.94,24.92,1.32,7.65,0.477467,30.2486
2011-12-20,3.27,1.93,23.22,1.34,7.54,0.495793,27.5714
2011-12-21,3.3,1.92,21.43,1.38,7.49,0.504206,26.3423
2011-12-22,3.29,1.91,21.16,1.38,7.45,0.504024,26.3689
2011-12-23,3.32,1.95,20.73,1.37,7.37,0.512038,25.1982
2011-12-27,3.3,1.92,21.91,1.38,7.37,0.511652,25.2547
2011-12-28,3.25,1.86,23.52,1.39,7.4,0.500001,26.9566
2011-12-29,3.28,1.89,22.65,1.39,7.36,0.502067,26.6548
2011-12-30,3.27,1.88,23.4,1.39,7.38,0.500733,26.8497
2011-12-31,,,,,7.23,,
2012-01-03,3.29,1.87,22.97,1.42,7.06,0.510012,25.4942
2012-01-04,3.3,1.89,22.22,1.41,7,0.515286,24.7237
2012-01-05,3.27,1.89,21.48,1.38,7,0.513957,24.9179
2012-01-06,3.27,1.87,20.63,1.4,7,0.508331,25.7398
2012-01-09,3.28,1.88,21.07,1.4,6.99,0.509918,25.5079
2012-01-10,3.25,1.86,20.69,1.39,6.92,0.512559,25.1221
2012-01-11,3.27,1.87,21.05,1.4,6.98,0.505464,26.1586
2012-01-12,3.27,1.96,20.47,1.31,6.93,0.505501,26.1532
2012-01-13,3.24,1.92,20.91,1.32,7.02,0.499962,26.9623
2012-01-16,,,,,6.98,,
2012-01-17,3.24,1.92,22.2,1.32,6.99,0.498663,27.1521
2012-01-18,3.25,1.86,20.89,1.39,6.93,0.506188,26.0529
2012-01-19,3.22,1.86,19.87,1.36,6.77,0.513994,24.9125
2012-01-20,3.24,1.81,18.28,1.43,6.69,0.519882,24.0523
2012-01-23,3.24,1.82,18.67,1.42,6.62,0.525002,23.3044
2012-01-24,3.25,1.84,18.91,1.41,6.62,0.525395,23.2469
2012-01-25,3.31,1.92,18.31,1.39,6.63,0.531279,22.3874
2012-01-26,3.28,1.92,18.57,1.36,6.58,0.525598,23.2173
2012-01-27,3.28,1.92,18.53,1.36,6.57,0.522052,23.7353
2012-01-30,3.25,1.9,19.4,1.35,6.65,0.514331,24.8633
2012-01-31,3.24,1.89,19.44,1.35,6.61,0.50975,25.5324
2012-02-01,3.25,1.93,18.55,1.32,6.54,0.51661,24.5304
2012-02-02,3.25,1.93,17.98,1.32,6.55,0.51717,24.4485
2012-02-03,3.26,1.96,17.1,1.3,6.42,0.530047,22.5674
2012-02-06,3.22,1.94,17.76,1.28,6.44,0.52494,23.3134
2012-02-07,3.19,1.92,17.65,1.27,6.36,0.532587,22.1963
2012-02-08,3.17,1.9,18.16,1.27,6.29,0.532643,22.0616
2012-02-09,3.18,1.87,18.63,1.31,6.26,0.53689,21.4402
2012-02-10,3.17,1.86,20.79,1.31,6.35,0.525408,22.5276
2012-02-13,3.19,1.87,19.04,1.32,6.27,0.526247,22.4039
2012-02-14,3.18,1.86,19.54,1.32,6.27,0.523476,22.8124
2012-02-15,3.19,1.88,21.14,1.31,6.27,0.522731,22.9223
2012-02-16,3.17,1.88,19.22,1.29,6.26,0.529165,21.9736
2012-02-17,3.17,1.86,17.78,1.31,6.2,0.529126,21.9793
2012-02-20,,,,,6.2,,
2012-02-21,3.15,1.85,18.19,1.3,6.14,0.537054,20.5844
2012-02-22,3.15,1.85,18.19,1.3,6.15,0.532075,21.3207
2012-02-23,3.14,1.85,16.8,1.29,6.11,0.534001,21.036
2012-02-24,3.12,1.83,17.31,1.29,6.01,0.532169,21.3068
2012-02-27,3.12,1.86,18.19,1.26,6.05,0.527615,21.9802
2012-02-28,3.12,1.86,17.96,1.26,6.01,0.530395,21.5691
2012-02-29,3.1,1.82,18.43,1.28,5.98,0.534342,20.9855
2012-03-01,3.1,1.84,17.26,1.26,5.94,0.540346,20.0977
2012-03-02,3.09,1.84,17.29,1.25,5.97,0.533102,21.1689
2012-03-05,3.11,1.86,18.05,1.25,6.01,0.534368,20.9817
2012-03-06,3.1,1.86,20.87,1.24,6.25,0.520931,22.9685
2012-03-07,3.11,1.88,19.07,1.23,6.18,0.525602,22.2779
2012-03-08,3.11,1.88,17.95,1.23,6.11,0.535049,20.8809
2012-03-09,3.11,1.89,17.11,1.22,6.09,0.534577,20.9507
2012-03-12,3.09,1.86,15.64,1.23,6.06,0.534669,20.9372
2012-03-13,3.08,1.83,14.8,1.25,5.97,0.548204,18.9356
2012-03-14,3.07,1.85,15.31,1.22,5.83,0.560958,17.0497
2012-03-15,3.07,1.82,15.42,1.25,5.87,0.558196,17.4582
2012-03-16,3.04,1.8,14.47,1.24,5.86,0.555069,17.9205
2012-03-19,3.03,1.79,15.04,1.24,5.79,0.563885,16.6169
2012-03-20,3.02,1.78,15.58,1.24,5.8,0.561208,17.0128
2012-03-21,3,1.75,15.13,1.25,5.85,0.553159,18.2029
2012-03-22,3.01,1.75,15.57,1.26,5.91,0.552724,18.2672
2012-03-23,3.01,1.74,14.82,1.27,5.93,0.546402,19.2022
2012-03-26,3.01,1.75,14.26,1.26,5.91,0.552554,18.2925
2012-03-27,3.04,1.78,15.59,1.26,5.93,0.549572,18.7334
2012-03-28,3.03,1.78,15.47,1.25,5.93,0.548538,18.8863
2012-03-29,3.03,1.78,15.48,1.25,6.02,0.544393,19.4992
2012-03-30,3.07,1.81,15.5,1.26,5.95,0.55266,18.2768
2012-03-31,,,,,5.99,,
2012-04-02,3.08,1.81,15.64,1.27,5.99,0.550561,18.5872
2012-04-03,3.06,1.8,15.66,1.26,5.91,0.559773,17.225
2012-04-04,3.08,1.82,16.44,1.26,5.99,0.550165,18.6457
2012-04-05,3.09,1.83,16.7,1.26,6.05,0.54488,19.4272
2012-04-06,3.13,1.87,,1.26,,,
2012-04-09,3.11,1.85,18.81,1.26,6.24,0.529701,21.6717
2012-04-10,3.14,1.86,20.39,1.28,6.32,0.521181,22.7876
2012-04-11,3.16,1.93,20.02,1.23,6.3,0.530709,20.2767
2012-04-12,3.15,1.91,17.2,1.24,6.24,0.537696,19.109
2012-04-13,3.15,1.91,19.55,1.24,6.26,0.527433,20.3938
2012-04-16,3.14,1.9,19.55,1.24,6.23,0.529025,19.7357
2012-04-17,3.14,1.91,18.46,1.23,6.16,0.531637,19.3394
2012-04-18,3.15,1.91,18.64,1.24,6.16,0.529916,19.6006
2012-04-19,3.15,1.95,18.36,1.2,6.17,0.528421,19.8274
2012-04-20,3.17,1.96,17.44,1.21,6.14,0.529151,19.7166
2012-04-23,3.16,1.96,18.97,1.2,6.2,0.524232,20.3603
2012-04-24,3.15,1.95,18.1,1.2,6.14,0.529178,19.6089
2012-04-25,3.17,1.97,16.82,1.2,6.05,0.535789,18.6045
2012-04-26,3.19,1.99,16.24,1.2,6.06,0.532941,18.4625
2012-04-27,3.19,1.99,16.32,1.2,6.02,0.532252,18.5092
2012-04-30,3.2,2,17.15,1.2,6.04,0.533167,18.1963
2012-05-01,3.22,2.02,16.6,1.2,5.96,0.536356,17.5018
2012-05-02,3.19,1.99,16.88,1.2,5.96,0.534658,17.7629
2012-05-03,3.18,1.99,17.56,1.19,5.92,0.534443,17.796
2012-05-04,3.19,2,19.16,1.19,5.94,0.529233,18.5974
2012-05-07,3.18,1.98,18.94,1.2,5.95,0.530017,18.4768
2012-05-08,3.19,1.98,19.05,1.21,6,0.527089,18.927
2012-05-09,3.22,2,20.08,1.22,6.04,0.524883,19.2665
2012-05-10,3.21,2,18.83,1.21,6,0.525853,19.1172
2012-05-11,3.22,2,19.89,1.22,6.02,0.522864,19.4385
2012-05-14,3.22,2,21.87,1.22,6.11,0.511853,21.135
2012-05-15,3.24,2,21.97,1.24,6.15,0.507303,21.836
2012-05-16,3.25,1.97,22.27,1.28,6.22,0.500885,22.8249
2012-05-17,3.23,1.93,24.49,1.3,6.44,0.485356,25.2176
2012-05-18,3.27,2.01,25.1,1.26,6.52,0.485239,25.2356
2012-05-21,3.25,1.98,22.01,1.27,6.63,0.491309,24.3004
2012-05-22,3.34,2.03,22.48,1.31,6.55,0.496785,23.4565
2012-05-23,3.33,1.98,22.33,1.35,6.66,0.492862,24.061
2012-05-24,3.36,1.99,21.54,1.37,6.62,0.494858,23.7535
2012-05-25,3.37,2.01,21.76,1.36,6.63,0.491452,24.2783
2012-05-28,,,,,6.63,,
2012-05-29,3.38,2.01,21.03,1.37,6.59,0.498395,23.2085
2012-05-30,3.4,2.05,24.14,1.35,6.71,0.483886,25.444
2012-05-31,3.4,2.04,24.06,1.36,6.96,0.473281,27.0781
2012-06-01,3.41,2.07,26.66,1.34,7.16,0.458287,29.3882
2012-06-04,3.4,2.05,26.12,1.35,7.17,0.462312,28.7682
2012-06-05,3.4,2.05,24.68,1.35,7.23,0.471558,27.3435
2012-06-06,3.41,2.05,22.16,1.36,7.06,0.486312,25.0702
2012-06-07,3.43,2.05,21.72,1.38,6.95,0.487395,24.9034
2012-06-08,3.44,2.06,21.23,1.38,6.95,0.489387,24.5964
2012-06-11,3.46,2.07,23.56,1.39,6.9,0.483984,25.4289
2012-06-12,3.43,2.05,22.09,1.38,6.9,0.491887,24.2113
2012-06-13,3.43,2.05,24.27,1.38,6.91,0.485653,25.1718
2012-06-14,3.4,2.02,21.68,1.38,6.85,0.489899,24.5176
2012-06-15,3.42,2.04,21.11,1.38,6.84,0.488061,24.8008
2012-06-18,3.42,2.04,18.32,1.38,6.81,0.485611,25.1782
2012-06-19,3.41,2.03,18.38,1.38,6.65,0.495508,23.6533
2012-06-20,3.38,1.99,17.24,1.39,6.54,0.494991,23.7331
2012-06-21,3.35,1.98,20.08,1.37,6.52,0.488338,24.758
2012-06-22,3.36,1.98,18.11,1.38,6.52,0.498311,23.2216
2012-06-25,3.36,1.97,20.38,1.39,6.6,0.490397,24.4408
2012-06-26,3.34,1.93,19.72,1.41,6.57,0.491628,24.2512
2012-06-27,3.35,1.94,19.45,1.41,6.52,0.493799,23.9167
2012-06-28,3.37,1.96,19.71,1.41,6.52,0.492537,24.1111
2012-06-29,3.39,1.99,17.08,1.4,6.36,0.503775,22.3796
2012-06-30,,,,,6.44,,
2012-07-02,3.4,1.97,16.8,1.43,6.45,0.499169,23.0893
2012-07-03,3.41,1.98,16.66,1.43,6.39,0.50486,22.2124
2012-07-04,,,,,6.38,,
2012-07-05,3.43,1.99,17.5,1.44,6.4,0.502349,22.5993
2012-07-06,3.41,1.99,17.1,1.42,6.44,0.497069,22.3538
2012-07-09,3.41,1.94,17.98,1.47,6.44,0.492887,23.007
2012-07-10,3.39,1.91,18.72,1.48,6.4,0.48973,23.5001
2012-07-11,3.36,1.9,17.95,1.46,6.37,0.490685,23.351
2012-07-12,3.37,1.91,18.33,1.46,6.41,0.486166,24.0569
2012-07-13,3.37,1.91,16.74,1.46,6.41,0.488949,23.6221
2012-07-16,3.35,1.89,17.11,1.46,6.39,0.484819,24.2673
2012-07-17,3.35,1.89,16.48,1.46,6.36,0.490975,23.3057
2012-07-18,3.33,1.83,16.16,1.5,6.33,0.492753,23.0279
2012-07-19,3.34,1.83,15.45,1.51,6.25,0.49526,22.6364
2012-07-20,3.31,1.81,16.27,1.5,6.28,0.486989,23.8845
2012-07-23,3.31,1.8,18.62,1.51,6.38,0.483476,24.4337
2012-07-24,3.29,1.79,20.47,1.5,6.4,0.476753,25.1304
2012-07-25,3.3,1.79,19.34,1.51,6.4,0.47453,24.881
2012-07-26,3.3,1.8,17.53,1.5,6.35,0.483838,23.2375
2012-07-27,3.29,1.77,16.7,1.52,6.22,0.496054,19.8212
2012-07-30,3.26,1.76,18.03,1.5,6.2,0.492375,19.7909
2012-07-31,3.27,1.78,18.93,1.49,6.16,0.490211,16.7172
2012-08-01,3.26,1.76,18.96,1.5,6.1,0.495349,15.6316
2012-08-02,3.24,1.77,17.57,1.47,6.13,0.490569,13.3863
2012-08-03,3.26,1.79,15.64,1.47,6.01,0.50069,11.5993
2012-08-06,3.24,1.79,15.95,1.45,6,0.500166,11.3
2012-08-07,3.24,1.79,15.99,1.45,5.91,0.50569,10.3204
2012-08-08,3.23,1.79,15.32,1.44,5.89,0.50873,9.78118
2012-08-09,3.23,1.79,15.28,1.44,5.91,0.509153,9.70623
2012-08-10,3.23,1.8,14.74,1.43,5.98,0.506159,10.2373
2012-08-13,3.24,1.81,13.7,1.43,5.96,0.507283,10.0379
2012-08-14,3.25,1.82,14.85,1.43,5.92,0.515035,8.6631
2012-08-15,3.27,1.84,14.63,1.43,5.88,0.519869,7.80575
2012-08-16,3.26,1.84,14.29,1.42,5.89,0.526292,6.66673
2012-08-17,3.25,1.84,13.45,1.41,5.89,0.523739,7.11954
2012-08-20,3.23,1.81,14.02,1.42,5.86,0.523293,7.19863
2012-08-21,3.23,1.81,15.02,1.42,5.83,0.522121,7.40648
2012-08-22,3.22,1.8,15.11,1.42,5.88,0.513139,8.99926
2012-08-23,3.2,1.79,15.96,1.41,5.89,0.510894,9.39754
2012-08-24,3.21,1.8,15.18,1.41,5.87,0.513669,8.90528
2012-08-27,3.19,1.78,16.35,1.41,5.87,0.510294,9.50397
2012-08-28,3.19,1.77,16.49,1.42,5.88,0.508635,9.79811
2012-08-29,3.19,1.75,17.06,1.44,5.84,0.511591,9.27394
2012-08-30,3.2,1.8,17.83,1.4,5.86,0.508729,9.78138
2012-08-31,3.21,1.79,17.47,1.42,5.98,0.502947,10.8069
2012-09-03,,,,,5.98,,
2012-09-04,3.18,1.8,17.98,1.38,5.94,0.50344,10.7193
2012-09-05,3.18,1.8,17.74,1.38,5.91,0.50588,10.2867
2012-09-06,3.19,1.78,15.6,1.41,5.8,0.517472,8.23098
2012-09-07,3.2,1.8,14.38,1.4,5.74,0.52079,7.64245
2012-09-10,3.2,1.8,16.28,1.4,5.68,0.518692,8.0146
2012-09-11,3.18,1.77,16.41,1.41,5.64,0.525527,6.80242
2012-09-12,3.18,1.79,15.8,1.39,5.51,0.533762,5.34206
2012-09-13,3.21,1.84,14.05,1.37,5.5,0.539316,4.357
2012-09-14,3.15,1.79,14.51,1.36,5.3,0.553983,1.75605
2012-09-17,3.12,1.76,14.59,1.36,5.32,0.546946,3.00403
2012-09-18,3.09,1.77,14.18,1.32,5.33,0.54445,3.44654
2012-09-19,3.07,1.76,13.88,1.31,5.34,0.540207,4.19906
2012-09-20,3.04,1.7,14.07,1.34,5.38,0.536342,4.88444
2012-09-21,3.06,1.73,13.98,1.33,5.42,0.534977,5.12654
2012-09-24,3.02,1.71,14.15,1.31,5.5,0.530145,5.9834
2012-09-25,3.03,1.71,15.43,1.32,5.56,0.520276,7.73358
2012-09-26,3.03,1.69,16.81,1.34,5.8,0.512175,9.17037
2012-09-27,3.05,1.71,14.84,1.34,5.73,0.521469,7.5221
2012-09-28,3.07,1.77,15.73,1.3,5.72,0.518702,8.01281
2012-09-30,,,,,5.74,,
2012-10-01,3.06,1.77,16.32,1.29,5.71,0.515912,8.50756
2012-10-02,3.04,1.75,15.71,1.29,5.72,0.517914,8.15252
2012-10-03,3.03,1.77,15.43,1.26,5.68,0.519044,7.95221
2012-10-04,2.99,1.77,14.55,1.22,5.62,0.527823,6.39529
2012-10-05,2.98,1.77,14.33,1.21,5.55,0.534461,5.21803
2012-10-08,,,15.11,,5.54,0.529254,6.14151
2012-10-09,2.93,1.75,16.37,1.18,5.56,0.528716,6.23681
2012-10-10,2.9,1.72,16.29,1.18,5.61,0.523759,7.11606
2012-10-11,2.87,1.72,15.59,1.15,5.57,0.52299,7.25243
2012-10-12,2.85,1.71,16.14,1.14,5.56,0.522586,7.32406
2012-10-15,2.83,1.71,15.27,1.12,5.48,0.526147,6.69248
2012-10-16,2.8,1.73,15.22,1.07,5.4,0.535476,5.03814
2012-10-17,2.77,1.73,15.07,1.04,5.27,0.541699,3.93446
2012-10-18,2.72,1.7,15.03,1.02,5.24,0.544745,3.39427
2012-10-19,2.71,1.7,17.06,1.01,5.31,0.534748,5.16723
2012-10-22,2.68,1.67,16.62,1.01,5.28,0.538311,4.53531
2012-10-23,2.73,1.68,18.83,1.05,5.41,0.528723,6.2357
2012-10-24,2.74,1.69,18.33,1.05,5.39,0.533528,5.38357
2012-10-25,2.73,1.68,18.12,1.05,5.33,0.537134,4.74412
2012-10-26,2.76,1.7,17.81,1.06,5.41,0.528082,6.34941
2012-10-29,2.75,1.7,,1.05,5.46,,
2012-10-31,2.73,1.68,18.6,1.05,5.63,0.525624,6.78522
2012-11-01,2.75,1.7,16.69,1.05,5.57,0.529677,6.06648
2012-11-02,2.77,1.72,17.59,1.05,5.54,0.529323,6.12924
2012-11-05,2.74,1.7,18.42,1.04,5.57,0.525498,6.80762
2012-11-06,2.74,1.7,17.58,1.04,5.49,0.531308,5.77725
2012-11-07,2.78,1.72,19.08,1.06,5.63,0.518732,8.00741
2012-11-08,2.8,1.8,18.49,1,5.67,0.509479,9.64847
2012-11-09,2.82,1.79,18.61,1.03,5.77,0.508022,9.90676
2012-11-12,,,16.68,,5.77,0.507343,10.0272
2012-11-13,2.85,1.82,16.65,1.03,5.82,0.504499,10.5316
2012-11-14,2.87,1.85,17.92,1.02,5.84,0.501258,11.1064
2012-11-15,2.9,1.91,17.99,0.99,5.94,0.502029,10.9696
2012-11-16,2.9,1.91,16.41,0.99,5.98,0.503906,10.6367
2012-11-19,2.91,1.92,15.24,0.99,5.85,0.513162,8.99523
2012-11-20,2.9,1.91,15.08,0.99,5.79,0.518416,8.06352
2012-11-21,2.89,1.91,15.31,0.98,5.72,0.518538,8.04192
2012-11-22,,,,,5.72,,
2012-11-23,2.89,1.9,15.14,0.99,5.71,0.520787,7.643
2012-11-26,2.9,1.91,15.5,0.99,5.68,0.518437,8.0598
2012-11-27,2.91,1.92,15.92,0.99,5.65,0.516913,8.33011
2012-11-28,2.91,1.91,15.51,1,5.66,0.517768,8.17839
2012-11-29,2.95,1.94,15.06,1.01,5.58,0.519981,7.78606
2012-11-30,2.95,1.96,15.87,0.99,5.65,0.522182,7.39556
2012-12-03,2.95,1.96,16.64,0.99,5.6,0.524344,7.01217
2012-12-04,2.94,1.94,17.12,1,5.58,0.521334,7.54611
2012-12-05,2.97,1.96,16.46,1.01,5.51,0.522424,7.35274
2012-12-06,2.96,1.96,16.58,1,5.48,0.522252,7.38318
2012-12-07,2.96,1.96,15.9,1,5.42,0.52633,6.66002
2012-12-10,2.95,1.96,16.05,0.99,5.41,0.524464,6.991
2012-12-11,2.95,1.96,15.57,0.99,5.35,0.528991,6.18813
2012-12-12,2.94,1.96,15.95,0.98,5.29,0.536809,4.80168
2012-12-13,2.92,1.95,16.56,0.97,5.27,0.534525,5.20668
2012-12-14,2.9,1.94,17,0.96,5.28,0.530149,5.9828
2012-12-17,2.9,1.93,16.34,0.97,5.31,0.540282,4.18577
2012-12-18,2.92,1.96,15.57,0.96,5.19,0.546132,3.14836
2012-12-19,2.89,1.92,17.36,0.97,5.19,0.543745,3.57167
2012-12-20,2.89,1.92,17.67,0.97,5.19,0.545573,3.24753
2012-12-21,2.86,1.89,17.84,0.97,5.26,0.538129,4.56751
2012-12-24,2.86,1.89,17.84,0.97,5.24,0.537142,4.74264
2012-12-26,2.87,1.91,19.48,0.96,5.24,0.536514,4.85393
2012-12-27,2.84,1.88,19.47,0.96,5.28,0.535813,4.97831
2012-12-28,2.85,1.89,22.72,0.96,5.3,0.531342,5.77114
2012-12-31,2.85,1.89,18.02,0.96,5.34,0.543008,3.70234
2013-01-02,2.85,1.91,14.68,0.94,5.16,0.555555,1.47731
2013-01-03,2.84,1.89,14.56,0.95,5.06,0.561452,0.431418
2013-01-04,2.81,1.88,13.83,0.93,5.04,0.559628,0.754929
2013-01-07,2.8,1.88,13.79,0.92,5.02,0.559868,0.71242
2013-01-08,2.81,1.88,13.62,0.93,5.02,0.555791,1.43547
2013-01-09,2.81,1.87,13.81,0.94,4.99,0.55737,1.1554
2013-01-10,2.8,1.87,13.49,0.93,4.94,0.559867,0.712561
2013-01-11,2.8,1.88,13.36,0.92,4.93,0.555916,1.41315
2013-01-14,2.8,1.87,13.52,0.93,4.91,0.556684,1.27694
2013-01-15,2.81,1.88,13.55,0.93,4.96,0.554252,1.70837
2013-01-16,2.84,1.9,13.42,0.94,4.95,0.552162,2.0789
2013-01-17,2.84,1.9,13.57,0.94,4.88,0.559736,0.735701
2013-01-18,2.82,1.88,12.46,0.94,4.89,0.55621,1.36104
2013-01-21,,,,,4.88,,
2013-01-22,2.82,1.88,12.43,0.94,4.88,0.555499,1.48719
2013-01-23,2.83,1.89,12.46,0.94,4.85,0.555686,1.4541
2013-01-24,2.82,1.88,12.69,0.94,4.82,0.558873,0.888887
2013-01-25,2.82,1.87,12.89,0.95,4.73,0.566459,0
2013-01-28,2.82,1.87,13.57,0.95,4.72,0.568229,0
2013-01-29,2.81,1.88,13.31,0.93,4.78,0.570424,0
2013-01-30,2.84,1.9,14.32,0.94,4.84,0.567296,0.548387
2013-01-31,2.82,1.88,14.28,0.94,4.95,0.562796,1.3372
2013-02-01,2.84,1.89,12.9,0.95,4.94,0.572092,0
2013-02-04,2.85,1.9,14.67,0.95,5.01,0.5625,1.67672
2013-02-05,2.85,1.9,13.72,0.95,5.01,0.568825,0.571115
2013-02-06,2.86,1.9,13.41,0.96,5.04,0.563357,1.52684
2013-02-07,2.85,1.89,13.5,0.96,5.08,0.563521,1.49825
2013-02-08,2.86,1.9,13.02,0.96,5.08,0.561476,1.85562
2013-02-11,2.84,1.88,12.94,0.96,5.06,0.561847,1.79075
2013-02-12,2.85,1.89,12.64,0.96,5.04,0.565182,1.20786
2013-02-13,2.84,1.89,12.98,0.95,4.97,0.570674,0.247834
2013-02-14,2.85,1.9,12.66,0.95,4.97,0.565302,1.18683
2013-02-15,2.85,1.9,12.46,0.95,4.96,0.567013,0.887812
2013-02-18,,,,,4.95,,
2013-02-19,2.86,1.92,12.31,0.94,4.92,0.570399,0.296011
2013-02-20,2.87,1.94,14.68,0.93,4.92,0.568135,0.691766
2013-02-21,2.87,1.92,15.22,0.95,4.99,0.565436,1.16345
2013-02-22,2.87,1.93,14.17,0.94,4.97,0.56644,0.987935
2013-02-25,2.89,1.96,18.99,0.93,4.97,0.553804,3.19669
2013-02-26,2.9,1.94,16.87,0.96,5.02,0.559766,2.15448
2013-02-27,2.9,1.94,14.73,0.96,4.98,0.562379,1.69775
2013-02-28,2.89,1.95,15.51,0.94,4.98,0.561096,1.92212
2013-03-01,2.9,1.97,15.36,0.93,5,0.559167,2.25931
2013-03-04,2.9,1.97,14.01,0.93,4.98,0.562205,1.72815
2013-03-05,2.9,1.97,13.48,0.93,4.92,0.564969,1.24508
2013-03-06,2.89,1.96,13.53,0.93,4.88,0.569778,0.404493
2013-03-07,2.89,1.96,13.06,0.93,4.81,0.575057,0
2013-03-08,2.88,1.96,12.59,0.92,4.76,0.5818,0
2013-03-11,2.87,1.95,11.56,0.92,4.75,0.580873,0.159303
2013-03-12,2.87,1.95,12.27,0.92,4.76,0.57646,0.917743
2013-03-13,2.85,1.94,11.83,0.91,4.75,0.57718,0.793981
2013-03-14,2.88,1.97,11.3,0.91,4.71,0.581151,0.111494
2013-03-15,2.89,1.98,11.3,0.91,4.72,0.578379,0.587946
2013-03-18,2.91,1.99,13.36,0.92,4.77,0.574137,1.31703
2013-03-19,2.9,1.98,14.39,0.92,4.78,0.569308,2.14706
2013-03-20,2.9,1.98,12.67,0.92,4.76,0.577625,0.71757
2013-03-21,2.9,1.98,13.99,0.92,4.76,0.571078,1.84294
2013-03-22,2.9,1.98,13.57,0.92,4.78,0.570216,1.99106
2013-03-25,2.91,1.99,13.74,0.92,4.75,0.569904,2.04472
2013-03-26,2.91,1.99,12.77,0.92,4.78,0.570251,1.98505
2013-03-27,2.93,2,13.15,0.93,4.81,0.564474,2.97797
2013-03-28,2.96,2.03,12.7,0.93,4.8,0.568375,2.3075
2013-03-31,,,,,4.86,,
2013-04-01,2.91,2.03,13.58,0.88,4.87,0.565136,2.8642
2013-04-02,2.91,2.02,12.78,0.89,4.84,0.567014,2.5414
2013-04-03,2.91,2.03,14.21,0.88,4.87,0.561962,3.40972
2013-04-04,2.88,2.01,13.89,0.87,4.89,0.555156,4.57949
2013-04-05,2.82,1.96,13.92,0.86,4.95,0.544695,6.37767
2013-04-08,2.82,1.96,13.19,0.86,4.9,0.549479,5.55534
2013-04-09,2.82,1.96,12.84,0.86,4.87,0.552591,5.02049
2013-04-10,2.83,1.95,12.36,0.88,4.78,0.562066,3.39186
2013-04-11,2.84,1.96,12.24,0.88,4.73,0.56099,3.57681
2013-04-12,2.82,1.95,12.06,0.87,4.75,0.55293,4.96223
2013-04-15,2.82,1.95,17.27,0.87,4.79,0.544694,6.3778
2013-04-16,2.81,1.95,13.96,0.86,4.78,0.552995,4.95102
2013-04-17,2.81,1.95,16.51,0.86,4.8,0.548478,5.72743
2013-04-18,2.8,1.93,17.56,0.87,4.8,0.546275,6.10608
2013-04-19,2.81,1.97,14.97,0.84,4.78,0.547141,5.95719
2013-04-22,2.82,1.98,14.39,0.84,4.75,0.548014,5.80705
2013-04-23,2.8,1.96,13.48,0.84,4.71,0.552086,5.10718
2013-04-24,2.8,1.97,13.61,0.83,4.66,0.551678,5.17735
2013-04-25,2.81,1.98,13.62,0.83,4.61,0.555582,4.50629
2013-04-26,2.81,1.97,13.61,0.84,4.6,0.549963,5.47207
2013-04-29,2.82,1.99,13.71,0.83,4.53,0.553017,4.9472
2013-04-30,2.83,2,13.52,0.83,4.55,0.554438,4.70288
2013-05-01,2.82,1.99,14.49,0.83,4.5,0.547754,5.85185
2013-05-02,2.81,1.98,13.59,0.83,4.45,0.551975,5.12627
2013-05-03,2.82,1.99,12.85,0.83,4.33,0.566188,2.68332
2013-05-06,2.83,1.98,12.66,0.85,4.3,0.567951,2.3803
2013-05-07,2.82,1.97,12.83,0.85,4.24,0.569757,2.06996
2013-05-08,2.8,1.97,12.66,0.83,4.24,0.570873,1.87811
2013-05-09,2.82,1.99,13.13,0.83,4.23,0.570684,1.91067
2013-05-10,2.82,1.99,12.59,0.83,4.23,0.573879,1.36144
2013-05-13,2.81,1.98,12.55,0.83,4.35,0.575949,1.00569
2013-05-14,2.81,1.97,12.77,0.84,4.35,0.582886,0
2013-05-15,2.82,1.99,12.81,0.83,4.36,0.579071,0.654405
2013-05-16,2.81,1.98,13.07,0.83,4.42,0.574496,1.43929
2013-05-17,2.81,1.99,12.45,0.82,4.37,0.581858,0.176282
2013-05-20,2.8,1.97,13.02,0.83,4.34,0.583166,0
2013-05-21,2.81,1.98,13.37,0.83,4.35,0.579704,0.59377
2013-05-22,2.78,1.95,13.82,0.83,4.27,0.584815,0
2013-05-23,2.77,1.95,14.07,0.82,4.42,0.580467,0.743444
2013-05-24,2.75,1.93,13.99,0.82,4.45,0.578573,1.06742
2013-05-27,,,,,4.44,,
2013-05-28,2.73,1.91,14.48,0.82,4.35,0.591422,0
2013-05-29,2.75,1.91,14.83,0.84,4.55,0.582491,1.51003
2013-05-30,2.77,1.93,14.53,0.84,4.54,0.585092,1.07027
2013-05-31,2.79,1.93,16.3,0.86,4.62,0.579293,2.0507
2013-06-03,2.82,1.93,16.28,0.89,4.76,0.575734,2.65249
2013-06-04,2.86,1.96,16.27,0.9,4.79,0.581101,1.74503
2013-06-05,2.89,1.97,17.5,0.92,5.03,0.568222,3.92268
2013-06-06,2.88,2.02,16.63,0.86,5.08,0.57304,3.10811
2013-06-07,2.89,2.02,15.14,0.87,4.89,0.58385,1.28033
2013-06-10,2.89,2.02,15.44,0.87,4.86,0.585443,1.01091
2013-06-11,2.91,2.04,17.07,0.87,5.08,0.57498,2.77997
2013-06-12,2.91,2.03,18.59,0.88,5.02,0.58377,1.29372
2013-06-13,2.92,2.04,16.41,0.88,5.11,0.581349,1.70308
2013-06-14,2.93,2.05,17.15,0.88,5.04,0.583419,1.35305
2013-06-17,2.93,2.05,16.8,0.88,4.97,0.586449,0.840884
2013-06-18,2.92,2.03,16.61,0.89,4.96,0.587589,0.648077
2013-06-19,2.87,1.97,16.64,0.9,4.85,0.584851,1.11093
2013-06-20,2.93,2.03,20.49,0.9,5.12,0.588771,0.448192
2013-06-21,2.87,1.91,18.9,0.96,5.09,0.595033,0
2013-06-24,2.86,1.89,20.11,0.97,5.34,0.585277,1.63963
2013-06-25,2.88,1.86,18.47,1.02,5.34,0.598962,0
2013-06-26,2.89,1.88,17.21,1.01,5.29,0.600042,0
2013-06-27,2.92,1.89,16.86,1.03,5.23,0.596842,0.533273
2013-06-28,2.83,1.8,16.86,1.03,5.16,0.588771,1.8784
2013-06-30,,,,,5.21,,
2013-07-01,2.83,1.8,16.37,1.03,5.17,0.590772,1.54484
2013-07-02,2.81,1.8,16.44,1.01,5.15,0.589326,1.78591
2013-07-03,2.8,1.76,16.2,1.04,5.15,0.592463,1.26307
2013-07-04,,,,,5.15,,
2013-07-05,2.77,1.72,14.89,1.05,5.04,0.606821,0
2013-07-08,2.79,1.71,14.78,1.08,5.11,0.609289,0
2013-07-09,2.78,1.72,14.35,1.06,5.04,0.609,0.047377
2013-07-10,2.75,1.72,14.21,1.03,4.98,0.616224,0
2013-07-11,2.77,1.74,14.01,1.03,4.9,0.616735,0
2013-07-12,2.77,1.76,13.84,1.01,4.8,0.61665,0.0137394
2013-07-15,2.76,1.76,13.79,1,4.77,0.615989,0.12104
2013-07-16,2.74,1.75,14.42,0.99,4.72,0.612372,0.707404
2013-07-17,2.74,1.77,13.78,0.97,4.68,0.615732,0.162702
2013-07-18,2.75,1.79,13.77,0.96,4.57,0.627259,0
2013-07-19,2.74,1.8,12.54,0.94,4.56,0.617099,1.61975
2013-07-22,2.71,1.79,12.29,0.92,4.53,0.616656,1.6903
2013-07-23,2.7,1.78,12.66,0.92,4.5,0.617745,1.51669
2013-07-24,2.67,1.76,13.18,0.91,4.55,0.6204,1.09347
2013-07-25,2.69,1.77,12.97,0.92,4.65,0.61923,1.27996
2013-07-26,2.67,1.75,12.72,0.92,4.71,0.615716,1.84031
2013-07-29,2.69,1.76,13.39,0.93,4.69,0.618909,1.33112
2013-07-30,2.68,1.77,13.39,0.91,4.66,0.62001,1.15575
2013-07-31,2.68,1.78,13.45,0.9,4.71,0.619563,1.22696
2013-08-01,2.66,1.77,12.94,0.89,4.63,0.625748,0.240957
2013-08-02,2.68,1.79,11.98,0.89,4.74,0.622715,0.724347
2013-08-05,2.7,1.79,11.84,0.91,4.74,0.624348,0.464123
2013-08-06,2.69,1.8,12.72,0.89,4.76,0.621912,0.85251
2013-08-07,2.72,1.81,12.98,0.91,4.81,0.615358,1.89735
2013-08-08,2.73,1.83,12.73,0.9,4.8,0.615036,1.94863
2013-08-09,2.74,1.84,13.41,0.9,4.8,0.614128,2.09338
2013-08-12,2.72,1.84,12.81,0.88,4.78,0.617795,1.50876
2013-08-13,2.72,1.83,12.31,0.89,4.72,0.626857,0.0640296
2013-08-14,2.72,1.82,13.04,0.9,4.69,0.624673,0.412351
2013-08-15,2.7,1.83,14.73,0.87,4.74,0.629964,0
2013-08-16,2.7,1.82,14.37,0.88,4.7,0.63,0
2013-08-19,2.7,1.83,15.1,0.87,4.71,0.631322,0
2013-08-20,2.72,1.84,14.91,0.88,4.8,0.632274,0
2013-08-21,2.71,1.82,15.94,0.89,4.77,0.636945,0
2013-08-22,2.68,1.79,14.76,0.89,4.73,0.633941,0.471583
2013-08-23,2.67,1.78,13.98,0.89,4.75,0.629755,1.12889
2013-08-26,2.67,1.81,14.99,0.86,4.75,0.626699,1.60857
2013-08-27,2.66,1.79,16.77,0.87,4.82,0.614905,3.46023
2013-08-28,2.65,1.8,16.49,0.85,4.77,0.622251,2.30696
2013-08-29,2.62,1.77,16.81,0.85,4.76,0.619834,2.68649
2013-08-30,2.56,1.71,17.01,0.85,,0.619993,2.66149
2013-09-02,,,,,4.78,,
2013-09-03,2.58,1.75,16.61,0.83,4.69,0.625542,1.79036
2013-09-04,2.55,1.73,15.88,0.82,4.64,0.629283,1.20291
2013-09-05,2.55,1.74,15.77,0.81,4.59,0.634945,0.314028
2013-09-06,2.59,1.78,15.85,0.81,4.63,0.633903,0.477639
2013-09-09,2.6,1.78,15.63,0.82,4.66,0.635205,0.273223
2013-09-10,2.61,1.77,14.53,0.84,4.6,0.641925,0
2013-09-11,2.61,1.78,13.82,0.83,4.63,0.637109,0.750349
2013-09-12,2.61,1.77,14.29,0.84,4.61,0.637204,0.735569
2013-09-13,2.64,1.79,14.16,0.85,4.6,0.634255,1.19488
2013-09-16,2.68,1.84,14.38,0.84,4.54,0.642016,0
2013-09-17,2.67,1.85,14.53,0.82,4.59,0.638841,0.494588
2013-09-18,2.75,1.94,13.59,0.81,4.67,0.637096,0.766293
2013-09-19,2.72,1.9,13.16,0.82,4.51,0.639017,0.46718
2013-09-20,2.68,1.87,13.12,0.81,4.54,0.63491,1.10677
2013-09-23,2.7,1.88,14.31,0.82,4.6,0.630216,1.83803
2013-09-24,2.68,1.86,14.08,0.82,4.65,0.622141,3.09575
2013-09-25,2.7,1.87,14.01,0.83,4.7,0.619783,3.46294
2013-09-26,2.72,1.89,14.06,0.83,4.69,0.623819,2.83437
2013-09-27,2.73,1.9,15.46,0.83,4.75,0.621619,3.17696
2013-09-30,2.75,1.92,16.6,0.83,4.83,0.62079,3.30607
2013-10-01,2.76,1.93,15.54,0.83,4.78,0.625379,2.59143
2013-10-02,2.77,1.95,16.6,0.82,4.78,0.624709,2.69573
2013-10-03,2.78,1.95,17.67,0.83,4.75,0.626122,2.4757
2013-10-04,2.76,1.94,16.74,0.82,4.7,0.62769,2.23135
2013-10-07,2.74,1.92,19.41,0.82,4.69,0.623513,2.88206
2013-10-08,2.71,1.9,20.34,0.81,4.68,0.623065,2.95186
2013-10-09,2.71,1.91,19.6,0.8,4.67,0.628641,2.08326
2013-10-10,2.68,1.88,16.48,0.8,4.61,0.630506,1.79271
2013-10-11,2.68,1.88,15.72,0.8,4.62,0.63185,1.58343
2013-10-14,,,16.07,,4.6,0.637952,0.633033
2013-10-15,2.66,1.87,18.66,0.79,4.54,0.638173,0.598601
2013-10-16,2.66,1.88,14.71,0.78,4.55,0.633621,1.30753
2013-10-17,2.66,1.89,13.48,0.77,4.53,0.630971,1.72033
2013-10-18,2.66,1.9,13.04,0.76,4.46,0.630899,1.73157
2013-10-21,2.65,1.9,13.16,0.75,4.41,0.631486,1.64013
2013-10-22,2.66,1.91,13.33,0.75,4.44,0.626397,2.43285
2013-10-23,2.67,1.92,13.42,0.75,4.44,0.624502,2.72803
2013-10-24,2.68,1.93,13.2,0.75,4.4,0.627135,2.31788
2013-10-25,2.66,1.91,13.09,0.75,4.42,0.625018,2.64763
2013-10-28,2.66,1.91,13.31,0.75,4.44,0.627028,2.33457
2013-10-29,2.69,1.94,13.41,0.75,4.45,0.627218,2.30498
2013-10-30,2.68,1.93,13.65,0.75,4.43,0.628456,2.11209
2013-10-31,2.65,1.91,13.75,0.74,4.36,0.62745,2.2688
2013-11-01,2.64,1.89,13.28,0.75,4.31,0.633223,1.36955
2013-11-04,2.66,1.91,12.93,0.75,4.33,0.633717,1.29267
2013-11-05,2.66,1.91,13.27,0.75,4.33,0.639657,0.367364
2013-11-06,2.7,1.94,12.67,0.76,4.35,0.641215,0.124772
2013-11-07,2.7,1.94,13.91,0.76,4.34,0.636239,0.899828
2013-11-08,2.69,1.92,12.9,0.77,4.38,0.650807,0
2013-11-11,,,12.53,,4.38,0.650809,0
2013-11-12,2.67,1.9,12.82,0.77,4.35,0.646881,0.603515
2013-11-13,2.69,1.92,12.52,0.77,4.42,0.646956,0.592112
2013-11-14,2.72,1.96,12.37,0.76,4.41,0.644866,0.913212
2013-11-15,2.7,1.94,12.19,0.76,4.38,0.644541,0.963161
2013-11-18,2.66,1.91,13.1,0.75,4.35,0.638831,1.84057
2013-11-19,2.66,1.91,13.39,0.75,4.31,0.643442,1.13202
2013-11-20,2.67,1.92,13.4,0.75,4.29,0.65395,0
2013-11-21,2.65,1.91,12.66,0.74,4.32,0.655123,0
2013-11-22,2.65,1.9,12.26,0.75,4.3,0.649558,0.849516
2013-11-25,2.65,1.91,12.79,0.74,4.27,0.64866,0.986514
2013-11-26,2.63,1.88,12.81,0.75,4.27,0.646728,1.28148
2013-11-27,2.63,1.88,12.98,0.75,4.24,0.647426,1.17497
2013-11-28,,,,,4.24,,
2013-11-29,2.61,1.87,13.7,0.74,4.23,0.647933,1.09751
2013-11-30,,,,,4.27,,
2013-12-02,2.6,1.86,14.23,0.74,4.19,0.653223,0.290082
2013-12-03,2.6,1.86,14.55,0.74,4.22,0.6502,0.751534
2013-12-04,2.62,1.87,14.7,0.75,4.19,0.654771,0.0537585
2013-12-05,2.59,1.84,15.08,0.75,4.16,0.656129,0
2013-12-06,2.58,1.84,13.79,0.74,4.13,0.654838,0.196865
2013-12-09,2.57,1.84,13.49,0.73,4.11,0.655708,0.0642604
2013-12-10,2.56,1.83,13.91,0.73,4.15,0.651037,0.776133
2013-12-11,2.55,1.8,15.42,0.75,4.11,0.654118,0.306526
2013-12-12,2.53,1.77,15.54,0.76,4.11,0.6554,0.111165
2013-12-13,2.5,1.75,15.76,0.75,4.12,0.65328,0.434298
2013-12-16,2.5,1.76,16.03,0.74,4.09,0.656258,0
2013-12-17,2.5,1.78,16.21,0.72,4.15,0.653406,0.434627
2013-12-18,2.5,1.74,13.8,0.76,4.14,0.657842,0
2013-12-19,2.42,1.63,14.15,0.79,4.07,0.657776,0.0100296
2013-12-20,2.38,1.6,13.79,0.78,4.04,0.648225,1.46201
2013-12-23,2.35,1.57,13.04,0.78,4,0.652404,0.826644
2013-12-24,2.36,1.58,12.48,0.78,3.96,0.657317,0.0798364
2013-12-26,2.37,1.59,12.33,0.78,3.96,0.660479,0
2013-12-27,2.37,1.55,12.46,0.82,3.96,0.662288,0
2013-12-30,2.35,1.54,13.56,0.81,3.97,0.658334,0.59705
2013-12-31,2.33,1.53,13.72,0.8,4,0.662964,0
2014-01-02,2.34,1.55,14.23,0.79,4,0.662091,0.131686
2014-01-03,2.34,1.55,13.76,0.79,3.98,0.661877,0.163939
2014-01-06,2.32,1.55,13.55,0.77,3.96,0.66052,0.368672
2014-01-07,2.32,1.55,12.92,0.77,3.92,0.658851,0.620415
2014-01-08,2.31,1.52,12.87,0.79,3.87,0.660223,0.41348
2014-01-09,2.31,1.59,12.89,0.72,3.88,0.657371,0.843683
2014-01-10,2.32,1.62,12.14,0.7,3.95,0.651577,1.71758
2014-01-13,2.34,1.63,13.28,0.71,3.97,0.647655,2.30926
2014-01-14,2.34,1.62,12.28,0.72,3.92,0.651606,1.71332
2014-01-15,2.32,1.6,12.28,0.72,3.87,0.653617,1.40988
2014-01-16,2.32,1.62,12.53,0.7,3.88,0.648984,2.10872
2014-01-17,2.33,1.63,12.44,0.7,3.88,0.646414,2.49646
2014-01-20,,,,,3.88,,
2014-01-21,2.3,1.61,12.87,0.69,3.86,0.646752,2.44548
2014-01-22,2.3,1.61,12.84,0.69,3.82,0.647382,2.35047
2014-01-23,2.32,1.64,13.77,0.68,3.92,0.637532,3.83622
2014-01-24,2.35,1.7,18.14,0.65,4.08,0.629246,5.08607
2014-01-27,2.36,1.7,17.42,0.66,4.09,0.633462,4.45001
2014-01-28,2.35,1.71,15.8,0.64,4.08,0.634709,4.26198
2014-01-29,2.38,1.74,17.35,0.64,4.15,0.627645,5.32753
2014-01-30,2.36,1.72,17.29,0.64,4.12,0.630534,4.89166
2014-01-31,2.4,1.76,18.41,0.64,4.21,0.626139,5.55458
2014-02-03,2.39,1.74,21.44,0.65,4.28,0.61675,6.97093
2014-02-04,2.41,1.78,19.11,0.63,4.31,0.624105,5.86149
2014-02-05,2.42,1.78,19.95,0.64,4.28,0.62993,4.98289
2014-02-06,2.4,1.77,17.23,0.63,4.21,0.6349,4.23322
2014-02-07,2.42,1.78,15.29,0.64,4.2,0.637572,3.83012
2014-02-10,2.42,1.78,15.26,0.64,4.16,0.636194,4.03795
2014-02-11,2.39,1.75,14.51,0.64,4.08,0.640993,3.31405
2014-02-12,2.36,1.74,14.3,0.62,4.01,0.643291,2.96746
2014-02-13,2.39,1.76,14.14,0.63,4.07,0.641514,3.23552
2014-02-14,2.38,1.75,13.57,0.63,4.03,0.642179,3.13523
2014-02-17,,,,,4.03,,
2014-02-18,2.4,1.76,13.87,0.64,4.01,0.641623,3.21905
2014-02-19,2.41,1.77,15.5,0.64,3.95,0.642692,3.0578
2014-02-20,2.39,1.76,14.79,0.63,3.92,0.646259,2.51975
2014-02-21,2.38,1.71,14.68,0.67,3.9,0.643414,2.94896
2014-02-24,2.38,1.7,14.23,0.68,3.85,0.646484,2.48579
2014-02-25,2.38,1.69,13.67,0.69,3.84,0.641511,3.23602
2014-02-26,2.38,1.7,14.35,0.68,3.84,0.639202,3.58427
2014-02-27,2.36,1.68,14.04,0.68,3.83,0.636935,3.92621
2014-02-28,2.35,1.66,14,0.69,3.81,0.637256,3.87783
2014-03-03,2.37,1.69,16,0.68,3.87,0.632445,4.60341
2014-03-04,2.35,1.67,14.1,0.68,3.79,0.644418,2.7975
2014-03-05,2.36,1.68,13.89,0.68,3.78,0.641887,3.17926
2014-03-06,2.37,1.68,14.21,0.69,3.78,0.647312,2.36089
2014-03-07,2.34,1.66,14.11,0.68,3.79,0.648923,2.11793
2014-03-10,2.36,1.67,14.2,0.69,3.82,0.648075,2.24587
2014-03-11,2.37,1.69,14.8,0.68,3.82,0.645681,2.60691
2014-03-12,2.38,1.69,14.47,0.69,3.87,0.64231,3.11543
2014-03-13,2.39,1.69,16.22,0.7,3.92,0.632102,4.65515
2014-03-14,2.4,1.72,17.82,0.68,3.96,0.631514,4.74392
2014-03-17,2.4,1.71,15.64,0.69,3.9,0.637145,3.89457
2014-03-18,2.42,1.73,14.52,0.69,3.87,0.636739,3.9558
2014-03-19,2.37,1.67,15.12,0.7,3.74,0.638456,3.69683
2014-03-20,2.34,1.65,14.52,0.69,3.79,0.641771,3.19668
2014-03-21,2.32,1.64,15,0.68,3.76,0.634488,4.29528
2014-03-24,2.29,1.61,15.09,0.68,3.75,0.630207,4.94103
2014-03-25,2.28,1.61,14.02,0.67,3.73,0.633866,4.3892
2014-03-26,2.28,1.62,14.93,0.66,3.75,0.629076,5.1117
2014-03-27,2.26,1.6,14.62,0.66,3.77,0.625,5.72643
2014-03-28,2.25,1.58,14.41,0.67,3.73,0.629611,5.03087
2014-03-31,2.26,1.59,13.88,0.67,3.77,0.632108,4.65433
2014-04-01,2.26,1.53,13.1,0.73,3.73,0.638745,3.65324
2014-04-02,2.25,1.52,13.09,0.73,3.66,0.641753,3.19947
2014-04-03,2.24,1.52,13.37,0.72,3.64,0.639226,3.58063
2014-04-04,2.25,1.54,13.96,0.71,3.68,0.636468,3.99658
2014-04-07,2.24,1.54,15.57,0.7,3.72,0.631334,4.77108
2014-04-08,2.26,1.56,14.89,0.7,3.73,0.631305,4.77537
2014-04-09,2.25,1.55,13.82,0.7,3.74,0.635447,4.15061
2014-04-10,2.24,1.59,15.89,0.65,3.77,0.627804,5.30348
2014-04-11,2.23,1.58,17.03,0.65,3.82,0.620113,6.46358
2014-04-14,2.22,1.57,16.11,0.65,3.76,0.62373,5.91803
2014-04-15,2.2,1.56,15.61,0.64,3.75,0.620517,6.40261
2014-04-16,2.19,1.54,14.18,0.65,3.73,0.620066,6.47072
2014-04-17,2.16,1.52,13.36,0.64,3.68,0.626207,5.54436
2014-04-21,2.18,1.53,13.25,0.65,3.67,0.62672,5.46697
2014-04-22,2.15,1.51,13.19,0.64,3.65,0.625282,5.68397
2014-04-23,2.15,1.51,13.27,0.64,3.68,0.621929,6.18965
2014-04-24,2.14,1.5,13.32,0.64,3.66,0.620887,6.3469
2014-04-25,2.13,1.5,14.06,0.63,3.69,0.619797,6.51128
2014-04-28,2.13,1.5,13.97,0.63,3.68,0.622686,6.07552
2014-04-29,2.15,1.53,13.71,0.62,3.66,0.624457,5.80843
2014-04-30,2.16,1.54,13.41,0.62,3.71,0.621738,6.21843
2014-05-01,2.14,1.53,13.25,0.61,3.75,0.614505,7.30943
2014-05-02,2.14,1.52,12.91,0.62,3.73,0.612174,7.66103
2014-05-05,2.15,1.53,13.29,0.62,3.74,0.615629,7.14
2014-05-06,2.15,1.52,13.8,0.63,3.72,0.613296,7.49189
2014-05-07,2.16,1.54,13.4,0.62,3.74,0.616401,7.02345
2014-05-08,2.18,1.56,13.43,0.62,3.75,0.618921,6.64344
2014-05-09,2.21,1.59,12.92,0.62,3.74,0.621517,6.2518
2014-05-12,2.2,1.58,12.23,0.62,3.7,0.624704,5.77105
2014-05-13,2.21,1.59,12.13,0.62,3.7,0.620322,6.43206
2014-05-14,2.2,1.58,12.17,0.62,3.73,0.614001,7.38544
2014-05-15,2.22,1.58,13.17,0.64,3.78,0.608569,8.20489
2014-05-16,2.2,1.57,12.44,0.63,3.77,0.611512,7.76099
2014-05-19,2.22,1.61,12.42,0.61,3.76,0.616981,6.93598
2014-05-20,2.23,1.63,12.96,0.6,3.77,0.614836,7.25961
2014-05-21,2.26,1.65,11.91,0.61,3.77,0.61855,6.6993
2014-05-22,2.25,1.67,12.03,0.58,3.78,0.619891,6.4971
2014-05-23,2.24,1.65,11.36,0.59,3.78,0.616787,6.96531
2014-05-26,,,,,3.78,,
2014-05-27,2.23,1.69,11.51,0.54,3.76,0.613777,7.41937
2014-05-28,2.23,1.69,11.68,0.54,3.8,0.606481,8.51975
2014-05-29,2.24,1.7,11.57,0.54,3.78,0.610302,7.94353
2014-05-30,2.22,1.68,11.4,0.54,3.75,0.611211,7.80637
2014-05-31,,,,,3.67,,
2014-06-02,2.22,1.68,11.58,0.54,3.61,0.61383,7.41125
2014-06-03,2.22,1.68,11.87,0.54,3.59,0.621544,6.24772
2014-06-04,2.23,1.67,12.08,0.56,3.59,0.621711,6.22256
2014-06-05,2.24,1.68,11.68,0.56,3.59,0.622947,6.03615
2014-06-06,2.23,1.68,10.73,0.55,3.53,0.624725,5.76787
2014-06-09,2.22,1.67,11.15,0.55,3.5,0.626349,5.52304
2014-06-10,2.21,1.67,10.99,0.54,3.46,0.62833,5.22414
2014-06-11,2.2,1.66,11.6,0.54,3.46,0.627267,5.38457
2014-06-12,2.21,1.67,12.56,0.54,3.5,0.62134,6.27856
2014-06-13,2.19,1.66,12.18,0.53,3.47,0.622393,6.11967
2014-06-16,2.17,1.63,12.65,0.54,3.43,0.620516,6.4028
2014-06-17,2.17,1.63,12.06,0.54,3.39,0.625005,5.72565
2014-06-18,2.19,1.65,10.61,0.54,3.41,0.623037,6.02262
2014-06-19,2.19,1.66,10.62,0.53,3.39,0.63099,4.82294
2014-06-20,2.2,1.63,10.85,0.57,3.36,0.626841,5.44883
2014-06-23,2.19,1.62,10.98,0.57,3.35,0.628742,5.16196
2014-06-24,2.18,1.63,12.13,0.55,3.37,0.621909,6.19262
2014-06-25,2.18,1.63,11.59,0.55,3.43,0.621223,6.29612
2014-06-26,2.18,1.62,11.63,0.56,3.47,0.617617,6.84007
2014-06-27,2.2,1.63,11.26,0.57,3.48,0.618544,6.70026
2014-06-30,2.18,1.62,11.57,0.56,3.53,0.6165,7.00853
2014-07-01,2.19,1.64,11.15,0.55,3.5,0.62187,6.19854
2014-07-02,2.2,1.63,10.82,0.57,3.46,0.628986,5.12522
2014-07-03,2.21,1.63,10.32,0.58,3.44,0.630328,4.92276
2014-07-04,,,,,3.44,,
2014-07-07,2.18,1.61,11.33,0.57,3.44,0.625286,5.68325
2014-07-08,2.18,1.6,11.98,0.58,3.48,0.618483,6.70949
2014-07-09,2.17,1.59,11.65,0.58,3.51,0.617533,6.85273
2014-07-10,2.2,1.64,12.59,0.56,3.62,0.615477,7.16284
2014-07-11,2.2,1.64,12.08,0.56,3.61,0.612612,7.59509
2014-07-14,2.21,1.64,11.82,0.57,3.57,0.615072,7.22392
2014-07-15,2.2,1.63,11.96,0.57,3.6,0.615347,7.18251
2014-07-16,2.19,1.62,11,0.57,3.63,0.611119,7.82027
2014-07-17,2.22,1.64,14.54,0.58,3.74,0.599282,9.60577
2014-07-18,2.2,1.63,12.06,0.57,3.78,0.603726,8.93541
2014-07-21,2.19,1.61,12.81,0.58,3.8,0.599712,9.54081
2014-07-22,2.19,1.61,12.24,0.58,3.79,0.599293,9.60398
2014-07-23,2.2,1.64,11.52,0.56,3.77,0.601225,9.31268
2014-07-24,2.2,1.65,11.84,0.55,3.72,0.606843,8.46521
2014-07-25,2.19,1.64,12.69,0.55,3.75,0.598742,9.68719
2014-07-28,2.19,1.6,12.56,0.59,3.74,0.597786,9.83136
2014-07-29,2.18,1.59,13.28,0.59,3.8,0.594794,10.2826
2014-07-30,2.17,1.58,13.33,0.59,3.79,0.600659,9.39793
2014-07-31,2.17,1.57,16.95,0.6,4.04,0.59754,9.86844
2014-08-01,2.23,1.66,17.03,0.57,4.25,0.592892,10.5696
2014-08-04,2.24,1.67,15.12,0.57,4.24,0.598066,9.78912
2014-08-05,2.25,1.66,16.87,0.59,4.17,0.594976,10.2552
2014-08-06,2.26,1.67,16.37,0.59,4.21,0.596029,10.0963
2014-08-07,2.28,1.68,16.66,0.6,4.2,0.590902,10.8697
2014-08-08,2.27,1.65,15.77,0.62,4.2,0.594033,10.3974
2014-08-11,2.28,1.66,14.23,0.62,4.12,0.596896,9.96555
2014-08-12,2.29,1.68,14.13,0.61,4.07,0.600669,9.3965
2014-08-13,2.31,1.68,12.9,0.63,4.03,0.598494,9.72453
2014-08-14,2.29,1.66,12.42,0.63,3.97,0.594854,10.2736
2014-08-15,2.29,1.66,13.15,0.63,3.97,0.589628,11.0619
2014-08-18,2.31,1.67,12.32,0.64,3.89,0.597257,9.91112
2014-08-19,2.33,1.71,12.21,0.62,3.85,0.598916,9.66084
2014-08-20,2.3,1.68,11.78,0.62,3.79,0.600343,9.44561
2014-08-21,2.28,1.67,11.76,0.61,3.81,0.596997,9.9503
2014-08-22,2.26,1.63,11.47,0.63,3.79,0.592242,10.6676
2014-08-25,2.25,1.62,11.7,0.63,3.77,0.591282,10.8124
2014-08-26,2.26,1.64,11.63,0.62,3.78,0.593637,10.4571
2014-08-27,2.24,1.62,11.78,0.62,3.81,0.58806,11.2984
2014-08-28,2.23,1.6,12.05,0.63,3.82,0.584127,11.8917
2014-08-29,2.23,1.6,11.98,0.63,3.8,0.584168,11.8855
2014-08-31,,,,,3.84,,
2014-09-01,,,,,3.84,,
2014-09-02,2.25,1.58,12.25,0.67,3.8,0.595119,10.2336
2014-09-03,2.24,1.57,12.36,0.67,3.83,0.590311,10.9588
2014-09-04,2.25,1.58,12.64,0.67,3.85,0.595614,10.159
2014-09-05,2.29,1.64,12.09,0.65,3.93,0.596044,10.0941
2014-09-08,2.26,1.6,12.66,0.66,3.92,0.595211,10.2198
2014-09-09,2.25,1.59,13.5,0.66,3.93,0.592924,10.5647
2014-09-10,2.26,1.59,12.88,0.67,4.01,0.596948,9.95769
2014-09-11,2.25,1.58,12.8,0.67,4.05,0.598928,9.65914
2014-09-12,2.27,1.6,13.31,0.67,4.03,0.604549,8.81128
2014-09-15,2.28,1.61,14.12,0.67,4.06,0.602536,9.11492
2014-09-16,2.3,1.62,12.73,0.68,4.1,0.60623,8.55764
2014-09-17,2.29,1.6,12.65,0.69,4.05,0.609756,8.02589
2014-09-18,2.28,1.59,12.03,0.69,3.98,0.608011,8.28904
2014-09-19,2.26,1.57,12.11,0.69,3.97,0.601275,9.30509
2014-09-22,2.27,1.58,13.69,0.69,4.02,0.599446,9.58097
2014-09-23,2.26,1.56,14.93,0.7,4.13,0.592748,10.5912
2014-09-24,2.27,1.56,13.27,0.71,4.18,0.594248,10.365
2014-09-25,2.27,1.54,15.64,0.73,4.33,0.58328,12.0194
2014-09-26,2.27,1.52,14.85,0.75,4.4,0.583752,11.9481
2014-09-29,2.27,1.52,15.98,0.75,4.51,0.577908,12.8297
2014-09-30,2.29,1.53,16.31,0.76,4.4,0.584941,11.7689
2014-10-01,2.31,1.53,16.71,0.78,4.45,0.574448,13.3515
2014-10-02,2.32,1.55,16.16,0.77,4.42,0.580634,12.4186
2014-10-03,2.29,1.53,14.55,0.76,4.29,0.580118,12.4963
2014-10-06,2.3,1.55,15.46,0.75,4.26,0.580404,12.4533
2014-10-07,2.3,1.55,17.2,0.75,4.37,0.570499,13.9472
2014-10-08,2.32,1.57,15.11,0.75,4.48,0.573087,13.5569
2014-10-09,2.34,1.58,18.76,0.76,4.52,0.569485,14.1002
2014-10-10,2.36,1.58,21.24,0.78,4.66,0.55932,15.6335
2014-10-13,,,24.64,,4.66,0.553179,16.5598
2014-10-14,2.39,1.6,22.79,0.79,4.83,0.551412,16.8263
2014-10-15,2.44,1.63,26.25,0.81,5.08,0.547212,17.4597
2014-10-16,2.47,1.67,25.2,0.8,4.98,0.553823,16.4627
2014-10-17,2.44,1.65,21.99,0.79,4.68,0.561646,15.2826
2014-10-20,2.45,1.69,18.57,0.76,4.68,0.563637,14.9823
2014-10-21,2.43,1.69,16.08,0.74,4.5,0.572782,13.6029
2014-10-22,2.42,1.68,17.87,0.74,4.44,0.568421,14.2607
2014-10-23,2.42,1.67,16.53,0.75,4.38,0.573258,13.5311
2014-10-24,2.43,1.68,16.11,0.75,4.38,0.574292,13.3751
2014-10-27,2.44,1.68,16.04,0.76,4.41,0.57089,13.8882
2014-10-28,2.43,1.66,14.39,0.77,4.39,0.575416,13.2056
2014-10-29,2.36,1.59,15.15,0.77,4.32,0.573682,13.4672
2014-10-30,2.39,1.56,14.52,0.83,4.35,0.572954,13.577
2014-10-31,2.39,1.55,14.03,0.84,4.3,0.574941,13.2773
2014-11-03,2.39,1.54,14.73,0.85,4.29,0.57615,13.0948
2014-11-04,2.39,1.54,14.89,0.85,4.35,0.57256,13.6363
2014-11-05,2.39,1.54,14.17,0.85,4.32,0.573252,13.532
2014-11-06,2.4,1.54,13.67,0.86,4.3,0.578485,12.7426
2014-11-07,2.43,1.56,13.12,0.87,4.36,0.572473,13.6494
2014-11-10,2.41,1.54,12.67,0.87,4.32,0.578032,12.8109
2014-11-11,,,12.92,,4.32,0.578955,12.6718
2014-11-12,2.43,1.58,13.02,0.85,4.33,0.577565,12.8814
2014-11-13,2.47,1.62,13.79,0.85,4.37,0.573833,13.4443
2014-11-14,2.48,1.62,13.31,0.86,4.43,0.56819,14.2956
2014-11-17,2.49,1.61,13.99,0.88,4.46,0.569558,14.0892
2014-11-18,2.52,1.64,13.86,0.88,4.53,0.566868,14.495
2014-11-19,2.51,1.62,13.96,0.89,4.57,0.570369,13.9668
2014-11-20,2.52,1.63,13.58,0.89,4.61,0.56747,14.4041
2014-11-21,2.49,1.63,12.9,0.86,4.54,0.567158,14.4512
2014-11-24,2.5,1.64,12.62,0.86,4.54,0.566624,14.5317
2014-11-25,2.46,1.61,12.25,0.85,4.54,0.562868,15.0983
2014-11-26,2.47,1.62,12.07,0.85,4.56,0.562073,15.2182
2014-11-27,,,,,4.56,,
2014-11-28,2.52,1.65,13.33,0.87,4.64,0.552334,16.6872
2014-11-30,,,,,4.67,,
2014-12-01,2.54,1.64,14.29,0.9,4.82,0.549984,17.0417
2014-12-02,2.54,1.65,12.85,0.89,4.82,0.558408,15.771
2014-12-03,2.52,1.63,12.47,0.89,4.81,0.55716,15.9593
2014-12-04,2.53,1.64,12.38,0.89,4.83,0.552172,16.7116
2014-12-05,2.48,1.59,11.82,0.89,4.77,0.55498,16.2881
2014-12-08,2.48,1.56,14.21,0.92,4.87,0.545486,17.7201
2014-12-09,2.51,1.57,14.89,0.94,5.06,0.542394,18.1865
2014-12-10,2.53,1.57,18.53,0.96,5.21,0.532285,19.7114
2014-12-11,2.53,1.55,20.08,0.98,5.25,0.528196,20.3281
2014-12-12,2.58,1.57,21.08,1.01,5.47,0.514058,22.4606
2014-12-15,2.56,1.58,20.42,0.98,5.52,0.514824,22.3452
2014-12-16,2.6,1.63,23.57,0.97,5.71,0.506721,23.5673
2014-12-17,2.6,1.61,19.44,0.99,5.48,0.521745,21.3012
2014-12-18,2.56,1.58,16.81,0.98,5.15,0.535451,19.2339
2014-12-19,2.56,1.6,16.49,0.96,5.09,0.533431,19.5384
2014-12-22,2.53,1.56,15.25,0.97,5.03,0.531413,19.8428
2014-12-23,2.53,1.57,14.8,0.96,4.94,0.544095,17.93
2014-12-24,2.5,1.54,14.37,0.96,4.93,0.54299,18.0966
2014-12-26,2.5,1.54,14.5,0.96,4.93,0.539305,18.6525
2014-12-29,2.49,1.53,15.06,0.96,4.96,0.5356,19.2113
2014-12-30,2.49,1.53,15.92,0.96,4.98,0.533083,19.591
2014-12-31,2.51,1.55,19.2,0.96,5.04,0.530646,19.8531
2015-01-02,2.51,1.55,17.79,0.96,5.08,0.524811,20.7088
2015-01-05,2.52,1.55,19.92,0.97,5.21,0.511907,22.4994
2015-01-06,2.52,1.53,21.12,0.99,5.37,0.500923,24.1283
2015-01-07,2.53,1.55,19.31,0.98,5.31,0.505036,23.5053
2015-01-08,2.54,1.54,17.01,1,5.17,0.515667,21.5562
2015-01-09,2.55,1.55,17.55,1,5.2,0.512641,21.5687
2015-01-12,2.55,1.55,19.6,1,5.27,0.509102,22.1101
2015-01-13,2.55,1.58,20.56,0.97,5.28,0.509102,22.1101
2015-01-14,2.58,1.6,21.48,0.98,5.39,0.504089,22.8771
2015-01-15,2.65,1.67,22.39,0.98,5.42,0.493239,23.9983
2015-01-16,2.62,1.63,20.95,0.99,,0.501513,22.7161
2015-01-19,,,,,5.39,,
2015-01-20,2.61,1.6,19.89,1.01,5.39,0.494052,23.8659
2015-01-21,2.59,1.59,18.85,1,5.36,0.502513,22.5621
2015-01-22,2.59,1.61,16.4,0.98,5.27,0.505,22.1788
2015-01-23,2.6,1.58,16.66,1.02,5.3,0.498067,23.2471
2015-01-26,2.58,1.58,15.52,1,5.26,0.501863,22.6622
2015-01-27,2.59,1.59,17.22,1,5.29,0.500693,22.8425
2015-01-28,2.59,1.6,20.44,0.99,5.31,0.491602,24.2434
2015-01-29,2.58,1.58,18.76,1,5.28,0.496616,23.4707
2015-01-30,2.61,1.61,20.97,1,5.37,0.486612,25.0124
2015-01-31,,,,,5.26,,
2015-02-02,2.61,1.61,19.43,1,5.26,0.490331,24.4393
2015-02-03,2.61,1.63,17.33,0.98,5.11,0.503767,22.3687
2015-02-04,2.6,1.62,18.33,0.98,5.05,0.500801,22.8259
2015-02-05,2.6,1.63,16.85,0.97,4.99,0.509331,21.5114
2015-02-06,2.55,1.57,17.29,0.98,4.78,0.518908,20.0355
2015-02-09,2.53,1.56,18.55,0.97,4.8,0.518485,20.1007
2015-02-10,2.53,1.63,17.23,0.9,4.75,0.524427,19.1851
2015-02-11,2.53,1.63,16.96,0.9,4.76,0.523286,19.3609
2015-02-12,2.54,1.65,15.34,0.89,4.74,0.524966,19.102
2015-02-13,2.55,1.65,14.69,0.9,4.71,0.53117,18.1459
2015-02-16,,,,,4.69,,
2015-02-17,2.53,1.64,15.8,0.89,4.57,0.538935,16.9493
2015-02-18,2.53,1.66,15.45,0.87,4.62,0.537577,17.1587
2015-02-19,2.53,1.66,15.29,0.87,4.58,0.539912,16.7988
2015-02-20,2.5,1.65,14.3,0.85,4.53,0.539809,16.8147
2015-02-23,2.48,1.64,14.56,0.84,4.56,0.534102,17.6941
2015-02-24,2.49,1.66,13.69,0.83,4.58,0.527702,18.6804
2015-02-25,2.49,1.65,13.84,0.84,4.54,0.527154,18.7648
2015-02-26,2.44,1.61,13.91,0.83,4.43,0.534343,17.657
2015-02-27,2.46,1.64,13.34,0.82,4.43,0.530002,18.3259
2015-02-28,,,,,4.46,,
2015-03-02,2.48,1.62,13.04,0.86,4.38,0.539961,16.7912
2015-03-03,2.46,1.61,13.86,0.85,4.38,0.540386,16.7258
2015-03-04,2.46,1.61,14.23,0.85,4.44,0.539208,16.9073
2015-03-05,2.47,1.6,14.04,0.87,4.46,0.540899,16.6467
2015-03-06,2.45,1.57,15.2,0.88,4.42,0.549601,15.3057
2015-03-09,2.46,1.58,15.06,0.88,4.51,0.543433,16.1466
2015-03-10,2.45,1.56,16.69,0.89,4.66,0.534298,17.2505
2015-03-11,2.45,1.56,16.87,0.89,4.61,0.531906,17.1885
2015-03-12,2.46,1.57,15.42,0.89,4.62,0.533344,16.8951
2015-03-13,2.47,1.57,16,0.9,4.68,0.533153,16.9248
2015-03-16,2.48,1.6,15.61,0.88,4.72,0.527542,17.7991
2015-03-17,2.49,1.61,15.66,0.88,4.79,0.520594,18.8817
2015-03-18,2.55,1.67,13.97,0.88,4.91,0.515293,19.7077
2015-03-19,2.5,1.6,14.07,0.9,4.79,0.51381,19.9387
2015-03-20,2.51,1.62,13.02,0.89,4.81,0.515101,19.7354
2015-03-23,2.54,1.62,13.41,0.92,4.82,0.516127,19.5754
2015-03-24,2.53,1.62,13.62,0.91,4.81,0.511976,20.2223
2015-03-25,2.53,1.59,15.44,0.94,4.76,0.514969,19.7558
2015-03-26,2.55,1.6,15.8,0.95,4.74,0.523067,18.494
2015-03-27,2.53,1.58,15.07,0.95,4.76,0.517041,19.4331
2015-03-30,2.55,1.59,14.51,0.96,4.73,0.521054,18.8077
2015-03-31,2.55,1.58,15.29,0.97,4.82,0.519308,19.0798
2015-04-01,2.55,1.58,15.11,0.97,4.86,0.513631,19.9643
2015-04-02,2.55,1.57,14.67,0.98,4.82,0.519534,18.7246
2015-04-03,2.58,1.58,,1,,,
2015-04-06,2.58,1.59,14.74,0.99,4.8,0.523781,17.7052
2015-04-07,2.56,1.58,14.78,0.98,4.72,0.522174,17.8257
2015-04-08,2.51,1.53,13.98,0.98,4.67,0.5219,17.8689
2015-04-09,2.53,1.56,13.09,0.97,4.62,0.528233,16.8722
2015-04-10,2.53,1.57,12.58,0.96,4.6,0.528675,16.215
2015-04-13,2.54,1.58,13.94,0.96,4.6,0.526958,16.4871
2015-04-14,2.54,1.57,13.67,0.97,4.62,0.523479,17.0384
2015-04-15,2.54,1.57,12.84,0.97,4.58,0.52599,16.6406
2015-04-16,2.55,1.57,12.6,0.98,4.61,0.527522,16.3977
2015-04-17,2.53,1.56,13.89,0.97,4.66,0.519944,17.5988
2015-04-20,2.55,1.6,13.3,0.95,4.6,0.525726,16.6823
2015-04-21,2.54,1.59,13.25,0.95,4.57,0.528464,16.2484
2015-04-22,2.53,1.59,12.71,0.94,4.53,0.536128,15.0338
2015-04-23,2.54,1.6,12.48,0.94,4.55,0.533654,15.4259
2015-04-24,2.56,1.62,12.29,0.94,4.56,0.531219,15.8118
2015-04-27,2.54,1.6,13.12,0.94,4.55,0.531393,15.7843
2015-04-28,2.55,1.6,12.41,0.95,4.52,0.537998,14.7374
2015-04-29,2.58,1.63,13.39,0.95,4.53,0.543658,13.8404
2015-04-30,2.6,1.69,14.55,0.91,4.59,0.542411,14.0382
2015-05-01,2.61,1.7,12.7,0.91,4.53,0.551038,12.671
2015-05-04,2.61,1.7,12.85,0.91,4.51,0.556164,11.8586
2015-05-05,2.62,1.71,14.31,0.91,4.48,0.556199,11.853
2015-05-06,2.64,1.73,15.15,0.91,4.5,0.564201,10.5847
2015-05-07,2.64,1.74,15.13,0.9,4.55,0.556659,11.78
2015-05-08,2.65,1.75,12.86,0.9,4.53,0.559521,11.3264
2015-05-11,2.66,1.75,13.85,0.91,4.45,0.569882,9.68452
2015-05-12,2.65,1.73,13.86,0.92,4.56,0.568344,9.92816
2015-05-13,2.71,1.78,13.76,0.93,4.51,0.572111,9.33113
2015-05-14,2.74,1.81,12.74,0.93,4.52,0.573354,9.13428
2015-05-15,2.72,1.81,12.38,0.91,4.55,0.563322,10.7241
2015-05-18,2.73,1.82,12.73,0.91,4.49,0.57199,9.35045
2015-05-19,2.71,1.8,12.85,0.91,4.46,0.576218,8.68039
2015-05-20,2.73,1.83,12.88,0.9,4.49,0.574548,8.94494
2015-05-21,2.75,1.87,12.11,0.88,4.51,0.567438,10.0718
2015-05-22,2.74,1.86,12.13,0.88,4.47,0.567639,10.0399
2015-05-26,2.73,1.84,14.06,0.89,4.51,0.556923,11.7383
2015-05-27,2.71,1.8,13.27,0.91,4.48,0.556879,11.7452
2015-05-28,2.75,1.82,13.31,0.93,4.5,0.557998,11.5679
2015-05-29,2.72,1.82,13.84,0.9,4.52,0.557567,11.6361
2015-05-31,,,,,4.58,,
2015-06-01,2.75,1.86,13.97,0.89,4.52,0.564571,10.5262
2015-06-02,2.75,1.84,14.24,0.91,4.49,0.571485,9.4304
2015-06-03,2.72,1.81,13.66,0.91,4.46,0.577677,8.44906
2015-06-04,2.72,1.81,14.71,0.91,4.56,0.568415,9.9169
2015-06-05,2.69,1.78,14.21,0.91,4.56,0.573692,9.08062
2015-06-08,2.7,1.8,15.29,0.9,4.61,0.574328,8.97986
2015-06-09,2.73,1.81,14.47,0.92,4.66,0.577939,8.40762
2015-06-10,2.7,1.76,13.22,0.94,4.6,0.583826,7.47459
2015-06-11,2.71,1.78,12.85,0.93,4.62,0.572949,9.19836
2015-06-12,2.7,1.77,13.78,0.93,4.63,0.570838,9.53292
2015-06-15,2.73,1.83,15.39,0.9,4.71,0.567239,10.1033
2015-06-16,2.74,1.83,14.81,0.91,4.77,0.565976,10.3035
2015-06-17,2.76,1.83,14.5,0.93,4.76,0.569871,9.68613
2015-06-18,2.82,1.87,13.19,0.95,4.71,0.574801,8.90488
2015-06-19,2.82,1.88,13.96,0.94,4.73,0.567829,9.91538
2015-06-22,2.81,1.87,12.74,0.94,4.62,0.580822,7.85403
2015-06-23,2.82,1.86,12.11,0.96,4.62,0.583937,7.35985
2015-06-24,2.81,1.84,13.26,0.97,4.66,0.577396,8.39754
2015-06-25,2.8,1.83,14.01,0.97,4.67,0.577681,8.3524
2015-06-26,2.81,1.84,14.02,0.97,4.65,0.582546,7.58057
2015-06-29,2.84,1.86,18.85,0.98,4.91,0.563633,10.581
2015-06-30,2.83,1.84,18.23,0.99,5,0.570266,9.52874
2015-07-01,2.83,1.83,16.09,1,4.88,0.578167,8.27521
2015-07-02,2.86,1.86,16.79,1,4.91,0.578424,8.2345
2015-07-03,,,,,4.91,,
2015-07-06,2.84,1.84,17.01,1,5.07,0.566042,9.47475
2015-07-07,2.84,1.82,16.09,1.02,5.13,0.561217,9.25903
2015-07-08,2.87,1.85,19.66,1.02,5.21,0.553646,10.3455
2015-07-09,2.88,1.86,19.97,1.02,5.11,0.566056,8.0297
2015-07-10,2.9,1.87,16.83,1.03,4.97,0.578499,5.98807
2015-07-13,2.88,1.83,13.9,1.05,4.93,0.580824,5.61038
2015-07-14,2.91,1.85,13.37,1.06,4.94,0.578335,6.01487
2015-07-15,2.91,1.84,13.23,1.07,4.93,0.57227,6.35691
2015-07-16,2.88,1.83,12.11,1.05,4.91,0.569242,6.64421
2015-07-17,2.87,1.82,11.95,1.05,4.95,0.564789,7.3745
2015-07-20,2.86,1.8,12.25,1.06,4.96,0.564556,7.41273
2015-07-21,2.87,1.83,12.22,1.04,5.06,0.560498,8.07822
2015-07-22,2.85,1.8,12.12,1.05,5.16,0.553427,9.23783
2015-07-23,2.85,1.8,12.64,1.05,5.21,0.546305,10.4059
2015-07-24,2.87,1.8,13.74,1.07,5.32,0.543398,10.8827
2015-07-27,2.9,1.81,15.6,1.09,5.49,0.538212,11.7331
2015-07-28,2.91,1.8,13.44,1.11,5.44,0.545099,10.6036
2015-07-29,2.9,1.8,12.5,1.1,5.33,0.550325,9.74655
2015-07-30,2.88,1.77,12.13,1.11,5.26,0.547734,10.1716
2015-07-31,2.94,1.87,12.12,1.07,5.36,0.542785,10.9832
2015-08-03,2.92,1.83,12.56,1.09,5.45,0.536125,12.0754
2015-08-04,2.88,1.79,13,1.09,5.41,0.54072,11.3218
2015-08-05,2.9,1.8,12.51,1.1,5.29,0.544062,10.7737
2015-08-06,2.92,1.83,13.77,1.09,5.4,0.537052,11.9234
2015-08-07,2.91,1.78,13.39,1.13,5.52,0.528453,13.3336
2015-08-10,2.93,1.82,12.23,1.11,5.51,0.536623,11.9938
2015-08-11,2.94,1.81,13.71,1.13,5.67,0.525804,13.768
2015-08-12,2.97,1.86,13.61,1.11,5.79,0.527954,13.4155
2015-08-13,2.98,1.85,13.49,1.13,5.66,0.528987,13.2461
2015-08-14,2.97,1.83,12.83,1.14,5.52,0.528055,13.3989
2015-08-17,2.97,1.83,13.02,1.14,5.58,0.525681,13.7883
2015-08-18,3.01,1.84,13.79,1.17,5.56,0.529176,13.2151
2015-08-19,3.06,1.88,15.25,1.18,5.68,0.523515,14.1435
2015-08-20,3.04,1.88,19.14,1.16,5.75,0.515755,15.4161
2015-08-21,3.1,1.9,28.03,1.2,5.86,0.512346,15.9752
2015-08-24,3.14,1.93,40.74,1.21,6.14,0.50831,16.6371
2015-08-25,3.17,1.96,36.02,1.21,5.9,0.517646,15.1061
2015-08-26,3.2,1.99,30.32,1.21,5.91,0.532247,12.7114
2015-08-27,3.15,1.96,26.1,1.19,5.8,0.535918,12.1094
2015-08-28,3.13,1.93,26.05,1.2,5.72,0.534836,12.2869
2015-08-31,3.15,1.94,28.43,1.21,5.7,0.538227,11.7306
2015-09-01,3.18,1.98,31.4,1.2,5.78,0.532654,12.6447
2015-09-02,3.17,1.96,26.09,1.21,5.73,0.539473,11.5263
2015-09-03,3.17,1.95,25.61,1.22,5.7,0.537606,11.8326
2015-09-04,3.15,1.9,27.8,1.25,5.74,0.532184,12.7217
2015-09-07,,,,,5.74,,
2015-09-08,3.16,1.91,24.9,1.25,5.64,0.543106,10.9305
2015-09-09,3.1,1.88,26.23,1.22,5.59,0.539825,11.4687
2015-09-10,3.12,1.9,24.37,1.22,5.58,0.544816,10.6501
2015-09-11,3.11,1.84,23.2,1.27,5.62,0.541218,11.2402
2015-09-14,3.13,1.86,24.25,1.27,5.62,0.539436,11.5325
2015-09-15,3.16,1.9,22.54,1.26,5.54,0.549847,9.82507
2015-09-16,3.15,1.88,21.35,1.27,5.59,0.549948,9.8084
2015-09-17,3.18,1.88,21.14,1.3,5.71,0.543759,10.5676
2015-09-18,3.15,1.86,22.28,1.29,5.8,0.534027,11.1841
2015-09-21,3.19,1.91,20.14,1.28,5.77,0.541863,9.60595
2015-09-22,3.15,1.87,22.44,1.28,5.98,0.530566,10.7164
2015-09-23,3.15,1.84,22.13,1.31,5.98,0.529673,10.8666
2015-09-24,3.16,1.86,23.47,1.3,6.14,0.523486,10.5062
2015-09-25,3.19,1.88,23.62,1.31,6.15,0.525365,10.185
2015-09-28,3.21,1.89,27.63,1.32,6.48,0.508599,13.0513
2015-09-29,3.26,1.92,26.83,1.34,6.6,0.507102,13.3072
2015-09-30,3.29,1.94,24.5,1.35,6.62,0.512064,12.3083
2015-10-01,3.31,1.93,22.55,1.38,6.67,0.506616,13.2414
2015-10-02,3.34,1.96,20.94,1.38,6.83,0.504055,13.6799
2015-10-05,3.33,1.97,19.54,1.36,6.62,0.517125,11.4417
2015-10-06,3.32,1.95,19.4,1.37,6.52,0.517742,11.336
2015-10-07,3.27,1.9,18.4,1.37,6.32,0.524794,10.1284
2015-10-08,3.28,1.92,17.42,1.36,6.26,0.531411,8.99518
2015-10-09,3.26,1.87,17.08,1.39,6.13,0.530082,9.22266
2015-10-12,,,16.17,,6.13,0.525093,10.0771
2015-10-13,3.28,1.87,17.67,1.41,6.24,0.522965,10.4415
2015-10-14,3.31,1.91,18.03,1.4,6.31,0.518061,11.2814
2015-10-15,3.29,1.89,16.05,1.4,6.26,0.521841,10.634
2015-10-16,3.28,1.88,15.05,1.4,6.18,0.52407,10.2523
2015-10-19,3.3,1.9,14.98,1.4,6.16,0.526928,9.7628
2015-10-20,3.29,1.87,15.75,1.42,6.06,0.530685,9.11942
2015-10-21,3.28,1.86,16.7,1.42,6.07,0.524913,10.1079
2015-10-22,3.26,1.85,14.45,1.41,6.1,0.52421,10.2284
2015-10-23,3.23,1.84,14.46,1.39,5.97,0.530575,9.13829
2015-10-26,3.22,1.83,15.29,1.39,6,0.526514,9.83378
2015-10-27,3.25,1.84,15.43,1.41,6.07,0.523487,10.3522
2015-10-28,3.2,1.81,14.33,1.39,5.97,0.527015,9.74796
2015-10-29,3.21,1.85,14.61,1.36,5.89,0.534159,8.52447
2015-10-30,3.19,1.82,15.07,1.37,5.88,0.530777,9.1038
2015-10-31,,,,,5.9,,
2015-11-02,3.18,1.81,14.15,1.37,5.84,0.53488,8.40112
2015-11-03,3.19,1.83,14.54,1.36,5.77,0.539871,7.54643
2015-11-04,3.16,1.8,15.51,1.36,5.73,0.537671,7.92314
2015-11-05,3.18,1.79,15.05,1.39,5.8,0.537009,8.03651
2015-11-06,3.17,1.76,14.33,1.41,5.82,0.542366,7.11912
2015-11-09,3.15,1.76,16.52,1.39,5.94,0.543178,6.98
2015-11-10,3.18,1.79,15.29,1.39,6.02,0.540354,7.4636
2015-11-11,,,16.06,,6.02,0.540206,7.48892
2015-11-12,3.19,1.79,18.37,1.4,6.13,0.534026,8.54724
2015-11-13,3.2,1.81,20.08,1.39,6.24,0.52946,9.32919
2015-11-16,3.24,1.84,18.16,1.4,6.28,0.532438,8.81927
2015-11-17,3.23,1.83,18.84,1.4,6.19,0.531931,8.90606
2015-11-18,3.21,1.81,16.85,1.4,6.2,0.531841,8.92156
2015-11-19,3.2,1.8,16.99,1.4,6.28,0.523581,10.3361
2015-11-20,3.2,1.78,15.47,1.42,6.32,0.525062,10.0824
2015-11-23,3.19,1.76,15.62,1.43,6.35,0.523012,10.4335
2015-11-24,3.2,1.77,15.93,1.43,6.41,0.52375,10.307
2015-11-25,3.21,1.77,15.19,1.44,6.37,0.523106,10.4174
2015-11-26,,,,,6.37,,
2015-11-27,3.22,1.78,15.12,1.44,6.38,0.524446,10.188
2015-11-30,3.2,1.78,16.13,1.42,6.4,0.522058,10.5968
2015-12-01,3.21,1.77,14.67,1.44,6.4,0.518766,11.1606
2015-12-02,3.17,1.71,15.91,1.46,6.34,0.517537,11.371
2015-12-03,3.18,1.73,18.11,1.45,6.32,0.53059,9.13582
2015-12-04,3.15,1.71,14.81,1.44,6.37,0.524763,10.1336
2015-12-07,3.15,1.72,15.84,1.43,6.51,0.516074,11.6217
2015-12-08,3.19,1.71,17.6,1.48,6.65,0.509409,12.763
2015-12-09,3.18,1.74,19.61,1.44,6.72,0.512596,12.2173
2015-12-10,3.19,1.72,19.34,1.47,6.71,0.509786,12.6984
2015-12-11,3.24,1.78,24.39,1.46,7.1,0.491857,15.7688
2015-12-14,3.23,1.78,22.73,1.45,7.33,0.493976,15.406
2015-12-15,3.21,1.72,20.95,1.49,7.09,0.505037,13.5117
2015-12-16,3.21,1.71,17.86,1.5,6.98,0.509973,12.6664
2015-12-17,3.21,1.7,18.94,1.51,7.01,0.498651,14.6054
2015-12-18,3.25,1.72,20.7,1.53,7.2,0.494036,15.3957
2015-12-21,3.27,1.73,18.7,1.54,7.25,0.492602,15.6413
2015-12-22,3.26,1.73,16.6,1.53,7.15,0.502194,13.9985
2015-12-23,3.26,1.72,15.57,1.54,7.05,0.509218,12.7958
2015-12-24,3.22,1.71,15.74,1.51,7.05,0.50735,13.1157
2015-12-28,3.21,1.69,16.91,1.52,7.07,0.502839,13.8882
2015-12-29,3.22,1.72,16.08,1.5,6.96,0.514274,11.9298
2015-12-30,3.23,1.72,17.29,1.51,6.95,0.515172,11.7761
2015-12-31,3.23,1.77,18.21,1.46,6.95,0.513183,12.1167
2016-01-04,3.24,1.79,20.7,1.45,7.1,0.506473,13.2659
2016-01-05,3.25,1.77,19.34,1.48,7.03,0.509475,12.7517
2016-01-06,3.26,1.76,20.59,1.5,7.11,0.502701,13.9118
2016-01-07,3.28,1.79,24.99,1.49,7.24,0.498549,14.6228
2016-01-08,3.31,1.82,27.01,1.49,7.23,0.495019,15.2273
2016-01-11,3.3,1.82,24.3,1.48,7.31,0.499741,14.4187
2016-01-12,3.29,1.8,22.47,1.49,7.38,0.493132,15.5505
2016-01-13,3.28,1.81,25.22,1.47,7.5,0.482911,17.3008
2016-01-14,3.36,1.86,23.95,1.5,7.57,0.489645,16.1476
2016-01-15,3.38,1.96,27.02,1.42,7.89,0.475779,18.5222
2016-01-18,,,,,7.9,,
2016-01-19,3.35,1.94,26.05,1.41,7.88,0.475605,18.552
2016-01-20,3.4,2.04,27.59,1.36,8.27,0.467498,19.9404
2016-01-21,3.45,2.04,26.69,1.41,8.13,0.473867,18.8496
2016-01-22,3.42,1.95,22.34,1.47,7.87,0.482972,17.2904
2016-01-25,3.44,2.01,24.15,1.43,7.85,0.475613,18.5507
2016-01-26,3.46,2.02,22.5,1.44,7.83,0.47965,17.8593
2016-01-27,3.46,2.05,23.11,1.41,7.78,0.479032,17.965
2016-01-28,3.48,2.07,22.42,1.41,7.75,0.480783,17.6653
2016-01-29,3.48,2.11,20.2,1.37,7.74,0.478311,18.0887
2016-01-31,,,,,7.77,,
2016-02-01,3.49,2.11,19.98,1.38,7.79,0.476927,18.3255
2016-02-02,3.49,2.14,21.98,1.35,7.98,0.464898,20.3857
2016-02-03,3.52,2.18,21.65,1.34,8.03,0.471073,19.3281
2016-02-04,3.53,2.13,21.84,1.4,8.03,0.467304,19.9735
2016-02-05,3.52,2.12,23.38,1.4,8.1,0.463169,20.6817
2016-02-08,3.53,2.12,26,1.41,8.51,0.448138,23.2557
2016-02-09,3.54,2.18,26.54,1.36,8.62,0.445966,23.6277
2016-02-10,3.56,2.21,26.29,1.35,8.53,0.441431,24.4043
2016-02-11,3.63,2.26,28.14,1.37,8.87,0.435424,25.4331
2016-02-12,3.6,2.24,25.4,1.36,8.64,0.449394,23.0406
2016-02-15,,,,,8.59,,
2016-02-16,3.59,2.23,24.11,1.36,8.45,0.454609,22.1477
2016-02-17,3.62,2.24,22.31,1.38,8.21,0.461174,21.0234
2016-02-18,3.62,2.26,21.64,1.36,8.17,0.455984,21.9121
2016-02-19,3.56,2.2,20.53,1.36,8.23,0.456484,21.8265
2016-02-22,3.57,2.2,19.38,1.37,8.09,0.460669,21.1098
2016-02-23,3.58,2.19,20.98,1.39,8.1,0.457875,21.5884
2016-02-24,3.56,2.16,20.72,1.4,8.17,0.459545,21.3023
2016-02-25,3.56,2.14,19.11,1.42,8.08,0.460361,21.1625
2016-02-26,3.56,2.12,19.81,1.44,7.8,0.467976,19.8585
2016-02-29,3.55,2.1,20.55,1.45,7.75,0.470937,19.3514
2016-03-01,3.54,2.08,17.7,1.46,7.46,0.486955,16.6083
2016-03-02,3.5,2.06,17.09,1.44,7.31,0.481658,17.5154
2016-03-03,3.47,2.06,16.7,1.41,7.28,0.481521,17.5389
2016-03-04,3.43,2.04,16.86,1.39,7.08,0.486011,16.77
2016-03-07,3.39,2,17.35,1.39,7.03,0.486763,16.6412
2016-03-08,3.38,2.02,18.67,1.36,7.14,0.478056,18.1322
2016-03-09,3.36,1.99,18.34,1.37,7.15,0.482175,17.4268
2016-03-10,3.3,1.95,18.05,1.35,7.04,0.487526,16.5106
2016-03-11,3.26,1.88,16.5,1.38,6.82,0.498449,14.6399
2016-03-14,3.22,1.85,16.92,1.37,6.74,0.495497,15.1454
2016-03-15,3.19,1.82,16.84,1.37,6.84,0.49044,16.0116
2016-03-16,3.22,1.87,14.99,1.35,6.94,0.49224,15.7032
2016-03-17,3.2,1.88,14.44,1.32,6.82,0.493335,15.5157
2016-03-18,3.17,1.89,14.02,1.28,6.71,0.49344,15.4977
2016-03-21,3.15,1.91,13.79,1.24,6.65,0.496712,14.9374
2016-03-22,3.1,1.85,14.17,1.25,6.69,0.4955,15.145
2016-03-23,3.07,1.86,14.94,1.21,6.79,0.487684,16.4835
2016-03-24,3.06,1.86,14.74,1.2,6.93,0.485348,16.8834
2016-03-28,3.05,1.85,15.24,1.2,6.99,0.482507,17.3701
2016-03-29,3.09,1.9,13.82,1.19,7.14,0.479329,17.9143
2016-03-30,3.11,1.93,13.56,1.18,7.03,0.486157,16.7449
2016-03-31,3.12,1.94,13.95,1.18,7.05,0.483383,17.2199
2016-04-01,3.1,1.93,13.1,1.17,7.05,0.482475,17.3755
2016-04-04,3.1,1.93,14.12,1.17,7.03,0.480995,17.629
2016-04-05,3.08,1.9,15.42,1.18,7.13,0.474033,18.8212
2016-04-06,3.08,1.88,14.09,1.2,7.04,0.481517,17.5396
2016-04-07,3.06,1.88,16.16,1.18,7.11,0.473312,18.9447
2016-04-08,3.07,1.89,15.36,1.18,7.03,0.478496,18.057
2016-04-11,3.05,1.88,16.26,1.17,7,0.479758,17.8407
2016-04-12,3.03,1.86,14.85,1.17,6.87,0.485935,16.783
2016-04-13,3.01,1.83,13.84,1.18,6.71,0.487417,16.5292
2016-04-14,2.99,1.82,13.72,1.17,6.6,0.489588,16.1574
2016-04-15,2.99,1.83,13.62,1.16,6.62,0.484666,17.0002
2016-04-18,2.99,1.83,13.35,1.16,6.62,0.489544,16.165
2016-04-19,2.96,1.73,13.24,1.23,6.46,0.493149,15.5476
2016-04-20,2.93,1.72,13.28,1.21,6.31,0.499591,14.4443
2016-04-21,2.91,1.69,13.95,1.22,6.29,0.501015,14.2004
2016-04-22,2.89,1.7,13.22,1.19,6.29,0.503451,13.7834
2016-04-25,2.88,1.71,14.08,1.17,6.32,0.503598,13.7581
2016-04-26,2.85,1.71,13.96,1.14,6.26,0.507599,13.0731
2016-04-27,2.86,1.72,13.77,1.14,6.25,0.505537,13.4261
2016-04-28,2.89,1.79,15.22,1.1,6.19,0.50262,13.9257
2016-04-29,2.86,1.8,15.7,1.06,6.24,0.502177,14.0016
2016-04-30,,,,,6.21,,
2016-05-02,2.86,1.8,14.68,1.06,6.16,0.507477,13.0938
2016-05-03,2.85,1.84,15.6,1.01,6.31,0.497924,14.7298
2016-05-04,2.85,1.87,16.05,0.98,6.39,0.493357,15.512
2016-05-05,2.86,1.87,15.91,0.99,6.42,0.489667,16.1439
2016-05-06,2.87,1.88,14.72,0.99,6.48,0.49147,15.835
2016-05-09,2.89,1.89,14.57,1,6.53,0.48904,16.2513
2016-05-10,2.89,1.88,13.63,1.01,6.46,0.493158,15.5461
2016-05-11,2.9,1.88,14.69,1.02,6.4,0.490031,16.0816
2016-05-12,2.91,1.89,14.41,1.02,6.36,0.493046,15.5652
2016-05-13,2.9,1.86,15.04,1.04,6.41,0.486139,16.748
2016-05-16,2.9,1.87,14.68,1.03,6.3,0.49309,15.5576
2016-05-17,2.89,1.85,15.57,1.04,6.26,0.491259,15.8712
2016-05-18,2.87,1.84,15.95,1.03,6.16,0.498414,14.646
2016-05-19,2.85,1.81,16.33,1.04,6.29,0.494894,15.2488
2016-05-20,2.86,1.82,15.2,1.04,6.22,0.496244,15.0175
2016-05-23,2.86,1.84,15.82,1.02,6.21,0.49526,15.186
2016-05-24,2.85,1.82,14.42,1.03,6.13,0.500463,14.295
2016-05-25,2.87,1.82,13.9,1.05,6.04,0.503139,13.8367
2016-05-26,2.86,1.8,13.43,1.06,6.08,0.499114,14.5261
2016-05-27,2.85,1.8,13.12,1.05,6.08,0.500681,14.2578
2016-05-30,,,,,6.08,,
2016-05-31,2.84,1.79,14.19,1.05,5.97,0.499011,14.5437
2016-06-01,2.82,1.78,14.2,1.04,6.01,0.497783,14.7539
2016-06-02,2.83,1.78,13.63,1.05,6,0.49434,15.3436
2016-06-03,2.86,1.8,13.47,1.06,6.09,0.488278,16.3817
2016-06-06,2.86,1.81,13.65,1.05,6,0.494113,15.3825
2016-06-07,2.86,1.81,14.05,1.05,5.92,0.495095,15.2143
2016-06-08,2.85,1.81,14.08,1.04,5.82,0.494328,15.3457
2016-06-09,2.85,1.81,14.64,1.04,5.86,0.489242,16.2166
2016-06-10,2.86,1.84,17.03,1.02,5.98,0.484513,17.0265
2016-06-13,2.86,1.85,20.97,1.01,6.07,0.479143,17.9461
2016-06-14,2.88,1.83,20.5,1.05,6.19,0.477884,18.1617
2016-06-15,2.9,1.83,20.14,1.07,6.18,0.476285,18.4356
2016-06-16,2.9,1.86,19.37,1.04,6.32,0.474266,18.7813
2016-06-17,2.89,1.85,19.41,1.04,6.21,0.477526,18.223
2016-06-20,2.87,1.83,18.37,1.04,6,0.485533,16.8519
2016-06-21,2.86,1.86,18.48,1,6,0.489653,16.1463
2016-06-22,2.86,1.87,21.17,0.99,5.96,0.489314,16.0042
2016-06-23,2.86,1.88,17.25,0.98,5.83,0.498628,14.4053
2016-06-24,2.98,1.98,25.76,1,6.33,0.477617,18.0122
2016-06-27,2.96,1.96,23.85,1,6.57,0.459266,20.9285
2016-06-28,2.95,1.96,18.75,0.99,6.48,0.464064,20.1024
2016-06-29,2.9,1.87,16.64,1.03,6.26,0.473562,18.4671
2016-06-30,2.92,1.9,15.63,1.02,6.21,0.475021,18.216
2016-07-01,2.86,1.88,14.77,0.98,6.12,0.469444,19.1762
2016-07-04,,,,,6.12,,
2016-07-05,2.83,1.85,15.58,0.98,6.16,0.461004,20.6292
2016-07-06,2.83,1.85,14.96,0.98,6.14,0.462288,20.4082
2016-07-07,2.79,1.82,14.76,0.97,6.02,0.462923,20.2989
2016-07-08,2.78,1.81,13.2,0.97,5.88,0.465631,19.8326
2016-07-11,2.75,1.79,13.54,0.96,5.66,0.470027,19.0757
2016-07-12,2.7,1.77,13.55,0.93,5.46,0.479223,17.1374
2016-07-13,2.69,1.76,13.04,0.93,5.58,0.472262,17.4758
2016-07-14,2.7,1.75,12.82,0.95,5.44,0.480183,15.6453
2016-07-15,2.66,1.73,12.67,0.93,5.42,0.483387,14.4129
2016-07-18,2.67,1.75,12.44,0.92,5.44,0.485479,14.0069
2016-07-19,2.67,1.75,11.97,0.92,5.45,0.481464,14.1008
2016-07-20,2.66,1.75,11.77,0.91,5.4,0.485352,12.3006
2016-07-21,2.68,1.78,12.74,0.9,5.41,0.483696,12.1072
2016-07-22,2.66,1.77,12.02,0.89,5.39,0.484997,11.8708
2016-07-25,2.65,1.72,12.87,0.93,5.39,0.483039,12.2267
2016-07-26,2.65,1.74,13.05,0.91,5.45,0.480418,12.703
2016-07-27,2.67,1.77,12.83,0.9,5.51,0.475952,13.5144
2016-07-28,2.68,1.78,12.72,0.9,5.54,0.474831,13.659
2016-07-29,2.71,1.79,11.87,0.92,5.61,0.471348,14.2923
2016-07-31,,,,,5.69,,
2016-08-01,2.73,1.81,12.44,0.92,5.69,0.473842,13.8389
2016-08-02,2.75,1.82,13.37,0.93,5.73,0.478094,13.0656
2016-08-03,2.76,1.91,12.86,0.85,5.72,0.479968,12.7249
2016-08-04,2.76,1.91,12.42,0.85,5.65,0.479422,12.8243
2016-08-05,2.73,1.83,11.39,0.9,5.46,0.485538,11.7121
2016-08-08,2.71,1.82,11.5,0.89,5.42,0.486609,11.5174
2016-08-09,2.7,1.82,11.66,0.88,5.36,0.483551,12.0734
2016-08-10,2.71,1.8,12.05,0.91,5.38,0.480793,12.5748
2016-08-11,2.7,1.76,11.68,0.94,5.31,0.486305,11.5727
2016-08-12,2.71,1.77,11.55,0.94,5.34,0.482635,12.24
2016-08-15,2.7,1.78,11.81,0.92,5.23,0.488693,11.1385
2016-08-16,2.7,1.77,12.64,0.93,5.17,0.488981,11.0861
2016-08-17,2.69,1.75,12.19,0.94,5.19,0.48674,11.4934
2016-08-18,2.7,1.75,11.43,0.95,5.2,0.487883,11.2857
2016-08-19,2.67,1.72,11.34,0.95,5.15,0.488981,11.086
2016-08-22,2.65,1.7,12.27,0.95,5.18,0.484108,11.9721
2016-08-23,2.64,1.7,12.38,0.94,5.14,0.485212,11.7714
2016-08-24,2.64,1.69,13.45,0.95,5.13,0.485012,11.8077
2016-08-25,2.63,1.69,13.63,0.94,5.14,0.48776,11.308
2016-08-26,2.63,1.68,13.65,0.95,5.04,0.490049,10.8918
2016-08-29,2.59,1.65,12.94,0.94,5.1,0.485985,11.6308
2016-08-30,2.62,1.67,13.12,0.95,5.07,0.488145,11.238
2016-08-31,2.61,1.66,13.42,0.95,5.1,0.485543,11.7112
2016-09-01,2.62,1.67,13.48,0.95,5.12,0.485968,11.6339
2016-09-02,2.63,1.68,11.98,0.95,5.09,0.492231,10.4951
2016-09-05,,,,,5.09,,
2016-09-06,2.64,1.7,12.02,0.94,5.09,0.489232,11.0403
2016-09-07,2.65,1.74,11.94,0.91,5.07,0.488232,11.2221
2016-09-08,2.67,1.75,12.51,0.92,4.99,0.493522,10.2603
2016-09-09,2.67,1.76,17.5,0.91,5.1,0.496979,9.63161
2016-09-12,2.68,1.75,15.16,0.93,5.18,0.498459,9.36248
2016-09-13,2.7,1.78,17.85,0.92,5.24,0.500321,9.02407
2016-09-14,2.7,1.8,18.14,0.9,5.26,0.499458,9.18097
2016-09-15,2.72,1.81,16.3,0.91,5.26,0.504562,7.20847
2016-09-16,2.71,1.81,15.37,0.9,5.27,0.500634,7.83239
2016-09-19,2.7,1.8,15.53,0.9,5.25,0.502567,7.47661
2016-09-20,2.7,1.81,15.92,0.89,5.24,0.500232,7.90655
2016-09-21,2.7,1.81,13.3,0.89,5.22,0.500323,7.8898
2016-09-22,2.69,1.81,12.02,0.88,5.09,0.49804,8.31009
2016-09-23,2.68,1.82,12.29,0.86,5.1,0.497938,8.32873
2016-09-26,2.7,1.84,14.5,0.86,5.16,0.492625,9.30696
2016-09-27,2.69,1.83,13.1,0.86,5.18,0.490454,9.70663
2016-09-28,2.69,1.82,12.39,0.87,5.14,0.494807,8.9052
2016-09-29,2.67,1.81,14.02,0.86,5.09,0.491691,9.47889
2016-09-30,2.69,1.84,13.29,0.85,4.97,0.498296,8.26296
2016-10-03,2.66,1.8,13.57,0.86,4.93,0.499635,8.01643
2016-10-04,2.66,1.8,13.63,0.86,4.85,0.504674,7.08873
2016-10-05,2.64,1.79,12.99,0.85,4.78,0.508382,6.40613
2016-10-06,2.61,1.78,12.84,0.83,4.75,0.511525,5.82743
2016-10-07,2.63,1.77,13.48,0.86,4.76,0.512358,5.67414
2016-10-10,,,13.38,,4.76,0.516876,4.84234
2016-10-11,2.6,1.75,15.36,0.85,4.75,0.515139,5.16213
2016-10-12,2.6,1.72,15.91,0.88,4.75,0.514457,5.28755
2016-10-13,2.59,1.73,16.69,0.86,4.82,0.511232,5.88127
2016-10-14,2.63,1.76,16.12,0.87,4.72,0.519694,4.3235
2016-10-17,2.62,1.75,16.21,0.87,4.76,0.515684,5.06171
2016-10-18,2.62,1.73,15.28,0.89,4.72,0.516089,4.98708
2016-10-19,2.62,1.71,14.41,0.91,4.66,0.517143,4.7932
2016-10-20,2.59,1.7,13.75,0.89,4.62,0.516658,4.88242
2016-10-21,2.6,1.71,13.34,0.89,4.62,0.516001,5.00342
2016-10-24,2.59,1.71,13.02,0.88,4.6,0.518552,4.53377
2016-10-25,2.58,1.7,13.46,0.88,4.6,0.516892,4.83927
2016-10-26,2.6,1.73,14.24,0.87,4.66,0.518327,4.57519
2016-10-27,2.59,1.74,15.36,0.85,4.69,0.52211,3.87878
2016-10-28,2.6,1.78,16.19,0.82,4.76,0.520735,4.13187
2016-10-31,2.61,1.77,17.06,0.84,4.91,0.516002,5.00318
2016-11-01,2.61,1.77,18.56,0.84,5.05,0.51395,5.38094
2016-11-02,2.63,1.8,19.32,0.83,5.15,0.509443,6.21073
2016-11-03,2.67,1.83,22.08,0.84,5.15,0.513505,5.46284
2016-11-04,2.67,1.83,22.51,0.84,5.2,0.509183,6.2585
2016-11-07,2.66,1.84,18.71,0.82,5.01,0.520742,4.13063
2016-11-08,2.62,1.82,18.74,0.8,4.98,0.52171,3.45034
2016-11-09,2.66,1.78,14.38,0.88,4.94,0.541026,0
2016-11-10,2.6,1.72,14.74,0.88,4.97,0.541934,0
2016-11-11,,,14.17,,4.97,0.539889,0.377315
2016-11-14,2.6,1.74,14.48,0.86,5.11,0.547171,0
2016-11-15,2.59,1.68,13.37,0.91,4.94,0.551666,0
2016-11-16,2.55,1.64,13.72,0.91,4.94,0.544551,1.28979
2016-11-17,2.54,1.67,13.35,0.87,4.85,0.551185,0.0871999
2016-11-18,2.52,1.65,12.85,0.87,4.84,0.552781,0
2016-11-21,2.52,1.67,12.42,0.85,4.78,0.555843,0
2016-11-22,2.53,1.7,12.41,0.83,4.7,0.560133,0
2016-11-23,2.49,1.66,12.43,0.83,4.66,0.560221,0
2016-11-24,,,,,4.66,,
2016-11-25,2.48,1.66,12.34,0.82,4.64,0.560106,0.0206478
2016-11-28,2.47,1.66,13.15,0.81,4.66,0.555945,0.763295
2016-11-29,2.46,1.65,12.9,0.81,4.69,0.552915,1.30424
2016-11-30,2.45,1.64,13.33,0.81,4.67,0.562283,0
2016-12-01,2.42,1.63,14.07,0.79,4.62,0.565623,0
2016-12-02,2.42,1.63,14.12,0.79,4.64,0.564883,0.130745
2016-12-05,2.42,1.63,12.14,0.79,4.58,0.566954,0
2016-12-06,2.44,1.65,11.79,0.79,4.5,0.570232,0
2016-12-07,2.44,1.66,12.22,0.78,4.42,0.568228,0.351472
2016-12-08,2.43,1.65,12.64,0.78,4.38,0.574943,0
2016-12-09,2.43,1.65,11.75,0.78,4.28,0.582454,0
2016-12-12,2.41,1.62,12.64,0.79,4.25,0.580559,0.325262
2016-12-13,2.39,1.61,12.72,0.78,4.2,0.579901,0.438227
2016-12-14,2.32,1.54,13.19,0.78,4.12,0.582051,0.0691138
2016-12-15,2.24,1.47,12.79,0.77,4.2,0.579395,0.525099
2016-12-16,2.28,1.51,12.2,0.77,4.21,0.581272,0.20287
2016-12-19,2.28,1.51,11.71,0.77,4.23,0.576556,1.01251
2016-12-20,2.28,1.52,11.45,0.76,4.2,0.58025,0.378389
2016-12-21,2.26,1.5,11.27,0.76,4.19,0.578702,0.644065
2016-12-22,2.27,1.51,11.43,0.76,4.17,0.580989,0.251407
2016-12-23,2.25,1.49,11.44,0.76,4.16,0.580881,0.270016
2016-12-27,2.25,1.5,11.99,0.75,4.11,0.582219,0.0403485
2016-12-28,2.26,1.5,12.95,0.76,4.15,0.577192,0.903318
2016-12-29,2.27,1.52,13.37,0.75,4.18,0.575954,1.116
2016-12-30,2.28,1.53,14.04,0.75,4.21,0.575283,1.23121
2016-12-31,,,,,4.22,,
2017-01-03,2.27,1.49,12.85,0.78,4.13,0.575213,1.24311
2017-01-04,2.25,1.47,11.85,0.78,4.02,0.576109,1.08932
2017-01-05,2.25,1.48,11.67,0.77,4.04,0.566386,2.75868
2017-01-06,2.24,1.49,11.32,0.75,3.98,0.571503,1.88016
2017-01-09,2.24,1.5,11.56,0.74,4.02,0.566823,2.68358
2017-01-10,2.24,1.49,11.49,0.75,4,0.56726,2.6086
2017-01-11,2.22,1.46,11.26,0.76,4.03,0.56568,2.87978
2017-01-12,2.25,1.5,11.54,0.75,4.05,0.567063,2.64242
2017-01-13,2.23,1.5,11.23,0.73,4.02,0.569971,2.14314
2017-01-16,,,,,4,,
2017-01-17,2.26,1.51,11.87,0.75,4.06,0.563484,3.25692
2017-01-18,2.22,1.49,12.48,0.73,4.01,0.571318,1.91182
2017-01-19,2.21,1.48,12.78,0.73,3.99,0.573419,1.55107
2017-01-20,2.21,1.49,11.54,0.72,4.02,0.575689,1.16143
2017-01-23,2.21,1.5,11.77,0.71,4.1,0.569986,2.14051
2017-01-24,2.22,1.49,11.07,0.73,4.02,0.574314,1.3975
2017-01-25,2.21,1.49,10.81,0.72,3.93,0.583679,0
2017-01-26,2.2,1.49,10.63,0.71,3.93,0.581455,0.381048
2017-01-27,2.19,1.46,10.58,0.73,3.93,0.579894,0.648463
2017-01-30,2.21,1.46,11.88,0.75,3.96,0.580449,0.553427
2017-01-31,2.23,1.54,11.99,0.69,4,0.575844,1.34239
2017-02-01,2.23,1.53,11.81,0.7,3.95,0.581574,0.360733
2017-02-02,2.23,1.52,11.93,0.71,3.93,0.582151,0.261861
2017-02-03,2.24,1.55,10.97,0.69,3.86,0.583396,0.0485927
2017-02-06,2.25,1.55,11.37,0.7,3.91,0.57949,0.717839
2017-02-07,2.24,1.56,11.29,0.68,3.93,0.574405,1.58895
2017-02-08,2.25,1.57,11.45,0.68,3.98,0.567089,2.84241
2017-02-09,2.24,1.54,10.88,0.7,3.93,0.574494,1.57367
2017-02-10,2.23,1.56,10.85,0.67,3.9,0.575221,1.44912
2017-02-13,2.23,1.55,11.07,0.68,3.86,0.577895,0.990992
2017-02-14,2.21,1.53,10.74,0.68,3.8,0.5825,0.202032
2017-02-15,2.19,1.5,11.97,0.69,3.77,0.585393,0
2017-02-16,2.2,1.53,11.76,0.67,3.83,0.581748,0.622684
2017-02-17,2.21,1.53,11.49,0.68,3.86,0.578908,1.10776
2017-02-20,,,,,3.86,,
2017-02-21,2.2,1.52,11.57,0.68,3.81,0.581837,0.607485
2017-02-22,2.21,1.52,11.74,0.69,3.78,0.581133,0.727661
2017-02-23,2.23,1.53,11.71,0.7,3.77,0.579926,0.933947
2017-02-24,2.23,1.54,11.47,0.69,3.84,0.574011,1.94426
2017-02-27,2.21,1.51,12.09,0.7,3.75,0.57814,1.23909
2017-02-28,2.19,1.48,12.92,0.71,3.74,0.575547,1.68201
2017-03-01,2.18,1.49,12.54,0.69,3.57,0.587511,0
2017-03-02,2.16,1.46,11.81,0.7,3.55,0.587762,0
2017-03-03,2.16,1.46,10.96,0.7,3.6,0.586502,0.214358
2017-03-06,2.17,1.49,11.24,0.68,3.66,0.587442,0.0544938
2017-03-07,2.15,1.48,11.45,0.67,3.73,0.585398,0.402268
2017-03-08,2.15,1.5,11.86,0.65,3.79,0.584661,0.527584
2017-03-09,2.17,1.51,12.3,0.66,3.88,0.587799,0
2017-03-10,2.18,1.53,11.66,0.65,3.89,0.585541,0.384147
2017-03-13,2.17,1.51,11.35,0.66,3.94,0.589738,0
2017-03-14,2.18,1.53,12.3,0.65,4.05,0.58515,0.777928
2017-03-15,2.2,1.56,11.63,0.64,4.02,0.586077,0.620656
2017-03-16,2.21,1.55,11.21,0.66,3.88,0.587374,0.400867
2017-03-17,2.22,1.56,11.28,0.66,3.91,0.583911,0.988021
2017-03-20,2.23,1.56,11.34,0.67,3.97,0.580276,1.60443
2017-03-21,2.23,1.56,12.47,0.67,4.04,0.571389,3.11138
2017-03-22,2.23,1.56,12.81,0.67,4.16,0.570499,3.2622
2017-03-23,2.24,1.56,13.12,0.68,4.11,0.571503,3.09192
2017-03-24,2.22,1.54,12.96,0.68,4.07,0.571445,3.10182
2017-03-27,2.23,1.54,12.5,0.69,4.12,0.568268,3.64061
2017-03-28,2.22,1.53,11.53,0.69,4.01,0.575249,2.45683
2017-03-29,2.23,1.53,11.42,0.7,3.94,0.573015,2.83552
2017-03-30,2.23,1.52,11.54,0.71,3.85,0.580391,1.58485
2017-03-31,2.24,1.54,12.37,0.7,3.92,0.578511,1.90368
2017-04-03,2.26,1.56,12.38,0.7,3.98,0.572426,2.93553
2017-04-04,2.26,1.57,11.79,0.69,3.98,0.575746,2.37254
2017-04-05,2.29,1.6,12.89,0.69,3.91,0.573531,2.74814
2017-04-06,2.27,1.58,12.39,0.69,3.93,0.575106,2.48102
2017-04-07,2.24,1.55,12.87,0.69,3.86,0.577177,2.12984
2017-04-10,2.24,1.54,14.05,0.7,3.86,0.5753,2.44816
2017-04-11,2.24,1.53,15.07,0.71,3.94,0.568789,3.55227
2017-04-12,2.28,1.57,15.77,0.71,3.96,0.566081,4.0114
2017-04-13,2.28,1.59,15.96,0.69,4.03,0.563176,4.5039
2017-04-17,2.29,1.6,14.66,0.69,4,0.566599,3.92362
2017-04-18,2.29,1.59,14.42,0.7,4.07,0.559155,5.18573
2017-04-19,2.29,1.59,14.93,0.7,4.01,0.561707,4.75302
2017-04-20,2.28,1.58,14.15,0.7,3.98,0.565761,4.06565
2017-04-21,2.29,1.59,14.63,0.7,3.97,0.565309,4.14226
2017-04-24,2.28,1.57,10.84,0.71,3.86,0.570774,3.21567
2017-04-25,2.26,1.54,10.76,0.72,3.78,0.57878,1.85806
2017-04-26,2.27,1.56,10.85,0.71,3.76,0.575082,2.48515
2017-04-27,2.28,1.57,10.36,0.71,3.78,0.575663,2.38662
2017-04-28,2.28,1.56,10.82,0.72,3.75,0.574196,2.63527
2017-04-30,,,,,3.81,,
2017-05-01,2.29,1.59,10.11,0.7,3.78,0.579306,1.76878
2017-05-02,2.3,1.59,10.59,0.71,3.79,0.576553,2.23572
2017-05-03,2.23,1.52,10.68,0.71,3.76,0.576698,2.21104
2017-05-04,2.25,1.53,10.46,0.72,3.8,0.576456,2.25217
2017-05-05,2.24,1.54,10.57,0.7,3.82,0.57692,2.17341
2017-05-08,2.23,1.53,9.77,0.7,3.8,0.580739,1.52585
2017-05-09,2.22,1.52,9.96,0.7,3.74,0.580389,1.58514
2017-05-10,2.22,1.53,10.21,0.69,3.72,0.583584,1.04351
2017-05-11,2.24,1.53,10.6,0.71,3.72,0.58365,1.03223
2017-05-12,2.25,1.53,10.4,0.72,3.77,0.579078,1.80755
2017-05-15,2.25,1.53,10.42,0.72,3.72,0.581976,1.31606
2017-05-16,2.24,1.52,10.65,0.72,3.71,0.580676,1.53654
2017-05-17,2.26,1.55,15.59,0.71,3.84,0.569811,3.37886
2017-05-18,2.26,1.55,14.66,0.71,3.85,0.569812,3.3787
2017-05-19,2.26,1.57,12.04,0.69,3.78,0.56951,3.43001
2017-05-22,2.24,1.56,10.93,0.68,3.72,0.572828,2.86735
2017-05-23,2.22,1.55,10.72,0.67,3.67,0.576642,2.22062
2017-05-24,2.25,1.57,10.02,0.68,3.68,0.574387,2.60301
2017-05-25,2.24,1.57,9.99,0.67,3.67,0.573747,2.71154
2017-05-26,2.24,1.56,9.81,0.68,3.67,0.573094,2.82218
2017-05-29,,,,,3.67,,
2017-05-30,2.25,1.57,10.38,0.68,3.68,0.570856,3.20172
2017-05-31,2.23,1.54,10.41,0.69,3.74,0.56937,3.45373
2017-06-01,2.24,1.55,9.89,0.69,3.69,0.570967,3.18279
2017-06-02,2.24,1.55,9.75,0.69,3.69,0.564604,4.26179
2017-06-05,2.24,1.54,10.07,0.7,3.68,0.56762,3.75049
2017-06-06,2.25,1.55,10.45,0.7,3.72,0.563651,4.42338
2017-06-07,2.23,1.55,10.39,0.68,3.73,0.565205,4.15996
2017-06-08,2.23,1.55,10.16,0.68,3.76,0.567152,3.82982
2017-06-09,2.21,1.53,10.7,0.68,3.73,0.568468,3.60656
2017-06-12,2.22,1.55,11.46,0.67,3.71,0.569617,3.41177
2017-06-13,2.21,1.55,10.42,0.66,3.68,0.570555,3.2527
2017-06-14,2.19,1.51,10.64,0.68,3.7,0.561945,4.71272
2017-06-15,2.18,1.51,10.9,0.67,3.72,0.560677,4.92767
2017-06-16,2.19,1.51,10.38,0.68,3.76,0.558618,5.27688
2017-06-19,2.17,1.48,10.37,0.69,3.7,0.561128,4.85131
2017-06-20,2.16,1.45,10.86,0.71,3.77,0.554198,6.02639
2017-06-21,2.15,1.44,10.75,0.71,3.85,0.549866,6.7609
2017-06-22,2.16,1.45,10.48,0.71,3.87,0.550165,6.71022
2017-06-23,2.15,1.45,10.02,0.7,3.86,0.55268,6.28375
2017-06-26,2.15,1.44,9.9,0.71,3.83,0.55136,6.50764
2017-06-27,2.12,1.41,11.06,0.71,3.77,0.555546,5.79771
2017-06-28,2.14,1.44,10.03,0.7,3.77,0.55967,5.09844
2017-06-29,2.11,1.41,11.44,0.7,3.76,0.562996,4.5345
2017-06-30,2.09,1.4,11.18,0.69,3.77,0.565645,4.08526
2017-07-03,2.07,1.37,11.22,0.7,3.72,0.567195,3.8225
2017-07-04,,,,,3.72,,
2017-07-05,2.08,1.39,11.07,0.69,3.73,0.566606,3.92228
2017-07-06,2.07,1.38,12.54,0.69,3.78,0.569904,3.36305
2017-07-07,2.08,1.4,11.19,0.68,3.83,0.572817,2.86912
2017-07-10,2.08,1.4,11.11,0.68,3.83,0.572631,2.90069
2017-07-11,2.08,1.37,10.89,0.71,3.85,0.571263,3.13266
2017-07-12,2.09,1.39,10.3,0.7,3.81,0.571036,3.17116
2017-07-13,2.09,1.4,9.9,0.69,3.77,0.575108,2.48062
2017-07-14,2.09,1.38,9.51,0.71,3.73,0.576036,2.32331
2017-07-17,2.09,1.38,9.82,0.71,3.69,0.574647,2.55888
2017-07-18,2.08,1.38,9.89,0.7,3.69,0.569929,3.35887
2017-07-19,2.07,1.38,9.79,0.69,3.64,0.570665,3.23414
2017-07-20,2.05,1.36,9.58,0.69,3.61,0.569344,3.45806
2017-07-21,2.05,1.37,9.36,0.68,3.64,0.566496,3.94103
2017-07-24,2.06,1.35,9.43,0.71,3.63,0.569162,3.48892
2017-07-25,2.05,1.36,9.43,0.69,3.55,0.57693,2.17182
2017-07-26,2.07,1.39,9.6,0.68,3.56,0.576841,2.18691
2017-07-27,2.07,1.39,10.11,0.68,3.55,0.579241,1.77994
2017-07-28,2.05,1.38,10.29,0.67,3.59,0.575894,2.3475
2017-07-31,2.06,1.38,10.26,0.68,3.61,0.575197,2.46564
2017-08-01,2.06,1.38,10.09,0.68,3.6,0.571753,3.04962
2017-08-02,2.05,1.36,10.28,0.69,3.59,0.571562,3.08193
2017-08-03,2.05,1.36,10.44,0.69,3.63,0.564626,4.25812
2017-08-04,2.05,1.38,10.03,0.67,3.63,0.569591,3.41628
2017-08-07,2.06,1.39,9.93,0.67,3.64,0.568695,3.56808
2017-08-08,2.07,1.39,10.96,0.68,3.64,0.568297,3.63569
2017-08-09,2.09,1.39,11.11,0.7,3.81,0.563031,4.52859
2017-08-10,2.11,1.42,16.04,0.69,3.92,0.5547,5.94119
2017-08-11,2.12,1.44,15.51,0.68,4,0.555392,5.82389
2017-08-14,2.11,1.43,12.33,0.68,3.89,0.561203,4.83861
2017-08-15,2.09,1.41,12.04,0.68,3.87,0.563769,4.4034
2017-08-16,2.09,1.41,11.74,0.68,3.88,0.56177,4.74232
2017-08-17,2.11,1.45,15.55,0.66,3.93,0.55449,5.97682
2017-08-18,2.12,1.45,14.26,0.67,3.98,0.555447,5.81451
2017-08-21,2.12,1.44,13.19,0.68,4,0.554661,5.94779
2017-08-22,2.1,1.44,11.35,0.66,3.93,0.5591,5.19513
2017-08-23,2.12,1.45,12.25,0.67,3.95,0.555386,5.82496
2017-08-24,2.12,1.45,12.23,0.67,3.91,0.558268,5.33627
2017-08-25,2.12,1.45,11.28,0.67,3.89,0.55713,5.52917
2017-08-28,2.13,1.46,11.32,0.67,3.88,0.557543,5.45915
2017-08-29,2.15,1.49,11.7,0.66,3.9,0.55506,5.88023
2017-08-30,2.14,1.47,11.22,0.67,3.86,0.556746,5.59436
2017-08-31,2.14,1.47,10.59,0.67,3.85,0.556601,5.61893
2017-09-01,2.15,1.48,10.13,0.67,3.82,0.561463,4.79439
2017-09-04,,,,,3.82,,
2017-09-05,2.16,1.5,12.23,0.66,3.91,0.551446,6.49291
2017-09-06,2.17,1.51,11.63,0.66,3.84,0.554473,5.97968
2017-09-07,2.17,1.55,11.55,0.62,3.88,0.548917,6.92177
2017-09-08,2.17,1.54,12.12,0.63,3.92,0.54836,7.01631
2017-09-11,2.15,1.51,10.73,0.64,3.85,0.556755,5.59268
2017-09-12,2.16,1.49,10.58,0.67,3.81,0.560396,4.97543
2017-09-13,2.13,1.47,10.5,0.66,3.78,0.562806,4.56671
2017-09-14,2.11,1.45,10.44,0.66,3.74,0.561261,4.82863
2017-09-15,2.1,1.43,10.17,0.67,3.73,0.561547,4.78013
2017-09-18,2.1,1.44,10.15,0.66,3.68,0.564542,4.27226
2017-09-19,2.09,1.43,10.18,0.66,3.66,0.566508,3.93889
2017-09-20,2.06,1.39,9.78,0.67,3.6,0.566041,4.01823
2017-09-21,2.05,1.35,9.67,0.7,3.62,0.565651,4.08427
2017-09-22,2.05,1.36,9.59,0.69,3.64,0.564612,4.26052
2017-09-25,2.06,1.36,10.21,0.7,3.66,0.561417,4.8022
2017-09-26,2.04,1.34,10.17,0.7,3.62,0.563135,4.51096
2017-09-27,2.06,1.33,9.87,0.73,3.57,0.572008,3.00643
2017-09-28,2.05,1.33,9.55,0.72,3.57,0.573708,2.71812
2017-09-29,2,1.29,9.51,0.71,3.54,0.57326,2.79399
2017-09-30,,,,,3.56,,
2017-10-02,1.99,1.27,9.45,0.72,3.55,0.57402,2.66518
2017-10-03,2,1.28,9.51,0.72,3.55,0.574505,2.58297
2017-10-04,2.01,1.26,9.63,0.75,3.54,0.573874,2.6899
2017-10-05,2,1.26,9.19,0.74,3.52,0.576767,2.1994
2017-10-06,1.98,1.26,9.65,0.72,3.52,0.577551,2.06638
2017-10-09,,,10.33,,3.51,0.5758,2.36341
2017-10-10,1.97,1.26,10.08,0.71,3.52,0.575328,2.44339
2017-10-11,1.97,1.25,9.85,0.72,3.52,0.573633,2.73082
2017-10-12,1.97,1.25,9.91,0.72,3.56,0.570554,3.25286
2017-10-13,1.97,1.26,9.61,0.71,3.6,0.566731,3.90119
2017-10-16,1.97,1.26,9.91,0.71,3.53,0.567456,3.77815
2017-10-17,1.95,1.24,10.31,0.71,3.5,0.56757,3.75892
2017-10-18,1.95,1.24,10.07,0.71,3.46,0.571916,3.02188
2017-10-19,1.94,1.22,10.05,0.72,3.48,0.570977,3.18123
2017-10-20,1.94,1.21,9.97,0.73,3.42,0.577623,2.0543
2017-10-23,1.94,1.22,11.07,0.72,3.4,0.57595,2.33798
2017-10-24,1.92,1.21,11.16,0.71,3.38,0.579543,1.72874
2017-10-25,1.93,1.2,11.23,0.73,3.42,0.580683,1.53533
2017-10-26,1.91,1.19,11.3,0.72,3.41,0.581901,1.32876
2017-10-27,1.93,1.21,9.8,0.72,3.44,0.57965,1.71058
2017-10-30,1.92,1.21,10.5,0.71,3.49,0.574023,2.66476
2017-10-31,1.91,1.2,10.18,0.71,3.51,0.573967,2.67411
2017-11-01,1.92,1.19,10.2,0.73,3.48,0.570879,3.19777
2017-11-02,1.91,1.18,9.93,0.73,3.52,0.56805,3.67751
2017-11-03,1.91,1.19,9.14,0.72,3.52,0.566578,3.92706
2017-11-06,1.92,1.19,9.4,0.73,3.55,0.56453,4.27437
2017-11-07,1.9,1.18,9.89,0.72,3.57,0.56057,4.94581
2017-11-08,1.92,1.25,9.78,0.67,3.67,0.559316,5.15856
2017-11-09,1.93,1.27,10.5,0.66,3.79,0.558152,5.35587
2017-11-10,,,11.29,,3.76,0.567936,3.6969
2017-11-13,1.93,1.29,11.5,0.64,3.77,0.566358,3.96437
2017-11-14,1.93,1.28,11.59,0.65,3.84,0.560167,5.0142
2017-11-15,1.95,1.27,13.13,0.68,3.97,0.554148,6.03487
2017-11-16,1.92,1.25,11.76,0.67,3.79,0.564488,4.28141
2017-11-17,1.93,1.26,11.43,0.67,3.76,0.55995,5.05102
2017-11-20,1.91,1.23,10.65,0.68,3.7,0.5603,4.99166
2017-11-21,1.88,1.2,9.73,0.68,3.66,0.559681,5.09668
2017-11-22,1.91,1.2,9.88,0.71,3.7,0.558767,5.25152
2017-11-23,,,,,3.7,,
2017-11-24,1.9,1.19,9.67,0.71,3.67,0.560692,4.92515
2017-11-27,1.93,1.21,9.87,0.72,3.66,0.559764,5.08255
2017-11-28,1.91,1.21,10.03,0.7,3.67,0.560737,4.91759
2017-11-29,1.92,1.23,10.7,0.69,3.64,0.565611,4.09108
2017-11-30,1.88,1.19,11.28,0.69,3.61,0.567638,3.7473
2017-12-01,1.87,1.15,11.43,0.72,3.63,0.559901,5.0593
2017-12-04,1.87,1.15,11.68,0.72,3.58,0.559445,5.1367
2017-12-05,1.84,1.12,11.33,0.72,3.57,0.556355,5.66054
2017-12-06,1.86,1.15,11.02,0.71,3.63,0.553929,6.07188
2017-12-07,1.88,1.16,10.16,0.72,3.63,0.558558,5.28702
2017-12-08,1.87,1.16,9.58,0.71,3.63,0.559091,5.19659
2017-12-11,1.85,1.13,9.34,0.72,3.61,0.560369,4.97996
2017-12-12,1.84,1.12,9.92,0.72,3.58,0.560334,4.9859
2017-12-13,1.83,1.12,10.18,0.71,3.64,0.556471,5.64092
2017-12-14,1.82,1.11,10.49,0.71,3.63,0.55298,6.23292
2017-12-15,1.8,1.08,9.42,0.72,3.64,0.550975,6.57278
2017-12-18,1.81,1.09,9.53,0.72,3.64,0.556618,5.61603
2017-12-19,1.81,1.1,10.03,0.71,3.6,0.562771,4.5726
2017-12-20,1.82,1.11,9.72,0.71,3.58,0.56953,3.42648
2017-12-21,1.79,1.07,9.62,0.72,3.57,0.566823,3.88564
2017-12-22,1.79,1.07,9.9,0.72,3.56,0.566572,3.92811
2017-12-26,1.78,1.06,10.25,0.72,3.57,0.565741,4.06904
2017-12-27,1.76,1.05,10.47,0.71,3.59,0.558723,5.25899
2017-12-28,1.76,1.05,10.18,0.71,3.55,0.558951,5.22031
2017-12-29,1.77,1.05,11.04,0.72,3.58,0.558903,5.22851
2017-12-31,,,,,3.63,,
2018-01-02,1.78,1.06,9.77,0.72,3.55,0.565522,4.10615
2018-01-03,1.77,1.06,9.15,0.71,3.48,0.565538,4.10346
2018-01-04,1.75,1.01,9.22,0.74,3.4,0.566594,3.92433
2018-01-05,1.76,1.03,9.22,0.73,3.36,0.568606,3.58329
2018-01-08,1.74,1.01,9.52,0.73,3.35,0.568515,3.59862
2018-01-09,1.74,1.02,10.08,0.72,3.33,0.57445,2.59234
2018-01-10,1.73,1.03,9.82,0.7,3.42,0.573898,2.68586
2018-01-11,1.69,0.99,9.88,0.7,3.4,0.573439,2.76372
2018-01-12,1.68,0.95,10.16,0.73,3.37,0.571495,3.0934
2018-01-15,,,,,3.35,,
2018-01-16,1.66,0.95,11.66,0.71,3.34,0.568793,3.55155
2018-01-17,1.66,0.93,11.91,0.73,3.34,0.569632,3.40925
2018-01-18,1.64,0.92,12.22,0.72,3.35,0.574382,2.60382
2018-01-19,1.64,0.94,11.27,0.7,3.35,0.57801,1.98858
2018-01-22,1.64,0.94,11.03,0.7,3.32,0.577974,1.99464
2018-01-23,1.64,0.94,11.1,0.7,3.31,0.577206,2.12489
2018-01-24,1.65,0.96,11.47,0.69,3.28,0.579491,1.73751
2018-01-25,1.61,0.92,11.58,0.69,3.28,0.57438,2.60417
2018-01-26,1.6,0.92,11.08,0.68,3.23,0.576977,2.16372
2018-01-29,1.59,0.89,13.84,0.7,3.26,0.578968,1.82613
2018-01-30,1.59,0.9,14.79,0.69,3.33,0.580386,1.58566
2018-01-31,1.56,0.87,13.54,0.69,3.29,0.577975,1.99454
2018-02-01,1.56,0.84,13.47,0.72,3.29,0.585369,0.740833
2018-02-02,1.58,0.89,17.31,0.69,3.36,0.587106,0.446146
2018-02-05,1.63,0.93,37.32,0.7,3.48,0.578372,1.92719
2018-02-06,1.61,0.91,29.98,0.7,3.6,0.585518,0.715545
2018-02-07,1.62,0.92,27.73,0.7,3.46,0.588942,0.13492
2018-02-08,1.63,0.94,33.46,0.69,3.59,0.584442,0.897883
2018-02-09,1.67,0.99,29.06,0.68,3.82,0.586502,0.54869
2018-02-12,1.64,0.97,25.61,0.67,3.71,0.587914,0.309145
2018-02-13,1.69,1.01,24.97,0.68,3.78,0.583448,1.06656
2018-02-14,1.66,0.97,19.26,0.69,3.69,0.591031,0
2018-02-15,1.63,0.97,19.13,0.66,3.57,0.593787,0
2018-02-16,1.66,1,19.46,0.66,3.5,0.592986,0.135004
2018-02-19,,,,,3.5,,
2018-02-20,1.67,1.01,20.6,0.66,3.48,0.593529,0.0435076
2018-02-21,1.67,1.01,20.02,0.66,3.46,0.59818,0
2018-02-22,1.68,0.98,18.72,0.7,3.53,0.596809,0.229155
2018-02-23,1.68,1.01,16.49,0.67,3.58,0.595484,0.450702
2018-02-26,1.7,1.02,15.8,0.68,3.5,0.596316,0.31156
2018-02-27,1.69,1,18.59,0.69,3.47,0.595589,0.433205
2018-02-28,1.68,0.97,19.85,0.71,3.47,0.590935,1.21116
2018-03-01,1.72,1.01,22.47,0.71,3.59,0.583038,2.53132
2018-03-02,1.72,1.04,19.59,0.68,3.65,0.591125,1.17939
2018-03-05,1.72,1.03,18.73,0.69,3.59,0.592728,0.911462
2018-03-06,1.75,1,18.36,0.75,3.53,0.593005,0.865083
2018-03-07,1.77,1.01,17.76,0.76,3.56,0.592207,0.998496
2018-03-08,1.78,1.02,16.54,0.76,3.56,0.589501,1.45089
2018-03-09,1.77,1,14.64,0.77,3.53,0.595546,0.440359
2018-03-12,1.79,1,15.78,0.79,3.55,0.591168,1.17221
2018-03-13,1.8,1.02,16.35,0.78,3.58,0.586344,1.97865
2018-03-14,1.8,1.04,17.23,0.76,3.62,0.580545,2.94817
2018-03-15,1.81,1.04,16.59,0.77,3.62,0.580952,2.88006
2018-03-16,1.79,1.02,15.8,0.77,3.6,0.584263,2.3266
2018-03-19,1.8,1,19.02,0.8,3.65,0.583731,2.41555
2018-03-20,1.79,0.98,18.2,0.81,3.62,0.587253,1.82677
2018-03-21,1.82,1.02,17.86,0.8,3.6,0.586817,1.89966
2018-03-22,1.84,1.03,23.34,0.81,3.7,0.577599,3.44065
2018-03-23,1.87,1.06,24.87,0.81,3.74,0.576538,3.61804
2018-03-26,1.84,1.04,21.03,0.8,3.73,0.582502,2.621
2018-03-27,1.86,1.05,22.5,0.81,3.75,0.5758,3.74139
2018-03-28,1.86,1.05,22.87,0.81,3.77,0.574012,4.04025
2018-03-29,1.85,1.03,19.97,0.82,3.79,0.573175,4.18015
2018-03-31,,,,,3.72,,
2018-04-02,1.86,1.05,23.62,0.81,3.77,0.569827,4.73996
2018-04-03,1.84,1.02,21.1,0.82,3.71,0.575878,3.72836
2018-04-04,1.85,1.02,20.06,0.83,3.71,0.578356,3.31402
2018-04-05,1.84,1,18.94,0.84,3.59,0.58318,2.50765
2018-04-06,1.84,1.01,21.49,0.83,3.64,0.575589,3.7767
2018-04-09,1.83,0.98,21.77,0.85,3.61,0.576796,3.57486
2018-04-10,1.8,0.97,20.47,0.83,3.52,0.579937,3.04969
2018-04-11,1.8,0.96,20.24,0.84,3.5,0.578087,3.35905
2018-04-12,1.79,0.96,18.49,0.83,3.42,0.584453,2.29478
2018-04-13,1.79,0.97,17.41,0.82,3.38,0.583438,2.4645
2018-04-16,1.77,0.96,16.56,0.81,3.33,0.584124,2.34985
2018-04-17,1.76,0.94,15.25,0.82,3.29,0.582804,2.57053
2018-04-18,1.76,0.94,15.6,0.82,3.24,0.586891,1.88729
2018-04-19,1.77,0.97,15.96,0.8,3.33,0.589861,1.39068
2018-04-20,1.78,0.94,16.88,0.84,3.33,0.592695,0.91698
2018-04-23,1.76,0.96,16.34,0.8,3.36,0.590957,1.20748
2018-04-24,1.77,0.94,18.02,0.83,3.41,0.592486,0.951943
2018-04-25,1.8,0.96,17.84,0.84,3.47,0.59655,0.272445
2018-04-26,1.8,0.99,16.24,0.81,3.43,0.594483,0.618031
2018-04-27,1.8,0.98,15.41,0.82,3.44,0.589657,1.4248
2018-04-30,1.79,1,15.93,0.79,3.46,0.588205,1.66753
2018-05-01,1.82,1.02,15.49,0.8,3.47,0.590767,1.23923
2018-05-02,1.83,1.02,15.97,0.81,3.45,0.591209,1.16536
2018-05-03,1.86,1.06,15.9,0.8,3.5,0.588503,1.61777
2018-05-04,1.86,1.06,14.77,0.8,3.49,0.588026,1.69752
2018-05-07,1.87,1.06,14.75,0.81,3.46,0.589517,1.44831
2018-05-08,1.87,1.05,14.71,0.82,3.46,0.589167,1.50678
2018-05-09,1.86,1.04,13.42,0.82,3.43,0.593684,0.751552
2018-05-10,1.84,1.02,13.23,0.82,3.41,0.590665,1.2564
2018-05-11,1.82,1.01,12.65,0.81,3.4,0.588972,1.53929
2018-05-14,1.81,0.99,12.93,0.82,3.37,0.592239,0.993121
2018-05-15,1.81,0.99,14.63,0.82,3.36,0.596123,0.343874
2018-05-16,1.8,0.97,13.42,0.83,3.37,0.599192,0
2018-05-17,1.82,0.97,13.43,0.85,3.36,0.602585,0
2018-05-18,1.83,0.98,13.42,0.85,3.41,0.596816,0.957372
2018-05-21,1.83,0.99,13.08,0.84,3.4,0.597349,0.868921
2018-05-22,1.83,0.99,13.22,0.84,3.39,0.598687,0.646877
2018-05-23,1.84,1.01,12.58,0.83,3.48,0.594859,1.28223
2018-05-24,1.84,1,12.53,0.84,3.49,0.5905,2.00561
2018-05-25,1.85,1,13.22,0.85,3.53,0.585886,2.7712
2018-05-28,,,,,3.53,,
2018-05-29,1.96,1.08,17.02,0.88,3.75,0.570917,5.25531
2018-05-30,1.91,1.05,14.94,0.86,3.64,0.576527,4.32433
2018-05-31,1.89,1.02,15.43,0.87,3.63,0.576938,4.25619
2018-06-01,1.9,1.03,13.46,0.87,3.55,0.581325,3.52809
2018-06-04,1.88,1.02,12.74,0.86,3.49,0.586799,2.61982
2018-06-05,1.9,1.03,12.4,0.87,3.5,0.586112,2.73379
2018-06-06,1.91,1.03,11.64,0.88,3.44,0.592351,1.69834
2018-06-07,1.89,1.02,12.13,0.87,3.44,0.586875,2.6072
2018-06-08,1.9,1.03,12.18,0.87,3.45,0.588298,2.37095
2018-06-11,1.89,1,12.35,0.89,3.39,0.590485,2.00811
2018-06-12,1.88,1.01,12.34,0.87,3.38,0.590817,1.95288
2018-06-13,1.87,1,12.94,0.87,3.33,0.591321,1.86929
2018-06-14,1.88,0.98,12.12,0.9,3.31,0.58816,2.39388
2018-06-15,1.87,0.98,11.98,0.89,3.33,0.587282,2.5396
2018-06-18,1.9,1.02,12.31,0.88,3.34,0.587751,2.46172
2018-06-19,1.91,1.04,13.35,0.87,3.4,0.583536,3.1613
2018-06-20,1.92,1.06,12.79,0.86,3.34,0.58931,2.20299
2018-06-21,1.95,1.08,14.64,0.87,3.39,0.585005,2.91753
2018-06-22,1.97,1.09,13.77,0.88,3.39,0.585121,2.89827
2018-06-25,1.99,1.11,17.33,0.88,3.47,0.582453,3.34089
2018-06-26,1.99,1.1,15.92,0.89,3.48,0.581568,3.48784
2018-06-27,1.98,1.1,17.91,0.88,3.56,0.574928,4.58967
2018-06-28,2,1.09,16.85,0.91,3.64,0.573174,4.88087
2018-06-29,1.99,1.08,16.09,0.91,3.61,0.573802,4.77657
2018-06-30,,,,,3.71,,
2018-07-02,1.97,1.06,15.6,0.91,3.78,0.5748,4.61094
2018-07-03,1.99,1.07,16.14,0.92,3.77,0.571806,5.10791
2018-07-04,,,,,3.77,,
2018-07-05,1.95,1.05,14.97,0.9,3.74,0.572323,5.0221
2018-07-06,1.96,1.06,13.37,0.9,3.74,0.571932,5.08699
2018-07-09,1.93,0.99,12.69,0.94,3.65,0.576513,4.32664
2018-07-10,1.91,0.98,12.64,0.93,3.59,0.576628,4.30767
2018-07-11,1.91,0.97,13.63,0.94,3.66,0.57354,4.82004
2018-07-12,1.9,0.96,12.58,0.94,3.61,0.575401,4.51118
2018-07-13,1.9,0.97,12.18,0.93,3.62,0.573948,4.7523
2018-07-16,1.91,0.97,12.83,0.94,3.59,0.57594,4.42178
2018-07-17,1.9,0.98,12.06,0.92,3.58,0.577229,4.20795
2018-07-18,1.89,0.97,12.1,0.92,3.56,0.579827,3.77676
2018-07-19,1.9,0.99,12.87,0.91,3.59,0.575907,4.42736
2018-07-20,1.91,1.01,12.86,0.9,3.55,0.583332,3.19503
2018-07-23,1.91,1,12.62,0.91,3.5,0.590412,2.02009
2018-07-24,1.88,0.96,12.41,0.92,3.47,0.589628,2.1503
2018-07-25,1.87,0.96,12.29,0.91,3.48,0.591667,1.81196
2018-07-26,1.85,0.94,12.14,0.91,3.42,0.592876,1.61128
2018-07-27,1.84,0.94,13.03,0.9,3.42,0.591678,1.81005
2018-07-30,1.84,0.93,14.26,0.91,3.43,0.593922,1.43771
2018-07-31,1.83,0.93,12.83,0.9,3.46,0.591935,1.76741
2018-08-01,1.83,0.94,13.15,0.89,3.43,0.597332,0.871715
2018-08-02,1.84,0.93,12.19,0.91,3.43,0.596824,0.956152
2018-08-03,1.84,0.94,11.64,0.9,3.43,0.594354,1.36596
2018-08-06,1.82,0.93,11.27,0.89,3.43,0.595112,1.24027
2018-08-07,1.82,0.92,10.93,0.9,3.35,0.598498,0.678228
2018-08-08,1.84,0.98,10.85,0.86,3.37,0.597547,0.836138
2018-08-09,1.85,0.99,11.27,0.86,3.38,0.592146,1.73241
2018-08-10,1.87,0.99,13.16,0.88,3.5,0.586851,2.61107
2018-08-13,1.91,1.04,14.78,0.87,3.52,0.58766,2.47693
2018-08-14,1.9,1.03,13.31,0.87,3.48,0.590008,2.08718
2018-08-15,1.9,1.02,14.64,0.88,3.55,0.585568,2.82406
2018-08-16,1.89,1.02,13.45,0.87,3.49,0.586366,2.69153
2018-08-17,1.89,1,12.64,0.89,3.49,0.586321,2.69899
2018-08-20,1.89,1.01,12.49,0.88,3.52,0.582693,3.30113
2018-08-21,1.88,1,12.86,0.88,3.48,0.585544,2.82802
2018-08-22,1.91,1.02,12.25,0.89,3.48,0.58344,3.17715
2018-08-23,1.9,1.02,12.41,0.88,3.47,0.582464,3.33913
2018-08-24,1.9,1.01,11.99,0.89,3.46,0.582332,3.36097
2018-08-27,1.89,1.01,12.16,0.88,3.43,0.585889,2.77077
2018-08-28,1.9,1.02,12.5,0.88,3.4,0.589154,2.22893
2018-08-29,1.88,0.99,12.25,0.89,3.39,0.588035,2.41466
2018-08-30,1.9,1.04,13.53,0.86,3.44,0.586298,2.70283
2018-08-31,1.92,1.05,12.86,0.87,3.49,0.588404,2.35335
2018-09-03,,,,,3.49,,
2018-09-04,1.94,1.08,13.16,0.86,3.46,0.590595,1.98985
2018-09-05,1.95,1.07,13.91,0.88,3.49,0.591552,1.83106
2018-09-06,1.93,1.06,14.65,0.87,3.52,0.589867,2.1106
2018-09-07,1.93,1.05,14.88,0.88,3.48,0.594293,1.37604
2018-09-10,1.92,1.01,14.16,0.91,3.46,0.59328,1.54414
2018-09-11,1.9,0.99,13.22,0.91,3.4,0.597969,0.766006
2018-09-12,1.89,0.97,13.14,0.92,3.38,0.597951,0.769082
2018-09-13,1.87,0.95,12.37,0.92,3.35,0.598158,0.734741
2018-09-14,1.88,0.95,12.07,0.93,3.29,0.601591,0.164935
2018-09-17,1.88,0.95,13.68,0.93,3.29,0.601173,0.234347
2018-09-18,1.88,0.97,12.79,0.91,3.24,0.607457,0
2018-09-19,1.88,0.96,11.75,0.92,3.24,0.609969,0
2018-09-20,1.85,0.92,11.8,0.93,3.25,0.608004,0.322224
2018-09-21,1.83,0.92,11.68,0.91,3.25,0.608406,0.256334
2018-09-24,1.84,0.92,12.2,0.92,3.28,0.609685,0.0465917
2018-09-25,1.83,0.92,12.42,0.91,3.26,0.609816,0.0251293
2018-09-26,1.84,0.93,12.89,0.91,3.27,0.606193,0.619112
2018-09-27,1.83,0.92,12.41,0.91,3.25,0.606905,0.502425
2018-09-28,1.84,0.94,12.12,0.9,3.24,0.608932,0.170084
2018-09-30,,,,,3.28,,
2018-10-01,1.83,0.93,12,0.9,3.22,0.61521,0
2018-10-02,1.84,0.93,12.05,0.91,3.22,0.610977,0.68808
2018-10-03,1.83,0.91,11.61,0.92,3.16,0.62012,0
2018-10-04,1.84,0.92,14.22,0.92,3.29,0.622201,0
2018-10-05,1.85,0.94,14.82,0.91,3.32,0.624812,0
2018-10-08,,,15.69,,3.32,0.625522,0
2018-10-09,1.84,0.93,15.95,0.91,3.41,0.620203,0.850428
2018-10-10,1.86,0.94,22.96,0.92,3.51,0.617446,1.29115
2018-10-11,1.88,0.95,24.98,0.93,3.58,0.610533,2.3963
2018-10-12,1.88,0.97,21.31,0.91,3.54,0.615922,1.53481
2018-10-15,1.89,0.98,21.3,0.91,3.49,0.615756,1.56128
2018-10-16,1.88,0.93,17.62,0.95,3.45,0.616454,1.44976
2018-10-17,1.88,0.94,17.4,0.94,3.45,0.618896,1.05934
2018-10-18,1.92,0.99,20.06,0.93,3.51,0.616498,1.44262
2018-10-19,1.92,0.98,19.89,0.94,3.51,0.618218,1.16777
2018-10-22,1.92,0.99,19.64,0.93,3.52,0.619326,0.990624
2018-10-23,1.96,1.02,20.71,0.94,3.65,0.616787,1.39647
2018-10-24,1.99,1.06,25.23,0.93,3.68,0.609136,2.61955
2018-10-25,1.98,1.06,24.22,0.92,3.72,0.612925,2.01388
2018-10-26,2.02,1.1,24.16,0.92,3.85,0.606512,3.03908
2018-10-29,2.02,1.1,24.7,0.92,3.84,0.607309,2.91176
2018-10-30,2.03,1.11,23.35,0.92,3.89,0.611792,2.19505
2018-10-31,2.03,1.12,21.23,0.91,3.81,0.614916,1.69561
2018-11-01,2.04,1.14,19.34,0.9,3.81,0.617165,1.33611
2018-11-02,2.02,1.05,19.51,0.97,3.72,0.624564,0.15323
2018-11-05,2.02,1.05,19.96,0.97,3.72,0.622636,0.461378
2018-11-06,1.98,1.02,19.91,0.96,3.68,0.624649,0.139558
2018-11-07,1.96,1.01,16.36,0.95,3.6,0.627431,0
2018-11-08,1.96,0.96,16.72,1,3.57,0.625938,0.237957
2018-11-09,1.98,0.97,17.36,1.01,3.71,0.617784,1.53754
2018-11-12,,,20.45,,3.71,0.609993,2.77931
2018-11-13,2.04,1.07,20.02,0.97,3.89,0.609349,2.88194
2018-11-14,2.09,1.09,21.25,1,3.99,0.607811,3.12717
2018-11-15,2.13,1.14,19.98,0.99,4.11,0.607932,3.10783
2018-11-16,2.13,1.13,18.14,1,4.18,0.602625,3.95369
2018-11-19,2.16,1.15,20.1,1.01,4.25,0.599072,4.51996
2018-11-20,2.17,1.16,22.48,1.01,4.33,0.596987,4.85231
2018-11-21,2.17,1.13,20.8,1.04,4.24,0.600226,4.33598
2018-11-22,,,,,4.25,,
2018-11-23,2.18,1.13,21.52,1.05,4.29,0.596284,4.96431
2018-11-26,2.16,1.11,18.9,1.05,4.26,0.600452,4.29996
2018-11-27,2.2,1.12,19.02,1.08,4.31,0.599484,4.45434
2018-11-28,2.22,1.17,18.49,1.05,4.25,0.607421,3.18919
2018-11-29,2.26,1.18,18.79,1.08,4.22,0.605187,3.54527
2018-11-30,2.27,1.21,18.07,1.06,4.29,0.601707,4.09991
2018-12-03,2.26,1.19,16.44,1.07,4.2,0.6016,4.11695
2018-12-04,2.25,1.18,20.74,1.07,4.29,0.588023,6.2809
2018-12-05,,,,,4.29,,
2018-12-06,2.29,1.21,21.19,1.08,4.5,0.58414,6.89977
2018-12-07,2.31,1.21,23.23,1.1,4.5,0.581932,7.25164
2018-12-10,2.31,1.23,22.64,1.08,4.56,0.579954,7.56698
2018-12-11,2.26,1.14,21.76,1.12,4.48,0.5811,7.38426
2018-12-12,2.24,1.1,21.46,1.14,4.4,0.585599,6.66718
2018-12-13,2.25,1.1,20.65,1.15,4.39,0.588398,6.22111
2018-12-14,2.25,1.13,21.63,1.12,4.46,0.583905,6.93727
2018-12-17,2.25,1.13,24.52,1.12,4.58,0.576754,8.07693
2018-12-18,2.26,1.13,25.58,1.13,4.72,0.572282,8.78972
2018-12-19,2.27,1.12,25.58,1.15,4.84,0.559728,10.7905
2018-12-20,2.28,1.16,28.38,1.12,5.11,0.556864,11.2471
2018-12-21,2.31,1.18,30.11,1.13,5.22,0.554194,11.6726
2018-12-24,2.35,1.22,36.07,1.13,5.35,0.547328,12.7668
2018-12-26,2.33,1.2,30.41,1.13,5.37,0.562568,10.338
2018-12-27,2.36,1.24,29.96,1.12,5.38,0.562125,10.4085
2018-12-28,2.44,1.3,28.34,1.14,5.3,0.558262,11.0242
2018-12-31,2.45,1.3,25.42,1.15,5.33,0.556561,11.2953
2019-01-02,2.45,1.29,23.22,1.16,5.35,0.552893,11.8799
2019-01-03,2.48,1.35,25.45,1.13,5.44,0.546943,12.8282
2019-01-04,2.45,1.31,21.38,1.14,5.05,0.562636,10.3271
2019-01-07,2.42,1.26,21.4,1.16,4.83,0.569778,9.18875
2019-01-08,2.39,1.24,20.47,1.15,4.65,0.574988,8.35843
2019-01-09,2.39,1.22,19.98,1.17,4.52,0.576577,8.10513
2019-01-10,2.42,1.24,19.5,1.18,4.54,0.582595,7.14604
2019-01-11,2.42,1.25,18.19,1.17,4.55,0.578468,7.80379
2019-01-14,2.46,1.29,19.07,1.17,4.6,0.578761,7.75716
2019-01-15,2.46,1.27,18.6,1.19,4.55,0.582827,7.10902
2019-01-16,2.45,1.27,19.04,1.18,4.44,0.583148,7.05794
2019-01-17,2.43,1.25,18.06,1.18,4.4,0.584598,6.82676
2019-01-18,2.38,1.17,17.8,1.21,4.27,0.589352,6.0691
2019-01-21,,,,,4.27,,
2019-01-22,2.38,1.18,20.8,1.2,4.41,0.581506,7.31952
2019-01-23,2.37,1.13,19.52,1.24,4.39,0.582926,7.09327
2019-01-24,2.37,1.14,18.89,1.23,4.45,0.579744,7.60042
2019-01-25,2.34,1.1,17.42,1.24,4.34,0.583986,6.92429
2019-01-28,2.36,1.12,18.87,1.24,4.41,0.583668,6.97498
2019-01-29,2.36,1.13,19.13,1.23,4.4,0.580382,7.49873
2019-01-30,2.37,1.15,17.66,1.22,4.36,0.585433,6.69369
2019-01-31,2.38,1.16,16.57,1.22,4.37,0.581878,7.26033
2019-02-01,2.31,1.11,16.14,1.2,4.29,0.585129,6.74215
2019-02-04,2.3,1.1,15.73,1.2,4.25,0.589141,6.1027
2019-02-05,2.27,1.08,15.57,1.19,4.15,0.588536,6.19916
2019-02-06,2.28,1.08,15.38,1.2,4.13,0.587692,6.33371
2019-02-07,2.31,1.1,16.37,1.21,4.29,0.581843,7.26584
2019-02-08,2.3,1.14,15.72,1.16,4.32,0.579234,7.68176
2019-02-11,2.3,1.11,15.97,1.19,4.28,0.581789,7.27448
2019-02-12,2.3,1.12,15.43,1.18,4.17,0.586093,6.58856
2019-02-13,2.27,1.07,15.65,1.2,4.12,0.58749,6.36592
2019-02-14,2.3,1.11,16.22,1.19,4.17,0.584231,6.88534
2019-02-15,2.28,1.1,14.91,1.18,4.12,0.58517,6.73559
2019-02-18,,,,,4.12,,
2019-02-19,2.28,1.09,14.88,1.19,4.11,0.583892,6.93926
2019-02-20,2.23,1.11,14.02,1.12,4.08,0.586047,6.59582
2019-02-21,2.23,1.12,14.46,1.11,4.04,0.59078,5.84143
2019-02-22,2.25,1.16,13.51,1.09,4.05,0.58845,6.2129
2019-02-25,2.23,1.13,14.85,1.1,4,0.59068,5.85739
2019-02-26,2.24,1.14,15.17,1.1,4.01,0.588526,6.20068
2019-02-27,2.25,1.16,14.7,1.09,3.94,0.595478,5.09273
2019-02-28,2.22,1.13,14.78,1.09,3.92,0.597164,4.82409
2019-03-01,2.22,1.14,13.57,1.08,3.86,0.604444,3.66374
2019-03-04,2.22,1.15,14.63,1.07,3.9,0.598833,4.55808
2019-03-05,2.22,1.15,14.74,1.07,3.91,0.597304,4.80173
2019-03-06,2.25,1.17,15.74,1.08,3.98,0.594143,5.30545
2019-03-07,2.25,1.18,16.59,1.07,4.1,0.5899,5.98173
2019-03-08,2.27,1.2,16.05,1.07,4.18,0.586459,6.53011
2019-03-11,2.27,1.21,14.33,1.06,4.12,0.590137,5.9439
2019-03-12,2.25,1.19,13.77,1.06,4.08,0.587058,6.43477
2019-03-13,2.26,1.19,13.41,1.07,3.99,0.589748,6.00605
2019-03-14,2.27,1.21,13.5,1.06,3.95,0.593623,5.3884
2019-03-15,2.28,1.23,12.88,1.05,3.95,0.590273,5.92239
2019-03-18,2.27,1.22,13.1,1.05,3.95,0.590405,5.9012
2019-03-19,2.27,1.21,13.56,1.06,3.91,0.592064,5.63691
2019-03-20,2.29,1.24,13.91,1.05,3.97,0.588461,6.21103
2019-03-21,2.28,1.21,13.63,1.07,3.92,0.587033,6.43875
2019-03-22,2.3,1.23,16.48,1.07,4.03,0.575973,8.20145
2019-03-25,2.28,1.24,16.33,1.04,4.13,0.574851,8.38026
2019-03-26,2.3,1.23,14.68,1.07,4.09,0.576673,8.08995
2019-03-27,2.28,1.23,15.15,1.05,4.09,0.571813,8.86446
2019-03-28,2.27,1.22,14.43,1.05,4.08,0.57095,9.002
2019-03-29,2.26,1.21,13.71,1.05,3.99,0.57295,8.68331
2019-03-31,,,,,4.05,,
2019-04-01,2.24,1.19,13.4,1.05,3.94,0.581064,7.39005
2019-04-02,2.24,1.18,13.36,1.06,3.95,0.580261,7.51807
2019-04-03,2.23,1.17,13.74,1.06,3.9,0.585538,6.67699
2019-04-04,2.22,1.19,13.58,1.03,3.9,0.584765,6.8002
2019-04-05,2.22,1.17,12.82,1.05,3.86,0.585093,6.74788
2019-04-08,2.21,1.17,13.18,1.04,3.84,0.586837,6.46998
2019-04-09,2.19,1.16,14.28,1.03,3.86,0.584584,6.82902
2019-04-10,2.21,1.17,13.3,1.04,3.86,0.585741,6.64464
2019-04-11,2.2,1.17,13.02,1.03,3.79,0.590085,5.95226
2019-04-12,2.15,1.15,12.01,1,3.68,0.595207,5.13588
2019-04-15,2.15,1.13,12.32,1.02,3.68,0.593298,5.44019
2019-04-16,2.12,1.13,12.18,0.99,3.64,0.596692,4.89921
2019-04-17,2.13,1.13,12.6,1,3.67,0.595006,5.16793
2019-04-18,2.12,1.12,12.09,1,3.73,0.592181,5.61822
2019-04-22,2.14,1.16,12.42,0.98,3.73,0.594008,5.32702
2019-04-23,2.14,1.16,12.28,0.98,3.72,0.594803,5.20031
2019-04-24,2.14,1.16,13.14,0.98,3.73,0.589174,6.09743
2019-04-25,2.14,1.15,13.25,0.99,3.75,0.590306,5.91712
2019-04-26,2.13,1.18,12.73,0.95,3.76,0.589795,5.99847
2019-04-29,2.13,1.17,13.11,0.96,3.73,0.593309,5.43841
2019-04-30,2.14,1.2,13.12,0.94,3.73,0.590354,5.90937
2019-05-01,2.11,1.16,14.8,0.95,3.71,0.586001,6.60319
2019-05-02,2.12,1.21,14.42,0.91,3.74,0.589214,6.09104
2019-05-03,2.11,1.19,12.87,0.92,3.72,0.589044,6.11824
2019-05-06,2.14,1.21,15.44,0.93,3.82,0.587699,6.33249
2019-05-07,2.17,1.25,19.32,0.92,3.89,0.579729,7.60277
2019-05-08,2.17,1.21,19.4,0.96,3.87,0.582449,7.16934
2019-05-09,2.21,1.28,19.1,0.93,3.99,0.579195,7.6879
2019-05-10,2.2,1.25,16.04,0.95,4.01,0.581602,7.30421
2019-05-13,2.25,1.31,20.55,0.94,4.2,0.571783,8.86917
2019-05-14,2.24,1.29,18.06,0.95,4.13,0.574746,8.397
2019-05-15,2.26,1.32,16.44,0.94,4.17,0.571771,8.87112
2019-05-16,2.24,1.28,15.29,0.96,4.06,0.575422,8.28933
2019-05-17,2.24,1.29,15.96,0.95,4.07,0.573942,8.52516
2019-05-20,2.24,1.29,16.31,0.95,4.06,0.574593,8.42132
2019-05-21,2.23,1.27,14.95,0.96,3.99,0.577319,7.98684
2019-05-22,2.26,1.29,14.75,0.97,4.03,0.574494,8.43723
2019-05-23,2.28,1.33,16.92,0.95,4.22,0.565269,9.90743
2019-05-24,2.31,1.32,15.85,0.99,4.16,0.563992,10.1109
2019-05-27,,,,,4.16,,
2019-05-28,2.32,1.35,17.5,0.97,4.19,0.559439,10.8367
2019-05-29,2.33,1.34,17.9,0.99,4.36,0.556249,11.345
2019-05-30,2.33,1.33,17.3,1,4.33,0.552669,11.9156
2019-05-31,2.37,1.37,18.71,1,4.59,0.541879,13.6354
2019-06-03,2.42,1.43,18.86,0.99,4.7,0.539145,14.0711
2019-06-04,2.42,1.4,16.97,1.02,4.53,0.550839,12.2074
2019-06-05,2.45,1.42,16.09,1.03,4.48,0.555266,11.5017
2019-06-06,2.44,1.41,15.93,1.03,4.42,0.554642,11.6012
2019-06-07,2.42,1.39,16.3,1.03,4.37,0.551294,12.1348
2019-06-10,2.39,1.34,15.94,1.05,4.23,0.557373,11.166
2019-06-11,2.38,1.34,15.99,1.04,4.2,0.557807,11.0968
2019-06-12,2.41,1.38,15.91,1.03,4.22,0.556089,11.3706
2019-06-13,2.42,1.38,15.82,1.04,4.24,0.555467,11.4697
2019-06-14,2.42,1.4,15.28,1.02,4.23,0.553687,11.7534
2019-06-17,2.41,1.36,15.35,1.05,4.23,0.551887,12.0403
2019-06-18,2.4,1.34,15.15,1.06,4.14,0.552959,11.8693
2019-06-19,2.41,1.36,14.33,1.05,4.16,0.554776,11.5798
2019-06-20,2.38,1.32,14.75,1.06,4.03,0.556108,11.3676
2019-06-21,2.35,1.29,15.4,1.06,3.95,0.560488,10.6695
2019-06-24,2.33,1.28,15.26,1.05,4,0.556276,11.3408
2019-06-25,2.34,1.32,16.28,1.02,4.09,0.552209,11.9889
2019-06-26,2.32,1.27,16.21,1.05,4.05,0.555511,11.4627
2019-06-27,2.31,1.26,15.82,1.05,4.09,0.553146,11.8396
2019-06-28,2.31,1.25,15.08,1.06,4.07,0.553711,11.7496
2019-06-30,,,,,4.07,,
2019-07-01,2.29,1.24,14.06,1.05,3.99,0.555175,11.5162
2019-07-02,2.29,1.25,12.93,1.04,4.04,0.552133,12.0011
2019-07-03,2.26,1.22,12.57,1.04,4.02,0.550303,12.2928
2019-07-04,,,,,4.02,,
2019-07-05,2.26,1.22,13.28,1.04,3.98,0.555465,11.47
2019-07-08,2.23,1.19,13.96,1.04,4,0.553626,11.7631
2019-07-09,2.22,1.19,14.09,1.03,4.03,0.553198,11.8313
2019-07-10,2.25,1.23,13.03,1.02,4.01,0.5578,11.0978
2019-07-11,2.25,1.24,12.93,1.01,4,0.564243,10.0709
2019-07-12,2.25,1.22,12.39,1.03,4.02,0.564502,10.0296
2019-07-15,2.25,1.26,12.68,0.99,4,0.561657,10.4831
2019-07-16,2.23,1.24,12.86,0.99,3.96,0.562168,10.4016
2019-07-17,2.24,1.24,13.97,1,4.01,0.555459,11.4709
2019-07-18,2.27,1.27,13.53,1,4.11,0.555673,11.4369
2019-07-19,2.26,1.26,14.45,1,4.07,0.556018,11.3819
2019-07-22,2.24,1.25,13.53,0.99,4.06,0.556823,11.2535
2019-07-23,2.23,1.23,12.61,1,3.99,0.560845,10.6126
2019-07-24,2.15,1.24,12.07,0.91,3.98,0.558869,10.9275
2019-07-25,2.14,1.23,12.74,0.91,3.93,0.560779,10.6231
2019-07-26,2.13,1.23,12.16,0.9,3.89,0.560679,10.639
2019-07-29,2.13,1.23,12.83,0.9,3.93,0.559672,10.7995
2019-07-30,2.14,1.23,13.94,0.91,3.97,0.55857,10.9751
2019-07-31,2.13,1.24,16.12,0.89,3.93,0.55316,11.8373
2019-08-01,2.17,1.29,17.87,0.88,4.1,0.542119,13.5971
2019-08-02,2.18,1.31,17.61,0.87,4.19,0.536347,14.517
2019-08-05,2.24,1.4,24.59,0.84,4.53,0.52174,16.8451
2019-08-06,2.25,1.42,20.17,0.83,4.46,0.520933,16.9737
2019-08-07,2.23,1.38,19.49,0.85,4.52,0.520686,17.013
2019-08-08,2.25,1.37,16.91,0.88,4.31,0.521627,16.8632
2019-08-09,2.23,1.35,17.97,0.88,4.31,0.521943,16.8127
2019-08-12,2.23,1.36,21.09,0.87,4.4,0.509505,18.7952
2019-08-13,2.22,1.33,17.52,0.89,4.25,0.513517,18.1556
2019-08-14,2.23,1.36,22.1,0.87,4.49,0.497724,20.6727
2019-08-15,2.27,1.38,21.18,0.89,4.52,0.493688,21.316
2019-08-16,2.26,1.36,18.47,0.9,4.47,0.499357,20.4125
2019-08-19,2.29,1.35,16.88,0.94,4.36,0.508073,19.0233
2019-08-20,2.3,1.34,17.5,0.96,4.35,0.503279,19.7874
2019-08-21,2.25,1.3,15.8,0.95,4.21,0.508826,18.9034
2019-08-22,2.25,1.31,16.68,0.94,4.16,0.513172,18.2107
2019-08-23,2.27,1.36,19.87,0.91,4.25,0.502551,19.9034
2019-08-26,2.27,1.36,19.32,0.91,4.22,0.507099,19.1786
2019-08-27,2.26,1.34,20.31,0.92,4.19,0.499173,20.4419
2019-08-28,2.26,1.34,19.35,0.92,4.17,0.499736,20.3521
2019-08-29,2.27,1.36,17.88,0.91,4.08,0.502154,19.9666
2019-08-30,2.26,1.35,18.98,0.91,4.09,0.501557,20.0618
2019-08-31,,,,,4.13,,
2019-09-02,,,,,4.13,,
2019-09-03,2.28,1.39,19.66,0.89,4.23,0.499473,20.394
2019-09-04,2.29,1.39,17.33,0.9,4.23,0.499766,20.3474
2019-09-05,2.28,1.37,16.27,0.91,4.07,0.510979,18.5602
2019-09-06,2.26,1.36,15,0.9,4.05,0.507834,19.0614
2019-09-09,2.23,1.36,15.27,0.87,3.99,0.517553,17.5124
2019-09-10,2.22,1.35,15.2,0.87,3.9,0.527089,15.9925
2019-09-11,2.22,1.34,14.61,0.88,3.92,0.527967,15.8526
2019-09-12,2.22,1.35,14.22,0.87,3.85,0.531753,15.2492
2019-09-13,2.21,1.35,13.74,0.86,3.83,0.542363,13.5582
2019-09-16,2.2,1.34,14.67,0.86,3.8,0.537443,14.3423
2019-09-17,2.21,1.33,14.44,0.88,3.81,0.534849,14.7559
2019-09-18,2.18,1.3,13.95,0.88,3.82,0.532286,15.1643
2019-09-19,2.17,1.28,14.05,0.89,3.77,0.530081,15.5157
2019-09-20,2.19,1.29,15.32,0.9,3.81,0.523829,16.5121
2019-09-23,2.17,1.3,14.91,0.87,3.84,0.5237,16.5327
2019-09-24,2.2,1.3,17.05,0.9,3.9,0.516753,17.64
2019-09-25,2.2,1.32,15.96,0.88,3.91,0.523882,16.5037
2019-09-26,2.18,1.29,16.07,0.89,3.95,0.520177,17.0942
2019-09-27,2.19,1.31,17.22,0.88,3.99,0.518306,17.3924
2019-09-30,2.2,1.33,16.24,0.87,4.02,0.517631,17.4999
2019-10-01,2.22,1.32,18.56,0.9,4.08,0.514889,17.937
2019-10-02,2.26,1.39,20.56,0.87,4.28,0.51061,18.619
2019-10-03,2.29,1.4,19.12,0.89,4.4,0.506288,19.3079
2019-10-04,2.29,1.36,17.04,0.93,4.38,0.504152,19.6483
2019-10-07,2.28,1.36,17.86,0.92,4.31,0.507954,19.0423
2019-10-08,2.3,1.41,20.28,0.89,4.39,0.504712,19.5589
2019-10-09,2.29,1.36,18.64,0.93,4.32,0.509113,18.8576
2019-10-10,2.27,1.35,17.57,0.92,4.26,0.517469,17.5258
2019-10-11,2.22,1.3,15.58,0.92,4.1,0.526138,16.1441
2019-10-14,,,14.57,,4.08,0.522705,16.6913
2019-10-15,2.21,1.29,13.54,0.92,4.01,0.530258,15.4875
2019-10-16,2.22,1.3,13.68,0.92,4.01,0.529188,15.658
2019-10-17,2.21,1.28,13.79,0.93,4,0.531209,15.3359
2019-10-18,2.21,1.27,14.25,0.94,4.02,0.531331,15.3164
2019-10-21,2.19,1.24,14,0.95,3.98,0.535543,14.6451
2019-10-22,2.17,1.24,14.46,0.93,3.99,0.532552,15.122
2019-10-23,2.18,1.24,14.01,0.94,3.98,0.532506,15.1292
2019-10-24,2.17,1.23,13.71,0.94,3.96,0.534189,14.861
2019-10-25,2.16,1.24,12.65,0.92,3.89,0.537241,14.3745
2019-10-28,2.16,1.23,13.11,0.93,3.85,0.542111,13.5983
2019-10-29,2.15,1.23,13.2,0.92,3.86,0.540764,13.813
2019-10-30,2.17,1.29,12.33,0.88,3.96,0.532292,15.1633
2019-10-31,2.18,1.3,13.22,0.88,4.15,0.523398,16.5809
2019-11-01,2.16,1.29,12.3,0.87,4.09,0.527267,15.9642
2019-11-04,2.16,1.28,12.83,0.88,3.99,0.535408,14.6668
2019-11-05,2.15,1.25,13.1,0.9,3.97,0.540938,13.7854
2019-11-06,2.14,1.25,12.62,0.89,4.02,0.537065,14.4026
2019-11-07,2.13,1.23,12.73,0.9,3.96,0.546723,12.8632
2019-11-08,2.11,1.23,12.07,0.88,4,0.54954,12.2054
2019-11-11,,,12.69,,3.99,0.548857,11.1572
2019-11-12,2.1,1.22,12.68,0.88,4,0.546473,10.4133
2019-11-13,2.11,1.26,13,0.85,4.05,0.542387,10.9891
2019-11-14,2.13,1.26,13.05,0.87,4.08,0.536532,11.7446
2019-11-15,2.13,1.26,12.05,0.87,4.06,0.538728,11.3835
2019-11-18,2.14,1.27,12.46,0.87,4.09,0.537072,11.5816
2019-11-19,2.13,1.25,12.86,0.88,4.12,0.530732,12.6255
2019-11-20,2.16,1.3,12.78,0.86,4.18,0.524203,13.7003
2019-11-21,2.15,1.27,13.13,0.88,4.17,0.527627,13.1366
2019-11-22,2.14,1.26,12.34,0.88,4.13,0.528962,12.9168
2019-11-25,2.13,1.23,11.87,0.9,4.08,0.528815,12.941
2019-11-26,2.11,1.21,11.54,0.9,4.05,0.526348,13.3472
2019-11-27,2.09,1.17,11.75,0.92,3.99,0.528549,12.9849
2019-11-29,2.08,1.17,12.62,0.91,4.01,0.528523,12.6678
2019-11-30,,,,,4.02,,
2019-12-02,2.11,1.2,14.91,0.91,4.03,0.5353,11.4393
2019-12-03,2.11,1.24,15.96,0.87,4.14,0.523579,13.3784
2019-12-04,2.11,1.25,14.8,0.86,4.02,0.530451,12.2415
2019-12-05,2.09,1.21,14.52,0.88,4,0.533844,11.6802
2019-12-06,2.07,1.19,13.62,0.88,3.89,0.537556,11.066
2019-12-09,2.05,1.17,15.86,0.88,3.88,0.536393,11.2584
2019-12-10,2.01,1.15,15.68,0.86,3.84,0.537651,11.0504
2019-12-11,2.04,1.18,14.99,0.86,3.83,0.534559,11.5619
2019-12-12,2.02,1.15,13.94,0.87,3.7,0.544749,9.87605
2019-12-13,2.02,1.15,12.63,0.87,3.71,0.539074,10.815
2019-12-16,2,1.13,12.14,0.87,3.62,0.545019,9.83128
2019-12-17,1.99,1.1,12.29,0.89,3.58,0.54745,9.42914
2019-12-18,1.98,1.11,12.58,0.87,3.51,0.552987,8.51316
2019-12-19,1.96,1.09,12.5,0.87,3.54,0.551815,8.70706
2019-12-20,1.96,1.09,12.51,0.87,3.53,0.550272,8.96228
2019-12-23,1.96,1.09,12.61,0.87,3.52,0.551329,8.78738
2019-12-24,1.97,1.09,12.67,0.88,3.53,0.550197,8.97471
2019-12-26,1.97,1.1,12.65,0.87,3.53,0.549686,9.05929
2019-12-27,1.96,1.1,13.43,0.86,3.56,0.548835,9.20001
2019-12-30,1.97,1.12,14.82,0.85,3.6,0.550465,8.9303
2019-12-31,1.98,1.12,13.78,0.86,3.6,0.556416,7.94583
2020-01-02,1.98,1.12,12.47,0.86,3.56,0.552518,8.59071
2020-01-03,1.99,1.14,14.02,0.85,3.61,0.543583,10.069
2020-01-06,2.02,1.2,13.85,0.82,3.57,0.546129,9.64766
2020-01-07,2.03,1.19,13.79,0.84,3.54,0.548329,9.28367
2020-01-08,2.05,1.23,13.45,0.82,3.5,0.55248,8.59703
2020-01-09,2.03,1.19,12.54,0.84,3.49,0.551984,8.679
2020-01-10,1.99,1.16,12.56,0.83,3.48,0.547306,9.45305
2020-01-13,1.99,1.15,12.32,0.84,3.48,0.548971,9.17751
2020-01-14,1.99,1.18,12.39,0.81,3.45,0.5461,9.65251
2020-01-15,2.01,1.18,12.42,0.83,3.44,0.542625,10.2274
2020-01-16,2,1.18,12.32,0.82,3.42,0.544524,9.91322
2020-01-17,1.98,1.17,12.1,0.81,3.39,0.548784,9.20838
2020-01-20,,,,,3.38,,
2020-01-21,1.97,1.17,12.85,0.8,3.47,0.541912,10.3454
2020-01-22,1.97,1.16,12.91,0.81,3.49,0.540994,10.4972
2020-01-23,1.98,1.14,12.98,0.84,3.58,0.53559,11.3913
2020-01-24,1.98,1.12,14.56,0.86,3.68,0.52906,12.4716
2020-01-27,2.04,1.18,18.23,0.86,4.03,0.517452,14.3921
2020-01-28,2.04,1.22,16.28,0.82,3.86,0.526028,12.9733
2020-01-29,2.05,1.21,16.39,0.84,3.83,0.520636,13.8652
2020-01-30,2.08,1.25,15.49,0.83,3.95,0.521098,13.7889
2020-01-31,2.13,1.31,18.84,0.82,4.03,0.514268,14.9188
2020-02-03,2.1,1.26,17.97,0.84,3.97,0.514602,14.8635
2020-02-04,2.09,1.25,16.05,0.84,3.85,0.52474,13.1863
2020-02-05,2.07,1.24,15.15,0.83,3.75,0.53272,11.8662
2020-02-06,2.05,1.21,14.96,0.84,3.7,0.530751,12.1918
2020-02-07,2.05,1.18,15.47,0.87,3.75,0.523437,13.4019
2020-02-10,2.06,1.21,15.04,0.85,3.75,0.522703,13.5233
2020-02-11,2.05,1.21,15.18,0.84,3.65,0.525708,13.0261
2020-02-12,2.06,1.22,13.74,0.84,3.59,0.529764,12.3551
2020-02-13,2.05,1.22,14.15,0.83,3.57,0.527919,12.6603
2020-02-14,2.04,1.2,13.68,0.84,3.56,0.525559,13.0508
2020-02-17,,,,,3.56,,
2020-02-18,2.05,1.21,14.83,0.84,3.61,0.520921,13.8182
2020-02-19,2.05,1.23,14.38,0.82,3.57,0.521193,13.7732
2020-02-20,2.05,1.25,15.56,0.8,3.62,0.518021,14.2979
2020-02-21,2.09,1.28,17.08,0.81,3.66,0.512763,15.1679
2020-02-24,2.13,1.34,25.03,0.79,4.03,0.499787,17.3146
2020-02-25,2.19,1.38,27.85,0.81,4.18,0.49367,18.3267
2020-02-26,2.2,1.36,27.56,0.84,4.27,0.496812,17.8068
2020-02-27,2.27,1.4,39.16,0.87,4.62,0.484861,19.784
2020-02-28,2.38,1.57,40.11,0.81,5.04,0.476089,21.2352
2020-02-29,,,,,5.06,,
2020-03-02,2.44,1.51,33.42,0.93,4.97,0.483257,19.3002
2020-03-03,2.48,1.58,36.82,0.9,4.84,0.473829,20.6721
2020-03-04,2.47,1.53,31.99,0.94,4.75,0.48549,18.6365
2020-03-05,2.52,1.6,39.62,0.92,5.05,0.467718,21.6149
2020-03-06,2.55,1.62,41.94,0.93,5.64,0.439567,26.3328
2020-03-09,2.93,1.92,54.46,1.01,6.68,0.409551,31.3631
2020-03-10,2.93,1.91,47.3,1.02,6.38,0.438307,26.5438
2020-03-11,2.99,1.85,53.9,1.14,6.61,0.445141,25.3986
2020-03-12,3.2,2.06,75.47,1.14,7.42,0.424723,28.8204
2020-03-13,3.3,2.09,57.83,1.21,7.31,0.448207,24.8848
2020-03-16,3.38,2.15,82.69,1.23,8.38,0.397806,33.3314
2020-03-17,3.49,2.38,75.91,1.11,8.41,0.430229,27.8977
2020-03-18,3.81,2.74,76.45,1.07,9.04,0.435828,26.9594
2020-03-19,4.01,2.74,72,1.27,9.82,0.414743,30.4929
2020-03-20,4.23,3.2,66.04,1.03,10.09,0.377088,36.8036
2020-03-23,4.31,2.81,61.59,1.5,10.87,0.356348,40.2794
2020-03-24,4.19,2.6,61.67,1.59,10.55,0.37808,36.6374
2020-03-25,4.13,2.46,63.95,1.67,10.11,0.3896,34.7067
2020-03-26,4.04,2.24,61,1.8,9.29,0.405421,32.0552
2020-03-27,3.98,2.23,65.54,1.75,8.99,0.395909,33.6493
2020-03-30,3.89,2.01,57.08,1.88,8.82,0.402614,32.5256
2020-03-31,3.93,2.03,53.54,1.9,8.77,0.40267,32.5163
2020-04-01,3.97,2.14,57.06,1.83,9.11,0.386205,35.2756
2020-04-02,3.92,2.01,50.91,1.91,9.17,0.386755,35.1835
2020-04-03,3.92,2.01,46.8,1.91,9.43,0.377571,36.7226
2020-04-06,3.91,1.96,45.24,1.95,9.26,0.387773,35.0129
2020-04-07,3.79,1.8,46.7,1.99,8.88,0.391877,34.3251
2020-04-08,3.75,1.79,43.35,1.96,8.81,0.405019,32.1227
2020-04-09,3.61,1.73,41.67,1.88,7.96,0.430748,27.8107
2020-04-13,3.41,1.59,41.17,1.82,7.7,0.428489,28.1893
2020-04-14,3.36,1.47,37.76,1.89,7.35,0.430389,27.8708
2020-04-15,3.33,1.74,40.84,1.59,7.64,0.415373,30.3873
2020-04-16,3.28,1.7,40.11,1.58,7.58,0.410302,31.0424
2020-04-17,3.27,1.76,38.15,1.51,7.31,0.417991,29.7262
2020-04-20,3.28,1.73,43.83,1.55,7.52,0.408416,31.3359
2020-04-21,3.29,1.75,45.41,1.54,7.9,0.395965,33.4293
2020-04-22,3.3,1.73,41.98,1.57,7.85,0.403572,31.9795
2020-04-23,3.26,1.64,41.38,1.62,7.87,0.401238,32.3729
2020-04-24,3.25,1.7,35.93,1.55,8.03,0.396552,33.1627
2020-04-27,3.24,1.72,33.29,1.52,8.01,0.405724,31.6167
2020-04-28,3.25,1.73,33.57,1.52,8.02,0.402331,31.8492
2020-04-29,3.24,1.75,31.23,1.49,7.87,0.411556,30.1517
2020-04-30,3.23,1.74,34.15,1.49,7.63,0.417249,29.1856
2020-05-01,3.25,1.78,37.19,1.47,7.7,0.40657,30.978
2020-05-04,3.28,1.75,35.97,1.53,7.79,0.40792,30.5904
2020-05-05,3.28,1.75,33.61,1.53,7.6,0.414101,28.9034
2020-05-06,3.31,1.89,34.12,1.42,7.6,0.418502,28.1478
2020-05-07,3.34,1.89,31.44,1.45,7.6,0.41267,29.046
2020-05-08,3.37,1.85,27.98,1.52,7.52,0.422076,27.4288
2020-05-11,3.41,1.96,27.57,1.45,7.51,0.423476,26.6479
2020-05-12,3.4,1.97,33.04,1.43,7.42,0.418646,27.4845
2020-05-13,3.43,1.9,35.28,1.53,7.61,0.413535,28.3698
2020-05-14,3.41,1.88,32.61,1.53,7.77,0.408124,29.307
2020-05-15,3.41,1.87,31.89,1.54,7.78,0.40975,29.0255
2020-05-18,3.38,1.83,29.3,1.55,7.41,0.426347,26.1507
2020-05-19,3.3,1.8,30.53,1.5,7.35,0.425288,26.3341
2020-05-20,3.24,1.8,27.99,1.44,7.16,0.428512,25.4105
2020-05-21,3.18,1.77,29.53,1.41,7.08,0.427339,24.4008
2020-05-22,3.18,1.75,28.16,1.43,7.06,0.425832,24.5652
2020-05-25,,,,,7.06,,
2020-05-26,3.14,1.8,28.01,1.34,6.75,0.434861,22.9656
2020-05-27,3.11,1.79,27.62,1.32,6.7,0.436566,22.6636
2020-05-28,3.1,1.76,28.59,1.34,6.6,0.438606,22.3022
2020-05-29,3.08,1.78,27.51,1.3,6.71,0.437247,22.543
2020-05-31,,,,,6.54,,
2020-06-01,3.1,1.79,28.23,1.31,6.43,0.44354,21.4282
2020-06-02,3.08,1.77,26.84,1.31,6.18,0.449572,20.3597
2020-06-03,3.02,1.76,25.66,1.26,5.8,0.457757,18.9097
2020-06-04,2.99,1.77,25.81,1.22,5.83,0.463043,17.9732
2020-06-05,2.86,1.63,24.52,1.23,5.5,0.470769,16.6046
2020-06-08,2.81,1.6,25.81,1.21,5.51,0.469522,16.8255
2020-06-09,2.8,1.63,27.57,1.17,5.75,0.460625,18.4016
2020-06-10,2.86,1.72,27.57,1.14,5.92,0.453245,19.7089
2020-06-11,2.91,1.74,40.79,1.17,6.4,0.433423,23.2204
2020-06-12,2.91,1.71,36.09,1.2,6.28,0.441985,21.7037
2020-06-15,2.93,1.8,34.4,1.13,6.25,0.446026,20.9878
2020-06-16,2.89,1.62,33.67,1.27,5.78,0.454822,19.4296
2020-06-17,2.87,1.69,33.47,1.18,5.85,0.450839,20.1351
2020-06-18,2.86,1.66,32.94,1.2,6.01,0.445955,21.0004
2020-06-19,2.87,1.73,35.12,1.14,6.02,0.444097,21.3295
2020-06-22,2.86,1.69,31.77,1.17,6.03,0.443721,21.3961
2020-06-23,2.87,1.71,31.37,1.16,6.02,0.447422,20.7405
2020-06-24,2.89,1.71,33.84,1.18,6.23,0.438137,22.3853
2020-06-25,2.92,1.72,32.22,1.2,6.3,0.437037,22.5801
2020-06-26,2.92,1.71,34.73,1.21,6.41,0.428302,24.1275
2020-06-29,2.94,1.74,31.78,1.2,6.52,0.427224,24.3185
2020-06-30,2.93,1.68,30.43,1.25,6.44,0.433237,23.2533
2020-07-01,2.89,1.71,28.62,1.18,6.33,0.435431,22.8646
2020-07-02,2.87,1.69,27.68,1.18,6.17,0.43818,22.3777
2020-07-03,,,,,6.17,,
2020-07-06,2.83,1.64,27.94,1.19,6.03,0.443143,21.4985
2020-07-07,2.81,1.62,29.43,1.19,6.04,0.434095,23.1014
2020-07-08,2.77,1.57,28.08,1.2,6.06,0.437002,22.5863
2020-07-09,2.73,1.54,29.26,1.19,6.14,0.429214,23.966
2020-07-10,2.74,1.54,27.29,1.2,6.14,0.432851,23.3217
2020-07-13,2.74,1.54,32.19,1.2,6.01,0.429071,23.6757
2020-07-14,2.71,1.5,29.52,1.21,6.03,0.43211,23.1351
2020-07-15,2.71,1.51,27.76,1.2,5.81,0.436602,22.1527
2020-07-16,2.69,1.52,28,1.17,5.76,0.434957,22.4461
2020-07-17,2.68,1.49,25.68,1.19,5.74,0.437073,22.0687
2020-07-20,2.66,1.48,24.46,1.18,5.54,0.438611,21.7946
2020-07-21,2.63,1.47,24.84,1.16,5.33,0.440383,21.4785
2020-07-22,2.61,1.48,24.32,1.13,5.28,0.439956,21.5456
2020-07-23,2.58,1.46,26.08,1.12,5.26,0.434568,22.5063
2020-07-24,2.58,1.42,25.84,1.16,5.29,0.435004,22.4147
2020-07-27,2.56,1.41,24.74,1.15,5.24,0.437657,21.8012
2020-07-28,2.57,1.43,25.44,1.14,5.27,0.433522,22.3872
2020-07-29,2.61,1.48,24.1,1.13,5.15,0.436675,21.5201
2020-07-30,2.6,1.48,24.76,1.12,5.14,0.434735,21.8687
2020-07-31,2.6,1.48,24.46,1.12,5.16,0.435831,21.6717
2020-08-03,2.63,1.53,24.28,1.1,5.08,0.438145,21.2559
2020-08-04,2.62,1.56,23.76,1.06,5.13,0.433855,22.0269
2020-08-05,2.59,1.48,22.99,1.11,5.04,0.438453,21.2004
2020-08-06,2.57,1.49,22.65,1.08,5.06,0.43699,21.4634
2020-08-07,2.57,1.46,22.21,1.11,5.06,0.438841,21.1308
2020-08-10,2.56,1.47,22.13,1.09,5.09,0.441019,20.7392
2020-08-11,2.59,1.51,24.03,1.08,5.03,0.442292,20.5106
2020-08-12,2.55,1.48,22.28,1.07,5.1,0.446457,19.762
2020-08-13,2.59,1.58,22.13,1.01,5.16,0.450052,19.1159
2020-08-14,2.61,1.59,22.05,1.02,5.26,0.451012,18.9434
2020-08-17,2.64,1.63,21.35,1.01,5.29,0.452557,18.6657
2020-08-18,2.64,1.63,21.51,1.01,5.26,0.450034,19.1191
2020-08-19,2.65,1.65,22.54,1,5.25,0.451582,18.8409
2020-08-20,2.65,1.68,22.72,0.97,5.28,0.44902,19.3014
2020-08-21,2.64,1.66,22.54,0.98,5.25,0.446293,19.7915
2020-08-24,2.63,1.66,22.37,0.97,5.17,0.449076,19.2912
2020-08-25,2.63,1.67,22.03,0.96,5.07,0.453018,18.5828
2020-08-26,2.66,1.71,23.27,0.95,5.02,0.454705,18.2797
2020-08-27,2.71,1.72,24.47,0.99,4.98,0.461868,16.9924
2020-08-28,2.71,1.66,22.96,1.05,5,0.462592,16.8623
2020-08-31,2.67,1.7,26.41,0.97,5.02,0.458892,17.5271
2020-09-01,2.67,1.66,26.12,1.01,4.97,0.456172,18.016
2020-09-02,2.64,1.6,26.57,1.04,4.93,0.452401,18.6936
2020-09-03,2.64,1.59,33.6,1.05,5.04,0.448315,19.4281
2020-09-04,2.68,1.62,30.75,1.06,5.13,0.455752,18.0915
2020-09-07,,,,,5.13,,
2020-09-08,2.67,1.6,31.46,1.07,5.25,0.450449,19.0446
2020-09-09,2.69,1.68,28.81,1.01,5.16,0.45521,18.1888
2020-09-10,2.69,1.66,29.71,1.03,5.16,0.450769,18.987
2020-09-11,2.69,1.65,26.87,1.04,5.21,0.450717,18.9964
2020-09-14,2.66,1.64,25.85,1.02,5.18,0.450265,19.0777
2020-09-15,2.68,1.65,25.59,1.03,5.14,0.452592,18.6594
2020-09-16,2.67,1.62,26.04,1.05,5.07,0.453948,18.4158
2020-09-17,2.65,1.61,26.46,1.04,5.14,0.452083,18.7509
2020-09-18,2.66,1.6,25.83,1.06,5.16,0.452366,18.7
2020-09-21,2.66,1.6,27.78,1.06,5.42,0.446451,19.7631
2020-09-22,2.66,1.59,26.86,1.07,5.45,0.448354,19.4211
2020-09-23,2.68,1.63,28.58,1.05,5.47,0.443218,20.3442
2020-09-24,2.7,1.66,28.51,1.04,5.64,0.441792,20.6003
2020-09-25,2.74,1.65,26.38,1.09,5.64,0.440995,20.7437
2020-09-28,2.76,1.69,26.19,1.07,5.52,0.445133,19.9999
2020-09-29,2.74,1.68,26.27,1.06,5.5,0.444993,20.0251
2020-09-30,2.75,1.63,26.37,1.12,5.41,0.451128,18.9225
2020-10-01,2.75,1.65,26.7,1.1,5.36,0.451932,18.778
2020-10-02,2.76,1.67,27.63,1.09,5.38,0.453626,18.4736
2020-10-05,2.74,1.67,27.96,1.07,5.18,0.466143,16.224
2020-10-06,2.7,1.63,29.48,1.07,5.06,0.462602,16.8605
2020-10-07,2.69,1.57,28.06,1.12,5.02,0.467659,15.9516
2020-10-08,2.68,1.55,26.36,1.13,4.97,0.466192,16.2152
2020-10-09,2.67,1.55,25,1.12,4.92,0.467325,16.0116
2020-10-12,,,25.07,,4.92,0.468199,15.8546
2020-10-13,2.65,1.55,26.07,1.1,4.88,0.4628,16.8247
2020-10-14,2.64,1.54,26.4,1.1,4.89,0.460604,17.2195
2020-10-15,2.65,1.54,26.97,1.11,5.01,0.461074,17.135
2020-10-16,2.64,1.53,27.41,1.11,4.94,0.461814,17.002
2020-10-19,2.61,1.51,29.18,1.1,4.91,0.461923,16.9824
2020-10-20,2.64,1.55,29.35,1.09,4.9,0.46802,15.8866
2020-10-21,2.63,1.57,28.65,1.06,4.91,0.469587,15.6051
2020-10-22,2.61,1.56,28.11,1.05,4.88,0.475362,14.5672
2020-10-23,2.6,1.56,27.55,1.04,4.87,0.473031,14.9861
2020-10-26,2.6,1.55,32.46,1.05,5.03,0.464529,16.5141
2020-10-27,2.6,1.56,33.35,1.04,5.06,0.461652,17.0311
2020-10-28,2.62,1.54,40.28,1.08,5.29,0.457385,17.7981
2020-10-29,2.61,1.55,37.59,1.06,5.25,0.463197,16.7535
2020-10-30,2.61,1.51,38.02,1.1,5.25,0.468818,15.7433
2020-10-31,,,,,5.32,,
2020-11-02,2.6,1.5,37.13,1.1,5.25,0.466441,16.1704
2020-11-03,2.58,1.51,35.55,1.07,5.07,0.473199,14.956
2020-11-04,2.58,1.51,29.57,1.07,4.79,0.467484,15.983
2020-11-05,2.52,1.45,27.58,1.07,4.59,0.468316,15.8335
2020-11-06,2.51,1.48,24.86,1.03,4.67,0.472381,15.1028
2020-11-09,2.47,1.43,25.75,1.04,4.22,0.486202,12.619
2020-11-10,2.44,1.44,24.8,1,4.37,0.488339,12.2349
2020-11-11,,,23.45,,4.37,0.486412,12.5812
2020-11-12,2.45,1.48,25.35,0.97,4.62,0.475037,14.6255
2020-11-13,2.44,1.46,23.1,0.98,4.63,0.477288,14.2209
2020-11-16,2.42,1.44,22.45,0.98,4.5,0.481126,13.5313
2020-11-17,2.42,1.44,22.71,0.98,4.48,0.478172,14.0622
2020-11-18,2.39,1.38,23.84,1.01,4.42,0.475903,14.4698
2020-11-19,2.35,1.42,23.11,0.93,4.48,0.475066,14.6204
2020-11-20,2.35,1.41,23.7,0.94,4.49,0.470014,15.5283
2020-11-23,2.33,1.38,22.66,0.95,4.43,0.472892,15.0111
2020-11-24,2.31,1.38,21.64,0.93,4.31,0.479089,13.8973
2020-11-25,2.32,1.38,21.25,0.94,4.33,0.480346,13.6715
2020-11-26,,,,,4.33,,
2020-11-27,2.32,1.36,20.84,0.96,4.35,0.4765,14.3625
2020-11-30,2.29,1.36,20.57,0.93,4.33,0.476599,14.3448
2020-12-01,2.28,1.31,20.77,0.97,4.21,0.484975,12.8395
2020-12-02,2.24,1.3,21.17,0.94,4.17,0.490216,11.8976
2020-12-03,2.23,1.29,21.28,0.94,4.1,0.486576,12.5518
2020-12-04,2.23,1.29,20.79,0.94,4.03,0.495873,10.8808
2020-12-07,2.22,1.32,21.3,0.9,4.03,0.491214,11.7182
2020-12-08,2.22,1.33,20.68,0.89,4.03,0.488509,12.2044
2020-12-09,2.24,1.34,22.27,0.9,4.04,0.489394,12.0453
2020-12-10,2.22,1.37,22.52,0.85,4.08,0.485991,12.6568
2020-12-11,2.23,1.37,23.31,0.86,4.13,0.483775,13.0552
2020-12-14,2.24,1.35,24.72,0.89,4.07,0.485231,12.7935
2020-12-15,2.26,1.39,22.89,0.87,4.06,0.488376,12.2282
2020-12-16,2.25,1.35,22.5,0.9,4.06,0.488948,12.1254
2020-12-17,2.23,1.34,21.93,0.89,4.05,0.490977,11.7609
2020-12-18,2.24,1.37,21.57,0.87,4.03,0.492851,11.424
2020-12-21,2.23,1.33,25.16,0.9,4.18,0.489148,12.0895
2020-12-22,2.22,1.3,24.23,0.92,4.12,0.487257,12.4294
2020-12-23,2.24,1.32,23.31,0.92,4.07,0.492859,11.4226
2020-12-24,2.23,1.32,21.53,0.91,4.05,0.491933,11.5889
2020-12-28,2.22,1.31,21.7,0.91,3.89,0.492336,11.5165
2020-12-29,2.22,1.31,23.08,0.91,3.85,0.49234,11.5158
2020-12-30,2.2,1.29,22.77,0.91,3.87,0.492293,10.9
2020-12-31,2.18,1.3,22.75,0.88,3.86,0.49197,10.9523
2021-01-04,2.19,1.35,26.97,0.84,3.93,0.491548,11.0287
2021-01-05,2.23,1.32,25.34,0.91,3.92,0.495396,10.3322
2021-01-06,2.27,1.32,25.07,0.95,3.8,0.50485,8.62109
2021-01-07,2.23,1.38,22.37,0.85,3.78,0.510804,7.46042
2021-01-08,2.19,1.35,21.56,0.84,3.76,0.513222,6.51209
2021-01-11,2.15,1.33,24.08,0.82,3.82,0.511306,6.8611
2021-01-12,2.16,1.35,23.33,0.81,3.85,0.51236,6.63726
2021-01-13,2.13,1.33,22.21,0.8,3.82,0.508168,7.40116
2021-01-14,2.12,1.39,23.25,0.73,3.73,0.512855,6.54704
2021-01-15,2.13,1.35,24.34,0.78,3.74,0.510009,7.06574
2021-01-18,,,,,3.73,,
2021-01-19,2.11,1.34,23.24,0.77,3.71,0.509827,5.92062
2021-01-20,2.11,1.35,21.58,0.76,3.67,0.510259,5.68129
2021-01-21,2.12,1.41,21.32,0.71,3.65,0.513572,4.11109
2021-01-22,2.14,1.41,21.91,0.73,3.75,0.51092,4.09218
2021-01-25,2.15,1.44,23.19,0.71,3.75,0.505084,5.18767
2021-01-26,2.16,1.42,23.02,0.74,3.74,0.505286,5.14978
2021-01-27,2.16,1.38,37.21,0.78,3.85,0.502558,5.66172
2021-01-28,2.17,1.41,30.21,0.76,3.76,0.506863,4.85367
2021-01-29,2.17,1.4,33.09,0.77,3.79,0.508586,4.53022
2021-01-31,,,,,3.84,,
2021-02-01,2.19,1.44,30.24,0.75,3.83,0.509627,4.33481
2021-02-02,2.18,1.46,25.56,0.72,3.75,0.514174,3.48137
2021-02-03,2.17,1.49,22.91,0.68,3.68,0.519193,2.53913
2021-02-04,2.19,1.46,21.77,0.73,3.64,0.521659,1.71308
2021-02-05,2.18,1.44,20.87,0.74,3.58,0.526847,0.550676
2021-02-08,2.14,1.42,21.24,0.72,3.54,0.526102,0.691266
2021-02-09,2.15,1.42,21.63,0.73,3.51,0.524754,0.945726
2021-02-10,2.16,1.43,21.99,0.73,3.51,0.521167,1.62278
2021-02-11,2.18,1.44,21.25,0.74,3.5,0.524275,0.690297
2021-02-12,2.19,1.45,19.97,0.74,3.48,0.531717,0
2021-02-15,,,,,3.47,,
2021-02-16,2.15,1.42,21.46,0.73,3.41,0.539076,0
2021-02-17,2.13,1.37,21.5,0.76,3.44,0.535492,0.664978
2021-02-18,2.13,1.41,22.49,0.72,3.46,0.536931,0.397959
2021-02-19,2.14,1.42,22.05,0.72,3.41,0.544226,0
2021-02-22,2.16,1.44,23.45,0.72,3.44,0.546707,0
2021-02-23,2.2,1.51,23.11,0.69,3.47,0.549608,0
2021-02-24,2.22,1.54,21.34,0.68,3.42,0.553806,0
2021-02-25,2.12,1.42,28.89,0.7,3.42,0.557662,0
2021-02-26,2.12,1.42,27.95,0.7,3.52,0.538196,3.49055
2021-02-28,,,,,3.57,,
2021-03-01,2.13,1.4,23.35,0.73,3.54,0.551523,1.10077
2021-03-02,2.15,1.46,24.1,0.69,3.53,0.550661,1.25537
2021-03-03,2.14,1.47,26.67,0.67,3.51,0.554907,0.49399
2021-03-04,2.13,1.46,28.57,0.67,3.54,0.556383,0.229238
2021-03-05,2.13,1.41,24.66,0.72,3.6,0.556973,0.123394
2021-03-08,2.14,1.41,25.47,0.73,3.57,0.557255,0.072953
2021-03-09,2.16,1.43,24.03,0.73,3.62,0.550405,1.30121
2021-03-10,2.17,1.46,22.56,0.71,3.63,0.551027,1.18975
2021-03-11,2.18,1.48,21.91,0.7,3.52,0.557087,0.103067
2021-03-12,2.19,1.49,20.69,0.7,3.55,0.567589,0
2021-03-15,2.18,1.48,20.03,0.7,3.55,0.564337,0.573033
2021-03-16,2.19,1.5,19.79,0.69,3.55,0.565303,0.402715
2021-03-17,2.23,1.54,19.23,0.69,3.65,0.570357,0
2021-03-18,2.17,1.48,21.58,0.69,3.66,0.571791,0
2021-03-19,2.1,1.39,20.95,0.71,3.67,0.570456,0.233438
2021-03-22,2.08,1.38,18.88,0.7,3.58,0.566167,0.983571
2021-03-23,2.11,1.4,20.3,0.71,3.57,0.561686,1.76723
2021-03-24,2.1,1.38,21.2,0.72,3.51,0.559002,2.23662
2021-03-25,2.11,1.39,19.81,0.72,3.53,0.564422,1.28873
2021-03-26,2.09,1.39,18.86,0.7,3.48,0.568104,0.644818
2021-03-29,2.08,1.35,20.74,0.73,3.43,0.573297,0
2021-03-30,2.04,1.31,19.61,0.73,3.44,0.568932,0.761409
2021-03-31,2.03,1.3,19.4,0.73,3.36,0.574893,0
2021-04-01,1.98,1.22,17.33,0.76,3.33,0.566705,1.42425
2021-04-05,1.93,1.21,17.91,0.72,3.25,0.56945,0.94681
2021-04-06,1.95,1.25,18.12,0.7,3.25,0.566582,1.44573
2021-04-07,1.96,1.28,17.16,0.68,3.22,0.57036,0.788522
2021-04-08,1.98,1.29,16.95,0.69,3.21,0.565884,1.5671
2021-04-09,1.96,1.25,16.69,0.71,3.24,0.567551,1.27712
2021-04-12,1.95,1.24,16.91,0.71,3.24,0.567213,1.33597
2021-04-13,1.97,1.25,16.65,0.72,3.32,0.563382,2.00233
2021-04-14,1.98,1.26,16.99,0.72,3.25,0.564919,1.73493
2021-04-15,1.95,1.22,16.57,0.73,3.25,0.557853,2.96413
2021-04-16,1.97,1.26,16.25,0.71,3.22,0.561062,2.40594
2021-04-19,1.99,1.29,17.29,0.7,3.25,0.561776,2.28168
2021-04-20,2,1.29,18.68,0.71,3.35,0.558235,2.89756
2021-04-21,2.01,1.3,17.5,0.71,3.34,0.558975,2.76897
2021-04-22,1.99,1.29,18.71,0.7,3.34,0.555526,3.36881
2021-04-23,1.99,1.3,17.33,0.69,3.29,0.558304,2.88559
2021-04-26,1.98,1.29,17.64,0.69,3.26,0.558847,2.79107
2021-04-27,1.97,1.28,17.56,0.69,3.24,0.562991,2.07037
2021-04-28,1.98,1.29,17.28,0.69,3.26,0.563722,1.94318
2021-04-29,1.97,1.27,17.61,0.7,3.24,0.56604,1.54003
2021-04-30,1.96,1.29,18.61,0.67,3.28,0.564475,1.81216
2021-05-03,1.96,1.29,18.31,0.67,3.27,0.564357,1.83265
2021-05-04,1.97,1.29,19.48,0.68,3.32,0.560231,2.55037
2021-05-05,1.98,1.3,19.15,0.68,3.29,0.5604,2.52106
2021-05-06,1.96,1.29,18.39,0.67,3.3,0.559287,2.71468
2021-05-07,1.97,1.31,16.69,0.66,3.27,0.562445,2.16535
2021-05-10,1.98,1.32,19.66,0.66,3.26,0.566898,1.39079
2021-05-11,2.01,1.37,21.84,0.64,3.36,0.569535,0.931948
2021-05-12,2.02,1.39,27.59,0.63,3.34,0.572806,0.363099
2021-05-13,2.04,1.39,23.13,0.65,3.37,0.573967,0.161135
2021-05-14,2.03,1.37,18.81,0.66,3.35,0.570481,0.76742
2021-05-17,2.02,1.36,19.72,0.66,3.35,0.570642,0.739394
2021-05-18,2.03,1.37,21.34,0.66,3.35,0.570726,0.724874
2021-05-19,2.02,1.36,22.18,0.66,3.4,0.570595,0.747672
2021-05-20,2.02,1.35,20.67,0.67,3.42,0.568355,1.13729
2021-05-21,2.01,1.34,20.15,0.67,3.37,0.567385,1.30594
2021-05-24,2,1.33,18.4,0.67,3.37,0.56594,1.55738
2021-05-25,2.01,1.33,18.84,0.68,3.34,0.56081,2.44971
2021-05-26,1.98,1.3,17.36,0.68,3.35,0.56197,2.24794
2021-05-27,1.98,1.32,16.74,0.66,3.3,0.56398,1.89822
2021-05-28,1.99,1.32,16.76,0.67,3.29,0.564683,1.77593
2021-05-31,,,,,3.34,,
2021-06-01,1.97,1.31,17.9,0.66,3.33,0.566506,1.45893
2021-06-02,1.98,1.35,17.48,0.63,3.31,0.565911,1.56239
2021-06-03,1.96,1.33,18.04,0.63,3.28,0.566871,1.3954
2021-06-04,1.98,1.32,16.42,0.66,3.28,0.560433,2.5152
2021-06-07,1.98,1.34,16.42,0.64,3.27,0.562355,2.18096
2021-06-08,1.98,1.33,17.07,0.65,3.26,0.558814,2.79688
2021-06-09,1.96,1.31,17.89,0.65,3.22,0.554368,3.57024
2021-06-10,2,1.36,16.1,0.64,3.23,0.55207,3.9699
2021-06-11,1.97,1.33,15.65,0.64,3.21,0.553152,3.78176
2021-06-14,1.96,1.32,16.39,0.64,3.17,0.556913,3.12756
2021-06-15,1.96,1.32,17.02,0.64,3.17,0.55752,3.02194
2021-06-16,1.91,1.23,18.15,0.68,3.12,0.55723,3.07243
2021-06-17,1.84,1.19,17.75,0.65,3.15,0.549387,4.43675
2021-06-18,1.85,1.19,20.7,0.66,3.18,0.539,6.24352
2021-06-21,1.88,1.21,17.89,0.67,3.14,0.549243,4.46164
2021-06-22,1.9,1.24,16.66,0.66,3.15,0.548281,4.62912
2021-06-23,1.89,1.22,16.32,0.67,3.13,0.549132,4.48106
2021-06-24,1.88,1.22,15.97,0.66,3.08,0.549942,4.34013
2021-06-25,1.9,1.23,15.62,0.67,3.04,0.556281,3.23743
2021-06-28,1.88,1.18,15.76,0.7,3.05,0.550558,4.233
2021-06-29,1.87,1.18,16.02,0.69,3.03,0.550327,4.27318
2021-06-30,1.87,1.18,15.83,0.69,3.04,0.547949,4.68683
2021-07-01,1.86,1.16,15.48,0.7,3.02,0.548993,4.50527
2021-07-02,1.87,1.18,15.07,0.69,3.04,0.546568,4.92696
2021-07-05,,,,,3.03,,
2021-07-06,1.9,1.23,16.44,0.67,3.05,0.539929,6.08176
2021-07-07,1.89,1.24,16.2,0.65,3.05,0.535371,6.87473
2021-07-08,1.91,1.24,19,0.67,3.14,0.53213,7.43849
2021-07-09,1.91,1.25,16.18,0.66,3.07,0.540642,5.95789
2021-07-12,1.91,1.26,16.17,0.65,3.05,0.54116,5.86779
2021-07-13,1.91,1.25,17.12,0.66,3.04,0.543721,5.42229
2021-07-14,1.91,1.25,16.33,0.66,3.1,0.538471,6.33552
2021-07-15,1.92,1.24,17.01,0.68,3.14,0.532232,7.42072
2021-07-16,1.93,1.25,18.45,0.68,3.18,0.532509,7.37253
2021-07-19,1.97,1.3,22.5,0.67,3.44,0.517575,9.97016
2021-07-20,1.98,1.29,19.73,0.69,3.38,0.525254,8.63443
2021-07-21,1.96,1.27,17.91,0.69,3.24,0.533269,7.24035
2021-07-22,1.95,1.27,17.69,0.68,3.24,0.528576,8.05663
2021-07-23,1.93,1.27,17.2,0.66,3.22,0.533167,7.25801
2021-07-26,1.94,1.27,17.58,0.67,3.21,0.533961,7.12
2021-07-27,1.95,1.28,19.36,0.67,3.27,0.527601,8.22628
2021-07-28,1.96,1.26,18.31,0.7,3.26,0.527986,8.15922
2021-07-29,1.94,1.23,17.7,0.71,3.23,0.53208,7.4471
2021-07-30,1.95,1.27,18.24,0.68,3.26,0.528867,8.00608
2021-07-31,,,,,3.32,,
2021-08-02,1.95,1.28,19.46,0.67,3.36,0.522892,9.04529
2021-08-03,1.97,1.3,18.04,0.67,3.42,0.523213,8.98952
2021-08-04,1.96,1.3,17.97,0.66,3.42,0.521184,9.34251
2021-08-05,1.95,1.27,17.28,0.68,3.37,0.525055,8.66915
2021-08-06,1.94,1.27,16.15,0.67,3.32,0.533362,7.22418
2021-08-09,1.95,1.27,16.72,0.68,3.34,0.534057,7.10317
2021-08-10,1.95,1.26,16.79,0.69,3.32,0.535304,6.88643
2021-08-11,1.99,1.31,16.06,0.68,3.37,0.536495,6.67919
2021-08-12,1.99,1.3,15.59,0.69,3.34,0.5383,6.36514
2021-08-13,1.98,1.29,15.45,0.69,3.36,0.531084,7.62048
2021-08-16,1.97,1.28,16.12,0.69,3.38,0.529981,7.81225
2021-08-17,1.98,1.28,17.91,0.7,3.37,0.528983,7.98589
2021-08-18,1.97,1.26,21.57,0.71,3.35,0.526004,8.50409
2021-08-19,1.98,1.28,21.67,0.7,3.42,0.522098,9.18345
2021-08-20,1.96,1.25,18.56,0.71,3.37,0.523009,9.02494
2021-08-23,1.97,1.24,17.15,0.73,3.34,0.524976,8.68286
2021-08-24,1.95,1.24,17.22,0.71,3.26,0.529816,7.841
2021-08-25,1.93,1.23,16.79,0.7,3.22,0.534802,6.97369
2021-08-26,1.92,1.23,18.84,0.69,3.2,0.533021,7.28343
2021-08-27,1.92,1.23,16.39,0.69,3.17,0.530868,7.658
2021-08-30,1.92,1.22,16.19,0.7,3.16,0.530149,7.7831
2021-08-31,1.94,1.24,16.48,0.7,3.21,0.533902,7.1302
2021-09-01,1.92,1.23,16.11,0.69,3.19,0.533465,7.20631
2021-09-02,1.92,1.22,16.41,0.7,3.16,0.531811,7.49401
2021-09-03,1.91,1.21,16.41,0.7,3.14,0.536753,6.63433
2021-09-06,,,,,3.13,,
2021-09-07,1.91,1.21,18.14,0.7,3.16,0.539905,6.086
2021-09-08,1.91,1.2,17.96,0.71,3.16,0.536866,6.61466
2021-09-09,1.9,1.21,18.8,0.69,3.15,0.53093,7.64715
2021-09-10,1.88,1.16,20.95,0.72,3.11,0.534861,6.96343
2021-09-13,1.87,1.15,19.37,0.72,3.09,0.532969,7.29247
2021-09-14,1.87,1.14,19.46,0.73,3.11,0.526345,8.44466
2021-09-15,1.85,1.13,18.18,0.72,3.08,0.528979,7.98661
2021-09-16,1.84,1.11,18.69,0.73,3.06,0.531232,7.59462
2021-09-17,1.83,1.11,20.81,0.72,3.04,0.53313,7.26452
2021-09-20,1.84,1.11,25.71,0.73,3.23,0.524744,8.72315
2021-09-21,1.83,1.12,24.36,0.71,3.17,0.526095,8.48826
2021-09-22,1.83,1.13,20.87,0.7,3.09,0.523928,8.86522
2021-09-23,1.81,1.11,18.63,0.7,3.03,0.536284,6.71583
2021-09-24,1.8,1.12,17.75,0.68,3.05,0.540778,5.9341
2021-09-27,1.78,1.11,18.76,0.67,3.06,0.542279,5.67312
2021-09-28,1.8,1.14,23.25,0.66,3.13,0.548351,4.61687
2021-09-29,1.81,1.14,22.56,0.67,3.09,0.548402,4.60793
2021-09-30,1.85,1.18,23.14,0.67,3.15,0.547853,4.70352
2021-10-01,1.85,1.17,21.15,0.68,3.2,0.544584,5.27222
2021-10-04,1.85,1.16,22.96,0.69,3.21,0.544036,5.36742
2021-10-05,1.84,1.17,21.3,0.67,3.17,0.549089,4.48843
2021-10-06,1.84,1.16,21,0.68,3.29,0.545695,5.07889
2021-10-07,1.85,1.17,19.54,0.68,3.19,0.551526,4.06466
2021-10-08,1.84,1.16,18.77,0.68,3.2,0.553753,3.6772
2021-10-11,,,20,,3.2,0.553434,3.7328
2021-10-12,1.82,1.16,19.85,0.66,3.28,0.545136,5.17612
2021-10-13,1.79,1.1,18.64,0.69,3.25,0.541318,5.84029
2021-10-14,1.81,1.1,16.86,0.71,3.18,0.542356,5.65967
2021-10-15,1.76,1.07,16.3,0.69,3.12,0.544598,5.26973
2021-10-18,1.72,1.04,16.31,0.68,3.11,0.541808,5.75509
2021-10-19,1.72,1.05,15.7,0.67,3.09,0.549765,4.371
2021-10-20,1.75,1.08,15.49,0.67,3.07,0.553692,3.6879
2021-10-21,1.74,1.08,15.01,0.66,3.03,0.552955,3.81611
2021-10-22,1.72,1.06,15.43,0.66,3.07,0.545612,5.0934
2021-10-25,1.73,1.08,15.24,0.65,3.11,0.547389,4.78418
2021-10-26,1.71,1.07,15.98,0.64,3.09,0.543025,5.54335
2021-10-27,1.69,1.05,16.98,0.64,3.11,0.532892,7.30595
2021-10-28,1.69,1.04,16.53,0.65,3.08,0.536055,6.75565
2021-10-29,1.69,1.04,16.26,0.65,3.08,0.533012,7.28508
2021-10-31,,,,,3.15,,
2021-11-01,1.69,1.03,16.41,0.66,3.16,0.536301,6.71301
2021-11-02,1.71,1.07,16.03,0.64,3.21,0.535226,6.89993
2021-11-03,1.7,1.04,15.1,0.66,3.18,0.541874,5.74344
2021-11-04,1.73,1.05,15.44,0.68,3.19,0.537657,6.47699
2021-11-05,1.73,1.05,16.48,0.68,3.12,0.53174,7.50631
2021-11-08,1.67,0.99,17.22,0.68,3.03,0.532069,7.44906
2021-11-09,1.67,1,17.78,0.67,3.08,0.525652,8.5653
2021-11-10,1.66,1.01,18.73,0.65,3.06,0.532441,7.38432
2021-11-11,,,17.66,,3.06,0.532313,7.40654
2021-11-12,1.69,1.03,16.29,0.66,3.09,0.534847,6.96579
2021-11-15,1.7,1.03,16.49,0.67,3.1,0.541025,5.89128
2021-11-16,1.72,1.08,16.37,0.64,3.12,0.542654,5.6078
2021-11-17,1.74,1.06,17.11,0.68,3.17,0.537829,6.44714
2021-11-18,1.73,1.1,17.59,0.63,3.19,0.535382,6.87284
2021-11-19,1.73,1.09,17.91,0.64,3.24,0.52936,7.92032
2021-11-22,1.71,1.07,19.17,0.64,3.18,0.5336,7.18267
2021-11-23,1.73,1.09,19.38,0.64,3.3,0.540675,5.95202
2021-11-24,1.72,1.08,18.58,0.64,3.32,0.532008,7.45959
2021-11-25,,,,,3.32,,
2021-11-26,1.82,1.13,28.62,0.69,3.62,0.515159,10.3905
2021-11-29,1.81,1.15,22.96,0.66,3.53,0.522554,9.10411
2021-11-30,1.81,1.14,27.19,0.67,3.67,0.512575,10.84
2021-12-01,1.81,1.16,31.12,0.65,3.58,0.509504,11.3742
2021-12-02,1.8,1.15,27.95,0.65,3.54,0.512624,10.8314
2021-12-03,1.81,1.14,30.67,0.67,3.56,0.50658,11.8828
2021-12-06,1.79,1.11,27.18,0.68,3.41,0.515904,10.261
2021-12-07,1.75,1.08,21.89,0.67,3.16,0.522876,9.04815
2021-12-08,1.79,1.11,19.9,0.68,3.21,0.53195,7.46977
2021-12-09,1.81,1.16,21.58,0.65,3.25,0.526615,8.39779
2021-12-10,1.83,1.19,18.69,0.64,3.29,0.52911,7.96375
2021-12-13,1.82,1.18,20.31,0.64,3.33,0.521404,9.30419
2021-12-14,1.82,1.16,21.89,0.66,3.35,0.521745,9.24493
2021-12-15,1.83,1.2,19.29,0.63,3.33,0.528824,8.01346
2021-12-16,1.87,1.23,20.57,0.64,3.32,0.528228,8.11721
2021-12-17,1.87,1.22,21.57,0.65,3.36,0.521825,9.23093
2021-12-20,1.89,1.23,22.87,0.66,3.41,0.524851,8.70458
2021-12-21,1.88,1.22,21.01,0.66,3.25,0.529668,7.86667
2021-12-22,1.86,1.23,18.63,0.63,3.21,0.528628,8.04763
2021-12-23,1.86,1.24,17.96,0.62,3.12,0.534789,6.97593
2021-12-27,1.86,1.25,17.68,0.61,3.02,0.534046,7.10509
2021-12-28,1.86,1.22,17.54,0.64,3.01,0.535926,6.77822
2021-12-29,1.85,1.15,16.95,0.7,3.03,0.540975,5.89985
2021-12-30,1.85,1.19,17.33,0.66,3.09,0.53623,6.72531
2021-12-31,,,17.22,,3.1,0.535058,6.9292
2022-01-03,1.82,1.16,16.6,0.66,3.05,0.549228,4.46426
2022-01-04,1.84,1.16,16.91,0.68,3.09,0.550127,4.308
2022-01-05,1.8,1.13,19.73,0.67,3.07,0.548857,4.52878
2022-01-06,1.78,1.08,19.61,0.7,3.15,0.547503,4.76435
2022-01-07,1.78,1.12,18.76,0.66,3.2,0.550058,4.32002
2022-01-10,1.76,1.14,19.4,0.62,3.24,0.549155,4.47697
2022-01-11,1.76,1.11,18.41,0.65,3.18,0.54806,4.66746
2022-01-12,1.77,1.12,17.62,0.65,3.06,0.551061,4.14557
2022-01-13,1.8,1.13,20.31,0.67,3.1,0.544252,5.32988
2022-01-14,1.79,1.14,19.19,0.65,3.09,0.552088,3.96684
2022-01-17,,,,,3.09,,
2022-01-18,1.78,1.13,22.79,0.65,3.12,0.557238,3.07104
2022-01-19,1.77,1.12,23.85,0.65,3.11,0.55289,3.82734
2022-01-20,1.79,1.17,25.59,0.62,3.1,0.548474,4.59555
2022-01-21,1.84,1.2,28.85,0.64,3.29,0.542083,5.70715
2022-01-24,1.89,1.27,29.9,0.62,3.44,0.545998,5.02621
2022-01-25,1.91,1.26,31.16,0.65,3.39,0.545279,5.15131
2022-01-26,1.84,1.22,31.96,0.62,3.25,0.550073,4.31726
2022-01-27,1.86,1.2,30.49,0.66,3.46,0.537798,6.45247
2022-01-28,1.91,1.27,27.66,0.64,3.61,0.539138,6.21945
2022-01-31,1.93,1.27,24.83,0.66,3.63,0.542068,5.70983
2022-02-01,1.92,1.27,21.96,0.65,3.51,0.546032,5.02019
2022-02-02,1.91,1.27,22.09,0.64,3.45,0.545024,5.19562
2022-02-03,1.92,1.3,24.35,0.62,3.51,0.544392,5.30545
2022-02-04,1.92,1.29,23.22,0.63,3.56,0.55037,4.26568
2022-02-07,1.93,1.28,22.86,0.65,3.6,0.549621,4.39602
2022-02-08,1.91,1.25,21.44,0.66,3.55,0.552725,3.85608
2022-02-09,1.92,1.23,19.96,0.69,3.46,0.55459,3.5317
2022-02-10,1.91,1.22,23.91,0.69,3.44,0.556104,3.26826
2022-02-11,2,1.3,27.36,0.7,3.66,0.546063,5.0149
2022-02-14,2,1.28,28.33,0.72,3.74,0.552006,3.98107
2022-02-15,1.99,1.26,25.7,0.73,3.67,0.559292,2.71379
2022-02-16,2.05,1.32,24.29,0.73,3.68,0.55909,2.74882
2022-02-17,2.12,1.37,28.11,0.75,3.74,0.552626,3.87328
2022-02-18,2.13,1.37,27.75,0.76,3.78,0.547662,4.7368
2022-02-21,,,,,3.78,,
2022-02-22,2.13,1.4,28.81,0.73,3.75,0.544987,5.20203
2022-02-23,2.1,1.37,31.02,0.73,3.72,0.551601,4.05161
2022-02-24,2.24,1.4,30.32,0.84,3.93,0.555177,3.42949
2022-02-25,2.2,1.4,27.59,0.8,3.62,0.557908,2.95455
2022-02-28,2.34,1.43,30.15,0.91,3.77,0.546333,4.96783
2022-03-01,2.25,1.48,33.32,0.77,3.89,0.53858,6.31654
2022-03-02,2.24,1.46,30.74,0.78,3.71,0.558982,2.76763
2022-03-03,2.24,1.45,30.48,0.79,3.71,0.551687,4.03665
2022-03-04,2.31,1.5,31.98,0.81,3.9,0.538799,6.27844
2022-03-07,2.32,1.53,36.45,0.79,4.01,0.538206,6.38164
2022-03-08,2.35,1.55,35.13,0.8,4.03,0.541747,5.76562
2022-03-09,2.32,1.47,32.45,0.85,3.94,0.551671,4.03932
2022-03-10,2.38,1.52,30.23,0.86,4,0.555015,3.45771
2022-03-11,2.35,1.47,30.75,0.88,4.05,0.549161,4.47606
2022-03-14,2.33,1.43,31.77,0.9,4.16,0.55562,3.35251
2022-03-15,2.36,1.48,29.83,0.88,4.21,0.560767,2.45719
2022-03-16,2.23,1.37,26.67,0.86,3.96,0.56311,2.04968
2022-03-17,2.17,1.27,25.67,0.9,3.81,0.571226,0.63782
2022-03-18,2.14,1.14,23.87,1,3.81,0.566187,1.51442
2022-03-21,2.07,1.14,23.53,0.93,3.67,0.572937,0.340323
2022-03-22,2.05,1.13,22.94,0.92,3.7,0.58336,0
2022-03-23,2.03,1.19,23.57,0.84,3.72,0.56904,2.45475
2022-03-24,2.01,1.15,21.67,0.86,3.67,0.574725,1.48017
2022-03-25,1.96,1.06,20.81,0.9,3.51,0.578613,0.81376
2022-03-28,1.94,1.05,19.63,0.89,3.54,0.577305,1.0379
2022-03-29,1.91,1.06,18.9,0.85,3.38,0.58005,0.56748
2022-03-30,1.93,1.05,19.33,0.88,3.33,0.573822,1.63496
2022-03-31,1.93,1.06,20.56,0.87,3.43,0.570353,2.22966
2022-04-01,1.81,0.93,19.63,0.88,3.4,0.568149,2.60752
2022-04-04,1.81,0.91,18.57,0.9,3.33,0.576453,1.18395
2022-04-05,1.77,0.9,21.03,0.87,3.27,0.582136,0.209908
2022-04-06,1.77,0.9,22.1,0.87,3.48,0.582277,0.185592
2022-04-07,1.78,0.89,21.55,0.89,3.54,0.585752,0
2022-04-08,1.78,0.88,21.16,0.9,3.57,0.588572,0
2022-04-11,1.82,0.94,24.37,0.88,3.73,0.593937,0
2022-04-12,1.92,1.03,24.26,0.89,3.75,0.59931,0
2022-04-13,1.94,1.07,21.82,0.87,3.77,0.60167,0
2022-04-14,1.93,1.05,22.7,0.88,3.68,0.609873,0
2022-04-18,1.94,1.04,22.17,0.9,3.64,0.611925,0
2022-04-19,1.91,1.02,21.37,0.89,3.58,0.616005,0
2022-04-20,1.91,1.02,20.32,0.89,3.56,0.605739,1.66668
2022-04-21,1.93,1.02,22.68,0.91,3.5,0.606073,1.6124
2022-04-22,1.96,1.06,28.21,0.9,3.65,0.606241,1.58519
2022-04-25,2.03,1.11,27.02,0.92,3.8,0.605311,1.73609
2022-04-26,2.06,1.15,33.52,0.91,3.83,0.595754,3.28748
2022-04-27,2.05,1.15,31.6,0.9,3.89,0.600533,2.51175
2022-04-28,2.06,1.14,29.99,0.92,3.83,0.602977,2.11504
2022-04-29,2.05,1.12,33.4,0.93,3.93,0.603372,2.05084
2022-04-30,,,,,3.97,,
2022-05-02,2.08,1.19,32.34,0.89,4.05,0.614054,0.316749
2022-05-03,2.05,1.14,29.25,0.91,3.97,0.613139,0.465292
2022-05-04,2.08,1.15,25.42,0.93,4.1,0.615982,0.00382347
2022-05-05,2.1,1.23,31.2,0.87,4.03,0.622093,0
2022-05-06,2.09,1.16,30.19,0.93,4.18,0.627837,0
2022-05-09,2.17,1.23,34.75,0.94,4.47,0.615784,1.91974
2022-05-10,2.16,1.21,32.99,0.95,4.52,0.613748,2.24411
2022-05-11,2.17,1.21,32.56,0.96,4.55,0.598556,4.66392
2022-05-12,2.2,1.21,31.77,0.99,4.77,0.59944,4.52309
2022-05-13,2.24,1.26,28.87,0.98,4.63,0.609146,2.97713
2022-05-16,2.29,1.3,27.47,0.99,4.71,0.608904,3.01564
2022-05-17,2.27,1.28,26.1,0.99,4.6,0.615789,1.91903
2022-05-18,2.31,1.29,30.96,1.02,4.84,0.597979,4.75577
2022-05-19,2.37,1.34,29.35,1.03,4.92,0.600554,4.34564
2022-05-20,2.36,1.33,29.43,1.03,4.91,0.593425,5.48102
2022-05-23,2.33,1.29,28.48,1.04,4.82,0.605721,3.52261
2022-05-24,2.34,1.3,29.45,1.04,4.94,0.597559,4.8226
2022-05-25,2.29,1.26,28.37,1.03,4.74,0.604224,3.76101
2022-05-26,2.25,1.23,27.5,1.02,4.38,0.615411,1.97923
2022-05-27,2.26,1.21,25.72,1.05,4.19,0.619395,1.34459
2022-05-30,,,26.54,,4.19,,
2022-05-31,2.18,1.15,26.19,1.03,4.22,0.627343,0.0787945
2022-06-01,2.08,1.08,25.69,1,4.13,0.625736,0.334696
2022-06-02,2.1,1.1,24.72,1,4.15,0.628029,0
2022-06-03,2.09,1.1,24.79,0.99,4.21,0.624696,0.530712
2022-06-06,2.08,1.1,25.07,0.98,4.19,0.631659,0
2022-06-07,2.07,1.08,24.02,0.99,4.34,0.626351,0.840253
2022-06-08,2.07,1.1,23.96,0.97,4.34,0.626538,0.810679
2022-06-09,2.07,1.1,26.09,0.97,4.42,0.619467,1.93014
2022-06-10,2.04,1.05,27.75,0.99,4.51,0.61272,2.99831
2022-06-13,1.98,1.01,34.02,0.97,4.87,0.611408,3.20592
2022-06-14,1.99,1.01,32.69,0.98,4.9,0.623285,1.32578
2022-06-15,2.1,1.06,29.62,1.04,4.82,0.623761,1.25032
2022-06-16,2.13,1.13,32.95,1,5.17,0.60903,3.58246
2022-06-17,2.13,1.07,31.13,1.06,5.15,0.608965,3.59278
2022-06-20,,,31.03,,5.15,,
2022-06-21,2.13,1.09,30.19,1.04,5.05,0.619048,1.99651
2022-06-22,2.17,1.11,28.95,1.06,5.32,0.602317,4.64529
2022-06-23,2.2,1.12,29.05,1.08,5.38,0.601689,4.74464
2022-06-24,2.22,1.12,27.23,1.1,5.18,0.614475,2.72052
2022-06-27,2.19,1.09,26.95,1.1,5.11,0.615961,2.48519
2022-06-28,2.22,1.1,28.36,1.12,5.26,0.606364,4.00452
2022-06-29,2.24,1.11,28.16,1.13,5.62,0.596154,5.62085
2022-06-30,2.31,1.21,28.71,1.1,5.87,0.590643,6.49334
2022-07-01,2.42,1.38,26.7,1.04,5.92,0.590218,6.56071
2022-07-04,,,27.53,,5.93,,
2022-07-05,2.41,1.3,27.54,1.11,5.99,0.585063,7.37672
2022-07-06,2.39,1.24,26.73,1.15,5.8,0.5928,6.1519
2022-07-07,2.33,1.19,26.08,1.14,5.5,0.607809,3.7757
2022-07-08,2.31,1.14,24.64,1.17,5.36,0.615111,2.61981
2022-07-11,2.32,1.12,26.17,1.2,5.44,0.601291,4.80765
2022-07-12,2.31,1.17,27.29,1.14,5.43,0.600148,4.98864
2022-07-13,2.32,1.15,26.82,1.17,5.47,0.59271,6.16617
2022-07-14,2.31,1.13,26.4,1.18,5.53,0.596465,5.57163
2022-07-15,2.3,1.14,24.23,1.16,5.39,0.600685,4.90364
2022-07-18,2.28,1.11,25.3,1.17,5.25,0.60114,4.8316
2022-07-19,2.26,1.1,24.5,1.16,5.1,0.612403,3.04844
2022-07-20,2.2,1.04,23.88,1.16,4.9,0.61346,2.88109
2022-07-21,2.23,1.06,23.11,1.17,4.99,0.610176,3.40107
2022-07-22,2.28,1.14,23.03,1.14,4.96,0.599307,5.1217
2022-07-25,2.31,1.16,23.36,1.15,4.95,0.605072,4.20907
2022-07-26,2.29,1.15,24.69,1.14,5.06,0.600362,4.95479
2022-07-27,2.3,1.12,23.24,1.18,5.07,0.610397,3.36599
2022-07-28,2.42,1.22,22.33,1.2,4.98,0.611776,3.1478
2022-07-29,2.36,1.18,21.33,1.18,4.77,0.615253,2.59731
2022-07-31,,,,,4.83,,
2022-08-01,2.38,1.2,22.84,1.18,4.8,0.600969,4.85862
2022-08-02,2.29,1.15,23.93,1.14,4.61,0.611124,3.25097
2022-08-03,2.29,1.18,21.95,1.11,4.54,0.606926,3.91549
2022-08-04,2.32,1.21,21.44,1.11,4.55,0.60876,3.6252
2022-08-05,2.29,1.2,21.15,1.09,4.44,0.620423,1.77881
2022-08-08,2.26,1.2,21.29,1.06,4.41,0.611116,3.2522
2022-08-09,2.26,1.15,21.77,1.11,4.46,0.608945,3.59597
2022-08-10,2.29,1.19,19.74,1.1,4.33,0.622119,1.51025
2022-08-11,2.29,1.2,20.2,1.09,4.21,0.633324,0
2022-08-12,2.27,1.21,19.53,1.06,4.25,0.632576,0.118146
2022-08-15,2.27,1.17,19.95,1.1,4.24,0.632001,0.208988
2022-08-16,2.27,1.2,19.69,1.07,4.25,0.626429,1.08879
2022-08-17,2.24,1.19,19.9,1.05,4.33,0.626498,1.07785
2022-08-18,2.24,1.2,19.56,1.04,4.37,0.626538,1.07154
2022-08-19,2.25,1.2,20.6,1.05,4.45,0.63032,0.474342
2022-08-22,2.24,1.16,23.8,1.08,4.62,0.625296,1.26762
2022-08-23,2.24,1.18,24.11,1.06,4.68,0.630326,0.47332
2022-08-24,2.23,1.16,22.82,1.07,4.61,0.635723,0
2022-08-25,2.21,1.14,21.78,1.07,4.6,0.632898,0.444456
2022-08-26,2.19,1.12,25.56,1.07,4.65,0.617813,2.81731
2022-08-29,2.19,1.11,26.21,1.08,4.78,0.620583,2.38157
2022-08-30,2.17,1.11,26.21,1.06,4.9,0.614291,3.37125
2022-08-31,2.18,1.12,25.87,1.06,5.03,0.616827,2.97237
2022-09-01,2.22,1.15,25.56,1.07,5.08,0.629992,0.901545
2022-09-02,2.24,1.18,25.47,1.06,5.06,0.626026,1.52535
2022-09-05,,,25.99,,5.07,,
2022-09-06,2.27,1.22,26.91,1.05,4.98,0.640198,0
2022-09-07,2.24,1.16,24.64,1.08,4.97,0.639331,0.135571
2022-09-08,2.25,1.19,23.61,1.06,4.8,0.648792,0
2022-09-09,2.2,1.14,22.79,1.06,4.57,0.649926,0
2022-09-12,2.2,1.09,23.87,1.11,4.5,0.657299,0
2022-09-13,2.18,1.08,27.27,1.1,4.68,0.640853,2.50208
2022-09-14,2.15,1.04,26.16,1.11,4.74,0.639604,2.69207
2022-09-15,2.12,1.03,26.27,1.09,4.77,0.635976,3.24391
2022-09-16,2.18,1.08,26.3,1.1,5,0.64349,2.10081
2022-09-19,2.15,1.03,25.76,1.12,4.88,0.644413,1.96037
2022-09-20,2.13,1.02,27.16,1.11,4.88,0.644262,1.98336
2022-09-21,2.12,1,27.99,1.12,4.87,0.631756,3.88607
2022-09-22,2.08,0.95,27.35,1.13,4.91,0.644438,1.95666
2022-09-23,2.09,0.97,29.92,1.12,5.12,0.633646,3.59854
2022-09-26,2.01,0.86,32.26,1.15,5.18,0.63838,2.87829
2022-09-27,2.08,0.95,32.6,1.13,5.22,0.654263,0.461853
2022-09-28,2.25,1.09,30.18,1.16,5.47,0.644371,1.96683
2022-09-29,2.27,1.13,31.84,1.14,5.5,0.641639,2.38245
2022-09-30,2.24,1.08,31.62,1.16,5.43,0.64704,1.5607
2022-10-03,2.29,1.17,30.1,1.12,5.43,0.645267,1.8304
2022-10-04,2.27,1.15,29.07,1.12,5.12,0.661011,0
2022-10-05,2.22,1.1,28.55,1.12,5.09,0.664759,0
2022-10-06,2.16,1.04,30.52,1.12,4.95,0.666466,0
2022-10-07,2.17,1.01,31.36,1.16,5.02,0.664795,0.250736
2022-10-10,,,32.45,,5.03,0.667055,0
2022-10-11,2.23,1.11,33.63,1.12,5.25,0.666166,0.133137
2022-10-12,2.27,1.2,33.57,1.07,5.31,0.664026,0.453981
2022-10-13,2.28,1.11,31.94,1.17,5.25,0.671939,0
2022-10-14,2.28,1.09,32.02,1.19,5.15,0.675356,0
2022-10-17,2.28,1.08,31.37,1.2,5.04,0.687013,0
2022-10-18,2.28,1.1,30.5,1.18,4.95,0.690235,0
2022-10-19,2.25,1.1,30.76,1.15,4.97,0.696282,0
2022-10-20,2.24,1.07,29.98,1.17,4.89,0.704467,0
2022-10-21,2.36,1.17,29.69,1.19,4.99,0.724291,0
2022-10-24,2.34,1.16,29.85,1.18,4.91,0.73083,0
2022-10-25,2.37,1.2,28.46,1.17,4.88,0.717009,1.89121
2022-10-26,2.33,1.17,27.28,1.16,4.8,0.708755,3.0206
2022-10-27,2.34,1.17,27.39,1.17,4.76,0.706568,3.31983
2022-10-28,2.3,1.11,25.75,1.19,4.54,0.716941,1.90045
2022-10-31,2.28,1.08,25.88,1.2,4.63,0.711239,2.68064
2022-11-01,2.22,1.02,25.81,1.2,4.61,0.708893,3.00174
2022-11-02,2.18,0.98,25.86,1.2,4.62,0.7055,3.46598
2022-11-03,2.19,1.03,25.3,1.16,4.81,0.704271,3.63415
2022-11-04,2.22,1.06,24.55,1.16,4.77,0.721252,1.31063
2022-11-07,2.22,1.07,24.35,1.15,4.71,0.72842,0.329776
2022-11-08,2.23,1.08,25.54,1.15,4.79,0.719849,1.50257
2022-11-09,2.33,1.17,26.09,1.16,4.99,0.708918,2.99831
2022-11-10,2.36,1.2,23.53,1.16,4.8,0.703907,3.6839
2022-11-11,,,22.52,,4.81,0.708972,2.99095
2022-11-14,2.27,1.1,23.73,1.17,4.67,0.705463,3.47098
2022-11-15,2.23,1.06,24.54,1.17,4.64,0.700337,4.17249
2022-11-16,2.24,1.08,24.11,1.16,4.71,0.683878,6.42454
2022-11-17,2.18,1,23.93,1.18,4.75,0.688199,5.83334
2022-11-18,2.13,0.96,23.12,1.17,4.65,0.694461,4.97644
2022-11-21,2.08,0.92,22.36,1.16,4.64,0.691267,5.41344
2022-11-22,2.07,0.93,21.29,1.14,4.57,0.686554,6.0583
2022-11-23,2.02,0.85,20.35,1.17,4.51,0.678577,7.14985
2022-11-24,,,20.42,,4.51,,
2022-11-25,2.06,0.87,20.5,1.19,4.52,0.679526,7.01995
2022-11-28,2.05,0.88,22.21,1.17,4.63,0.670479,8.25788
2022-11-29,2.06,0.88,21.89,1.18,4.63,0.681359,6.76914
2022-11-30,2.15,0.98,20.58,1.17,4.55,0.686549,6.05905
2022-12-01,2.09,0.9,19.84,1.19,4.48,0.667758,8.63017
2022-12-02,2.03,0.85,19.06,1.18,4.5,0.658943,9.83637
2022-12-05,1.99,0.81,20.75,1.18,4.43,0.661935,9.427
2022-12-06,1.97,0.8,22.17,1.17,4.57,0.65116,10.9013
2022-12-07,1.95,0.79,22.68,1.16,4.68,0.639669,12.4737
2022-12-08,1.91,0.72,22.29,1.19,4.55,0.641939,12.1631
2022-12-09,1.9,0.74,22.83,1.16,4.46,0.659085,9.81697
2022-12-12,1.88,0.71,25,1.17,4.4,0.659523,9.75702
2022-12-13,1.91,0.75,22.55,1.16,4.34,0.65998,9.69454
2022-12-14,1.95,0.79,21.14,1.16,4.37,0.65346,10.5867
2022-12-15,1.97,0.8,22.83,1.17,4.54,0.648465,11.2701
2022-12-16,1.98,0.84,22.62,1.14,4.67,0.652293,10.7463
2022-12-19,1.98,0.81,22.42,1.17,4.67,0.660063,9.68321
2022-12-20,1.99,0.84,21.48,1.15,4.68,0.670275,8.28584
2022-12-21,2.01,0.86,20.07,1.15,4.56,0.674285,7.73717
2022-12-22,1.99,0.84,21.97,1.15,4.61,0.67026,8.28794
2022-12-23,2,0.85,20.87,1.15,4.59,0.681973,6.68515
2022-12-27,2.02,0.85,21.65,1.17,4.55,0.688529,5.78815
2022-12-28,2.01,0.84,22.14,1.17,4.77,0.683295,6.50426
2022-12-29,2.01,0.85,21.44,1.16,4.81,0.68437,6.35715
2022-12-30,1.99,0.82,21.67,1.17,4.79,0.692634,5.22641
2022-12-31,,,,,4.81,,
2023-01-03,2.03,0.9,22.9,1.13,4.7,0.680955,6.82446
2023-01-04,2.07,0.9,22.01,1.17,4.62,0.679492,7.02467
2023-01-05,2.03,0.85,22.46,1.18,4.58,0.675303,7.59784
2023-01-06,2.07,0.91,21.13,1.16,4.47,0.672543,7.97551
2023-01-09,2.02,0.89,21.97,1.13,4.37,0.671372,8.1357
2023-01-10,2.02,0.9,20.58,1.12,4.33,0.68186,6.7006
2023-01-11,1.99,0.86,21.09,1.13,4.3,0.675388,7.58619
2023-01-12,1.97,0.86,18.83,1.11,4.29,0.666088,8.85869
2023-01-13,1.95,0.85,18.35,1.1,4.21,0.67239,7.99644
2023-01-16,,,19.49,,4.19,,
2023-01-17,1.91,0.8,19.36,1.11,4.19,0.674469,7.71197
2023-01-18,1.96,0.86,20.34,1.1,4.25,0.659288,9.78923
2023-01-19,1.99,0.88,20.52,1.11,4.39,0.659537,9.75516
2023-01-20,1.98,0.88,19.85,1.1,4.35,0.671728,8.087
2023-01-23,1.96,0.87,19.81,1.09,4.27,0.674817,7.66441
2023-01-24,1.94,0.87,19.2,1.07,4.33,0.665687,8.91355
2023-01-25,1.96,0.89,19.08,1.07,4.35,0.663988,9.14607
2023-01-26,1.91,0.85,18.73,1.06,4.24,0.668756,8.49369
2023-01-27,1.88,0.82,18.51,1.06,4.23,0.668429,8.53838
2023-01-30,1.87,0.83,19.94,1.04,4.26,0.667182,8.7091
2023-01-31,1.9,0.89,19.4,1.01,4.3,0.667046,8.72766
2023-02-01,1.91,0.9,17.87,1.01,4.31,0.666047,8.8644
2023-02-02,1.88,0.88,18.73,1,3.94,0.669,8.46036
2023-02-03,1.83,0.82,18.33,1.01,3.95,0.67203,8.04564
2023-02-06,1.77,0.78,19.43,0.99,3.99,0.672701,7.95395
2023-02-07,1.78,0.79,18.66,0.99,3.99,0.680555,6.87923
2023-02-08,1.83,0.83,19.63,1,4.07,0.674487,7.70956
2023-02-09,1.84,0.83,20.71,1.01,4.05,0.676538,7.42893
2023-02-10,1.85,0.86,20.53,0.99,4.24,0.678928,7.10186
2023-02-13,1.84,0.83,20.34,1.01,4.23,0.674973,7.64301
2023-02-14,1.81,0.78,18.91,1.03,4.15,0.67671,7.40528
2023-02-15,1.82,0.78,18.23,1.04,4.18,0.681988,6.68317
2023-02-16,1.84,0.78,20.17,1.06,4.24,0.686245,6.10065
2023-02-17,1.89,0.83,20.02,1.06,4.38,0.683609,6.46139
2023-02-20,,,21.23,,4.38,,
2023-02-21,1.87,0.81,22.87,1.06,4.49,0.686407,6.07844
2023-02-22,1.85,0.78,22.29,1.07,4.41,0.684621,6.3229
2023-02-23,1.86,0.8,21.14,1.06,4.3,0.684694,6.31283
2023-02-24,1.86,0.8,21.67,1.06,4.28,0.68953,5.65117
2023-02-27,1.87,0.81,20.95,1.06,4.21,0.692258,5.27795
2023-02-28,1.9,0.84,20.7,1.06,4.22,0.687836,5.883
2023-03-01,1.84,0.77,20.58,1.07,4.17,0.693334,5.13061
2023-03-02,1.82,0.75,19.59,1.07,4.18,0.700389,4.16531
2023-03-03,1.79,0.71,18.49,1.08,4.05,0.69085,5.47058
2023-03-06,1.79,0.72,18.61,1.07,3.97,0.696248,4.73193
2023-03-07,1.79,0.73,19.59,1.06,3.98,0.687095,5.98429
2023-03-08,1.79,0.74,19.11,1.05,4.09,0.683182,6.51971
2023-03-09,1.85,0.8,22.61,1.05,4.27,0.677725,7.26648
2023-03-10,1.96,0.88,24.8,1.08,4.61,0.655222,10.3456
2023-03-13,2.14,1.06,26.52,1.08,5.03,0.650175,11.0362
2023-03-14,2.11,1.04,23.73,1.07,4.74,0.665841,8.8926
2023-03-15,2.22,1.09,26.14,1.13,5.2,0.651095,10.9103
2023-03-16,2.16,1.03,22.99,1.13,4.93,0.660524,9.62007
2023-03-17,2.21,1.08,25.51,1.13,5.17,0.646878,11.4872
2023-03-20,2.19,1.05,24.15,1.14,5.15,0.650839,10.9452
2023-03-21,2.11,1,21.38,1.11,4.85,0.663658,9.19124
2023-03-22,2.16,1.05,22.26,1.11,5,0.655546,10.3012
2023-03-23,2.26,1.15,22.61,1.11,5.1,0.652979,10.6525
2023-03-24,2.24,1.06,21.74,1.18,5.22,0.648906,11.2097
2023-03-27,2.19,1.01,20.6,1.18,5.03,0.66289,9.29634
2023-03-28,2.19,0.96,19.97,1.23,5.01,0.661325,9.51047
2023-03-29,2.15,0.95,19.12,1.2,4.83,0.670964,8.19149
2023-03-30,2.11,0.93,19.02,1.18,4.74,0.671846,8.0709
2023-03-31,2.11,0.9,18.7,1.21,4.58,0.669104,8.44611
2023-04-03,2.11,0.92,18.55,1.19,4.58,0.665458,8.94495
2023-04-04,2.1,1.06,19,1.04,4.73,0.660227,9.66073
2023-04-05,2.14,1.08,19.08,1.06,4.84,0.649733,11.0966
2023-04-06,2.11,1.06,18.4,1.05,4.84,0.650928,10.9331
2023-04-10,2.09,1.04,18.97,1.05,4.7,0.660977,9.55803
2023-04-11,2.05,1,19.1,1.05,4.63,0.661029,9.55095
2023-04-12,2.08,1.04,19.09,1.04,4.62,0.661534,9.48189
2023-04-13,2.07,1.03,17.8,1.04,4.49,0.671312,8.14394
2023-04-14,2.05,1,17.07,1.05,4.43,0.676252,7.46799
2023-04-17,2.02,0.96,16.95,1.06,4.41,0.682574,6.60289
2023-04-18,2.01,0.94,16.83,1.07,4.37,0.680603,6.87259
2023-04-19,2.01,0.93,16.46,1.08,4.41,0.678538,7.1552
2023-04-20,2.05,0.98,17.17,1.07,4.54,0.672156,8.0284
2023-04-21,2.04,0.97,16.77,1.07,4.46,0.678034,7.22422
2023-04-24,2.04,0.96,16.89,1.08,4.48,0.673418,7.85573
2023-04-25,2.09,1.02,18.76,1.07,4.64,0.6626,9.33601
2023-04-26,2.11,1.03,18.84,1.08,4.63,0.667152,8.71313
2023-04-27,2.07,1,17.03,1.07,4.48,0.67609,7.49015
2023-04-28,2.08,1.01,15.78,1.07,4.5,0.668196,8.57034
2023-04-30,,,,,4.53,,
2023-05-01,2.06,1.02,16.08,1.04,4.45,0.68488,6.28737
2023-05-02,2.16,1.09,17.78,1.07,4.7,0.667601,8.65167
2023-05-03,2.2,1.14,18.34,1.06,4.79,0.66354,9.20742
2023-05-04,2.24,1.18,20.09,1.06,4.95,0.668184,8.57194
2023-05-05,2.2,1.12,17.19,1.08,4.77,0.674019,7.77355
2023-05-08,2.2,1.12,16.98,1.08,4.72,0.681679,6.72537
2023-05-09,2.21,1.13,17.71,1.08,4.74,0.682384,6.62895
2023-05-10,2.26,1.17,16.94,1.09,4.78,0.679915,6.96676
2023-05-11,2.25,1.15,16.93,1.1,4.81,0.671723,8.08764
2023-05-12,2.21,1.09,17.03,1.12,4.76,0.674943,7.64715
2023-05-15,2.27,1.16,17.12,1.11,4.77,0.681824,6.70555
2023-05-16,2.28,1.19,17.99,1.09,4.79,0.679099,7.0785
2023-05-17,2.26,1.16,16.87,1.1,4.75,0.682929,6.55442
2023-05-18,2.2,1.08,16.05,1.12,4.69,0.688397,5.80613
2023-05-19,2.18,1.06,16.81,1.12,4.62,0.694048,5.03291
2023-05-22,2.19,1.06,17.21,1.13,4.54,0.699626,4.26967
2023-05-23,2.19,1.07,18.53,1.12,4.6,0.693968,5.04394
2023-05-24,2.18,1.07,20.03,1.11,4.68,0.692527,5.24107
2023-05-25,2.1,0.98,19.14,1.12,4.58,0.693783,5.06926
2023-05-26,2.1,0.97,17.95,1.13,4.53,0.692433,5.25391
2023-05-29,,,17.46,,4.54,,
2023-05-30,2.14,1.02,17.46,1.12,4.58,0.688548,5.78559
2023-05-31,2.16,1.03,17.94,1.13,4.69,0.680485,6.88881
2023-06-01,2.15,1.03,15.65,1.12,4.65,0.681897,6.69558
2023-06-02,2.11,0.99,14.6,1.12,4.37,0.692983,5.17869
2023-06-05,2.1,1,14.73,1.1,4.39,0.693718,5.07812
2023-06-06,2.08,0.97,13.96,1.11,4.39,0.690764,5.48234
2023-06-07,2.06,0.95,13.94,1.11,4.33,0.69732,4.58519
2023-06-08,2.07,0.96,13.65,1.11,4.39,0.693621,5.09134
2023-06-09,2.05,0.95,13.83,1.1,4.29,0.694761,4.93546
2023-06-12,2.1,0.99,15.01,1.11,4.34,0.69198,5.31596
2023-06-13,2,0.9,14.61,1.1,4.18,0.699729,4.25569
2023-06-14,1.94,0.85,13.88,1.09,4.18,0.694452,4.97772
2023-06-15,2.02,0.91,14.5,1.11,4.21,0.691157,5.42859
2023-06-16,1.96,0.85,13.54,1.11,4.15,0.692096,5.30007
2023-06-19,,,14.19,,4.15,,
2023-06-20,1.95,0.85,13.88,1.1,4.22,0.685505,6.20188
2023-06-21,1.96,0.85,13.2,1.11,4.32,0.682112,6.6662
2023-06-22,1.94,0.84,12.91,1.1,4.3,0.688408,5.8047
2023-06-23,1.96,0.86,13.44,1.1,4.4,0.68042,6.89773
2023-06-26,1.98,0.88,14.25,1.1,4.45,0.680063,6.94658
2023-06-27,1.94,0.85,13.74,1.09,4.3,0.684138,6.3889
2023-06-28,1.96,0.86,13.43,1.1,4.27,0.685166,6.24825
2023-06-29,1.92,0.82,13.54,1.1,4.14,0.695897,4.78
2023-06-30,1.88,0.79,13.59,1.09,4.05,0.691099,5.43651
2023-07-03,1.85,0.77,13.57,1.08,3.99,0.69395,5.04635
2023-07-04,,,13.7,,3.99,,
2023-07-05,1.83,0.74,14.18,1.09,4.01,0.698446,4.43115
2023-07-06,1.8,0.7,15.44,1.1,4.1,0.703318,3.76461
2023-07-07,1.81,0.71,14.83,1.1,4.08,0.708247,3.09004
2023-07-10,1.86,0.79,15.07,1.07,4.13,0.710865,2.7319
2023-07-11,1.84,0.78,14.84,1.06,4.05,0.71104,2.70795
2023-07-12,1.88,0.82,13.54,1.06,3.95,0.708679,3.03098
2023-07-13,1.91,0.84,13.61,1.07,3.97,0.705502,3.46566
2023-07-14,1.87,0.8,13.34,1.07,3.9,0.704522,3.59976
2023-07-17,1.9,0.81,13.48,1.09,3.97,0.705487,3.46781
2023-07-18,1.89,0.81,13.3,1.08,3.9,0.704259,3.63572
2023-07-19,1.87,0.78,13.76,1.09,3.89,0.696946,4.63648
2023-07-20,1.85,0.77,13.99,1.08,3.9,0.702429,3.88613
2023-07-21,1.85,0.78,13.6,1.07,3.89,0.703997,3.6716
2023-07-24,1.84,0.76,13.91,1.08,3.82,0.705348,3.48684
2023-07-25,1.81,0.73,13.86,1.08,3.84,0.706203,3.36979
2023-07-26,1.83,0.76,13.19,1.07,3.91,0.708321,3.08
2023-07-27,1.78,0.73,14.41,1.05,3.78,0.716631,1.94298
2023-07-28,1.8,0.72,13.33,1.08,3.82,0.717063,1.88379
2023-07-31,1.77,0.69,13.63,1.08,3.79,0.717052,1.88525
2023-08-01,1.77,0.71,13.93,1.06,3.82,0.725389,0.744573
2023-08-02,1.82,0.75,16.09,1.07,3.96,0.730096,0.100537
2023-08-03,1.84,0.8,15.92,1.04,3.98,0.744929,0
2023-08-04,1.9,0.83,17.1,1.07,4.01,0.736305,1.15778
2023-08-07,1.9,0.85,15.77,1.05,3.97,0.745018,0
2023-08-08,1.93,0.87,15.99,1.06,4,0.73804,0.936599
2023-08-09,1.92,0.85,15.96,1.07,3.94,0.734342,1.43299
2023-08-10,1.89,0.83,15.85,1.06,3.83,0.746433,0
2023-08-11,1.87,0.81,14.84,1.06,3.83,0.747058,0
2023-08-14,1.84,0.76,14.82,1.08,3.79,0.748606,0
2023-08-15,1.86,0.79,16.46,1.07,3.85,0.750781,0
2023-08-16,1.84,0.77,16.78,1.07,3.81,0.754367,0
2023-08-17,1.87,0.81,17.89,1.06,3.95,0.754438,0
2023-08-18,1.89,0.83,17.3,1.06,4.02,0.752291,0.284513
2023-08-21,1.88,0.82,17.13,1.06,3.97,0.762249,0
2023-08-22,1.82,0.76,16.97,1.06,3.93,0.756852,0.70801
2023-08-23,1.83,0.78,15.98,1.05,3.92,0.744533,2.32415
2023-08-24,1.8,0.73,17.2,1.07,3.91,0.745361,2.21553
2023-08-25,1.76,0.7,15.68,1.06,3.9,0.746035,2.1271
2023-08-28,1.82,0.73,15.08,1.09,3.86,0.748048,1.86301
2023-08-29,1.84,0.76,14.45,1.08,3.87,0.745006,2.26211
2023-08-30,1.82,0.75,13.88,1.07,3.8,0.745483,2.19956
2023-08-31,1.83,0.76,13.57,1.07,3.85,0.741674,2.69915
2023-09-01,1.82,0.76,13.09,1.06,3.81,0.754828,0.973529
2023-09-04,,,13.82,,3.81,,
2023-09-05,1.84,0.76,14.01,1.08,3.83,0.760565,0.220875
2023-09-06,1.79,0.73,14.45,1.06,3.86,0.756869,0.705697
2023-09-07,1.81,0.75,14.4,1.06,3.9,0.757312,0.647704
2023-09-08,1.79,0.74,13.84,1.05,3.85,0.754119,1.06648
2023-09-11,1.8,0.75,13.8,1.05,3.82,0.760916,0.174875
2023-09-12,1.79,0.74,14.23,1.05,3.84,0.755341,0.906164
2023-09-13,1.81,0.75,13.48,1.06,3.85,0.757526,0.619621
2023-09-14,1.8,0.76,12.82,1.04,3.78,0.763951,0
2023-09-15,1.78,0.74,13.79,1.04,3.79,0.765762,0
2023-09-18,1.77,0.76,14,1.01,3.82,0.761932,0.500168
2023-09-19,1.75,0.73,14.11,1.02,3.82,0.765232,0.0691693
2023-09-20,1.73,0.72,15.14,1.01,3.77,0.762235,0.460573
2023-09-21,1.66,0.72,17.54,0.94,3.89,0.776747,0
2023-09-22,1.73,0.71,17.2,1.02,3.93,0.771901,0.62379
2023-09-25,1.75,0.74,16.9,1.01,3.97,0.790307,0
2023-09-26,1.77,0.76,18.94,1.01,4.04,0.789629,0.0858261
2023-09-27,1.77,0.77,18.22,1,4.03,0.79266,0
2023-09-28,1.8,0.79,17.34,1.01,4.09,0.79401,0
2023-09-29,1.78,0.77,17.52,1.01,4.03,0.792737,0.160255
2023-09-30,,,,,4.03,,
2023-10-02,1.78,0.77,17.61,1.01,4.11,0.801343,0
2023-10-03,1.82,0.79,19.78,1.03,4.26,0.810645,0
2023-10-04,1.83,0.82,18.58,1.01,4.37,0.803466,0.885542
2023-10-05,1.85,0.84,18.49,1.01,4.38,0.808271,0.292846
2023-10-06,1.84,0.82,17.45,1.02,4.33,0.819313,0
2023-10-09,,,17.7,,4.34,0.806471,1.56742
2023-10-10,1.83,0.81,17.03,1.02,4.26,0.807368,1.45787
2023-10-11,1.82,0.8,16.09,1.02,4.25,0.790742,3.48714
2023-10-12,1.83,0.82,16.69,1.01,4.25,0.808461,1.32449
2023-10-13,1.82,0.8,19.32,1.02,4.3,0.793595,3.13896
2023-10-16,1.83,0.81,17.21,1.02,4.27,0.806353,1.58175
2023-10-17,1.8,0.76,17.88,1.04,4.25,0.811529,0.950042
2023-10-18,1.78,0.74,19.22,1.04,4.32,0.814773,0.55413
2023-10-19,1.82,0.81,21.4,1.01,4.37,0.8288,0
2023-10-20,1.88,0.87,21.71,1.01,4.52,0.825844,0.356685
2023-10-23,1.85,0.84,20.37,1.01,4.51,0.819329,1.14273
2023-10-24,1.84,0.84,18.97,1,4.41,0.812817,1.92854
2023-10-25,1.83,0.82,20.19,1.01,4.37,0.826858,0.234401
2023-10-26,1.82,0.82,20.68,1,4.5,0.817186,1.40137
2023-10-27,1.88,0.87,21.27,1.01,4.53,0.819653,1.10371
2023-10-30,1.86,0.85,19.75,1.01,4.5,0.823589,0.62879
2023-10-31,1.85,0.84,18.14,1.01,4.42,0.829801,0
2023-11-01,1.91,0.9,16.87,1.01,4.47,0.819933,1.18918
2023-11-02,1.84,0.83,15.66,1.01,4.15,0.81068,2.30427
2023-11-03,1.86,0.86,14.91,1,4.04,0.813089,2.01404
2023-11-06,1.84,0.84,14.89,1,4,0.817742,1.45319
2023-11-07,1.83,0.83,14.81,1,4.08,0.805965,2.87252
2023-11-08,1.84,0.83,14.45,1.01,4.08,0.792893,4.44777
2023-11-09,1.83,0.82,15.29,1.01,4.04,0.806526,2.80491
2023-11-10,1.8,0.79,14.17,1.01,4.03,0.805954,2.87387
2023-11-13,1.79,0.78,14.76,1.01,4.03,0.807025,2.74473
2023-11-14,1.83,0.8,14.16,1.03,3.92,0.797136,3.93648
2023-11-15,1.8,0.78,14.18,1.02,3.89,0.805888,2.88184
2023-11-16,1.81,0.8,14.32,1.01,4.02,0.797063,3.94534
2023-11-17,1.78,0.77,13.8,1.01,3.99,0.795154,4.17535
2023-11-20,1.76,0.75,13.41,1.01,3.92,0.791171,4.65529
2023-11-21,1.77,0.76,13.35,1.01,3.95,0.792579,4.4857
2023-11-22,1.71,0.72,12.85,0.99,3.9,0.791157,4.65698
2023-11-23,,,12.8,,3.9,,
2023-11-24,1.72,0.73,12.46,0.99,3.85,0.799731,3.62376
2023-11-27,1.71,0.69,12.69,1.02,3.89,0.787746,5.06806
2023-11-28,1.75,0.72,12.69,1.03,3.9,0.789651,4.83856
2023-11-29,1.72,0.72,12.98,1,3.8,0.784086,5.5092
2023-11-30,1.67,0.64,12.92,1.03,3.84,0.791784,4.58148
2023-12-01,1.71,0.71,12.63,1,3.87,0.783582,5.56992
2023-12-04,1.67,0.68,13.08,0.99,3.8,0.784745,5.42973
2023-12-05,1.65,0.68,12.85,0.97,3.8,0.768949,7.33336
2023-12-06,1.63,0.65,12.97,0.98,3.79,0.758942,8.53932
2023-12-07,1.63,0.69,13.06,0.94,3.77,0.764629,7.85398
2023-12-08,1.61,0.68,12.35,0.93,3.75,0.769417,7.27692
2023-12-11,1.61,0.68,12.63,0.93,3.79,0.77054,7.14164
2023-12-12,1.6,0.68,12.07,0.92,3.76,0.769982,7.20884
2023-12-13,1.61,0.71,12.19,0.9,3.79,0.763816,7.95187
2023-12-14,1.57,0.68,12.48,0.89,3.47,0.747739,9.8894
2023-12-15,1.57,0.7,12.28,0.87,3.51,0.745263,10.1877
2023-12-18,1.58,0.7,12.56,0.88,3.51,0.751736,9.40769
2023-12-19,1.57,0.71,12.53,0.86,3.46,0.749845,9.63559
2023-12-20,1.63,0.75,13.67,0.88,3.43,0.744895,10.2321
2023-12-21,1.64,0.77,13.65,0.87,3.41,0.753035,9.25109
2023-12-22,1.65,0.8,13.03,0.85,3.39,0.7556,8.94209
2023-12-26,1.64,0.79,12.99,0.85,3.37,0.754916,9.02442
2023-12-27,1.64,0.78,12.43,0.86,3.34,0.744831,10.2398
2023-12-28,1.62,0.77,12.47,0.85,3.32,0.747873,9.87319
2023-12-29,1.61,0.77,12.45,0.84,3.34,0.751766,9.40413
2023-12-31,,,,,3.39,,
2024-01-02,1.62,0.8,13.2,0.82,3.54,0.753585,9.18489
2024-01-03,1.66,0.84,14.04,0.82,3.71,0.748411,9.80837
2024-01-04,1.65,0.86,14.13,0.79,3.69,0.756994,8.77403
2024-01-05,1.65,0.84,13.35,0.81,3.68,0.764904,7.82078
2024-01-08,1.65,0.82,13.08,0.83,3.63,0.761678,8.20954
2024-01-09,1.63,0.77,12.76,0.86,3.59,0.767759,7.47671
2024-01-10,1.59,0.75,12.69,0.84,3.5,0.772751,6.87521
2024-01-11,1.63,0.79,12.44,0.84,3.55,0.770919,7.09594
2024-01-12,1.64,0.82,12.7,0.82,3.56,0.773232,6.81724
2024-01-15,,,13.25,,3.54,,
2024-01-16,1.65,0.81,13.84,0.84,3.58,0.782132,5.74464
2024-01-17,1.63,0.78,14.79,0.85,3.62,0.780022,5.99887
2024-01-18,1.62,0.79,14.13,0.83,3.58,0.78898,4.91938
2024-01-19,1.59,0.79,13.3,0.8,3.54,0.787792,5.06261
2024-01-22,1.59,0.78,13.19,0.81,3.49,0.78374,5.55092
2024-01-23,1.62,0.81,12.55,0.81,3.51,0.789077,4.90764
2024-01-24,1.61,0.8,13.14,0.81,3.44,0.793317,4.39676
2024-01-25,1.6,0.81,13.45,0.79,3.45,0.794198,4.29061
2024-01-26,1.58,0.8,13.26,0.78,3.39,0.795107,4.18106
2024-01-29,1.6,0.85,13.6,0.75,3.41,0.787776,5.06443
2024-01-30,1.58,0.83,13.31,0.75,3.42,0.779694,6.03846
2024-01-31,1.61,0.87,14.35,0.74,3.59,0.769926,7.21558
2024-02-01,1.63,0.88,13.88,0.75,3.56,0.759462,8.47657
2024-02-02,1.59,0.84,13.85,0.75,3.47,0.773112,6.83171
2024-02-05,1.56,0.82,13.67,0.74,3.5,0.785365,5.35497
2024-02-06,1.58,0.82,13.06,0.76,3.52,0.780597,5.9296
2024-02-07,1.6,0.84,12.83,0.76,3.43,0.785717,5.31261
2024-02-08,1.6,0.85,12.79,0.75,3.38,0.789902,4.80822
2024-02-09,1.59,0.85,12.93,0.74,3.33,0.793142,4.41783
2024-02-12,1.58,0.85,13.93,0.73,3.35,0.790472,4.73955
2024-02-13,1.54,0.82,15.85,0.72,3.36,0.797794,3.85722
2024-02-14,1.56,0.85,14.38,0.71,3.38,0.796863,3.96936
2024-02-15,1.57,0.85,14.01,0.72,3.35,0.795549,4.1278
2024-02-16,1.53,0.81,14.24,0.72,3.34,0.797795,3.85711
2024-02-19,,,14.71,,3.34,,
2024-02-20,1.56,0.82,15.42,0.74,3.37,0.798765,3.74021
2024-02-21,1.54,0.78,15.34,0.76,3.34,0.803022,3.22716
2024-02-22,1.49,0.74,14.54,0.75,3.22,0.802966,3.23395
2024-02-23,1.49,0.75,13.75,0.74,3.23,0.792871,4.45052
2024-02-26,1.53,0.79,13.74,0.74,3.23,0.792672,4.47441
2024-02-27,1.53,0.79,13.43,0.74,3.26,0.799337,3.6712
2024-02-28,1.55,0.81,13.84,0.74,3.31,0.794191,4.29136
2024-02-29,1.55,0.8,13.4,0.75,3.29,0.790056,4.78966
2024-03-01,1.57,0.82,13.11,0.75,3.32,0.788105,5.02486
2024-03-04,1.57,0.81,13.49,0.76,3.26,0.791084,4.66589
2024-03-05,1.59,0.88,14.46,0.71,3.31,0.779369,6.07765
2024-03-06,1.57,0.82,14.5,0.75,3.27,0.776731,6.39554
2024-03-07,1.59,0.84,14.44,0.75,3.27,0.778365,6.19863
2024-03-08,1.59,0.84,14.74,0.75,3.26,0.779949,6.00775
2024-03-11,1.59,0.84,15.22,0.75,3.26,0.780255,5.97086
2024-03-12,1.55,0.8,13.84,0.75,3.2,0.787546,5.09221
2024-03-13,1.55,0.8,13.75,0.75,3.15,0.79169,4.59279
2024-03-14,1.53,0.78,14.4,0.75,3.15,0.800198,3.56753
2024-03-15,1.49,0.74,14.41,0.75,3.16,0.799938,3.59886
2024-03-18,1.49,0.71,14.33,0.78,3.13,0.804227,3.0819
2024-03-19,1.5,0.74,13.82,0.76,3.1,0.805196,2.96521
2024-03-20,1.56,0.82,13.04,0.74,3.14,0.808157,2.60838
2024-03-21,1.53,0.79,12.92,0.74,3.05,0.806005,2.86764
2024-03-22,1.53,0.79,13.06,0.74,3.08,0.797551,3.88646
2024-03-25,1.53,0.8,13.19,0.73,3.11,0.800323,3.55246
2024-03-26,1.53,0.79,13.24,0.74,3.15,0.797178,3.93148
2024-03-27,1.54,0.8,12.78,0.74,3.15,0.793525,4.37163
2024-03-28,1.5,0.77,13.01,0.73,3.12,0.792462,4.49975
2024-03-31,,,,,3.15,,
2024-04-01,1.49,0.76,13.65,0.73,3.12,0.804226,3.08206
2024-04-02,1.51,0.77,14.61,0.74,3.23,0.807318,2.70947
2024-04-03,1.49,0.76,14.33,0.73,3.23,0.808124,2.61236
2024-04-04,1.51,0.77,16.35,0.74,3.24,0.801743,3.38134
2024-04-05,1.49,0.77,16.03,0.72,3.18,0.81232,2.10661
2024-04-08,1.46,0.74,15.19,0.72,3.15,0.814312,1.86659
2024-04-09,1.44,0.74,14.98,0.7,3.14,0.808484,2.56889
2024-04-10,1.4,0.69,15.8,0.71,3.1,0.819212,1.27608
2024-04-11,1.41,0.71,14.91,0.7,3.16,0.822199,0.916118
2024-04-12,1.45,0.72,17.31,0.73,3.25,0.8174,1.49449
2024-04-15,1.46,0.74,19.23,0.72,3.28,0.825491,0.519452
2024-04-16,1.46,0.73,18.4,0.73,3.36,0.828271,0.18444
2024-04-17,1.48,0.75,18.21,0.73,3.42,0.820261,1.14964
2024-04-18,1.47,0.76,18,0.71,3.39,0.825068,0.570395
2024-04-19,1.46,0.73,18.71,0.73,3.37,0.823625,0.744335
2024-04-22,1.46,0.73,16.94,0.73,3.29,0.829573,0.0274524
2024-04-23,1.46,0.73,15.69,0.73,3.2,0.832659,0
2024-04-24,1.48,0.76,15.97,0.72,3.19,0.836734,0
2024-04-25,1.47,0.75,15.37,0.72,3.24,0.840883,0
2024-04-26,1.45,0.72,15.03,0.73,3.16,0.839128,0.208619
2024-04-29,1.45,0.72,14.67,0.73,3.12,0.834647,0.741564
2024-04-30,1.44,0.72,15.65,0.72,3.18,0.835703,0.615943
2024-05-01,1.43,0.7,15.39,0.73,3.21,0.83396,0.823239
2024-05-02,1.47,0.75,14.68,0.72,3.16,0.835514,0.638472
2024-05-03,1.49,0.77,13.49,0.72,3.08,0.830592,1.22381
2024-05-06,1.47,0.76,13.49,0.71,3.03,0.828335,1.49218
2024-05-07,1.45,0.74,13.23,0.71,3.06,0.82342,2.07666
2024-05-08,1.47,0.76,13,0.71,3.1,0.82651,1.70927
2024-05-09,1.48,0.78,12.69,0.7,3.14,0.82271,2.16111
2024-05-10,1.48,0.77,12.55,0.71,3.12,0.826078,1.76064
2024-05-13,1.48,0.78,13.6,0.7,3.14,0.82376,2.03621
2024-05-14,1.48,0.77,13.42,0.71,3.14,0.820414,2.43412
2024-05-15,1.49,0.79,12.45,0.7,3.13,0.814099,3.18512
2024-05-16,1.47,0.78,12.42,0.69,3.08,0.813001,3.31569
2024-05-17,1.48,0.77,11.99,0.71,3.09,0.818623,2.64713
2024-05-20,1.47,0.76,12.15,0.71,3.07,0.821474,2.30812
2024-05-21,1.48,0.78,11.86,0.7,3.07,0.816625,2.88479
2024-05-22,1.46,0.78,12.29,0.68,3.11,0.813849,3.2149
2024-05-23,1.45,0.77,12.77,0.68,3.1,0.81625,2.92932
2024-05-24,1.46,0.78,11.93,0.68,3.11,0.8167,2.87587
2024-05-27,,,12.36,,3.12,,
2024-05-28,1.45,0.78,12.92,0.67,3.09,0.825246,1.85958
2024-05-29,1.47,0.79,14.28,0.68,3.15,0.832852,0.955044
2024-05-30,1.46,0.79,14.47,0.67,3.19,0.828221,1.50571
2024-05-31,1.46,0.79,12.92,0.67,3.2,0.825524,1.82646
2024-06-03,1.47,0.78,13.11,0.69,3.17,0.814904,3.08949
2024-06-04,1.49,0.81,13.16,0.68,3.22,0.805077,4.25813
2024-06-05,1.53,0.83,12.63,0.7,3.2,0.801807,4.64694
2024-06-06,1.5,0.83,12.58,0.67,3.2,0.80166,4.66441
2024-06-07,1.46,0.77,12.22,0.69,3.15,0.814523,3.13479
2024-06-10,1.46,0.78,12.74,0.68,3.15,0.820736,2.39585
2024-06-11,1.48,0.81,12.85,0.67,3.19,0.813391,3.26942
2024-06-12,1.48,0.78,12.04,0.7,3.09,0.810572,3.60457
2024-06-13,1.51,0.81,11.94,0.7,3.2,0.798727,5.01323
2024-06-14,1.53,0.84,12.66,0.69,3.29,0.78899,6.17117
2024-06-17,1.52,0.83,12.75,0.69,3.26,0.797419,5.16874
2024-06-18,1.52,0.84,12.3,0.68,3.24,0.792629,5.73844
2024-06-19,,,12.48,,3.24,,
2024-06-20,1.54,0.86,13.28,0.68,3.23,0.797427,5.16782
2024-06-21,1.55,0.87,13.2,0.68,3.21,0.798356,5.05737
2024-06-24,1.53,0.82,13.33,0.71,3.19,0.794319,5.5375
2024-06-25,1.55,0.84,12.84,0.71,3.19,0.793999,5.57546
2024-06-26,1.55,0.85,12.55,0.7,3.18,0.803737,4.41742
2024-06-27,1.55,0.85,12.24,0.7,3.21,0.801491,4.6846
2024-06-28,1.55,0.83,12.44,0.72,3.18,0.814678,3.11634
2024-06-30,,,,,3.21,,
2024-07-01,1.55,0.84,12.22,0.71,3.21,0.828823,1.43409
2024-07-02,1.56,0.84,12.03,0.72,3.23,0.824673,1.92768
2024-07-03,1.53,0.81,12.09,0.72,3.25,0.816839,2.85935
2024-07-04,,,12.26,,3.25,,
2024-07-05,1.56,0.84,12.48,0.72,3.27,0.812545,3.36996
2024-07-08,1.54,0.83,12.37,0.71,3.2,0.810585,3.60303
2024-07-09,1.56,0.84,12.51,0.72,3.21,0.813235,3.28791
2024-07-10,1.56,0.84,12.85,0.72,3.17,0.812577,3.36617
2024-07-11,1.58,0.85,12.92,0.73,3.18,0.807666,3.95022
2024-07-12,1.58,0.86,12.46,0.72,3.19,0.806295,4.11323
2024-07-15,1.58,0.86,13.12,0.72,3.13,0.815777,2.98567
2024-07-16,1.56,0.85,13.19,0.71,3.08,0.807525,3.96701
2024-07-17,1.56,0.85,14.48,0.71,3.09,0.806423,4.09802
2024-07-18,1.57,0.84,15.93,0.73,3.09,0.810974,3.55682
2024-07-19,1.57,0.84,16.52,0.73,3.09,0.815146,3.06063
2024-07-22,1.58,0.87,14.91,0.71,3.05,0.820562,2.41652
2024-07-23,1.59,0.88,14.72,0.71,3.02,0.82182,2.26698
2024-07-24,1.65,0.94,18.04,0.71,3.1,0.828146,1.5146
2024-07-25,1.62,0.91,18.46,0.71,3.08,0.821521,2.30256
2024-07-26,1.65,0.93,16.39,0.72,3.1,0.817772,2.74839
2024-07-29,1.66,0.94,16.6,0.72,3.13,0.81267,3.35515
2024-07-30,1.65,0.93,17.69,0.72,3.2,0.809966,3.67664
2024-07-31,1.68,0.95,16.36,0.73,3.25,0.804634,4.31082
2024-08-01,1.71,0.99,18.59,0.72,3.35,0.796008,5.33663
2024-08-02,1.8,1.08,23.39,0.72,3.72,0.769378,8.50347
2024-08-05,1.85,1.1,38.57,0.75,3.93,0.7606,9.54739
2024-08-06,1.78,1.06,27.71,0.72,3.67,0.780926,7.13019
2024-08-07,1.8,1.07,27.85,0.73,3.57,0.787984,6.29082
2024-08-08,1.78,1.05,23.79,0.73,3.48,0.796128,5.32232
2024-08-09,1.77,1.04,20.37,0.73,3.49,0.788252,6.25891
2024-08-12,1.78,1.07,20.71,0.71,3.52,0.7859,6.53864
2024-08-13,1.8,1.07,18.12,0.73,3.54,0.784089,6.75404
2024-08-14,1.74,1,16.19,0.74,3.46,0.780595,7.1695
2024-08-15,1.68,0.94,15.23,0.74,3.31,0.787647,6.33087
2024-08-16,1.69,0.94,14.8,0.75,3.29,0.787395,6.36086
2024-08-19,1.68,0.94,14.65,0.74,3.21,0.785068,6.63757
2024-08-20,1.69,0.94,15.88,0.75,3.25,0.778172,7.45769
2024-08-21,1.69,0.94,16.27,0.75,3.27,0.779473,7.30294
2024-08-22,1.7,0.95,17.55,0.75,3.21,0.786292,6.49204
2024-08-23,1.7,0.95,15.86,0.75,3.19,0.785332,6.6062
2024-08-26,1.7,0.95,16.15,0.75,3.15,0.785746,6.55697
2024-08-27,1.71,0.96,15.43,0.75,3.17,0.787606,6.33577
2024-08-28,1.71,0.96,17.11,0.75,3.19,0.788174,6.2682
2024-08-29,1.69,0.95,15.65,0.74,3.15,0.791559,5.86568
2024-08-30,1.69,0.96,15,0.73,3.13,0.800191,4.83915
2024-08-31,,,,,3.17,,
2024-09-02,,,15.55,,3.17,,
2024-09-03,1.73,0.97,20.72,0.76,3.31,0.784523,6.70247
2024-09-04,1.73,0.98,21.32,0.75,3.35,0.777393,7.55033
2024-09-05,1.73,0.99,19.9,0.74,3.29,0.775664,7.75596
2024-09-06,1.73,1,22.38,0.73,3.39,0.774764,7.86304
2024-09-09,1.73,1,19.45,0.73,3.36,0.773283,8.03912
2024-09-10,1.74,1,19.08,0.74,3.46,0.766455,8.85112
2024-09-11,1.75,1.01,17.69,0.74,3.44,0.768227,8.64035
2024-09-12,1.74,1,17.07,0.74,3.39,0.772904,8.08421
2024-09-13,1.72,0.99,16.56,0.73,3.37,0.772961,8.07741
2024-09-16,1.7,0.96,17.14,0.74,3.32,0.767867,8.6832
2024-09-17,1.68,0.95,17.61,0.73,3.25,0.771792,8.21649
2024-09-18,1.67,0.95,18.23,0.72,3.21,0.782164,6.98299
2024-09-19,1.67,0.93,16.33,0.74,3.1,0.78712,6.39355
2024-09-20,1.67,0.93,16.15,0.74,3.15,0.791131,5.91663
2024-09-23,1.65,0.91,15.89,0.74,3.15,0.791333,5.89253
2024-09-24,1.66,0.92,15.39,0.74,3.21,0.791593,5.86165
2024-09-25,1.65,0.93,15.41,0.72,3.19,0.797331,5.17923
2024-09-26,1.65,0.92,15.37,0.73,3.14,0.796753,5.24805
2024-09-27,1.66,0.94,16.96,0.72,3.14,0.794608,5.50308
2024-09-30,1.63,0.91,16.73,0.72,3.03,0.797819,5.12125
2024-10-01,1.65,0.94,19.26,0.71,3.07,0.791704,5.84844
2024-10-02,1.64,0.92,18.9,0.72,3.06,0.798531,5.03653
2024-10-03,1.62,0.91,20.49,0.71,3.04,0.804209,4.36129
2024-10-04,1.57,0.85,19.21,0.72,2.89,0.813305,3.27954
2024-10-07,1.54,0.84,22.64,0.7,2.95,0.81598,2.96151
2024-10-08,1.55,0.85,21.42,0.7,2.99,0.816558,2.89273
2024-10-09,1.54,0.85,20.86,0.69,2.94,0.82071,2.39902
2024-10-10,1.54,0.85,20.93,0.69,2.99,0.823522,2.06456
2024-10-11,1.54,0.85,20.46,0.69,2.98,0.829049,1.40726
2024-10-14,,,19.7,,2.97,0.828847,1.43125
2024-10-15,1.53,0.83,20.64,0.7,2.93,0.818687,2.63959
2024-10-16,1.51,0.82,19.58,0.69,2.9,0.816685,2.8776
2024-10-17,1.53,0.85,19.11,0.68,2.89,0.828582,1.46278
2024-10-18,1.53,0.86,18.03,0.67,2.88,0.829941,1.30125
2024-10-21,1.54,0.88,18.37,0.66,2.88,0.841311,0
2024-10-22,1.55,0.89,18.2,0.66,2.92,0.839328,0.235695
2024-10-23,1.54,0.87,19.24,0.67,2.95,0.839062,0.26729
2024-10-24,1.52,0.85,19.08,0.67,2.93,0.836143,0.614269
2024-10-25,1.51,0.84,20.33,0.67,2.89,0.840014,0.154112
2024-10-28,1.51,0.84,19.8,0.67,2.82,0.844424,0
2024-10-29,1.49,0.82,19.34,0.67,2.85,0.843352,0.126965
2024-10-30,1.44,0.78,20.35,0.66,2.8,0.839404,0.594552
2024-10-31,1.46,0.81,23.16,0.65,2.88,0.835719,1.03086
2024-11-01,1.46,0.8,21.88,0.66,2.83,0.847723,0
2024-11-04,1.46,0.8,21.98,0.66,2.87,0.837099,1.25326
2024-11-05,1.45,0.79,20.49,0.66,2.86,0.834995,1.50142
2024-11-06,1.4,0.73,16.27,0.67,2.74,0.860026,0
2024-11-07,1.44,0.78,15.2,0.66,2.73,0.853025,0.814025
2024-11-08,1.38,0.73,14.94,0.65,2.63,0.843702,1.89814
2024-11-11,,,14.97,,2.63,0.84687,1.52972
2024-11-12,1.36,0.71,14.71,0.65,2.61,0.856309,0.432236
2024-11-13,1.41,0.78,14.02,0.63,2.64,0.864729,0
2024-11-14,1.39,0.74,14.31,0.65,2.6,0.857909,0.788652
2024-11-15,1.41,0.78,16.14,0.63,2.72,0.860086,0.53686
2024-11-18,1.42,0.77,15.58,0.65,2.72,0.860187,0.525219
2024-11-19,1.42,0.77,16.35,0.65,2.69,0.857118,0.880118
2024-11-20,1.43,0.79,17.16,0.64,2.67,0.85965,0.587341
2024-11-21,1.43,0.79,16.87,0.64,2.61,0.860642,0.472607
2024-11-22,1.43,0.81,15.24,0.62,2.61,0.859949,0.552681
2024-11-25,1.42,0.81,14.6,0.61,2.64,0.841413,2.69629
2024-11-26,1.43,0.81,14.1,0.62,2.68,0.843103,2.50084
2024-11-27,1.43,0.82,14.1,0.61,2.69,0.839825,2.87988
2024-11-28,,,13.9,,2.69,,
2024-11-29,1.44,0.83,13.51,0.61,2.72,0.83291,3.67955
2024-11-30,,,,,2.74,,
2024-12-02,1.41,0.79,13.34,0.62,2.68,0.830612,3.94536
2024-12-03,1.4,0.79,13.3,0.61,2.66,0.837842,3.10921
2024-12-04,1.39,0.78,13.45,0.61,2.66,0.830912,3.91067
2024-12-05,1.4,0.8,13.54,0.6,2.66,0.828509,4.18854
2024-12-06,1.42,0.81,12.77,0.61,2.67,0.828629,4.17469
2024-12-09,1.42,0.82,14.19,0.6,2.67,0.83529,3.40436
2024-12-10,1.41,0.81,14.18,0.6,2.67,0.83966,2.89896
2024-12-11,1.42,0.84,13.58,0.58,2.64,0.847886,1.94773
2024-12-12,1.44,0.84,13.92,0.6,2.66,0.855948,1.01535
2024-12-13,1.42,0.83,13.81,0.59,2.68,0.86228,0.28313
2024-12-16,1.42,0.82,14.69,0.6,2.69,0.86133,0.392963
2024-12-17,1.39,0.79,15.87,0.6,2.75,0.857403,0.847092
2024-12-18,1.37,0.76,27.62,0.61,2.73,0.859344,0.622689
2024-12-19,1.4,0.8,24.09,0.6,2.91,0.871664,0
2024-12-20,1.43,0.83,18.36,0.6,2.86,0.872166,0
2024-12-23,1.42,0.83,16.78,0.59,2.85,0.877887,0
2024-12-24,1.39,0.8,14.27,0.59,2.86,0.87698,0.103368
2024-12-26,1.4,0.77,14.73,0.63,2.86,0.879711,0
2024-12-27,1.4,0.77,15.95,0.63,2.84,0.883946,0
2024-12-30,1.43,0.8,17.4,0.63,2.94,0.878125,0.65852
2024-12-31,1.42,0.82,17.35,0.6,2.92,0.88274,0.136468
2025-01-02,1.45,0.84,17.93,0.61,2.88,0.882447,0.169658
2025-01-03,1.44,0.84,16.13,0.6,2.81,0.886625,0
2025-01-06,1.44,0.84,16.04,0.6,2.76,0.892183,0
2025-01-07,1.47,0.87,17.82,0.6,2.79,0.899394,0
2025-01-08,1.48,0.87,17.7,0.61,2.84,0.899383,0.00123392
2025-01-09,1.46,0.85,18.07,0.61,2.82,,
2025-01-10,1.42,0.81,19.54,0.61,2.81,0.900679,0
2025-01-13,1.44,0.82,19.19,0.62,2.85,0.900766,0
2025-01-14,1.44,0.83,18.71,0.61,2.8,0.903394,0
2025-01-15,1.44,0.82,16.12,0.62,2.72,0.895883,0.831386
2025-01-16,1.46,0.85,16.6,0.61,2.73,0.894014,1.03828
2025-01-17,1.46,0.84,15.97,0.62,2.64,0.893263,1.12145
2025-01-20,,,15.81,,2.64,,
2025-01-21,1.46,0.83,15.06,0.63,2.61,0.887682,1.73913
2025-01-22,1.43,0.81,15.1,0.62,2.59,0.891117,1.35899
2025-01-23,1.43,0.81,15.02,0.62,2.61,0.899224,0.461555
2025-01-24,1.43,0.81,14.85,0.62,2.6,0.896215,0.794643
2025-01-27,1.45,0.83,17.9,0.62,2.66,0.88642,1.87891
2025-01-28,1.45,0.83,16.41,0.62,2.66,0.88669,1.849
2025-01-29,1.45,0.83,16.56,0.62,2.68,0.887948,1.70979
2025-01-30,1.45,0.83,15.84,0.62,2.67,0.886294,1.89278
2025-01-31,1.45,0.85,16.43,0.6,2.68,0.890364,1.44234
2025-02-03,1.46,0.86,18.62,0.6,2.73,0.882061,2.36139
2025-02-04,1.46,0.85,17.21,0.61,2.71,0.882142,2.35244
2025-02-05,1.45,0.84,15.77,0.61,2.69,0.870106,3.68469
2025-02-06,1.44,0.83,15.5,0.61,2.66,0.869182,3.78696
2025-02-07,1.45,0.84,16.54,0.61,2.67,0.872083,3.46588
2025-02-10,1.45,0.84,15.81,0.61,2.66,0.876492,2.9778
2025-02-11,1.46,0.86,16.02,0.6,2.66,0.881808,2.38934
2025-02-12,1.45,0.85,15.89,0.6,2.65,0.892028,1.25809
2025-02-13,1.44,0.84,15.1,0.6,2.65,0.881424,2.43186
2025-02-14,1.46,0.85,14.77,0.61,2.62,0.877768,2.83658
2025-02-17,,,15.37,,2.62,,
2025-02-18,1.44,0.83,15.35,0.61,2.62,0.88745,1.76483
2025-02-19,1.46,0.85,15.27,0.61,2.68,0.887011,1.81342
2025-02-20,1.47,0.87,15.66,0.6,2.66,0.884259,2.11807
2025-02-21,1.49,0.89,18.21,0.6,2.78,0.872058,3.46871
2025-02-24,1.48,0.89,18.98,0.59,2.78,0.870627,3.62702
2025-02-25,1.5,0.91,19.43,0.59,2.84,0.858012,5.02344
2025-02-26,1.51,0.92,19.1,0.59,2.81,0.854147,5.45132
2025-02-27,1.52,0.92,21.13,0.6,2.81,0.858616,4.95664
2025-02-28,1.57,0.97,19.63,0.6,2.87,0.850547,5.84981
2025-03-03,1.61,1,22.78,0.61,2.94,0.844835,6.4821
2025-03-04,1.61,1,23.51,0.61,2.99,0.855261,5.328
2025-03-05,1.57,0.95,21.93,0.62,2.88,0.862578,4.51805
2025-03-06,1.59,0.97,24.87,0.62,2.99,0.862179,4.5622
2025-03-07,1.61,0.98,23.37,0.63,2.97,0.866371,4.09819
2025-03-10,1.64,1.01,27.86,0.63,3.16,0.854189,5.44664
2025-03-11,1.68,1.04,26.92,0.64,3.22,0.857288,5.10355
2025-03-12,1.65,1.03,24.23,0.62,3.2,0.863423,4.42447
2025-03-13,1.7,1.05,24.66,0.65,3.4,0.85113,5.78528
2025-03-14,1.65,0.99,21.77,0.66,3.25,0.859584,4.84945
2025-03-17,1.63,0.98,20.51,0.65,3.18,0.857375,5.09398
2025-03-18,1.63,0.98,21.7,0.65,3.23,0.855008,5.356
2025-03-19,1.64,1,19.9,0.64,3.19,0.856205,5.22349
2025-03-20,1.64,1,19.8,0.64,3.17,0.854457,5.41702
2025-03-21,1.68,1.03,19.28,0.65,3.21,0.858244,4.99776
2025-03-24,1.64,0.98,17.48,0.66,3.05,0.869653,3.73485
2025-03-25,1.66,1.01,17.15,0.65,3.09,0.869311,3.77268
2025-03-26,1.66,1.01,18.33,0.65,3.19,0.871537,3.52635
2025-03-27,1.68,1.02,18.69,0.66,3.27,0.872429,3.42755
2025-03-28,1.73,1.05,21.65,0.68,3.47,0.858998,4.91432
2025-03-31,1.76,1.08,22.28,0.68,3.55,0.851571,5.73642
2025-04-01,1.73,1.06,21.77,0.67,3.5,0.846212,6.32968
2025-04-02,1.73,1.05,21.51,0.68,3.42,0.848489,6.07757
2025-04-03,1.89,1.22,30.02,0.67,4.01,0.834112,7.66908
2025-04-04,1.94,1.24,45.31,0.7,4.45,0.813366,9.96547
2025-04-07,2.02,1.3,46.98,0.72,4.61,0.831446,7.96415
2025-04-08,2,1.29,52.33,0.71,4.57,0.843547,6.62465
2025-04-09,2.02,1.26,33.62,0.76,4.37,0.861085,4.68335
2025-04-10,1.97,1.26,40.72,0.71,4.42,0.871038,3.58153
2025-04-11,1.9,1.19,37.56,0.71,4.26,0.86893,3.81489
2025-04-14,1.9,1.15,30.89,0.75,4.14,0.867046,4.02342
2025-04-15,1.9,1.16,30.12,0.74,4.09,0.866338,4.10181
2025-04-16,1.92,1.19,32.64,0.73,4.16,0.86142,4.64621
2025-04-17,1.92,1.17,29.65,0.75,4.02,0.874155,3.23655
2025-04-21,1.96,1.19,33.82,0.77,4.16,0.884445,2.09745
2025-04-22,1.93,1.16,30.57,0.77,3.99,0.882948,2.26315
2025-04-23,1.86,1.11,28.45,0.75,3.75,0.878849,2.71696
2025-04-24,1.86,1.1,26.47,0.76,3.73,0.87749,2.86738
2025-04-25,1.84,1.09,24.84,0.75,3.67,0.871848,3.49187
2025-04-28,1.87,1.11,25.15,0.76,3.73,0.86683,4.04736
2025-04-29,1.88,1.14,24.17,0.74,3.74,0.861914,4.59155
2025-04-30,1.96,1.21,24.7,0.75,3.94,0.864328,4.32434
2025-05-01,1.95,1.2,24.6,0.75,3.78,0.869855,3.71256
2025-05-02,1.9,1.16,22.68,0.74,3.6,0.882067,2.36069
2025-05-05,1.91,1.16,23.64,0.75,3.6,0.886684,1.8497
2025-05-06,1.95,1.21,24.76,0.74,3.66,0.883071,2.24961
2025-05-07,1.95,1.21,23.55,0.74,3.67,0.880137,2.57434
2025-05-08,1.89,1.15,22.48,0.74,3.51,0.889836,1.50076
2025-05-09,1.89,1.13,21.9,0.76,3.53,0.889071,1.58541
2025-05-12,1.82,1.07,18.39,0.75,3.15,0.906334,0
2025-05-13,1.82,1.08,18.22,0.74,3.09,0.911633,0
2025-05-14,1.8,1.07,18.62,0.73,3.1,0.914375,0
2025-05-15,1.83,1.09,17.83,0.74,3.2,0.908124,0.683659
2025-05-16,1.82,1.09,17.24,0.73,3.16,0.906731,0.835987
2025-05-19,1.84,1.09,18.14,0.75,3.21,0.908907,0.597986
2025-05-20,1.82,1.09,18.09,0.73,3.2,0.915042,0
2025-05-21,1.85,1.13,20.87,0.72,3.25,0.924734,0
2025-05-22,1.87,1.13,20.28,0.74,3.32,0.92178,0.31943
2025-05-23,1.88,1.13,22.29,0.75,3.4,0.920021,0.509678
2025-05-26,,,20.57,,3.4,,
2025-05-27,1.84,1.07,18.96,0.77,3.24,0.912875,1.28242
2025-05-28,1.83,1.09,19.31,0.74,3.23,0.916254,0.917036
2025-05-29,1.81,1.06,19.18,0.75,3.22,0.909225,1.67718
2025-05-30,1.84,1.1,18.57,0.74,3.31,0.908654,1.73892
2025-05-31,,,,,3.32,,
2025-06-02,1.84,1.1,18.36,0.74,3.27,0.917028,0.833358
2025-06-03,1.81,1.07,17.69,0.74,3.19,0.920387,0.470071
2025-06-04,1.8,1.08,17.61,0.72,3.23,0.907398,1.87479
2025-06-05,1.77,1.06,18.48,0.71,3.18,0.904828,2.15264
2025-06-06,1.73,1.03,16.77,0.7,3.09,0.916373,0.904238
2025-06-09,1.72,1.02,17.16,0.7,3.12,0.915871,0.958495
2025-06-10,1.71,1.03,16.95,0.68,3.12,0.913359,1.23016
2025-06-11,1.74,1.04,17.26,0.7,3.12,0.910374,1.55293
2025-06-12,1.73,1.05,18.02,0.68,3.17,0.900635,2.60607
2025-06-13,1.75,1.06,20.82,0.69,3.18,0.906655,1.95507
2025-06-16,1.74,1.04,19.11,0.7,3.1,0.917733,0.757149
2025-06-17,1.74,1.06,21.6,0.68,3.17,0.905672,2.06134
2025-06-18,1.77,1.08,20.14,0.69,3.16,0.90547,2.08321
2025-06-19,,,22.17,,3.16,,
2025-06-20,1.76,1.08,20.62,0.68,3.13,0.909997,1.5937
2025-06-23,1.77,1.09,19.83,0.68,3.12,0.908766,1.72684
2025-06-24,1.78,1.1,17.48,0.68,3.06,0.904698,2.16675
2025-06-25,1.79,1.14,16.76,0.65,3.04,0.903335,2.31411
2025-06-26,1.8,1.16,16.59,0.64,3.04,0.901395,2.52389
2025-06-27,1.79,1.15,16.32,0.64,3.02,0.90672,1.94803
2025-06-30,1.75,1.1,16.73,0.65,2.96,0.901348,2.52901
2025-07-01,1.72,1.06,16.83,0.66,2.91,0.897988,2.89236
2025-07-02,1.7,1.05,16.64,0.65,2.88,0.905421,2.08857
2025-07-03,1.67,1.02,16.38,0.65,2.8,0.912339,1.34046
2025-07-04,,,17.48,,2.8,,
2025-07-07,1.71,1.06,17.79,0.65,2.86,0.918034,0.724588
2025-07-08,1.71,1.05,16.81,0.66,2.92,0.917946,0.734087
2025-07-09,1.73,1.08,15.94,0.65,2.94,0.910941,1.4916
2025-07-10,1.7,1.05,15.78,0.65,2.92,0.909405,1.65767
2025-07-11,1.72,1.07,16.4,0.65,2.97,0.920975,0.406564
2025-07-14,1.73,1.07,17.2,0.66,2.95,0.923603,0.122347
2025-07-15,1.7,1.04,17.38,0.66,2.95,0.927334,0
2025-07-16,1.73,1.09,17.16,0.64,3,0.928462,0
2025-07-17,1.71,1.06,16.52,0.65,2.91,0.929609,0
2025-07-18,1.73,1.08,16.41,0.65,2.93,0.929465,0.0155291
2025-07-21,1.73,1.08,16.65,0.65,2.89,0.922513,0.763318
2025-07-22,1.73,1.08,16.5,0.65,2.9,0.918567,1.18781
2025-07-23,1.71,1.07,15.37,0.64,2.83,0.924149,0.587305
2025-07-24,1.68,1.04,15.39,0.64,2.82,0.924615,0.537246
2025-07-25,1.69,1.04,14.93,0.65,2.84,0.919409,1.09725
2025-07-28,1.69,1.06,15.03,0.63,2.82,0.924945,0.501699
2025-07-29,1.7,1.06,15.98,0.64,2.86,0.910151,2.09316
2025-07-30,1.69,1.05,15.48,0.64,2.89,0.912934,1.79373
2025-07-31,1.67,1.04,16.72,0.63,2.86,0.912977,1.78912
2025-08-01,1.75,1.1,20.38,0.65,3.13,0.900225,3.16095
2025-08-04,1.74,1.09,17.52,0.65,3.02,0.900802,3.09887
2025-08-05,1.72,1.08,17.85,0.64,2.98,0.8976,3.44328
2025-08-06,1.75,1.11,16.77,0.64,2.98,0.903713,2.78566
2025-08-07,1.74,1.09,16.57,0.65,2.95,0.904358,2.71631
2025-08-08,1.74,1.09,15.15,0.65,2.94,0.908407,2.28073
2025-08-11,1.72,1.07,16.25,0.65,2.94,0.907368,2.39257
2025-08-12,1.73,1.07,14.73,0.66,2.93,0.914006,1.6785
2025-08-13,1.71,1.05,14.49,0.66,2.9,0.908868,2.23116
2025-08-14,1.71,1.06,14.83,0.65,2.89,0.91327,1.75762
2025-08-15,1.69,1.04,15.09,0.65,2.88,0.920511,0.978738
2025-08-18,1.7,1.05,14.99,0.65,2.88,0.922493,0.765443
2025-08-19,1.71,1.06,15.57,0.65,2.9,0.916943,1.3625
2025-08-20,1.73,1.08,15.69,0.65,2.94,0.914595,1.61504
2025-08-21,1.72,1.07,16.6,0.65,2.95,0.91743,1.31008
2025-08-22,1.73,1.08,14.22,0.65,2.88,0.918066,1.2417
2025-08-25,1.7,1.07,14.79,0.63,2.8,0.918888,1.15329
2025-08-26,1.75,1.11,14.62,0.64,2.78,0.921469,0.875671
2025-08-27,1.77,1.14,14.85,0.63,2.78,0.923673,0.638508
2025-08-28,1.75,1.13,14.43,0.62,2.75,0.91809,1.23911
2025-08-29,1.8,1.19,15.36,0.61,2.82,0.922951,0.716194
2025-08-31,,,,,2.84,,
2025-09-01,,,16.12,,2.84,,
2025-09-02,1.81,1.19,17.17,0.62,2.92,0.928865,0.0800365
2025-09-03,1.78,1.16,16.35,0.62,2.88,0.921293,0.89456
2025-09-04,1.8,1.17,15.3,0.63,2.84,0.916818,1.37591
2025-09-05,1.78,1.14,15.18,0.64,2.83,0.903496,2.80898
2025-09-08,1.76,1.11,15.11,0.65,2.84,0.891616,4.08699
2025-09-09,1.75,1.11,15.04,0.64,2.87,0.895714,3.64613
2025-09-10,1.75,1.09,15.35,0.66,2.84,0.891285,4.12255
2025-09-11,1.74,1.1,14.71,0.64,2.78,0.887556,4.52376
2025-09-12,1.7,1.07,14.76,0.63,2.79,0.890526,4.20428
2025-09-15,1.68,1.05,15.69,0.63,2.75,0.890974,4.15601
2025-09-16,1.69,1.06,16.36,0.63,2.79,0.888444,4.42817
2025-09-17,1.7,1.09,15.72,0.61,2.79,0.889833,4.27879
2025-09-18,1.68,1.07,15.7,0.61,2.71,0.901108,3.06588
2025-09-19,1.68,1.07,15.45,0.61,2.72,0.903162,2.84501
2025-09-22,1.67,1.07,16.1,0.6,2.69,0.90709,2.42243
2025-09-23,1.69,1.08,16.64,0.61,2.71,0.900129,3.17126
2025-09-24,1.68,1.07,16.18,0.61,2.7,0.902344,2.93291
2025-09-25,1.67,1.06,16.74,0.61,2.76,0.899788,3.20793
2025-09-26,1.65,1.05,15.29,0.6,2.75,0.902377,2.92936
2025-09-29,1.64,1.04,16.12,0.6,2.74,0.896574,3.55364
2025-09-30,1.67,1.06,16.28,0.61,2.8,0.89885,3.30882
2025-10-01,1.69,1.07,16.29,0.62,2.81,0.89821,3.3777
2025-10-02,1.68,1.06,16.63,0.62,2.81,0.895271,3.69384
2025-10-03,1.66,1.05,16.65,0.61,2.8,0.895975,3.61807
2025-10-06,1.65,1.04,16.37,0.61,2.76,0.903374,2.82212
2025-10-07,1.67,1.04,17.24,0.63,2.82,0.897207,3.48551
2025-10-08,1.68,1.04,16.3,0.64,2.84,0.895173,3.7044
2025-10-09,1.69,1.07,16.43,0.62,2.95,0.89332,3.90371
2025-10-10,1.72,1.09,21.66,0.63,3.18,0.873986,5.98353
2025-10-13,,,19.03,,3.18,0.879938,5.34326
2025-10-14,1.71,1.1,20.81,0.61,3.11,0.87811,5.53982
2025-10-15,1.68,1.08,20.64,0.6,2.95,0.882889,5.02576
2025-10-16,1.71,1.11,25.31,0.6,3.04,0.87317,6.07125
2025-10-17,1.7,1.09,20.78,0.61,3.04,0.876792,5.68168
2025-10-20,1.68,1.08,18.23,0.6,2.99,0.875171,5.856
2025-10-21,1.67,1.08,17.87,0.59,2.97,0.869598,6.45547
2025-10-22,1.69,1.09,18.6,0.6,3.01,0.868171,6.60905
2025-10-23,1.66,1.05,17.3,0.61,2.96,0.876103,5.75571
2025-10-24,1.65,1.04,16.37,0.61,2.88,0.878103,5.54057
2025-10-27,1.63,1.03,15.79,0.6,2.8,0.877295,5.6275
2025-10-28,1.65,1.05,16.42,0.6,2.82,0.874147,5.96622
2025-10-29,1.61,1.01,16.92,0.6,2.76,0.880352,5.29872
2025-10-30,1.64,1.05,16.91,0.59,2.85,0.883864,4.92087
2025-10-31,1.69,1.11,17.44,0.58,2.94,0.886507,4.63659
2025-11-03,1.71,1.16,17.17,0.55,3.04,0.885966,4.69477
2025-11-04,1.72,1.17,19,0.55,3.13,0.884106,4.89482
2025-11-05,1.7,1.12,18.01,0.58,3.05,0.894738,3.75119
2025-11-06,1.72,1.15,19.5,0.57,3.13,0.887095,4.57334
2025-11-07,1.75,1.16,19.08,0.59,3.15,0.889752,4.28751
2025-11-10,1.73,1.12,17.6,0.61,3.02,0.892942,3.94435
2025-11-11,,,17.28,,3.02,0.889865,4.27537
2025-11-12,1.75,1.15,17.51,0.6,3.02,0.886523,4.63483
2025-11-13,1.77,1.15,20,0.62,3.09,0.890201,4.23924
2025-11-14,1.77,1.16,19.83,0.61,3.07,0.895532,3.66576
2025-11-17,1.77,1.17,22.38,0.6,3.13,0.891872,4.05945
2025-11-18,1.79,1.19,24.69,0.6,3.2,0.892396,4.00312
2025-11-19,1.79,1.18,23.66,0.61,3.17,0.894651,3.76052
2025-11-20,1.8,1.19,26.42,0.61,3.17,0.890584,4.19797
2025-11-21,1.82,1.23,23.43,0.59,3.19,0.89089,4.16505
2025-11-24,1.8,1.19,20.52,0.61,3.15,0.888268,4.44713
2025-11-25,1.79,1.19,18.56,0.6,3.1,0.889083,4.35948
2025-11-26,1.78,1.17,17.19,0.61,3,0.886034,4.68745
2025-11-27,,,17.21,,3,,
2025-11-28,1.78,1.16,16.35,0.62,2.95,0.890698,4.18575
2025-11-30,,,,,2.92,,
2025-12-01,1.78,1.17,17.24,0.61,2.94,0.900303,3.15249
2025-12-02,1.76,1.15,16.59,0.61,2.92,0.901575,3.01573
2025-12-03,1.77,1.17,16.08,0.6,2.89,0.899825,3.2039
2025-12-04,1.76,1.15,15.78,0.61,2.88,0.905374,2.60707
2025-12-05,1.74,1.14,15.41,0.6,2.85,0.909584,2.15409
2025-12-08,1.73,1.14,16.66,0.59,2.89,0.910325,2.0744
2025-12-09,1.73,1.14,16.93,0.59,2.89,0.908377,2.28399
2025-12-10,1.76,1.16,15.77,0.6,2.91,0.907918,2.33338
2025-12-11,1.73,1.14,14.85,0.59,2.88,0.909039,2.21276
2025-12-12,1.76,1.18,15.74,0.58,2.91,0.916181,1.44445
2025-12-15,1.77,1.18,16.5,0.59,2.91,0.916006,1.46331
2025-12-16,1.78,1.19,16.48,0.59,2.98,0.911568,1.94071
2025-12-17,1.78,1.19,17.62,0.59,2.99,0.911267,1.97306
2025-12-18,1.78,1.2,16.87,0.58,2.95,0.909406,2.17327
2025-12-19,1.76,1.18,14.91,0.58,2.9,0.912371,1.85432
2025-12-22,1.76,1.17,14.08,0.59,2.88,0.915152,1.55521
2025-12-23,1.74,1.15,14,0.59,2.83,0.914368,1.63953
2025-12-24,1.73,1.15,13.47,0.58,2.84,0.910558,2.04939
2025-12-26,1.75,1.18,13.6,0.57,2.86,0.913112,1.77457
2025-12-29,1.76,1.19,14.2,0.57,2.87,0.91003,2.10611
2025-12-30,1.75,1.19,14.33,0.56,2.84,0.913111,1.77478
2025-12-31,1.72,1.17,14.95,0.55,2.81,0.919531,1.08407
2026-01-02,1.74,1.19,14.51,0.55,2.83,0.921361,0.887228
2026-01-05,1.75,1.19,14.9,0.56,2.81,0.919219,1.11765
2026-01-06,1.74,1.19,14.75,0.55,2.79,0.921343,0.88924
2026-01-07,1.73,1.17,15.38,0.56,2.79,0.915764,1.48928
2026-01-08,1.73,1.17,15.45,0.56,2.76,0.921059,0.919719
2026-01-09,1.7,1.14,14.49,0.56,2.74,0.915662,1.50027
2026-01-12,1.7,1.15,15.12,0.55,2.74,0.918832,1.15933
2026-01-13,1.69,1.14,15.98,0.55,2.75,0.917262,1.32821
2026-01-14,1.68,1.14,16.75,0.54,2.76,0.911965,1.89798
2026-01-15,1.65,1.11,15.84,0.54,2.71,0.912172,1.87569
2026-01-16,1.63,1.09,15.86,0.54,2.65,0.918037,1.24487
2026-01-19,,,18.84,,2.65,,
2026-01-20,1.65,1.12,20.09,0.53,2.73,0.927813,0.193248
2026-01-21,1.62,1.1,16.9,0.52,2.69,0.923531,0.653772
2026-01-22,1.59,1.06,15.64,0.53,2.64,0.920208,1.01125
2026-01-23,1.61,1.08,16.09,0.53,2.68,0.917245,1.33004
2026-01-26,1.61,1.09,16.15,0.52,2.69,0.913334,1.75072
2026-01-27,1.61,1.1,16.35,0.51,2.71,0.918942,1.14752
2026-01-28,1.62,1.1,16.35,0.52,2.72,0.919566,1.08037
2026-01-29,1.63,1.13,16.88,0.5,2.77,0.919241,1.11528
2026-01-30,1.62,1.12,17.44,0.5,2.8,0.925439,0.448536
2026-01-31,,,,,2.88,,
2026-02-02,1.61,1.11,16.34,0.5,2.81,0.928654,0.102724
2026-02-03,1.63,1.13,18,0.5,2.85,0.925833,0.406245
2026-02-04,1.64,1.14,18.64,0.5,2.86,0.927036,0.276798
2026-02-05,1.67,1.16,21.77,0.51,2.97,0.916051,1.45841
2026-02-06,1.65,1.15,17.76,0.5,2.87,0.918606,1.18362
2026-02-09,1.64,1.14,17.36,0.5,2.84,0.920067,1.02647
2026-02-10,1.66,1.16,17.79,0.5,2.86,0.90867,2.25243
2026-02-11,1.67,1.16,17.65,0.51,2.84,0.913408,1.74282
2026-02-12,1.68,1.18,20.82,0.5,2.92,0.900985,3.0792
2026-02-13,1.72,1.21,20.6,0.51,2.95,0.89673,3.5369
2026-02-16,,,21.2,,2.94,,
2026-02-17,1.7,1.2,20.29,0.5,2.94,0.894789,3.74563
2026-02-18,1.67,1.16,19.62,0.51,2.86,0.8993,3.26042
2026-02-19,1.68,1.18,20.23,0.5,2.88,0.89873,3.32177
2026-02-20,1.69,1.18,19.09,0.51,2.86,0.901507,3.02295
2026-02-23,1.73,1.21,21.01,0.52,2.95,0.896752,3.53455
2026-02-24,1.73,1.21,19.55,0.52,2.97,0.894491,3.77768
2026-02-25,1.73,1.2,17.93,0.53,2.94,0.895609,3.65743
2026-02-26,1.75,1.23,18.63,0.52,2.98,0.891267,4.12454
2026-02-27,1.8,1.27,19.86,0.53,3.1,0.884445,4.85843
2026-02-28,,,,,3.12,,
2026-03-02,1.78,1.24,21.44,0.54,3.03,0.892904,3.94847
2026-03-03,1.78,1.23,23.57,0.55,3.08,0.892919,3.94685
2026-03-04,1.74,1.19,21.15,0.55,2.97,0.898853,3.30849
2026-03-05,1.76,1.23,23.75,0.53,3,0.898905,3.30285
2026-03-06,1.75,1.22,29.49,0.53,3.13,0.897864,3.41488
2026-03-09,1.78,1.25,25.5,0.53,3.19,0.895477,3.67161
2026-03-10,1.77,1.23,24.93,0.54,3.06,0.903647,2.79284
2026-03-11,1.84,1.3,24.23,0.54,3.09,0.91341,1.74254
2026-03-12,1.84,1.29,27.29,0.55,3.17,0.909351,2.17921
2026-03-13,1.83,1.32,27.19,0.51,3.28,0.912141,1.87903
2026-03-16,1.85,1.31,23.51,0.54,3.27,0.907991,2.32554
2026-03-17,1.85,1.3,22.37,0.55,3.22,0.909602,2.15219
2026-03-18,1.81,1.24,25.09,0.57,3.2,0.910029,2.10626
2026-03-19,1.81,1.27,24.06,0.54,3.27,0.907478,2.38067
2026-03-20,1.79,1.22,26.78,0.57,3.24,0.916436,1.41707
2026-03-23,1.79,1.2,26.15,0.59,3.19,0.916494,1.41081
2026-03-24,1.75,1.18,26.95,0.57,3.19,0.917414,1.31186
2026-03-25,1.76,1.18,25.33,0.58,3.17,0.911515,1.94636
2026-03-26,1.73,1.18,27.44,0.55,3.21,0.913456,1.73759
2026-03-27,1.78,1.22,31.05,0.56,3.42,0.916142,1.44871
2026-03-30,1.79,1.21,30.61,0.58,3.46,0.90514,2.63222
2026-03-31,1.79,1.23,25.25,0.56,3.28,0.914702,1.60363
2026-04-01,1.75,1.15,24.54,0.6,3.16,0.917847,1.26531
2026-04-02,1.74,1.13,23.87,0.61,3.17,0.914426,1.63325
2026-04-03,,,,,3.13,,
2026-04-06,1.7,1.08,24.17,0.62,3.05,0.917515,1.30095
2026-04-07,1.75,1.15,25.78,0.6,3.12,0.917851,1.26482
2026-04-08,1.73,1.11,21.04,0.62,2.94,0.920288,1.00271
2026-04-09,1.73,1.1,19.49,0.63,2.9,0.923658,0.640118
2026-04-10,1.72,1.11,19.23,0.61,2.94,0.922212,0.795757
2026-04-13,1.72,1.09,19.12,0.63,2.95,0.922896,0.722082
2026-04-14,1.7,1.09,18.36,0.61,2.84,0.920775,0.950343
2026-04-15,1.69,1.08,18.17,0.61,2.85,0.924345,0.566298
2026-04-16,1.71,1.1,17.94,0.61,2.86,0.928964,0.0694233
2026-04-17,1.72,1.1,17.48,0.62,2.83,0.923972,0.606339
2026-04-20,1.72,1.1,18.87,0.62,2.87,0.923383,0.66972
2026-04-21,1.7,1.1,19.5,0.6,2.85,0.926083,0.379313
2026-04-22,1.69,1.08,18.92,0.61,2.84,0.925763,0.413698
2026-04-23,1.68,1.08,19.31,0.6,2.86,0.926296,0.356354
2026-04-24,1.7,1.1,18.71,0.6,2.86,0.925854,0.403966
2026-04-27,1.7,1.11,18.02,0.59,2.84,0.930814,0
2026-04-28,1.7,1.11,17.83,0.59,2.85,0.928573,0.240742
2026-04-29,1.69,1.11,18.81,0.58,2.82,0.932691,0
2026-04-30,1.7,1.12,16.89,0.58,2.83,0.936475,0
2026-05-01,1.69,1.1,16.99,0.59,2.77,0.934294,0.232852
2026-05-04,1.69,1.11,18.29,0.58,2.78,0.938384,0
2026-05-05,1.65,1.07,17.38,0.58,2.77,0.934625,0.400585
2026-05-06,1.66,1.09,17.39,0.57,2.75,0.930352,0.85593
2026-05-07,1.65,1.09,17.08,0.56,2.79,0.931525,0.73098
2026-05-08,1.65,1.09,17.19,0.56,2.81,0.93012,0.880657
2026-05-11,1.65,1.09,18.38,0.56,2.79,0.933906,0.477251
2026-05-12,1.66,1.1,17.99,0.56,2.82,0.938876,0
2026-05-13,1.66,1.1,17.87,0.56,2.82,0.941451,0
2026-05-14,1.62,1.05,17.26,0.57,2.76,0.939416,0.21619
2026-05-15,1.62,1.06,18.43,0.56,2.8,0.948906,0
2026-05-18,1.59,1.04,17.82,0.55,2.83,0.950998,0
2026-05-19,1.57,1.05,18.06,0.52,2.86,0.954898,0
2026-05-20,1.59,1.07,17.44,0.52,2.8,0.950842,0.424784
2026-05-21,1.59,1.07,16.76,0.52,2.78,0.947816,0.741681
2026-05-22,1.57,1.05,16.7,0.52,2.74,0.942785,1.26845
2026-05-25,,,16.59,,2.74,,
2026-05-26,1.56,1.05,17.01,0.51,2.72,0.941301,1.4239
2026-05-27,1.57,1.05,16.29,0.52,2.71,0.93851,1.7162
2026-05-28,1.57,1.05,15.74,0.52,2.72,0.934858,2.09861
2026-05-29,1.57,1.05,15.32,0.52,2.72,0.935572,2.02385
2026-05-31,,,,,2.74,,
2026-06-01,1.54,1.02,16.05,0.52,2.72,0.933253,2.26675
2026-06-02,1.54,1.02,15.77,0.52,2.71,0.931991,2.39884
2026-06-03,1.54,1.02,16.06,0.52,2.75,0.933129,2.27974
2026-06-04,1.54,1.02,15.4,0.52,2.74,0.932808,2.31335
2026-06-05,1.51,0.98,21.51,0.53,2.76,0.932936,2.29995
2026-06-08,1.52,1,18.92,0.52,2.75,0.939086,1.6559
2026-06-09,1.53,1.02,19.87,0.51,2.78,0.934508,2.13533
2026-06-10,1.53,1.03,22.22,0.5,2.8,0.935384,2.04352
2026-06-11,1.55,1.06,19.44,0.49,2.78,0.928879,2.7248
2026-06-12,1.53,1.04,17.68,0.49,2.71,0.931153,2.48667
2026-06-15,1.53,1.05,16.2,0.48,2.66,0.932862,2.30768
2026-06-16,1.55,1.07,16.41,0.48,2.71,0.927659,2.85251
2026-06-17,1.5,1.03,18.44,0.47,2.63,0.922683,3.37363
2026-06-18,1.51,1.04,16.4,0.47,2.66,0.92144,3.50381
2026-06-19,,,16.78,,2.66,,
2026-06-22,1.51,1.05,17.28,0.46,2.65,0.927692,2.8491
2026-06-23,1.51,1.04,19.49,0.47,2.71,0.925698,3.05795
2026-06-24,1.52,1.07,18.63,0.45,2.76,0.912968,4.39106
2026-06-25,1.54,1.09,18.89,0.45,2.78,0.913624,4.32235
2026-06-26,1.56,1.12,18.41,0.44,2.83,0.912948,4.39316
2026-06-29,1.55,1.11,17.65,0.44,2.8,0.914065,4.2762
2026-06-30,1.53,1.11,16.45,0.42,2.75,0.924497,3.18373
2026-07-01,1.54,1.12,16.59,0.42,2.74,0.930659,2.53832
2026-07-02,,,,,2.75,0.932172,2.37996
