date,o,h,l,c,v
1998-01-20,42.9017,43.4703,42.6778,43.4531,1744600
1998-01-21,43.0568,43.2119,42.6088,42.9190,1839600
1998-01-22,42.5572,42.9276,42.4194,42.5572,1662600
1998-01-23,42.7295,42.8673,42.0747,42.4538,1693700
1998-01-26,42.6605,42.8242,42.4193,42.6261,1172800
1998-01-27,42.5227,43.3153,42.4969,43.1258,1454500
1998-01-28,43.2119,43.6857,43.1258,43.6254,1181200
1998-01-29,43.5910,44.2457,43.4962,43.7805,1468500
1998-01-30,44.0734,44.0734,43.5393,43.6857,1095600
1998-02-02,44.4525,44.8315,44.3319,44.6678,955600
1998-02-03,44.6592,45.0296,44.4697,45.0210,619400
1998-02-04,44.7798,45.0210,44.5558,44.7798,753200
1998-02-05,45.1071,45.1588,44.5127,44.7884,1067600
1998-02-06,44.9349,45.3053,44.8573,45.2708,1069700
1998-02-09,45.2623,45.3484,44.9004,45.0900,515900
1998-02-10,45.2278,45.9515,45.1675,45.8481,892100
1998-02-11,45.7447,45.9773,45.6758,45.8481,515000
1998-02-12,45.6154,46.3735,45.4173,46.1409,1065000
1998-02-13,45.9514,46.2271,45.8567,46.1151,596700
1998-02-17,46.4855,46.7095,46.2529,46.3477,840600
1998-02-18,46.3564,46.7009,46.2271,46.6579,773000
1998-02-19,46.6664,46.7009,46.2185,46.2185,804800
1998-02-20,46.3563,46.5717,45.9342,46.4683,540600
1998-02-23,46.8646,46.8646,46.2960,46.4511,639200
1998-02-24,46.3821,46.5372,46.0548,46.3132,702700
1998-02-25,46.4511,46.9507,46.3563,46.6923,687400
1998-02-26,46.6492,46.9852,46.5372,46.9507,439800
1998-02-27,46.9249,47.3901,46.8043,47.1919,451300
1998-03-02,47.2781,47.3384,47.0197,47.2609,1062800
1998-03-03,46.9852,47.4849,46.9680,47.4762,596600
1998-03-04,47.2091,47.3470,46.9248,47.1574,691700
1998-03-05,46.5889,47.0110,46.4338,46.7440,778300
1998-03-06,46.9163,47.4332,46.9163,47.4332,933100
1998-03-09,47.2092,47.7347,47.1919,47.3470,685300
1998-03-10,47.6227,47.8294,47.5021,47.8122,563700
1998-03-11,47.9328,48.0965,47.8208,47.9673,406600
1998-03-12,47.9328,48.0017,47.5882,47.9070,576700
1998-03-13,48.0707,48.1051,47.4676,47.5021,458900
1998-03-16,47.7260,48.2257,47.6054,48.2257,733000
1998-03-17,48.1224,48.3980,48.0104,48.3894,499900
1998-03-18,48.2946,48.5272,48.1224,48.5100,410900
1998-03-19,48.5186,48.6823,48.4324,48.6478,730000
1998-03-20,48.8288,49.2940,48.6737,49.1561,754300
1998-03-23,49.1734,49.1734,48.7340,48.7857,551600
1998-03-24,49.0527,49.5438,49.0269,49.3112,470300
1998-03-25,49.6558,49.6558,48.6565,49.0011,966200
1998-03-26,48.9838,49.2337,48.8029,48.8632,412800
1998-03-27,49.2595,49.2940,48.4497,48.6651,584100
1998-03-30,48.6737,48.8288,48.3463,48.6048,562400
1998-03-31,48.7771,49.2423,48.5531,48.6220,620000
1998-04-01,48.7168,49.1820,48.3636,49.0355,373700
1998-04-02,49.0183,49.7592,48.9752,49.7075,440600
1998-04-03,49.7591,49.9400,49.5179,49.6730,493300
1998-04-06,50.1038,50.3105,49.8109,49.8281,610500
1998-04-07,49.8280,49.8367,49.2078,49.5610,707300
1998-04-08,49.6557,49.6557,48.9752,49.2250,949500
1998-04-09,49.4318,49.8798,49.4146,49.8281,451700
1998-04-13,50.0262,50.0262,49.3801,49.8109,337900
1998-04-14,49.9142,50.4569,49.9142,50.4139,451500
1998-04-15,50.5345,50.7326,50.2846,50.7326,261800
1998-04-16,50.5603,50.5603,50.0607,50.2071,232800
1998-04-17,50.2137,50.7758,50.1272,50.7498,382900
1998-04-20,50.6893,50.7239,50.3607,50.5250,299400
1998-04-21,50.4991,50.8709,50.3434,50.8622,372000
1998-04-22,50.8363,50.9747,50.7412,50.8277,503400
1998-04-23,50.7585,50.9314,50.4213,50.5337,597700
1998-04-24,50.4818,50.6720,49.8419,50.1100,820200
1998-04-27,49.4960,49.7381,48.9166,49.3922,1916800
1998-04-28,49.8246,49.8765,49.0637,49.2453,437200
1998-04-29,49.4095,49.7813,49.2106,49.4873,298700
1998-04-30,49.9889,50.5336,49.9283,50.2915,443100
1998-05-01,50.4126,50.7239,50.2569,50.7239,338300
1998-05-04,50.9055,51.2341,50.8104,50.8104,542500
1998-05-05,50.6374,50.8363,50.3434,50.6288,325600
1998-05-06,50.8277,50.8363,49.9629,49.9629,665500
1998-05-07,50.1532,50.1532,49.6517,49.6603,593100
1998-05-08,49.6690,50.3521,49.6344,50.3261,638100
1998-05-11,50.5163,50.8276,50.1878,50.3175,703100
1998-05-12,50.3088,50.8709,50.1445,50.8709,479000
1998-05-13,50.8622,51.1130,50.7066,51.0525,399400
1998-05-14,50.6720,51.0784,50.5510,50.8104,622900
1998-05-15,50.8948,50.8948,50.2976,50.2976,280900
1998-05-18,50.3408,50.5919,49.8561,50.1504,249200
1998-05-19,50.4794,50.5832,50.0639,50.1678,482100
1998-05-20,50.5486,50.8948,50.2110,50.8429,304400
1998-05-21,50.9294,51.0593,50.4707,50.6178,530600
1998-05-22,50.7391,50.7391,50.3755,50.5400,219000
1998-05-26,50.8169,50.8775,49.6657,49.6657,561300
1998-05-27,49.3022,49.7782,48.7136,49.6657,1041100
1998-05-28,49.7177,49.9081,49.4061,49.8475,367700
1998-05-29,50.0120,50.0899,49.2157,49.2157,232400
1998-06-01,49.0945,49.7783,49.0772,49.5272,445800
1998-06-02,49.7090,49.7869,49.1810,49.2762,391600
1998-06-03,49.5100,49.5273,48.6444,48.6617,473100
1998-06-04,48.6790,49.2763,48.4886,49.2416,636200
1998-06-05,49.5619,50.3322,49.3022,50.3322,1014000
1998-06-08,50.2716,50.5486,50.1245,50.3668,467900
1998-06-09,50.3062,50.4360,50.0552,50.2629,180100
1998-06-10,50.0120,50.4794,49.6225,49.7177,531300
1998-06-11,49.8734,49.9340,48.8175,48.8175,529200
1998-06-12,48.8521,49.0945,48.1250,49.0598,909200
1998-06-15,48.5059,48.7136,47.6144,47.6403,617400
1998-06-16,48.0904,48.1596,47.6057,48.0817,796500
1998-06-17,48.6271,49.3974,48.5059,49.1118,895100
1998-06-18,48.9906,49.1464,48.8001,48.9213,219000
1998-06-19,49.0789,49.1570,48.2201,48.3416,506100
1998-06-22,48.4023,48.6885,48.1854,48.3936,161500
1998-06-23,48.6625,49.0876,48.6625,49.0616,201600
1998-06-24,49.1309,49.6514,48.7753,49.5733,353100
1998-06-25,49.8942,50.1284,49.4865,49.7901,420200
1998-06-26,49.7381,49.9289,49.5993,49.7901,150400
1998-06-29,50.0678,50.3280,49.9637,50.0331,297700
1998-06-30,49.9116,50.0504,49.6080,49.7901,395600
1998-07-01,50.1719,50.3367,49.9030,50.2933,347100
1998-07-02,50.1545,50.2846,50.0417,50.1285,263900
1998-07-06,50.1372,50.6576,49.9810,50.6576,166500
1998-07-07,50.6142,50.8311,50.3627,50.5795,155700
1998-07-08,50.6229,51.0653,50.5795,51.0479,146900
1998-07-09,50.7270,51.0219,50.2239,50.4494,151500
1998-07-10,50.5362,50.7791,50.1545,50.6490,127800
1998-07-13,50.7270,51.0306,50.4060,50.5101,164400
1998-07-14,50.7877,51.4469,50.7877,51.3168,276000
1998-07-15,51.6291,51.7159,51.2301,51.3515,367900
1998-07-16,51.3168,51.8546,51.1260,51.7766,356100
1998-07-17,51.8720,51.9761,51.6812,51.8113,222100
1998-07-20,51.9327,51.9501,51.3949,51.6985,234900
1998-07-21,51.9501,51.9501,50.9352,50.9352,389800
1998-07-22,50.7964,50.9352,50.4234,50.7443,229900
1998-07-23,50.6142,50.7617,49.5213,49.6080,297000
1998-07-24,50.0070,50.0070,49.1482,49.6514,424800
1998-07-27,49.3911,50.1545,49.1482,50.1024,382900
1998-07-28,50.0157,50.0157,48.8620,49.5300,557300
1998-07-29,49.8596,49.9636,49.3131,49.4172,330400
1998-07-30,49.8943,50.1718,49.7294,50.0938,533300
1998-07-31,50.0330,50.1718,48.9401,49.1482,234400
1998-08-03,49.2004,49.3652,48.7319,48.7493,429300
1998-08-04,49.2003,49.2003,47.1185,47.1532,947200
1998-08-05,47.4308,47.6997,46.3725,47.5522,1456000
1998-08-06,47.1705,47.8732,47.1705,47.5522,571600
1998-08-07,47.8992,48.4283,47.4655,47.8298,698900
1998-08-10,47.7431,47.9686,47.2660,47.6216,233900
1998-08-11,46.7715,47.0838,46.1123,46.8409,1034100
1998-08-12,47.3093,47.6216,47.0317,47.5695,592000
1998-08-13,47.3788,47.8645,46.7889,46.7889,651900
1998-08-14,47.5349,47.5696,46.5113,46.8062,731000
1998-08-17,46.6848,47.7257,46.4592,47.6042,948800
1998-08-18,47.8645,48.6712,47.7604,48.5064,566000
1998-08-19,48.8013,48.8013,48.1768,48.2808,324700
1998-08-20,48.0727,48.3676,47.8298,47.8818,536300
1998-08-21,47.3655,47.6263,46.2874,47.6263,1184400
1998-08-24,47.7480,48.0436,47.2960,47.6437,292300
1998-08-25,48.1132,48.3392,47.4524,47.8002,309400
1998-08-26,47.2090,47.7480,47.0351,47.5133,653200
1998-08-27,46.7047,46.8612,44.9659,45.0963,1887300
1998-08-28,45.6266,45.9657,44.5833,44.9484,1225000
1998-08-31,45.1920,45.2963,41.6622,41.6622,1284000
1998-09-01,42.4098,44.0095,41.1057,43.6965,1760300
1998-09-02,43.7661,44.3052,43.1923,43.2792,551100
1998-09-03,42.4794,43.1923,42.1490,42.8619,806800
1998-09-04,43.2271,43.2793,41.6969,42.7750,578100
1998-09-08,44.0617,44.8790,43.5922,44.8442,1187900
1998-09-09,44.5660,44.7746,43.6270,43.6270,879200
1998-09-10,42.5490,42.9663,41.7317,42.1490,1292900
1998-09-11,41.9403,43.8530,41.7404,43.8009,1086900
1998-09-14,44.1921,44.7051,44.0791,44.1834,627700
1998-09-15,43.7487,44.7920,43.7314,44.6703,418000
1998-09-16,45.0355,45.4528,44.2878,45.1398,495200
1998-09-17,43.7662,44.1835,43.6792,43.8357,681100
1998-09-18,43.7745,44.0879,43.5307,43.9138,309400
1998-09-21,42.5034,44.3317,42.4338,44.1576,562200
1998-09-22,44.6103,44.6103,43.7484,43.9399,431900
1998-09-23,44.5232,45.6202,44.2359,45.6202,680200
1998-09-24,45.2807,45.6115,44.1489,44.4449,568800
1998-09-25,44.0009,45.1153,43.8268,44.6451,422200
1998-09-28,45.0979,45.4897,44.7845,45.2894,678800
1998-09-29,45.4026,45.4461,44.3491,44.9586,1089600
1998-09-30,44.4014,44.8193,43.5308,43.5656,673200
1998-10-01,42.9039,43.5482,42.2074,42.4686,1107600
1998-10-02,42.5557,43.6353,41.8244,43.5482,971800
1998-10-05,43.0954,43.4611,42.0333,43.0258,728800
1998-10-06,43.6352,43.9400,42.6950,43.0084,806100
1998-10-07,43.1999,43.7745,42.2684,43.0955,1280800
1998-10-08,41.8592,43.3218,41.4935,43.0780,2218200
1998-10-09,43.4959,44.2272,42.6601,44.1227,1196900
1998-10-12,44.8715,45.1152,44.2969,44.4536,630700
1998-10-13,44.5755,44.6800,43.8442,44.1141,288500
1998-10-14,44.0183,44.9498,43.9312,44.4013,939700
1998-10-15,44.2968,49.0330,44.1227,46.7346,1219200
1998-10-16,46.7694,47.0393,46.3864,46.9087,694800
1998-10-19,46.8042,47.5007,46.6998,47.1525,423800
1998-10-20,47.6313,48.1972,47.0741,47.3005,959800
1998-10-21,47.6226,47.8054,47.1525,47.3963,599800
1998-10-22,47.3789,47.7446,46.9175,47.6749,574800
1998-10-23,47.3266,47.4659,46.8739,46.9784,463400
1998-10-26,47.3614,47.6052,46.8739,47.0132,381100
1998-10-27,47.5182,47.5965,46.4647,46.6476,915900
1998-10-28,46.7259,47.0132,46.3428,46.4995,355200
1998-10-29,46.7520,47.6052,46.5082,47.6052,413600
1998-10-30,47.9709,48.2582,47.6836,47.9361,678700
1998-11-02,48.3540,48.7370,48.0492,48.7370,598900
1998-11-03,48.5803,48.8241,48.3105,48.4759,731200
1998-11-04,49.1375,49.5031,48.5193,49.1636,706600
1998-11-05,48.6413,49.8688,48.5542,49.8688,462600
1998-11-06,49.7034,50.1126,49.5902,50.0778,400000
1998-11-09,50.0604,50.1126,49.3203,49.5989,325700
1998-11-10,49.4509,49.8253,49.3116,49.3813,345400
1998-11-11,49.8340,49.8601,49.0156,49.2333,365000
1998-11-12,49.1027,49.7121,49.1027,49.3813,354400
1998-11-13,49.3987,50.0081,49.2942,49.8688,408300
1998-11-16,50.2345,50.4086,49.8079,50.3390,273700
1998-11-17,50.1213,51.2618,49.6076,50.1300,618700
1998-11-18,50.0778,50.6872,50.0081,50.5218,249600
1998-11-19,50.6698,50.7743,50.3215,50.5653,270800
1998-11-20,50.9630,51.1984,50.7885,51.1897,331900
1998-11-23,51.5472,52.5152,51.4862,52.5152,530600
1998-11-24,52.3321,52.4019,51.8350,51.9571,503700
1998-11-25,52.0443,52.0879,51.6868,51.9745,155300
1998-11-27,52.2972,52.3059,52.0443,52.0443,71000
1998-11-30,51.9309,51.9396,50.6490,50.6839,527600
1998-12-01,50.3700,51.2944,50.1607,50.9368,379800
1998-12-02,50.5269,50.7798,49.9601,50.6490,317600
1998-12-03,50.4136,50.7799,49.4282,49.5764,638700
1998-12-04,50.0211,50.5793,49.8816,50.5095,1230600
1998-12-07,50.5618,50.7798,50.2304,50.6490,522900
1998-12-08,50.5357,50.7886,49.9078,50.4049,405500
1998-12-09,50.3264,50.5967,50.0386,50.2653,310100
1998-12-10,50.1607,50.2391,49.2014,49.2712,422700
1998-12-11,49.1229,49.4543,48.7043,49.0968,548700
1998-12-14,48.7915,49.0968,48.2858,48.2858,393500
1998-12-15,48.8351,49.3235,48.2857,49.2363,637200
1998-12-16,49.4456,49.4456,48.8701,49.0445,537800
1998-12-17,49.1927,49.6723,49.1927,49.5154,1114300
1998-12-18,49.8176,49.9661,49.4857,49.5992,289100
1998-12-21,49.9049,50.9794,49.8176,50.2107,483500
1998-12-22,50.4640,50.7436,49.9923,50.5077,317700
1998-12-23,51.0056,51.6084,50.6999,51.4686,657600
1998-12-24,51.4948,51.7219,51.3288,51.4860,346900
1998-12-28,51.8617,51.8704,51.3288,51.3987,274000
1998-12-29,51.5996,52.2897,51.3026,52.2635,598800
1998-12-30,52.0276,52.2547,51.7830,51.7830,202600
1998-12-31,51.7743,51.9141,51.1541,51.1716,870300
1999-01-04,51.4773,52.3334,50.9008,51.4074,490200
1999-01-05,51.3987,52.2373,51.3987,52.1150,473000
1999-01-06,52.6479,53.5651,52.4557,53.4777,701400
1999-01-07,52.6916,53.3817,52.6042,53.2506,450300
1999-01-08,53.8096,54.0193,53.2768,53.9581,446300
1999-01-11,53.8621,53.9232,53.2506,53.8621,603000
1999-01-12,53.6349,53.7048,52.8488,52.8488,539600
1999-01-13,51.3201,52.7614,51.3201,52.1849,1082800
1999-01-14,52.2722,52.2722,50.7173,50.8047,604100
1999-01-15,51.5799,52.3587,51.2562,52.3412,470100
1999-01-19,52.8137,52.8137,51.5275,52.1137,1505900
1999-01-20,52.7437,53.0587,51.9387,52.4287,687500
1999-01-21,52.0787,52.5162,51.5362,51.5887,944500
1999-01-22,50.9149,51.5799,50.8187,51.1337,550700
1999-01-25,51.1774,51.6761,50.5999,51.6761,608400
1999-01-26,51.6849,52.4812,51.4224,52.4812,459600
1999-01-27,52.5337,52.6387,51.2387,51.3437,487100
1999-01-28,51.7812,52.1662,51.6412,51.7812,268200
1999-01-29,52.1924,52.6386,51.5449,52.2361,306900
1999-02-01,52.6299,52.8312,52.1662,52.2712,191400
1999-02-02,52.2274,52.2449,51.4487,51.8862,473600
1999-02-03,51.6412,52.6387,51.6412,52.5687,238100
1999-02-04,52.3674,52.6387,51.9474,52.3587,442800
1999-02-05,52.2012,52.3499,51.7637,52.1137,438700
1999-02-08,52.3587,52.5074,51.5537,51.9737,335500
1999-02-09,51.8774,51.9912,50.9587,51.1687,341700
1999-02-10,51.2387,51.4662,50.9413,51.3087,751900
1999-02-11,51.5799,52.8311,51.2387,52.6387,687700
1999-02-12,52.3412,52.6299,51.6937,52.0262,410400
1999-02-16,52.4111,52.6211,51.7986,51.9124,728100
1999-02-17,51.7812,52.5161,51.4049,51.7637,466000
1999-02-18,51.9300,52.2537,51.5012,52.0962,589200
1999-02-19,52.1978,52.7149,51.9349,52.4607,382200
1999-02-22,52.4169,53.6877,52.3644,53.6702,418500
1999-02-23,53.4774,53.9156,53.0392,53.6001,632800
1999-02-24,53.6789,53.8893,52.5834,52.6535,695600
1999-02-25,52.3205,52.6360,51.7421,52.2679,1438600
1999-02-26,52.5659,52.6185,51.8473,52.1014,356200
1999-03-01,52.1628,52.4783,51.7421,52.1978,336900
1999-03-02,52.5045,52.8463,51.9612,52.3205,242000
1999-03-03,52.1715,52.3555,51.6018,52.0751,201200
1999-03-04,52.4432,53.2670,52.3556,53.2670,584900
1999-03-05,54.0295,54.8796,53.9418,54.7569,1525300
1999-03-08,54.7832,54.8445,54.2924,54.6692,298300
1999-03-09,54.5816,55.1600,54.2661,54.3712,848200
1999-03-10,54.4764,54.9322,54.3012,54.9322,180300
1999-03-11,55.3090,55.9313,54.9848,55.7034,758500
1999-03-12,56.0014,56.0101,55.3266,55.3266,411300
1999-03-15,55.4755,55.9488,55.3879,55.9400,204000
1999-03-16,56.0452,56.1503,55.6771,55.7735,644400
1999-03-17,55.7911,55.9488,55.3529,55.4843,608100
1999-03-18,55.3966,56.3519,55.3177,56.2642,399800
1999-03-19,56.4539,56.5943,55.3655,55.3655,501000
1999-03-22,55.4357,55.8570,55.3655,55.6815,118500
1999-03-23,55.2865,55.8570,54.0841,54.2772,824500
1999-03-24,54.3912,54.5405,54.0226,54.4000,253600
1999-03-25,54.9529,55.4620,54.7072,55.4006,385500
1999-03-26,55.0232,55.3304,54.7687,55.2075,258900
1999-03-29,55.7254,56.4539,55.6113,56.1028,441200
1999-03-30,55.5674,56.0940,55.4269,55.7692,552000
1999-03-31,56.0325,56.1554,54.8564,54.9091,452900
1999-04-01,55.3304,55.4006,54.7950,55.1988,267500
1999-04-05,55.8044,56.3661,55.5060,56.2432,457400
1999-04-06,55.9185,56.3486,55.7166,55.9624,231600
1999-04-07,56.3836,56.7874,55.8219,56.7347,313900
1999-04-08,56.7435,57.3754,56.4363,57.3315,362600
1999-04-09,57.0682,57.6300,56.7347,57.2262,402300
1999-04-12,56.5241,58.2092,56.5241,58.1478,900800
1999-04-13,58.0689,58.5779,57.8582,58.4902,1310900
1999-04-14,58.8588,59.1045,58.1829,58.6130,1553700
1999-04-15,58.5955,59.0694,58.1391,58.8939,1917400
1999-04-16,58.9918,59.1147,58.3070,58.7284,2050400
1999-04-19,58.9567,60.3876,58.1491,58.6407,5045900
1999-04-20,58.5704,58.9742,57.9383,58.6933,4491000
1999-04-21,58.7197,59.8521,58.5177,59.8345,2419100
1999-04-22,60.0979,60.4490,59.6238,60.3788,1891000
1999-04-23,60.1154,60.4666,59.7292,60.1681,942000
1999-04-26,60.3086,60.3086,59.7819,60.2559,629400
1999-04-27,60.6772,61.0284,60.4051,60.8879,2460600
1999-04-28,60.8177,61.4848,60.6597,60.8265,2919100
1999-04-29,61.1337,61.4146,60.7475,61.1162,1922000
1999-04-30,61.3970,61.5550,59.8345,60.4665,3761500
1999-05-03,60.6421,61.9238,60.4139,61.9238,1834900
1999-05-04,61.6955,62.0291,61.0810,61.3795,2046600
1999-05-05,61.4322,61.6517,60.5368,61.4497,2827000
1999-05-06,61.3620,61.7131,60.8879,61.5200,2659100
1999-05-07,61.8360,62.0467,61.3796,62.0467,1749800
1999-05-10,61.9589,62.4154,61.5902,61.8009,1598000
1999-05-11,62.1521,62.3627,61.6253,61.9238,1519200
1999-05-12,61.8009,62.1872,60.1154,61.8887,3325500
1999-05-13,62.3451,62.6436,62.0818,62.5032,1390300
1999-05-14,61.6253,61.8623,61.0986,61.3093,2026200
1999-05-17,61.1864,61.2039,60.5017,61.0986,1204800
1999-05-18,61.3444,61.5200,60.4665,61.1425,1152500
1999-05-19,61.2742,61.4146,60.8177,61.2742,679000
1999-05-20,61.4849,61.6253,61.1162,61.1338,1410900
1999-05-21,61.2626,61.3154,60.6644,60.9459,747200
1999-05-24,61.1923,61.1923,59.7671,59.8903,1241800
1999-05-25,59.8551,60.5764,59.1513,59.1513,1253300
1999-05-26,59.6616,60.4357,59.1514,60.2422,1336500
1999-05-27,60.0311,60.0663,58.6763,59.0458,1617700
1999-05-28,59.0986,59.6440,58.9754,59.1954,702700
1999-06-01,59.2306,59.7496,58.5884,59.7320,1968500
1999-06-02,59.6792,59.8727,58.9226,59.6352,1111500
1999-06-03,59.8552,60.1367,59.6440,60.1015,583900
1999-06-04,60.4885,60.9811,60.1366,60.9283,632300
1999-06-07,61.0163,61.5089,60.8756,61.3506,651700
1999-06-08,61.3154,61.3154,60.4533,60.6644,574000
1999-06-09,60.8228,60.8228,60.0838,60.3125,395400
1999-06-10,59.9958,60.0838,59.3096,59.8022,750600
1999-06-11,60.0311,60.2422,58.7467,59.0986,1043900
1999-06-14,59.3977,59.7496,59.1162,59.5033,589100
1999-06-15,59.7496,60.1719,59.5473,59.8728,697300
1999-06-16,60.4005,60.8403,60.3829,60.6820,773500
1999-06-17,60.5237,61.2979,60.3830,61.2099,632500
1999-06-18,61.1877,61.3462,60.9764,61.1349,264300
1999-06-21,61.2935,61.4167,60.6594,60.9412,309700
1999-06-22,60.6593,60.9940,60.3159,60.3951,398800
1999-06-23,60.2895,60.3247,59.9020,60.0253,493800
1999-06-24,59.9548,59.9725,59.0390,59.5321,603500
1999-06-25,59.8139,59.9724,59.4617,59.5938,297600
1999-06-28,60.0605,60.3071,59.8844,60.1310,522300
1999-06-29,60.0781,60.8707,59.9284,60.6593,308300
1999-06-30,60.7651,62.1389,60.4480,61.6457,1151100
1999-07-01,61.9099,62.5615,61.4695,62.4030,1408100
1999-07-02,62.4559,62.9843,62.3502,62.9314,393900
1999-07-06,62.9491,63.4070,62.7113,62.7905,548000
1999-07-07,62.7025,63.0371,62.4559,62.8786,563100
1999-07-08,62.6145,63.2661,62.5616,62.6497,430000
1999-07-09,62.9667,63.1780,62.7905,63.1604,323300
1999-07-12,63.4598,63.4598,62.8962,63.0371,414200
1999-07-13,62.6144,63.2573,62.4559,63.0724,341900
1999-07-14,63.3013,63.3013,62.7025,62.9314,354100
1999-07-15,63.3013,63.3189,62.8258,62.9579,287100
1999-07-16,63.1086,63.2495,62.8267,63.1614,226300
1999-07-19,63.3552,63.4962,62.9676,63.0117,290700
1999-07-20,62.7387,63.0382,61.7344,61.8225,816500
1999-07-21,61.9282,62.3510,61.6463,61.9810,534900
1999-07-22,61.8929,62.2805,61.2763,61.6991,1008500
1999-07-23,62.0163,62.0691,61.2411,61.4877,541700
1999-07-26,61.2939,61.5846,61.0825,61.1354,377600
1999-07-27,61.5406,62.1484,61.3996,61.8049,1080200
1999-07-28,61.8048,62.1572,61.6286,61.6991,459100
1999-07-29,61.1354,61.2235,60.2897,60.7654,1201800
1999-07-30,60.8535,61.0208,59.9373,59.9549,788700
1999-08-02,59.9725,60.8358,59.7787,60.0782,673700
1999-08-03,60.3954,60.4659,59.6819,60.1664,1141400
1999-08-04,60.4131,60.9504,60.0431,60.1312,1571300
1999-08-05,60.3249,61.0825,59.4792,61.0825,1613300
1999-08-06,60.6068,61.0296,60.0430,60.3778,800600
1999-08-09,60.4306,60.6420,60.1839,60.3953,634100
1999-08-10,60.3249,60.4130,59.3559,60.1840,2335100
1999-08-11,60.5363,60.9416,60.0607,60.8887,716300
1999-08-12,61.0297,61.5230,60.8182,60.8358,595100
1999-08-13,61.5758,62.0162,61.4613,62.0162,567200
1999-08-16,62.0162,62.4038,61.8136,62.3862,663300
1999-08-17,62.9501,62.9853,62.1220,62.7210,625600
1999-08-18,62.4920,62.8620,61.9106,61.9546,776200
1999-08-19,61.4701,62.1220,61.4613,61.8753,732600
1999-08-20,62.0754,62.8169,62.0047,62.7992,688300
1999-08-23,63.1170,64.0174,63.0022,64.0085,1016900
1999-08-24,63.7173,64.2646,63.1523,63.8056,1476300
1999-08-25,63.9467,64.1939,63.2847,64.1939,864200
1999-08-26,63.9291,63.9997,63.2582,63.3112,749500
1999-08-27,63.5054,63.5054,62.7109,62.7109,656000
1999-08-30,62.7992,62.8698,61.5457,61.6163,789600
1999-08-31,61.6693,62.1283,60.8924,61.1573,1038800
1999-09-01,61.5457,61.8988,61.3161,61.8988,1136500
1999-09-02,61.0513,61.4397,60.6629,61.2455,1048200
1999-09-03,62.3755,62.8875,62.1459,62.8875,709500
1999-09-07,62.5520,62.8168,62.2166,62.2872,423700
1999-09-08,62.0047,62.8522,61.9341,62.3225,773400
1999-09-09,62.3931,62.7285,62.0047,62.4637,554800
1999-09-10,63.1699,63.2053,62.2872,62.3225,660100
1999-09-13,62.1636,62.4284,62.0577,62.3225,518700
1999-09-14,62.0753,62.0753,61.5810,61.7752,806700
1999-09-15,62.2872,62.3049,60.9278,60.9454,1055000
1999-09-16,61.1749,61.1749,60.0980,60.7512,1439300
1999-09-17,61.2672,61.4440,61.0021,61.3026,580400
1999-09-20,61.3556,61.3556,61.0197,61.1081,341300
1999-09-21,60.5779,60.7016,59.6940,59.8708,1491900
1999-09-22,60.0298,60.0298,59.3316,59.4730,1561300
1999-09-23,59.9415,59.9591,58.0589,58.0854,2152200
1999-09-24,57.9175,58.5361,57.3783,58.0589,1745100
1999-09-27,58.6687,58.8985,58.2268,58.3152,1184200
1999-09-28,57.9794,58.4036,56.9895,58.1208,2126400
1999-09-29,58.1208,58.5097,57.6258,57.6965,1055300
1999-09-30,58.1385,58.8985,57.8733,58.6157,1157000
1999-10-01,58.0059,58.3506,57.5728,58.0324,1263800
1999-10-04,58.4743,59.0576,58.4036,59.0576,655500
1999-10-05,59.0135,59.4996,58.0678,58.8367,2400000
1999-10-06,59.0753,59.9061,58.9692,59.8884,856900
1999-10-07,59.9945,59.9945,59.4642,59.5437,529900
1999-10-08,59.6233,60.2950,59.3758,60.2950,924000
1999-10-11,60.1712,60.5954,60.0740,60.1712,209600
1999-10-12,60.1182,60.1182,58.9339,58.9516,1083900
1999-10-13,58.6865,59.0754,57.6966,57.7319,1821400
1999-10-14,57.9264,58.5450,57.2546,58.0501,1619400
1999-10-15,57.1144,57.5211,56.5132,56.5840,2300500
1999-10-18,56.7077,57.3620,56.3364,57.2205,2019900
1999-10-19,57.9809,58.4760,57.5742,57.8218,1207500
1999-10-20,58.2815,58.8827,57.9986,58.6882,1329300
1999-10-21,57.7864,58.5290,57.5388,58.5290,993200
1999-10-22,58.9004,59.6077,58.7412,59.1302,1149700
1999-10-25,58.6705,58.9534,58.3699,58.4937,619500
1999-10-26,58.8120,58.9534,58.1047,58.1047,1208500
1999-10-27,58.4583,59.0419,58.1577,58.9888,791800
1999-10-28,60.0144,60.3327,59.7315,60.2973,1030400
1999-10-29,60.7924,61.1107,60.4741,60.8631,2217100
1999-11-01,60.8278,60.8985,60.2619,60.2619,559800
1999-11-02,60.5272,60.9339,59.7845,59.8022,975300
1999-11-03,60.4387,60.4387,59.8375,60.1028,1025500
1999-11-04,60.5625,60.7924,60.0321,60.3327,578600
1999-11-05,61.0930,61.3052,60.5095,60.8454,1139100
1999-11-08,60.1912,60.8631,60.1912,60.7570,628600
1999-11-09,61.0399,61.0399,59.9790,60.1558,668000
1999-11-10,59.7492,60.4565,59.6431,59.9790,825600
1999-11-11,60.1205,60.3327,59.7315,60.0321,727400
1999-11-12,60.5272,61.1460,59.7138,61.1460,818200
1999-11-15,61.0576,61.2433,60.7040,61.0046,573400
1999-11-16,61.3583,62.2335,60.8985,62.1982,1382000
1999-11-17,61.9241,62.0833,61.6766,61.8003,433900
1999-11-18,62.2070,62.6490,62.0125,62.5341,645300
1999-11-19,62.2965,62.6153,62.1193,62.3585,327800
1999-11-22,62.3496,63.0404,62.2167,62.9872,324000
1999-11-23,63.0403,63.0403,62.2432,62.4027,362000
1999-11-24,62.1193,62.6329,62.0750,62.4292,251600
1999-11-26,62.7215,62.7215,62.0130,62.0307,165100
1999-11-29,62.1016,62.2699,61.7562,62.0928,390700
1999-11-30,62.0928,62.6330,61.3311,61.6056,620000
1999-12-01,61.6056,62.4204,61.5879,62.4027,435500
1999-12-02,62.4381,62.8101,62.4293,62.6950,266100
1999-12-03,63.3769,64.2626,63.3504,64.0235,862700
1999-12-06,64.0234,64.1209,63.5009,63.6249,304000
1999-12-07,63.8286,63.9437,63.0315,63.0315,505300
1999-12-08,62.9252,63.4124,62.6153,62.6153,454800
1999-12-09,63.1820,63.5717,62.6152,63.1289,832800
1999-12-10,63.5717,64.0323,63.0226,63.7489,472000
1999-12-13,63.3238,63.8552,63.2707,63.6072,570900
1999-12-14,63.2352,63.8197,63.1820,63.3769,536300
1999-12-15,63.1289,63.9969,63.1112,63.6338,465700
1999-12-16,63.8994,63.8994,63.1289,63.7135,623500
1999-12-17,64.1471,64.6701,64.0052,64.0052,472700
1999-12-20,64.2534,64.2889,63.0478,63.2251,521700
1999-12-21,63.0124,63.9166,62.9414,63.5797,773700
1999-12-22,63.7216,63.9609,63.4911,63.6506,407800
1999-12-23,64.1116,64.9538,64.1116,64.9538,524600
1999-12-27,64.9981,65.1932,64.6435,64.7499,450400
1999-12-28,64.5903,65.4148,64.5903,65.2818,769600
1999-12-29,65.5212,65.5743,65.0690,65.1754,273900
1999-12-30,65.5123,65.6541,64.8917,64.9361,494700
1999-12-31,65.0513,65.5832,64.9006,65.3527,549000
2000-01-03,65.8315,65.8315,64.1117,64.3953,1278800
2000-01-04,63.7038,64.0938,62.2765,62.2765,1535700
2000-01-05,62.4095,63.7570,61.8599,63.0833,2007000
2000-01-06,63.2074,64.2091,63.0833,63.4024,2639500
2000-01-07,64.2889,65.5654,64.2357,65.5300,3767400
2000-01-10,66.2746,66.2746,65.4945,65.8137,762900
2000-01-11,65.3350,66.2392,65.2552,65.3261,1658700
2000-01-12,65.5300,65.9201,65.3350,65.4946,813300
2000-01-13,65.8226,66.1683,65.3704,65.7428,1192200
2000-01-14,66.6470,66.6647,65.8846,66.6647,1935500
2000-01-18,66.0619,66.3102,65.5300,65.6541,656500
2000-01-19,65.6009,65.6984,65.0158,65.5654,1003400
2000-01-20,65.7782,65.7959,63.9166,64.5282,887000
2000-01-21,64.8281,64.8281,63.7636,64.0475,783200
2000-01-24,64.2959,64.5088,61.9185,62.4507,2066100
2000-01-25,62.7879,62.9475,61.7411,62.6459,1728200
2000-01-26,62.5749,63.2313,62.5217,62.7168,1001400
2000-01-27,63.0894,63.3644,61.9894,62.7168,853900
2000-01-28,62.3620,62.4862,60.8274,60.9782,1253300
2000-01-31,60.8273,62.2378,60.7475,62.1668,996600
2000-02-01,62.2024,62.8588,61.9007,62.6104,786500
2000-02-02,62.6636,63.1249,62.2555,62.2733,618100
2000-02-03,62.8055,62.8232,61.4394,62.7345,863300
2000-02-04,62.6991,63.0007,62.0782,62.3088,474000
2000-02-07,61.9717,62.1491,61.5281,61.7410,718900
2000-02-08,62.3974,62.6458,61.9539,62.0603,993100
2000-02-09,61.9894,62.0959,60.6233,60.6943,819900
2000-02-10,60.8983,61.0846,60.1887,60.7475,1263500
2000-02-11,60.4991,60.4991,58.8314,59.3282,2148400
2000-02-14,59.6120,59.9491,59.3636,59.8959,1300800
2000-02-15,59.9492,61.2443,59.6209,60.9959,1360000
2000-02-16,60.6765,61.1378,60.0378,60.0733,725800
2000-02-17,60.6233,60.6676,59.4169,59.4878,1164100
2000-02-18,59.6855,59.6855,57.9802,58.1223,1526700
2000-02-22,58.4776,58.8151,57.4118,58.4421,1518800
2000-02-23,58.5309,58.8329,57.7671,58.1223,1558900
2000-02-24,58.3000,58.3710,56.5947,57.9802,4518700
2000-02-25,57.1809,57.6782,55.8131,56.0262,3316900
2000-02-28,56.3815,57.7671,55.8486,56.9233,3068300
2000-02-29,57.5184,58.0513,57.0921,57.7316,1205000
2000-03-01,57.8559,58.4243,57.2342,57.7671,1136200
2000-03-02,57.6783,58.1224,57.4118,57.8026,576000
2000-03-03,58.7440,59.4279,58.5486,59.0460,1678200
2000-03-06,59.0105,59.1082,57.4917,57.8203,1220500
2000-03-07,57.6782,57.7137,55.4400,55.7065,3745500
2000-03-08,56.1328,56.4881,55.2269,55.9729,2618900
2000-03-09,56.1861,57.0921,55.3157,57.0299,1715100
2000-03-10,56.7901,57.4473,56.2572,56.5947,1352600
2000-03-13,55.0492,56.9499,55.0492,56.6302,1506500
2000-03-14,57.0210,57.2341,55.7065,55.9729,854300
2000-03-15,56.0618,57.9713,55.5111,57.7671,2040200
2000-03-16,58.3000,60.7513,58.2112,60.6981,4857700
2000-03-17,60.3432,61.3217,60.1564,60.4144,3710500
2000-03-20,60.5033,61.1082,60.2809,60.8057,1812000
2000-03-21,60.6635,62.1578,60.3077,62.1222,2310300
2000-03-22,62.1401,62.1934,61.3751,61.8109,2434800
2000-03-23,61.6953,63.4743,61.6241,63.2608,1894400
2000-03-24,62.9228,64.0258,62.7805,63.2608,1903400
2000-03-27,63.3853,63.7055,62.4425,62.5136,1431300
2000-03-28,62.1222,63.1807,62.1222,62.2645,1575100
2000-03-29,62.5314,63.3142,62.0155,63.0473,1426600
2000-03-30,62.5492,63.4742,61.9799,62.6559,3573300
2000-03-31,63.0740,63.3320,62.0867,62.3001,1103400
2000-04-03,62.2289,64.1503,62.1222,64.1503,1411100
2000-04-04,64.0791,65.0931,60.5389,63.5810,6635600
2000-04-05,62.7983,63.9368,62.5581,62.8339,3400700
2000-04-06,63.4031,63.8834,62.8338,63.4298,2279700
2000-04-07,63.7411,63.7500,62.9406,63.1362,1027100
2000-04-10,63.3142,64.3193,63.1363,63.7945,1833500
2000-04-11,63.9012,64.7462,63.1007,64.4705,3624800
2000-04-12,64.8263,65.1999,62.9050,62.9139,3620700
2000-04-13,63.3942,63.5099,61.9088,62.0689,4333100
2000-04-14,61.1616,61.6241,57.7904,58.3597,4518600
2000-04-17,58.5643,60.3611,58.2085,60.3433,5978400
2000-04-18,60.6101,61.3573,60.2810,60.9481,1576900
2000-04-19,61.1615,61.5173,60.5300,60.8057,1536500
2000-04-20,60.9738,61.9526,60.8492,61.9526,1886300
2000-04-24,60.9381,62.2195,60.7957,62.0060,1714200
2000-04-25,62.4866,63.5722,61.9526,63.3764,2798800
2000-04-26,63.5366,63.5366,62.0416,62.0772,2051700
2000-04-27,60.9915,62.3619,60.9915,61.7212,1656700
2000-04-28,62.2908,62.3620,60.9382,61.2585,1166000
2000-05-01,61.4899,62.2730,61.0272,61.5789,1385800
2000-05-02,61.2230,61.6412,60.8314,60.9738,705000
2000-05-03,60.6623,60.7780,59.0872,59.6924,2333500
2000-05-04,59.9594,59.9594,59.1051,59.4076,1154900
2000-05-05,58.8381,60.3064,58.8381,60.2797,1352100
2000-05-08,59.9505,60.5823,59.7992,60.3331,665500
2000-05-09,60.4043,60.9026,59.7992,60.0127,1194600
2000-05-10,59.5322,59.8526,58.4466,58.8381,1832600
2000-05-11,59.2296,60.3153,59.1584,60.2263,1342700
2000-05-12,60.3687,60.8136,60.2263,60.5111,999400
2000-05-15,60.6357,61.6501,60.4043,61.6234,721400
2000-05-16,62.0060,62.5222,61.6145,62.2552,1155300
2000-05-17,61.6857,61.8993,61.2586,61.3653,896000
2000-05-18,61.5166,61.9705,61.1696,61.1874,931300
2000-05-19,60.7847,61.0520,60.1875,60.7847,1394200
2000-05-22,60.5351,60.6599,59.1091,60.1964,1233400
2000-05-23,60.2321,60.2855,59.3319,59.5725,715700
2000-05-24,59.7418,60.2855,59.0199,60.1429,1256700
2000-05-25,60.3033,60.3568,58.5030,59.0377,1199600
2000-05-26,59.0199,59.3140,58.4852,58.8238,918800
2000-05-30,59.3942,60.1786,59.0556,60.1429,822500
2000-05-31,59.9112,60.5172,59.8933,60.0716,476100
2000-06-01,60.4549,61.0343,60.0895,60.7491,791900
2000-06-02,62.0324,62.1572,61.3283,61.3283,751000
2000-06-05,61.2481,62.0235,61.2481,61.7472,750600
2000-06-06,61.3194,61.5957,61.0698,61.3996,392700
2000-06-07,61.2481,61.9968,61.0520,61.8007,895300
2000-06-08,61.4442,61.4442,60.6777,60.9094,847900
2000-06-09,61.4442,61.4442,60.4014,60.6153,818500
2000-06-12,60.8292,60.8559,60.2677,60.3033,429700
2000-06-13,60.0004,60.8649,59.8221,60.7491,954000
2000-06-14,60.9897,61.3105,60.6956,61.1768,614900
2000-06-15,61.1055,61.4620,60.8292,60.9450,647700
2000-06-16,61.0941,61.1565,59.6495,59.6495,3000700
2000-06-19,59.7922,60.5323,59.5425,60.2648,930300
2000-06-20,60.1577,60.1756,59.3908,59.7832,1360800
2000-06-21,59.5335,60.0686,59.4354,59.8902,599800
2000-06-22,59.6940,59.9437,58.9985,59.3552,888200
2000-06-23,59.4801,59.9170,59.2304,59.6049,726800
2000-06-26,59.8902,60.4788,59.7654,60.4788,1014800
2000-06-27,60.3004,60.6393,59.9794,60.1399,415600
2000-06-28,60.3540,60.7552,59.9705,60.1399,516900
2000-06-29,59.7030,60.1043,59.1412,59.4979,444300
2000-06-30,59.0966,59.6406,58.9807,59.5692,655200
2000-07-03,59.7832,60.4788,59.5513,60.4788,267700
2000-07-05,60.1310,60.4252,59.7208,59.9259,785200
2000-07-06,60.1220,60.1845,59.3908,59.9794,330700
2000-07-07,60.2469,60.9247,60.0151,60.6839,634500
2000-07-10,60.5323,61.1922,60.5323,60.7820,387500
2000-07-11,60.7642,61.7719,60.6572,61.2101,1001400
2000-07-12,61.7273,61.9769,61.3795,61.5311,977100
2000-07-13,61.9412,62.0304,61.4240,61.6380,1176200
2000-07-14,61.7450,61.8877,61.4240,61.7807,551300
2000-07-17,61.5667,62.0304,61.3883,61.6380,690600
2000-07-18,61.3884,61.6381,61.0852,61.4240,347600
2000-07-19,61.3884,61.7272,61.0317,61.1744,764300
2000-07-20,61.5311,62.2624,61.5311,62.2624,657900
2000-07-21,61.7341,61.9216,61.1536,61.1536,471000
2000-07-24,61.3680,61.5823,60.9751,61.0465,414300
2000-07-25,61.3501,61.4394,60.9751,61.0286,275600
2000-07-26,60.8857,61.0108,60.2338,60.2963,406500
2000-07-27,60.3410,60.8590,60.0999,60.6000,804400
2000-07-28,60.7340,60.8679,59.7427,60.0106,523100
2000-07-31,60.2607,60.5822,59.9392,60.0106,352300
2000-08-01,60.3142,60.7607,60.0374,60.5821,385600
2000-08-02,60.5285,61.2965,60.5107,61.1536,724600
2000-08-03,60.6357,61.4305,60.6089,61.1180,658400
2000-08-04,61.2251,61.5734,60.9483,61.4394,880100
2000-08-07,61.6002,62.3146,61.3591,62.0824,1176900
2000-08-08,62.0467,62.8504,61.9217,62.6718,807200
2000-08-09,62.5289,62.7522,62.2431,62.3682,1227000
2000-08-10,62.3057,62.6361,62.2074,62.4218,429800
2000-08-11,62.4218,63.3148,62.3860,63.0647,1093800
2000-08-14,63.0290,63.9935,62.9219,63.8506,1212700
2000-08-15,63.7167,63.7256,63.2255,63.4041,1258400
2000-08-16,63.4577,63.6184,62.7343,63.4755,1050000
2000-08-17,62.8772,63.5023,62.8772,63.3505,590600
2000-08-18,63.4740,63.4740,62.9197,63.1879,349000
2000-08-21,63.4740,63.5812,63.0627,63.5812,755100
2000-08-22,63.5544,64.0818,63.5097,63.8226,1054000
2000-08-23,63.6170,64.0103,63.3130,63.7958,602900
2000-08-24,63.7421,64.1534,63.5991,64.0997,408400
2000-08-25,64.0103,64.2249,63.8136,64.2159,134900
2000-08-28,64.2160,64.8418,64.1266,64.4752,531700
2000-08-29,64.3322,64.4395,64.0819,64.3858,327200
2000-08-30,63.9031,64.2249,63.4740,63.5991,357300
2000-08-31,63.7958,64.7881,63.7600,64.3500,889600
2000-09-01,64.6183,64.7971,64.2696,64.3858,302000
2000-09-05,64.0461,64.7255,63.9746,64.5735,375700
2000-09-06,64.6719,65.2798,64.6719,64.7613,715300
2000-09-07,64.5289,64.7971,64.2338,64.5289,650300
2000-09-08,64.2338,64.5288,64.0192,64.1354,419300
2000-09-11,64.0640,64.6540,63.7422,64.1534,765600
2000-09-12,64.0461,64.6898,63.5991,64.6004,617600
2000-09-13,64.1891,64.3679,63.8405,64.1176,353400
2000-09-14,64.2712,64.4323,63.4298,63.5998,663000
2000-09-15,63.4655,63.5908,62.4272,62.4451,460400
2000-09-18,62.6957,62.7136,61.7916,62.0154,1033800
2000-09-19,62.1228,62.1228,61.6394,61.8543,714100
2000-09-20,61.8722,62.0870,60.4578,61.2635,3727200
2000-09-21,61.0486,61.8721,60.8696,60.8696,1943500
2000-09-22,60.8338,62.3734,60.7264,62.3018,1539300
2000-09-25,62.2302,62.4272,61.7469,61.9259,552100
2000-09-26,61.7290,61.8185,60.8159,60.8159,711500
2000-09-27,61.2277,61.2456,60.6011,61.0218,612500
2000-09-28,60.9502,62.2302,60.9144,62.0691,1042400
2000-09-29,61.8364,61.9438,61.0845,61.0845,780400
2000-10-02,61.2903,61.5052,60.9233,61.3530,481400
2000-10-03,61.5320,62.3197,61.2993,61.3172,2242400
2000-10-04,61.6215,62.2302,61.3888,61.8095,1312100
2000-10-05,61.8453,62.1944,61.4067,61.5678,652100
2000-10-06,61.4425,61.8543,60.2788,60.8338,1306700
2000-10-09,60.7443,61.0308,60.4847,60.6100,555100
2000-10-10,60.7264,60.9502,60.0819,60.0998,565500
2000-10-11,60.0281,60.6189,59.3299,59.8133,1241600
2000-10-12,59.8043,59.8043,57.4412,57.5038,2638900
2000-10-13,57.3338,58.5780,57.3338,58.3632,1456700
2000-10-16,58.5691,58.9719,58.4438,58.8376,566400
2000-10-17,58.9899,59.0973,57.5039,57.6293,906200
2000-10-18,56.7161,57.7545,55.4271,57.1637,3011000
2000-10-19,58.0051,58.3632,57.5844,58.3453,1539600
2000-10-20,57.8659,58.9056,57.8301,58.7264,1682500
2000-10-23,58.8698,59.4344,58.6726,59.1656,866900
2000-10-24,59.2283,59.8647,58.9953,59.3359,1545400
2000-10-25,59.4076,60.0529,58.9236,59.0222,1586400
2000-10-26,59.1387,60.0708,58.8070,59.4793,2003600
2000-10-27,59.8378,61.0389,59.5151,60.9134,1576000
2000-10-30,60.6982,62.3474,60.6982,62.0606,4240300
2000-10-31,62.4818,63.0555,61.8634,62.7597,4993400
2000-11-01,62.6163,63.0555,62.2040,62.6163,3410300
2000-11-02,62.6522,62.8852,62.3116,62.3206,1556300
2000-11-03,62.5267,62.5267,61.7111,62.0786,1663700
2000-11-06,62.2219,63.1720,62.0785,63.1182,2280300
2000-11-07,63.0286,63.1362,62.7239,62.9569,1136900
2000-11-08,63.1541,63.2258,62.3923,62.3923,1464300
2000-11-09,61.9172,62.5088,60.9492,62.0786,3839200
2000-11-10,61.7200,61.8634,60.8057,60.8774,1602200
2000-11-13,60.2321,60.9402,59.5150,60.4830,3009800
2000-11-14,60.8775,61.9172,60.8058,61.5587,1831200
2000-11-15,61.3077,62.0965,61.1016,61.5587,626600
2000-11-16,61.2540,61.8814,61.0568,61.1643,908100
2000-11-17,61.1438,62.0682,60.6143,61.0181,1289700
2000-11-20,60.7757,60.8834,60.0219,60.1296,1087400
2000-11-21,60.2911,60.8117,59.8424,60.5245,814700
2000-11-22,60.0937,60.3809,59.5911,59.6629,1096100
2000-11-24,60.3001,60.4527,60.0578,60.3450,535800
2000-11-27,60.9912,61.1527,60.5783,60.8117,777600
2000-11-28,60.5963,61.0989,60.2732,60.4706,1055900
2000-11-29,60.6142,61.2783,60.3450,60.8655,1399600
2000-11-30,60.4526,60.8475,59.0885,59.9680,1858100
2000-12-01,60.2732,60.5245,59.3937,59.6270,2277400
2000-12-04,59.2321,61.0091,59.2142,60.8655,1971400
2000-12-05,61.4579,62.8130,61.2425,62.5707,2005200
2000-12-06,62.3284,62.5259,61.0361,61.2963,1846600
2000-12-07,61.2425,61.5296,60.7578,60.8745,895600
2000-12-08,61.8348,62.3014,59.9322,60.0399,1716200
2000-12-11,61.2424,62.1399,61.2424,61.7988,1062600
2000-12-12,61.4758,62.4181,61.4758,62.1040,679100
2000-12-13,62.5617,62.8579,61.9335,62.0681,813200
2000-12-14,61.6373,61.8348,61.0450,61.2694,1241700
2000-12-15,60.8077,61.0952,59.6667,59.6667,2231500
2000-12-18,60.6280,61.4096,60.6100,61.3198,2611500
2000-12-19,61.2569,62.0476,60.6999,60.7268,1554800
2000-12-20,59.8553,60.3225,59.1994,59.1994,2413500
2000-12-21,59.1366,60.5202,59.1007,60.3405,2508500
2000-12-22,60.6639,61.5085,60.5022,61.5085,1895200
2000-12-26,61.4996,61.8500,60.9335,61.8140,933900
2000-12-27,61.5264,62.3530,61.1311,62.3530,1769600
2000-12-28,62.0654,62.6764,61.9397,62.5326,1100100
2000-12-29,62.7663,62.7663,61.4007,61.4007,1552800
2001-01-02,61.6343,61.9577,60.7179,61.1851,1468300
2001-01-03,61.1851,64.6890,60.7358,62.9820,4409300
2001-01-04,62.7573,63.4851,62.5327,62.8112,1516600
2001-01-05,62.2093,62.3350,61.0952,61.1131,1633900
2001-01-08,60.9514,61.5983,60.4483,61.1311,1450200
2001-01-09,61.4905,61.5084,60.4662,60.6280,1313100
2001-01-10,60.4483,61.2928,60.1428,61.2928,1700300
2001-01-11,61.1671,61.2569,60.5202,60.9155,1605100
2001-01-12,60.6819,61.0952,60.1608,60.5741,1645800
2001-01-16,60.5203,61.4007,60.2687,61.2031,1052400
2001-01-17,61.6612,61.7421,60.6370,60.9335,2434700
2001-01-18,61.1312,61.8050,60.7179,61.3648,1189400
2001-01-19,61.6671,61.6671,60.7676,60.7676,1057700
2001-01-22,60.8755,61.2713,60.4798,61.0914,851400
2001-01-23,60.8036,61.5502,60.7496,61.3073,1362700
2001-01-24,61.3253,61.5771,61.1454,61.2174,634400
2001-01-25,61.4153,62.1349,61.2714,61.7751,1228900
2001-01-26,61.6672,61.9370,61.1275,61.3793,1536000
2001-01-29,61.3706,61.8024,61.1058,61.6527,613500
2001-01-30,61.7333,62.7753,61.4800,62.5910,1213200
2001-01-31,62.7465,63.0343,62.3435,62.5565,1740200
2001-02-01,62.5853,63.4661,62.4011,63.3337,1743700
2001-02-02,63.2069,63.5466,62.4586,62.5334,1936700
2001-02-05,62.6716,63.2588,62.6025,63.2070,1516200
2001-02-06,62.9192,63.5984,62.9192,63.0803,1184400
2001-02-07,63.0285,63.4602,62.8098,63.1033,1712100
2001-02-08,63.2358,63.2530,62.5795,62.5910,1213800
2001-02-09,62.4586,62.7464,61.9808,62.1823,1531700
2001-02-12,62.2169,63.1437,62.1881,63.1092,1267200
2001-02-13,63.1494,63.5523,62.7694,62.9076,2354500
2001-02-14,62.9537,62.9537,62.1765,62.3319,1814400
2001-02-15,62.5738,62.9940,62.3493,62.9422,925400
2001-02-16,62.1379,62.5761,61.8093,62.3512,1561500
2001-02-20,62.4954,62.8990,61.8670,61.9477,1179800
2001-02-21,61.7747,61.9707,60.5928,60.7081,1815400
2001-02-22,60.8811,61.0252,59.8434,60.9099,2671700
2001-02-23,60.5929,60.6505,59.3822,60.2758,2489200
2001-02-26,60.4775,61.5152,60.1085,61.5152,1267800
2001-02-27,61.2731,61.8035,60.8811,61.4576,2046300
2001-02-28,61.5441,61.7459,60.1143,60.5351,2859200
2001-03-01,60.2181,60.5929,59.4456,60.3507,2547100
2001-03-02,59.6819,61.1060,59.3879,60.4199,2799900
2001-03-05,60.6793,61.0483,60.4718,60.8638,1067900
2001-03-06,61.4000,61.7690,61.0022,61.1982,1794900
2001-03-07,61.5730,62.0342,61.2847,61.9477,2587600
2001-03-08,61.6940,62.7144,61.6940,62.6164,2447400
2001-03-09,62.2648,62.2648,60.9676,61.1982,3106100
2001-03-12,60.7946,62.1725,58.4597,58.7480,4689200
2001-03-13,59.1227,59.5262,58.2867,59.3014,6299600
2001-03-14,57.7967,58.9786,57.1510,57.7621,9402900
2001-03-15,58.3675,58.4136,57.5949,57.8832,3576900
2001-03-16,57.5373,58.0916,56.6712,56.8040,4029600
2001-03-19,57.1101,57.7394,56.5327,57.5951,4135000
2001-03-20,57.7683,58.1436,55.9783,55.9841,4743300
2001-03-21,55.9841,56.1920,54.5637,54.7370,7788600
2001-03-22,54.5637,54.8755,52.5428,53.9575,12445300
2001-03-23,54.5580,55.1354,53.8709,55.0257,6343300
2001-03-26,55.4298,56.2671,55.3086,56.1227,5740500
2001-03-27,55.8340,57.5084,55.6608,57.2717,7042500
2001-03-28,56.8156,57.0061,56.0072,56.3883,5380800
2001-03-29,56.0360,57.1446,55.8917,56.6654,5104700
2001-03-30,56.7694,57.3295,56.3248,57.2429,5053600
2001-04-02,56.8155,57.7220,56.0187,56.2324,8406800
2001-04-03,56.0361,56.1227,54.4194,54.4482,6530700
2001-04-04,54.5637,55.8051,54.1365,55.0314,5376800
2001-04-05,56.1459,57.4450,56.0650,57.3873,5670100
2001-04-06,56.8733,57.0465,56.0361,56.7001,5727900
2001-04-09,57.4160,57.4449,56.4171,57.0580,3701300
2001-04-10,56.7578,58.7729,56.7578,58.2995,8755900
2001-04-11,59.1771,59.1829,57.5084,57.8433,4623500
2001-04-12,57.4507,58.7383,57.1620,58.7209,3777300
2001-04-16,58.3168,58.8769,58.0281,58.3053,2164100
2001-04-17,58.1840,59.1540,58.1493,59.0385,3424200
2001-04-18,59.6159,62.0410,59.5351,61.4463,8816500
2001-04-19,61.4347,61.9139,61.0305,61.8851,3677200
2001-04-20,61.2523,61.6395,60.8247,61.2234,2753000
2001-04-23,60.8767,61.1656,60.5589,60.7611,2296500
2001-04-24,61.0270,61.5297,60.3567,60.5589,2812900
2001-04-25,60.7322,61.5701,60.3566,61.5181,2232600
2001-04-26,61.6568,62.2867,61.4199,61.8417,2626400
2001-04-27,62.2058,62.5756,61.8880,62.5409,3045100
2001-04-30,62.6912,63.0553,61.8880,61.9574,3978100
2001-05-01,62.0903,63.0437,62.0036,62.9859,3892600
2001-05-02,63.0148,63.2691,62.3849,62.8068,4863600
2001-05-03,62.4081,62.5179,61.9863,62.4890,3190400
2001-05-04,61.8013,63.4539,61.6973,63.4482,5031000
2001-05-07,63.2459,63.5811,62.9570,63.1130,2489400
2001-05-08,63.3557,63.3557,62.5236,62.8761,3099900
2001-05-09,62.5814,63.1708,62.4659,62.7606,2595900
2001-05-10,63.4135,63.5348,63.0494,63.1361,2157800
2001-05-11,63.0494,63.1997,62.3156,62.7143,3418400
2001-05-14,62.6103,62.9801,62.4716,62.9801,2258600
2001-05-15,63.0437,63.4193,62.4889,63.1130,3467400
2001-05-16,62.6392,65.0950,62.6103,64.9853,8124000
2001-05-17,64.9506,65.6672,64.8062,65.2280,5072100
2001-05-18,65.1405,65.4994,64.8569,65.4878,3790100
2001-05-21,65.4010,65.7483,64.9091,65.5746,4280900
2001-05-22,65.6614,65.6614,65.0942,65.2100,3840800
2001-05-23,64.9959,65.1116,64.2782,64.3013,3897400
2001-05-24,64.5039,64.7354,63.9830,64.4055,2439600
2001-05-25,64.4461,64.4461,63.6705,63.7516,2465700
2001-05-29,63.9251,64.1277,63.5258,63.9020,2103400
2001-05-30,63.6763,64.0062,62.8834,63.0860,3908700
2001-05-31,63.2306,63.6242,62.9413,63.1322,2087200
2001-06-01,63.3753,63.9251,62.7386,63.9251,2390100
2001-06-04,63.8094,64.1972,63.3753,64.0525,1067100
2001-06-05,64.0699,64.9264,63.9252,64.7991,1919600
2001-06-06,64.7355,64.7876,64.0757,64.2725,2137400
2001-06-07,63.9251,64.3129,63.7515,64.1914,2334000
2001-06-08,64.1277,64.1277,63.2885,63.5200,1405600
2001-06-11,63.4042,63.5779,62.9702,63.2885,2264700
2001-06-12,62.9065,63.6647,62.4782,63.3927,2369500
2001-06-13,63.5200,63.8094,62.9470,62.9759,2241600
2001-06-14,62.7098,62.7098,61.6564,61.6969,3475600
2001-06-15,61.6448,62.1604,61.2102,61.8186,4091800
2001-06-18,61.6447,62.1082,61.5288,61.9923,2400000
2001-06-19,62.1372,62.3168,61.2102,61.5173,4168800
2001-06-20,61.3840,62.0735,61.2218,61.8359,3386000
2001-06-21,61.6157,62.4269,61.4130,62.0734,3673100
2001-06-22,61.9634,61.9634,61.2971,61.5521,1695900
2001-06-25,61.7432,61.7606,60.7004,60.8684,2237400
2001-06-26,60.6019,61.1233,60.2601,60.6135,2550400
2001-06-27,60.7641,61.0654,60.2890,60.5439,1937200
2001-06-28,60.8742,61.8939,60.8336,61.2334,2888600
2001-06-29,61.3261,61.5289,60.9264,60.9727,1571400
2001-07-02,60.7062,61.7490,60.5729,61.5347,1604000
2001-07-03,61.3840,61.4420,61.0364,61.4420,642500
2001-07-05,60.9785,61.2624,60.6309,60.6309,1072000
2001-07-06,60.6193,60.6193,59.2810,59.4200,2707600
2001-07-09,59.6459,59.9008,59.2809,59.5880,2770800
2001-07-10,59.9066,59.9645,58.9217,58.9622,2083100
2001-07-11,59.1129,59.6343,58.7131,59.4142,3559600
2001-07-12,59.9356,61.0074,59.7965,60.9205,3186600
2001-07-13,60.6888,61.2392,60.4860,61.2276,1200700
2001-07-16,61.1002,61.3203,60.5845,60.8626,912400
2001-07-17,60.6019,61.6969,60.5150,61.4999,1513100
2001-07-18,61.0364,61.4594,60.7757,61.1813,2256500
2001-07-19,61.8649,61.9924,61.0654,61.6448,1638000
2001-07-20,61.2179,61.5195,61.1019,61.3629,1203300
2001-07-23,61.6065,61.6703,60.1739,60.2609,1805900
2001-07-24,60.2029,60.4175,59.1589,59.5359,2675700
2001-07-25,59.5649,60.4581,59.4895,60.2899,2227400
2001-07-26,60.1449,60.7481,59.6519,60.6901,2436500
2001-07-27,60.6379,60.7248,60.2087,60.5219,1409500
2001-07-30,60.6959,60.6959,60.1043,60.3595,824500
2001-07-31,60.4639,61.5079,60.4117,60.9163,2736600
2001-08-01,61.3513,61.5137,60.8235,61.0671,2099400
2001-08-02,61.6239,61.6239,61.0323,61.2469,1675000
2001-08-03,61.3049,61.3049,60.5277,61.1193,1950900
2001-08-06,60.8989,60.9453,60.2319,60.2841,1552700
2001-08-07,60.3768,60.8292,60.1622,60.6436,2502500
2001-08-08,60.4291,60.8583,59.5649,59.7157,4010000
2001-08-09,59.7331,59.8839,59.2343,59.8259,5422800
2001-08-10,59.6983,60.5857,59.1705,60.4523,4504000
2001-08-13,60.4349,60.6379,60.1739,60.4291,2801800
2001-08-14,60.6089,60.8815,60.3015,60.4987,1329100
2001-08-15,60.4987,60.8061,60.0405,60.0695,2354500
2001-08-16,59.9245,60.4639,59.6751,60.4639,3778100
2001-08-17,59.8937,60.1666,59.1562,59.5162,3423400
2001-08-20,59.4582,60.1550,59.3130,60.1434,2005200
2001-08-21,60.0969,60.3234,58.9124,58.9356,3860600
2001-08-22,59.3420,59.9401,58.9065,59.7368,5700500
2001-08-23,59.6033,59.8298,59.3595,59.4872,2266300
2001-08-24,59.6614,60.9504,59.4466,60.7530,2789300
2001-08-27,60.6776,60.7415,60.3350,60.3350,2574400
2001-08-28,60.3814,60.3814,59.3711,59.4117,2799200
2001-08-29,59.6324,59.7195,58.5873,58.7556,3113300
2001-08-30,58.3782,58.9124,57.3853,57.6350,5706100
2001-08-31,57.7163,58.4537,57.5247,57.9950,3670700
2001-09-04,57.8905,59.2666,57.6931,58.0473,8618800
2001-09-05,58.0646,58.6162,57.4898,58.3898,7027300
2001-09-06,57.9485,58.1808,57.0950,57.1066,5873600
2001-09-07,56.6769,57.0369,55.5679,55.6550,10479200
2001-09-10,55.2602,56.2995,55.1905,56.0034,8726900
2001-09-17,52.5485,53.5937,51.6485,51.7356,13237400
2001-09-18,52.1130,52.5485,51.2130,51.9098,6816000
2001-09-19,51.9272,52.1421,49.2969,50.7892,9969500
2001-09-20,50.2259,50.4582,48.4840,48.5711,10182100
2001-09-21,46.5866,49.4673,46.2665,48.1870,12533400
2001-09-24,49.7350,50.4509,49.1763,50.1657,7953200
2001-09-25,50.1947,50.7476,49.4964,50.5730,7317500
2001-09-26,50.8582,50.9222,49.6419,50.0784,3981600
2001-09-27,50.0493,50.6255,49.3510,50.4858,4621500
2001-09-28,50.7767,51.6439,50.6603,51.4169,8187100
2001-10-01,51.1260,51.6206,50.8350,51.6090,5514500
2001-10-02,51.3995,52.2026,51.2365,52.2026,4845300
2001-10-03,51.6497,53.3374,51.5915,53.0755,7744300
2001-10-04,53.4829,53.5295,52.6100,52.9009,8186900
2001-10-05,52.6682,53.2501,52.1269,53.0290,8074100
2001-10-08,52.4935,53.3199,52.4062,52.7845,4774300
2001-10-09,52.9533,53.0173,52.4644,52.7438,2580500
2001-10-10,52.4936,54.0009,52.4179,53.8612,6862500
2001-10-11,54.1813,55.0251,54.0940,54.8214,14720200
2001-10-12,54.2395,54.6992,53.5411,54.4664,6561400
2001-10-15,54.1231,54.5304,53.8146,54.4548,3774700
2001-10-16,54.6468,54.8796,54.1405,54.6759,4445000
2001-10-17,55.3452,55.3917,53.5469,53.5469,14080700
2001-10-18,53.6866,53.8728,53.2210,53.5353,2821400
2001-10-19,53.3949,53.8027,52.9288,53.5405,3465800
2001-10-22,53.5405,54.8514,53.4240,54.7931,3788200
2001-10-23,54.9970,55.0786,54.0648,54.5309,3764900
2001-10-24,54.5601,54.7640,54.0940,54.4435,2824200
2001-10-25,53.8901,55.3408,53.4473,55.3349,3775300
2001-10-26,55.0145,55.9874,54.9096,55.4864,3639300
2001-10-29,55.3757,55.6437,53.6279,54.2163,3040800
2001-10-30,53.6570,53.6862,52.8297,53.1036,4090800
2001-10-31,53.5522,53.8493,52.7831,52.8298,4741700
2001-11-01,53.1036,54.1756,52.5210,53.8901,3984800
2001-11-02,53.8901,54.5135,53.6687,54.4202,2647400
2001-11-05,54.9096,55.2708,54.8222,55.0552,2273500
2001-11-06,54.9096,56.0166,54.6766,56.0166,3113200
2001-11-07,55.5679,56.2787,55.4980,55.7835,2955300
2001-11-08,56.1039,56.7448,55.7311,56.0631,3953300
2001-11-09,55.7951,56.2204,55.5097,56.1097,2739100
2001-11-12,55.4631,55.9991,54.7640,55.6553,4122500
2001-11-13,56.3894,57.0070,56.2846,56.9778,4026000
2001-11-14,57.3565,57.6129,56.8497,57.4148,2772100
2001-11-15,57.2691,57.8226,57.2167,57.7585,3540500
2001-11-16,57.8501,57.9551,57.1792,57.6809,3945800
2001-11-19,58.0193,58.4218,57.6984,58.3985,2794300
2001-11-20,58.1652,58.3344,57.7860,57.8327,3313500
2001-11-21,57.8151,57.8151,57.2433,57.4067,3219200
2001-11-23,57.4943,58.3110,57.4359,58.2818,873900
2001-11-26,58.3110,58.4277,57.8151,58.2235,2250800
2001-11-27,58.0484,58.4218,57.4125,57.7100,5033100
2001-11-28,57.4184,57.4592,56.6833,56.7650,3206200
2001-11-29,56.9108,57.6459,56.6250,57.6401,2597100
2001-11-30,57.4184,57.8443,57.2317,57.5176,3416100
2001-12-03,57.2317,57.2317,56.7125,57.0567,1779200
2001-12-04,57.3484,58.0193,56.9284,58.0193,2617500
2001-12-05,58.1826,59.3319,58.1068,59.0402,2938700
2001-12-06,59.0519,59.4778,58.9236,59.0986,3566000
2001-12-07,58.8186,59.0636,58.4394,58.8653,3954900
2001-12-10,58.5444,58.9236,57.9610,57.9901,2329700
2001-12-11,58.2176,58.6260,57.6401,57.7859,3352000
2001-12-12,57.9901,58.1360,57.2375,57.8909,3120800
2001-12-13,57.3484,57.6342,56.8933,56.9400,2976500
2001-12-14,57.0625,57.6343,56.9400,57.5234,3638200
2001-12-17,57.3775,58.1068,57.3717,57.9318,2430900
2001-12-18,58.2585,58.5735,58.1126,58.5735,1557500
2001-12-19,58.1068,59.0227,57.9668,59.0169,2250900
2001-12-20,58.8069,58.9644,58.3985,58.4627,2260600
2001-12-21,58.7860,58.9146,58.4703,58.7567,2951100
2001-12-24,58.7685,58.9205,58.6983,58.7509,372500
2001-12-26,58.7509,59.5168,58.7333,59.1250,1462000
2001-12-27,59.1193,59.3707,58.9848,59.3356,1850300
2001-12-28,59.4584,59.5987,59.1251,59.1427,1401100
2001-12-31,59.2479,59.3239,58.2657,58.3475,1706300
2002-01-02,58.7451,58.9906,58.1137,58.9614,2843500
2002-01-03,58.9322,59.6279,58.8328,59.6045,1465800
2002-01-04,59.8442,60.1892,59.6454,60.1132,2288900
2002-01-07,60.1423,60.3002,59.5694,59.7155,2485200
2002-01-08,59.5168,59.7799,59.2245,59.4817,5034200
2002-01-09,59.6045,60.2125,58.8854,58.9672,3587500
2002-01-10,59.0198,59.1426,58.6983,58.9906,2766300
2002-01-11,59.0023,59.1076,58.3768,58.5054,2473600
2002-01-14,58.3124,58.3825,57.8271,57.9674,3472000
2002-01-15,58.0844,58.4527,57.7161,58.1721,2979800
2002-01-16,57.6459,57.8798,56.7397,56.7923,5160600
2002-01-17,57.2016,57.7336,57.0145,57.4296,3493700
2002-01-18,57.0428,57.5695,56.7619,57.2886,3446800
2002-01-22,57.5461,57.6690,56.7619,56.9258,1951100
2002-01-23,57.0252,57.2476,56.6917,56.9960,3672900
2002-01-24,57.3120,57.7333,57.2067,57.3939,3954400
2002-01-25,57.1481,57.9674,57.0955,57.6280,3244800
2002-01-28,57.8503,57.9557,57.3529,57.8620,1713400
2002-01-29,57.9030,58.0552,56.2353,56.2879,4651500
2002-01-30,56.4693,57.2768,55.7671,57.2534,6106800
2002-01-31,57.3763,58.1136,57.2242,58.0727,3945600
2002-02-01,57.9966,58.2600,57.7216,58.0961,3651500
2002-02-04,57.9908,57.9908,56.6332,56.7619,6935100
2002-02-05,56.4987,57.2535,56.2353,56.6450,5755800
2002-02-06,56.7795,57.0428,56.2645,56.5454,4384700
2002-02-07,56.6039,57.1130,56.2645,56.2762,2955200
2002-02-08,56.5279,57.1833,56.0890,57.1247,4380000
2002-02-11,57.1131,57.9967,56.9609,57.8445,2169100
2002-02-12,57.6163,58.0727,57.4641,57.8094,1341100
2002-02-13,58.0259,58.6286,57.9264,58.5467,3350100
2002-02-14,58.7516,58.9798,58.3712,58.6930,6434900
2002-02-15,58.6549,58.7018,58.0279,58.0982,3838800
2002-02-19,57.7759,57.9517,57.0552,57.1431,3716300
2002-02-20,57.4068,58.5494,57.0728,58.4908,7177100
2002-02-21,58.2272,58.8659,57.6295,57.6471,10841000
2002-02-22,57.7173,58.7428,57.4478,58.5846,8244600
2002-02-25,58.6315,59.7331,58.5846,59.5397,8931500
2002-02-26,59.6217,59.8268,58.8014,59.2526,12740300
2002-02-27,59.7096,60.1784,58.9772,59.5631,7881200
2002-02-28,59.6803,60.1256,59.2408,59.2408,5257900
2002-03-01,59.6452,60.9402,59.3229,60.8465,8306600
2002-03-04,61.0573,62.2585,60.9870,62.0652,8199400
2002-03-05,61.7312,62.2292,61.1394,61.3972,10708700
2002-03-06,61.3152,62.2879,61.2918,62.0711,7636800
2002-03-07,62.3992,62.4051,61.4382,61.8894,7721200
2002-03-08,62.3992,62.6336,61.8191,62.1063,6329100
2002-03-11,61.9656,62.5340,61.7195,62.1766,4433500
2002-03-12,61.6902,62.4930,61.6023,62.4812,7747000
2002-03-13,62.0945,62.2176,61.4676,61.7137,9755000
2002-03-14,61.7195,61.9890,61.5027,61.7488,5410700
2002-03-15,61.9125,62.3116,61.7189,62.2940,9864800
2002-03-18,62.4114,62.6637,61.7776,62.0006,4856100
2002-03-19,62.4408,62.7048,62.2060,62.6109,9935600
2002-03-20,62.1649,62.1649,61.5780,61.5839,5363300
2002-03-21,61.6191,62.2412,60.8034,61.3668,10270300
2002-03-22,61.4783,61.6426,61.0088,61.1673,4597900
2002-03-25,61.1437,61.3785,60.3515,60.4454,5864700
2002-03-26,60.3632,61.2787,60.3280,60.8973,4583800
2002-03-27,60.7682,61.4137,60.6802,61.2083,5929100
2002-03-28,61.3843,61.6895,60.8562,60.8621,4062300
2002-04-01,60.6566,60.9735,60.2517,60.6566,6331300
2002-04-02,60.4337,60.6508,60.2576,60.5393,3131400
2002-04-03,60.7740,60.7740,59.5358,60.0581,7807100
2002-04-04,59.8293,60.3163,59.6415,59.9936,9099300
2002-04-05,60.4571,60.7271,59.9994,60.4102,7602400
2002-04-08,59.4478,60.3046,59.3304,60.2693,4378600
2002-04-09,60.5452,60.5745,59.8938,60.0170,7859700
2002-04-10,60.1050,61.1085,60.0698,60.9736,7545100
2002-04-11,60.6978,60.9267,59.6356,59.7119,4403800
2002-04-12,60.0933,60.1813,59.5710,59.8527,5885900
2002-04-15,59.9877,60.1168,59.1250,59.2834,5137300
2002-04-16,60.0170,60.5804,59.8644,60.5275,2597200
2002-04-17,60.6919,60.6919,59.8586,60.0992,2513800
2002-04-18,60.0933,60.2987,59.0487,59.8468,5819200
2002-04-19,60.4096,60.4448,60.0278,60.2627,2323900
2002-04-22,60.0277,60.1804,59.3875,59.5461,3830300
2002-04-23,59.6459,59.8456,59.1584,59.3934,4236100
2002-04-24,59.3934,59.7575,58.8824,58.8824,2849700
2002-04-25,58.7356,59.0880,58.3244,59.0292,4995700
2002-04-26,59.2642,60.4976,58.0014,58.0542,4240300
2002-04-29,58.3538,58.4419,57.6372,57.6783,4587300
2002-04-30,57.9544,58.8530,57.7194,58.4360,3800000
2002-05-01,58.5241,59.3581,57.7664,59.2877,8628400
2002-05-02,59.1408,59.5284,58.9763,59.3581,2519700
2002-05-03,59.1643,59.2583,58.4125,58.7120,4595200
2002-05-06,58.7121,58.9353,57.5374,57.6196,4666600
2002-05-07,58.0542,58.3773,57.6079,57.6783,5486400
2002-05-08,58.6709,59.7223,58.6239,59.4874,4824500
2002-05-09,59.3582,59.6636,58.8824,59.0292,3601000
2002-05-10,59.1584,59.1996,58.3126,58.4360,4668600
2002-05-13,58.6885,59.4697,58.3420,59.4638,4081200
2002-05-14,60.3508,60.6151,59.9983,60.5563,4455500
2002-05-15,60.2979,60.9264,60.1393,60.4565,3680200
2002-05-16,60.2862,60.7384,59.8809,60.6033,2364100
2002-05-17,60.7074,60.9544,60.3663,60.8309,2310500
2002-05-20,60.6251,60.6839,60.0899,60.2781,2868700
2002-05-21,60.4604,60.5486,59.3547,59.6252,2206600
2002-05-22,59.4076,59.8428,59.2370,59.7487,2705500
2002-05-23,59.9898,60.2427,59.4017,60.1427,2511400
2002-05-24,59.9899,60.2252,59.3547,59.4135,1944000
2002-05-28,59.6017,59.6076,58.6725,58.8960,2558300
2002-05-29,58.6137,58.8489,58.4078,58.4313,2816200
2002-05-30,58.2020,58.6431,57.7609,58.4255,5263000
2002-05-31,58.7254,59.2018,58.3431,58.3725,4762200
2002-06-03,58.3902,58.8783,56.9963,57.0198,5602000
2002-06-04,57.0375,57.4610,56.5258,57.1140,5598900
2002-06-05,57.2139,57.8138,57.1080,57.7726,3750000
2002-06-06,57.7080,57.7550,56.5376,56.7728,4875100
2002-06-07,56.0611,56.8434,55.7965,56.5905,5917100
2002-06-10,56.6081,57.2786,56.3081,56.8669,3823400
2002-06-11,57.1374,57.5491,56.0200,56.0905,4207100
2002-06-12,55.9553,56.8257,55.6847,56.7492,4807200
2002-06-13,56.4964,56.7904,55.9317,56.0964,3775900
2002-06-14,55.2906,55.9552,54.4378,55.8729,7309400
2002-06-17,56.1964,57.1668,56.1082,57.0904,3785900
2002-06-18,56.9022,57.6373,56.8022,57.5785,2704200
2002-06-19,56.7611,57.4492,55.8200,56.3494,6932900
2002-06-20,56.2493,56.5316,55.5318,55.5612,5505800
2002-06-21,55.2502,55.6273,54.2957,54.6904,4570700
2002-06-24,54.2131,55.3857,53.5120,54.8848,6756700
2002-06-25,55.2325,55.5271,53.6475,53.7182,7920100
2002-06-26,52.6518,54.2014,52.4691,53.7536,7571300
2002-06-27,54.3015,54.7258,53.2056,54.7140,6814900
2002-06-28,54.5726,55.2620,54.4606,54.5195,5059200
2002-07-01,54.6020,55.0144,53.6180,53.6533,4088300
2002-07-02,53.6416,53.9597,52.8520,53.1761,8246300
2002-07-03,52.9110,53.5709,52.4985,53.4000,7801400
2002-07-05,53.9715,55.4858,53.9067,55.4858,3042400
2002-07-08,55.1794,55.4976,54.5018,54.7729,4144900
2002-07-09,54.6668,55.0852,53.5650,53.7300,5230600
2002-07-10,53.9421,53.9716,51.8504,52.0272,8988300
2002-07-11,51.6206,52.3218,50.7722,51.9329,10064900
2002-07-12,52.1450,52.2628,50.7368,51.0550,8371300
2002-07-15,50.9135,51.2435,48.6097,51.1374,19684400
2002-07-16,50.3774,51.0020,49.5879,50.1123,11732600
2002-07-17,51.0373,51.5558,49.8176,50.3538,9671900
2002-07-18,50.4128,50.9372,49.4052,49.4052,8068300
2002-07-19,48.7459,49.0469,46.9812,47.2173,16165500
2002-07-22,46.8454,48.0966,45.5056,46.0722,24645000
2002-07-23,46.2316,46.7510,45.3050,45.5470,21734000
2002-07-24,44.7088,48.6928,44.4314,48.4567,24784000
2002-07-25,48.2502,49.1060,46.7746,48.2679,20978400
2002-07-26,48.7223,48.9584,47.9019,48.8994,9383300
2002-07-29,49.8142,51.5730,49.7434,51.1835,14891900
2002-07-30,50.9651,51.7914,50.4103,51.3782,15083800
2002-07-31,51.1304,51.5789,50.3985,51.4373,10756000
2002-08-01,51.2661,51.5081,50.0267,50.0916,12715600
2002-08-02,49.9913,50.2569,48.4154,49.1059,12992600
2002-08-05,48.9289,49.1355,47.3943,47.4947,8641400
2002-08-06,48.4272,49.7729,48.3092,48.9879,12131400
2002-08-07,49.5840,50.0798,48.5452,49.9617,12801400
2002-08-08,50.2155,51.5553,49.7788,51.4963,14268400
2002-08-09,51.0832,52.0806,50.6523,51.7029,12693100
2002-08-12,50.9828,51.6380,50.7467,51.3429,8905500
2002-08-13,51.0714,51.7560,50.0031,50.1388,12022300
2002-08-14,50.1683,51.8504,49.4010,51.6262,15180300
2002-08-15,51.9685,52.4997,51.3665,52.1338,15213000
2002-08-16,51.7792,52.3347,51.4837,51.8442,8888600
2002-08-19,51.7260,53.2625,51.7083,53.1384,9593900
2002-08-20,52.7838,52.9729,52.1515,52.5947,10107600
2002-08-21,52.8606,53.1857,52.0097,53.1561,12027700
2002-08-22,53.0379,53.7766,52.8015,53.5579,9013200
2002-08-23,53.1206,53.7766,52.2401,52.4292,8041900
2002-08-26,52.5888,53.0202,51.7674,52.7897,8066100
2002-08-27,53.1738,53.4456,51.9742,52.2992,9351100
2002-08-28,51.8619,51.9978,51.1646,51.4600,8161100
2002-08-29,50.9401,51.7910,50.2664,51.2651,9045200
2002-08-30,50.9400,52.0215,50.8514,51.1291,9528400
2002-09-03,50.5382,50.6209,49.1140,49.1435,12002400
2002-09-04,49.3976,50.1068,49.0194,49.7226,11734700
2002-09-05,49.1258,49.6104,48.5467,49.2854,13496700
2002-09-06,49.8231,50.2309,49.5808,49.9472,9178300
2002-09-09,49.5690,50.7214,49.2263,50.3373,8296800
2002-09-10,50.6859,51.1173,50.3373,51.1114,8951200
2002-09-11,51.6432,51.9978,50.6327,50.6327,6677700
2002-09-12,50.4200,50.4791,49.4863,49.7226,7140200
2002-09-13,49.3090,49.5631,48.8717,49.3622,9613400
2002-09-16,49.0785,49.7581,48.9012,49.7286,5978000
2002-09-17,50.2427,50.4023,48.4521,48.5526,13073100
2002-09-18,48.1094,48.9899,47.7312,48.1153,11649100
2002-09-19,47.5657,48.1566,46.9806,47.0634,12834900
2002-09-20,47.3163,48.1279,46.9135,47.1919,9374000
2002-09-23,46.8069,46.9313,46.1731,46.6766,9102200
2002-09-24,46.0309,46.6766,45.3734,45.6518,15202100
2002-09-25,46.2323,46.8484,45.4031,46.5937,11780000
2002-09-26,46.9017,47.5473,46.5581,47.2749,11281800
2002-09-27,46.9195,47.0912,45.5215,45.5215,10727500
2002-09-30,45.0476,45.5866,44.1887,45.0180,17215400
2002-10-01,45.4149,47.4170,44.9884,47.3874,15772300
2002-10-02,46.8306,47.3163,45.7821,46.1553,13694600
2002-10-03,46.4870,47.0320,45.6104,45.8355,13741400
2002-10-04,46.1613,46.2087,44.3132,44.9944,16881400
2002-10-07,44.5619,45.4031,43.9163,44.2717,13419900
2002-10-08,44.5975,45.3142,43.4780,44.6567,21139100
2002-10-09,43.8511,44.2717,43.1818,43.3121,20801400
2002-10-10,43.2410,44.8996,42.6664,44.6745,21248700
2002-10-11,45.4623,46.9194,45.3379,46.7891,23525600
2002-10-14,46.1731,47.0320,45.9539,46.7595,12540500
2002-10-15,48.2759,49.0756,48.0390,49.0460,17099700
2002-10-16,48.3411,48.6313,47.5177,47.8613,17516400
2002-10-17,49.3658,49.6324,48.6313,49.0696,13087900
2002-10-18,48.7168,49.5115,48.3313,49.2861,10921300
2002-10-21,48.9303,50.7926,48.8354,50.6621,14045400
2002-10-22,50.0513,50.4190,49.7013,50.2529,10740000
2002-10-23,49.8199,50.5553,49.2268,50.5494,12054500
2002-10-24,50.8163,50.9409,49.0964,49.2446,12298300
2002-10-25,49.1201,50.2292,48.9600,50.1936,12061600
2002-10-28,50.7451,50.8875,49.4047,49.8377,8822300
2002-10-29,49.6479,49.9385,48.5448,49.6479,13946200
2002-10-30,49.7487,50.3833,49.3217,50.0275,9937800
2002-10-31,50.1698,50.5020,49.4818,49.6716,10202300
2002-11-01,49.5234,50.7748,49.3454,50.5909,9539200
2002-11-04,51.3501,51.8958,50.7689,50.8282,12260600
2002-11-05,50.7214,51.6289,50.7096,51.5399,10785400
2002-11-06,51.8839,52.2813,50.9527,52.2220,17454500
2002-11-07,51.7178,51.8246,50.7392,51.0357,9715600
2002-11-08,50.9587,51.5636,50.4960,50.5791,9416900
2002-11-11,50.5020,50.5138,49.5886,49.7962,7270300
2002-11-12,49.9741,50.6147,49.7013,49.9979,9213000
2002-11-13,49.6598,50.5553,49.3336,50.1757,16988200
2002-11-14,50.5376,50.8875,50.0275,50.7985,8668000
2002-11-15,50.3859,51.1172,50.2075,51.0399,7217000
2002-11-18,51.4263,51.5809,50.4751,50.4810,5612900
2002-11-19,50.2076,50.8853,50.0292,50.5702,6069700
2002-11-20,50.3562,51.7058,50.2730,51.6820,8535000
2002-11-21,51.8365,52.8175,51.6701,52.7580,9367500
2002-11-22,52.4668,52.9067,52.3776,52.4311,7770100
2002-11-25,52.4251,52.8829,52.1517,52.6035,6356500
2002-11-26,52.2825,52.6748,51.6344,51.6641,5853600
2002-11-27,52.1100,53.2991,52.0744,53.2277,8264700
2002-11-29,53.3288,53.3882,52.8056,52.8532,3058100
2002-12-02,53.7450,53.8996,52.3360,52.8354,8928700
2002-12-03,52.4371,52.5500,51.9674,52.2765,7011500
2002-12-04,51.6879,52.5559,51.5452,52.1695,9947600
2002-12-05,52.3003,52.4073,51.3015,51.4977,6918800
2002-12-06,50.7962,51.7474,50.5940,51.6225,9463600
2002-12-09,51.1113,51.2837,50.3919,50.3919,5605500
2002-12-10,50.7367,51.1350,50.4870,50.9804,6091300
2002-12-11,50.8259,51.4263,50.6118,51.1231,5671900
2002-12-12,51.2777,51.4263,50.6891,50.9210,5282100
2002-12-13,50.4394,50.8021,50.1600,50.1600,6491200
2002-12-16,50.4929,51.5452,50.4037,51.5452,5622800
2002-12-17,51.2064,51.5393,50.8200,50.8735,4202300
2002-12-18,50.6238,50.6713,50.1541,50.4157,6711400
2002-12-19,50.1600,50.7604,49.6784,49.9459,7277200
2002-12-20,50.2678,50.8758,49.8685,50.8698,4713900
2002-12-23,50.5539,51.2512,50.4705,50.7446,4688300
2002-12-24,50.4705,50.6552,50.3572,50.4407,1449500
2002-12-26,50.6016,51.0784,50.1248,50.3930,2966200
2002-12-27,50.1248,50.4228,49.4096,49.4453,5971500
2002-12-30,49.6480,49.9400,49.2308,49.6778,5939300
2002-12-31,49.6360,49.9042,49.1592,49.7731,5609400
2003-01-02,50.1545,51.4539,50.0353,51.3645,7451400
2003-01-03,51.2572,51.5790,51.0307,51.4717,4608500
2003-01-06,51.4360,52.5625,51.2930,52.2525,5957000
2003-01-07,52.2406,52.5863,51.9724,52.2824,6756000
2003-01-08,51.9724,51.9724,51.2035,51.3585,9215000
2003-01-09,51.6446,52.4611,51.6327,52.3181,8806000
2003-01-10,51.8055,52.6757,51.6744,52.4433,7426900
2003-01-13,52.7532,52.9737,52.1989,52.5028,6227800
2003-01-14,52.3300,52.7949,51.9366,52.7114,4361500
2003-01-15,52.8068,52.8664,51.9426,52.2585,5521600
2003-01-16,52.3002,52.5863,51.7757,52.0320,6486800
2003-01-17,51.5424,51.8585,51.0951,51.3575,6485200
2003-01-21,51.5006,51.5304,50.3674,50.5046,6430900
2003-01-22,50.1766,50.4211,49.5921,49.7174,8249100
2003-01-23,49.9201,50.1169,49.3177,49.7650,9120000
2003-01-24,49.6815,49.7590,48.4171,48.5483,10175000
2003-01-27,48.1905,48.7869,47.4807,47.8028,10515700
2003-01-28,48.0593,48.4768,47.7730,48.1666,7463000
2003-01-29,47.8088,48.7392,47.4271,48.3575,12052000
2003-01-30,48.4887,48.6497,47.2959,47.2959,10124300
2003-01-31,47.2004,48.3277,47.2004,48.2143,10294800
2003-02-03,48.2919,48.6855,48.2024,48.3814,5464800
2003-02-04,47.9460,48.1607,47.3555,47.9996,6720200
2003-02-05,48.1965,48.7213,47.4748,47.7849,9330800
2003-02-06,47.5583,47.8028,47.1169,47.5165,8836300
2003-02-07,47.7790,47.8565,46.7591,47.0275,7624500
2003-02-10,47.0931,47.4330,46.5802,47.3734,7264700
2003-02-11,47.6120,47.7253,46.6398,46.9380,7894600
2003-02-12,46.8307,47.0215,46.3476,46.3595,6864700
2003-02-13,46.3417,46.6220,45.6379,46.5325,8574200
2003-02-14,46.5801,47.4867,46.2044,47.4748,10643900
2003-02-18,47.7133,48.3396,47.6418,48.2203,8393400
2003-02-19,48.0295,48.1487,47.5344,48.0354,5357700
2003-02-20,48.0414,48.1428,47.2840,47.4867,5209100
2003-02-21,47.5818,48.1921,46.9955,48.0066,7826700
2003-02-24,47.7554,47.8331,47.0255,47.0913,6710800
2003-02-25,46.6366,47.5041,46.1998,47.4622,8146000
2003-02-26,47.1631,47.4981,46.6904,46.8221,6351600
2003-02-27,47.0733,47.5400,46.6067,47.2887,9911300
2003-02-28,47.3665,47.7314,47.0374,47.4502,9119400
2003-03-03,47.6716,47.8211,46.8639,47.0194,7116100
2003-03-04,46.9357,46.9477,46.1879,46.2238,5168800
2003-03-05,46.0981,46.6007,45.9186,46.5708,7606000
2003-03-06,46.2656,46.6066,45.9066,45.9904,8054100
2003-03-07,45.4400,46.4152,45.3383,46.3973,11889500
2003-03-10,45.9186,46.0861,45.2724,45.3382,7240100
2003-03-11,45.4400,45.8109,45.0092,45.0810,8543500
2003-03-12,44.9374,45.3383,44.4588,45.3203,10315700
2003-03-13,45.9485,46.9656,45.6674,46.9297,12660000
2003-03-14,47.1750,47.5938,46.7562,47.2408,12985500
2003-03-17,46.8340,48.9100,46.5827,48.7365,14688600
2003-03-18,48.9400,49.2690,48.5212,49.1434,11246200
2003-03-19,49.2631,49.6579,48.6947,49.6101,9366300
2003-03-20,49.2391,49.9271,48.7425,49.7297,14858500
2003-03-21,50.2113,51.1339,49.8998,50.9961,17259100
2003-03-24,49.9897,50.1035,49.0492,49.2648,16257600
2003-03-25,49.2828,50.0137,49.0312,49.6063,12104400
2003-03-26,49.5345,49.7142,49.0972,49.3488,9405800
2003-03-27,48.8934,49.4865,48.6239,49.1390,9004000
2003-03-28,48.8516,49.2110,48.6419,48.8635,6382700
2003-03-31,48.1626,48.4621,47.5516,47.8152,13382600
2003-04-01,48.0847,48.5819,47.7792,48.3962,9551100
2003-04-02,49.2648,49.9238,49.2289,49.5703,11873600
2003-04-03,50.0256,50.2293,49.3427,49.3427,9865400
2003-04-04,49.7621,49.8699,49.3008,49.6542,7441300
2003-04-07,50.8643,51.1578,49.6722,49.6782,11794900
2003-04-08,49.8219,50.0555,49.5583,49.8399,7796500
2003-04-09,50.0077,50.3791,49.1331,50.0795,11033600
2003-04-10,49.3068,49.4026,48.8575,49.3967,6487000
2003-04-11,49.7381,50.0675,49.0731,49.2409,8296700
2003-04-14,49.3547,50.2293,49.2709,50.2233,6729600
2003-04-15,50.0676,50.5887,49.8639,50.5588,6764500
2003-04-16,50.7085,50.7085,49.4326,49.5404,9548800
2003-04-17,49.5752,50.1750,49.4372,50.0730,8768400
2003-04-21,50.1811,50.4450,49.8511,50.1031,6019200
2003-04-22,49.8031,51.0027,49.6112,50.9368,9069700
2003-04-23,51.0627,51.2367,50.7328,51.1167,6881800
2003-04-24,50.7268,50.9788,50.4149,50.6489,8655300
2003-04-25,50.5050,50.6069,49.6952,49.8812,7864500
2003-04-28,50.0431,51.0748,49.8991,50.8589,7362400
2003-04-29,51.0627,51.4046,50.6548,51.0507,11257300
2003-04-30,50.9428,51.2307,50.6488,50.9008,10009100
2003-05-01,50.8348,50.9428,50.0850,50.7508,11239800
2003-05-02,50.5349,51.6026,50.5109,51.4706,10966000
2003-05-05,51.5846,51.6986,51.0448,51.2847,8211300
2003-05-06,51.2907,51.9325,51.2247,51.5786,9820100
2003-05-07,51.3447,51.8605,51.1107,51.5006,8495000
2003-05-08,51.0028,51.5546,50.9068,51.0627,8723100
2003-05-09,51.2007,51.7585,51.1047,51.6866,6890700
2003-05-12,51.5546,52.5383,51.4706,52.3883,8109500
2003-05-13,52.2025,52.4184,51.9505,52.2085,6891200
2003-05-14,52.4124,52.5083,51.7766,52.0885,7835600
2003-05-15,52.3044,52.6043,51.9805,52.3764,7470100
2003-05-16,52.3181,52.6244,51.9817,52.2580,7413900
2003-05-19,51.8315,52.3542,51.0025,51.1647,9799700
2003-05-20,51.2848,51.4531,50.6120,51.1046,10805100
2003-05-21,51.0025,51.3209,50.7682,51.1827,8288500
2003-05-22,51.3449,51.9336,51.2308,51.6873,6992800
2003-05-23,51.6573,51.9216,51.4290,51.8015,4639700
2003-05-27,51.4951,52.9669,51.4230,52.7867,10004400
2003-05-28,52.9669,53.3153,52.8107,52.8648,6343200
2003-05-29,53.0149,53.4054,52.2941,52.5043,8634400
2003-05-30,52.7266,53.4535,52.6906,53.3694,7883900
2003-06-02,53.7118,54.6129,53.4955,53.6697,9531700
2003-06-03,53.4955,53.8800,53.3453,53.7959,7868800
2003-06-04,53.7299,54.6129,53.6698,54.4928,8728600
2003-06-05,54.1443,54.5288,54.0302,54.5108,7943400
2003-06-06,54.9494,55.5621,54.5168,54.5889,10657300
2003-06-09,54.3125,54.6309,53.8860,54.2044,7852500
2003-06-10,54.3606,54.7271,54.1624,54.6850,6330500
2003-06-11,54.6729,55.4058,54.5107,55.3338,8546800
2003-06-12,55.6342,55.6883,54.9674,55.5261,8582500
2003-06-13,55.5080,55.5861,54.6970,55.0154,6188100
2003-06-16,55.2557,56.2049,55.1536,56.1688,8098900
2003-06-17,56.3731,56.4392,55.8745,56.1448,7674800
2003-06-18,55.8624,56.2890,55.6462,56.0246,7920100
2003-06-19,56.0487,56.1748,55.1716,55.3398,9831000
2003-06-20,55.8174,55.9379,55.2934,55.3175,8022600
2003-06-23,55.3175,55.3476,54.5044,54.7513,11290200
2003-06-24,54.5767,55.1489,54.5586,54.9260,9751300
2003-06-25,54.8779,55.2513,54.2575,54.2635,9713500
2003-06-26,54.3357,54.8778,54.2213,54.7092,7084700
2003-06-27,54.7272,54.9320,54.0767,54.1309,7029600
2003-06-30,54.4321,54.6791,54.0828,54.1551,5865400
2003-07-01,53.9623,54.6128,53.5166,54.5586,7580100
2003-07-02,54.6971,55.2211,54.6429,55.2091,4518100
2003-07-03,54.8115,55.2151,54.3598,54.6308,3271500
2003-07-07,55.1729,55.8957,55.1729,55.6307,6733800
2003-07-08,55.4500,55.7452,55.2693,55.6909,4683200
2003-07-09,55.5163,55.7090,54.9501,55.3115,7519700
2003-07-10,54.9561,55.0163,54.2755,54.5646,7534400
2003-07-11,54.6248,55.2272,54.6128,55.0465,4634600
2003-07-14,55.7572,56.0162,55.1127,55.3235,6303200
2003-07-15,55.6608,55.7150,54.8537,55.1669,6847200
2003-07-16,55.2995,55.2995,54.5526,54.9802,6340400
2003-07-17,54.6309,55.0164,54.4442,54.6429,8581700
2003-07-18,54.9433,55.4681,54.7684,55.3897,6411800
2003-07-21,55.3776,55.4198,54.7684,54.9795,8945900
2003-07-22,55.0820,55.4560,54.5572,55.2871,8465700
2003-07-23,55.3836,55.5947,54.9251,55.5283,5297200
2003-07-24,55.9023,56.0772,54.9795,55.0337,6703400
2003-07-25,55.1182,56.0531,54.8407,56.0410,8848600
2003-07-28,56.1316,56.1859,55.7335,55.8903,5665800
2003-07-29,56.0109,56.1134,55.3353,55.6550,5964800
2003-07-30,55.7817,55.8420,55.3414,55.5887,5326400
2003-07-31,56.0411,56.5598,55.6731,55.7757,10218800
2003-08-01,55.7877,55.8239,55.1906,55.3655,6744800
2003-08-04,55.2509,55.6369,54.6477,55.4560,7649300
2003-08-05,55.3474,55.5223,54.3039,54.3039,5980900
2003-08-06,54.5331,55.1906,54.3461,54.6839,9097500
2003-08-07,54.7684,55.2208,54.5452,55.2208,6172200
2003-08-08,55.3595,55.6128,55.1605,55.6068,4950100
2003-08-11,55.5223,55.8903,55.2509,55.7576,5897700
2003-08-12,55.7756,56.3306,55.6188,56.2461,5578600
2003-08-13,56.3969,56.4874,55.8239,56.1134,7474500
2003-08-14,56.1255,56.4452,55.7395,56.1557,6255900
2003-08-15,56.2607,56.4842,56.1097,56.3694,3955800
2003-08-18,56.6050,57.0097,56.4963,56.9432,5725200
2003-08-19,56.9976,57.1426,56.5446,57.0701,7069200
2003-08-20,56.7379,57.0701,56.6775,56.8828,5287000
2003-08-21,57.1305,57.4083,56.8345,57.0399,6866500
2003-08-22,57.4748,57.5231,56.5628,56.5990,5891900
2003-08-25,56.4843,56.7742,56.1763,56.4601,4386600
2003-08-26,56.2366,56.6775,55.8984,56.5325,5630500
2003-08-27,56.4480,56.5990,56.3212,56.4903,3113800
2003-08-28,56.6232,56.8768,56.0554,56.7560,5054100
2003-08-29,56.6352,57.0459,56.5869,57.0218,4475200
2003-09-02,56.9312,57.7405,56.8164,57.6559,6002600
2003-09-03,57.7465,58.1210,57.5955,57.9942,5565500
2003-09-04,57.9277,58.2781,57.7707,58.1089,4861500
2003-09-05,57.7949,57.9519,57.2936,57.6077,7304100
2003-09-08,57.7828,58.1270,57.5653,58.0546,3895200
2003-09-09,57.8492,57.9761,57.4687,57.6499,4283000
2003-09-10,57.4325,57.5291,56.9010,57.1849,7627700
2003-09-11,57.2211,57.5835,57.0943,57.3600,6201700
2003-09-12,57.1063,57.4989,56.8345,57.4083,5043100
2003-09-15,57.4567,57.5050,56.9252,57.2755,3837800
2003-09-16,57.3479,58.0123,57.3238,57.9821,4994100
2003-09-17,57.9942,58.1271,57.8070,57.9519,4179700
2003-09-18,57.9700,58.5559,57.8009,58.5559,5946100
2003-09-19,58.5414,58.6987,58.2267,58.3840,4988400
2003-09-22,57.9301,58.0088,57.5791,57.8333,6260600
2003-09-23,57.8696,58.0875,57.5912,57.9604,5297100
2003-09-24,58.0330,58.1540,57.0768,57.1555,6193900
2003-09-25,57.2341,57.3370,56.4171,56.4353,7249000
2003-09-26,56.6591,56.7318,56.3626,56.4655,6563600
2003-09-29,56.5926,56.9557,56.3142,56.8407,6895700
2003-09-30,56.7318,56.7318,55.9329,56.3626,7710900
2003-10-01,56.5381,57.4217,56.4776,57.3794,6855900
2003-10-02,57.2341,57.6699,57.1615,57.6094,6458500
2003-10-03,58.2932,58.6201,57.9180,58.0512,6949100
2003-10-06,58.1056,58.3658,57.9604,58.2206,3654400
2003-10-07,57.9785,58.5232,57.8272,58.5172,6654000
2003-10-08,58.5474,58.6564,58.1782,58.5414,4543600
2003-10-09,58.9771,59.2494,58.4929,58.7895,6368000
2003-10-10,58.7533,58.9106,58.5717,58.8803,2693400
2003-10-13,59.0074,59.3221,58.9832,59.2495,4450500
2003-10-14,59.1889,59.5339,59.0316,59.5278,4614600
2003-10-15,59.7941,59.8123,59.2192,59.4431,5040900
2003-10-16,59.1163,59.6125,59.0376,59.4189,7649400
2003-10-17,59.5365,59.6092,58.8638,58.9608,6300000
2003-10-20,59.1122,59.3849,58.8941,59.3668,4402000
2003-10-21,59.2638,59.3668,59.0214,59.1426,4534400
2003-10-22,58.6396,58.7547,58.1488,58.3003,6838900
2003-10-23,57.9610,58.4761,57.9549,58.1428,6921600
2003-10-24,57.8276,58.2821,57.6276,58.2821,6605300
2003-10-27,58.4457,58.6396,58.2094,58.3488,3797100
2003-10-28,58.5063,59.2214,58.4336,59.1608,5377400
2003-10-29,58.9851,59.3971,58.9548,59.3062,4433100
2003-10-30,59.7183,59.7486,59.2274,59.5668,7224500
2003-10-31,59.5243,59.7183,59.3668,59.4031,5322700
2003-11-03,59.6577,60.0818,59.6577,59.6940,5379000
2003-11-04,59.7425,59.9304,59.6153,59.7365,4792700
2003-11-05,59.5910,59.8758,59.3728,59.7243,4225700
2003-11-06,59.5971,59.9668,59.3547,59.9486,5902800
2003-11-07,60.1606,60.2030,59.4516,59.4516,4668600
2003-11-10,59.5910,59.6880,59.1426,59.2698,4654200
2003-11-11,59.1971,59.3426,59.0396,59.1547,3349600
2003-11-12,59.2213,59.9606,59.1789,59.8697,6125700
2003-11-13,59.6758,59.9364,59.5546,59.8213,4045600
2003-11-14,59.8212,60.1787,59.2274,59.3668,6104900
2003-11-17,59.0577,59.2092,58.5548,59.1062,5914800
2003-11-18,59.2638,59.3244,58.4579,58.5366,4693200
2003-11-19,58.6033,59.1002,58.5366,59.0093,4055300
2003-11-20,58.5730,59.2032,58.4942,58.5003,6756700
2003-11-21,58.7009,58.7373,58.3118,58.6583,4752900
2003-11-24,58.8408,59.3636,58.8286,59.2541,4876800
2003-11-25,59.3209,59.6188,59.1933,59.3817,5583100
2003-11-26,59.6249,59.6675,59.0595,59.5155,4061200
2003-11-28,59.4912,59.6735,59.4304,59.6249,864400
2003-12-01,59.7769,60.2815,59.7769,60.2450,5854300
2003-12-02,60.1234,60.2085,59.8863,60.0322,3578100
2003-12-03,60.1842,60.5429,60.0930,60.1538,6231600
2003-12-04,60.1113,60.5004,60.0991,60.4578,6236600
2003-12-05,60.2754,60.3848,59.9350,60.0626,5430200
2003-12-08,60.0201,60.7010,60.0201,60.6766,5192800
2003-12-09,60.7921,60.8833,60.3544,60.4517,9541200
2003-12-10,60.4760,60.6523,60.1720,60.5490,5558100
2003-12-11,60.5368,61.0535,60.5003,61.0231,6778500
2003-12-12,60.9867,61.2603,60.7496,61.1751,6134200
2003-12-15,61.8256,61.8742,60.9137,61.0657,7563800
2003-12-16,61.1995,61.7405,61.1569,61.7040,5991500
2003-12-17,61.6068,61.9229,61.4669,61.9229,4867400
2003-12-18,61.9411,62.5126,61.8256,62.5004,10491800
2003-12-19,62.7299,62.7482,62.3281,62.5473,10810400
2003-12-22,62.4681,63.0890,62.4681,63.0769,6459300
2003-12-23,62.9491,63.2352,62.7482,62.9856,7622800
2003-12-24,62.8030,62.9734,62.7664,62.8273,3742600
2003-12-26,62.8577,63.0221,62.8273,62.8699,2088500
2003-12-29,63.0891,63.7709,63.0587,63.7283,6589900
2003-12-30,63.6370,63.7648,63.4117,63.5152,5478200
2003-12-31,63.6065,63.7648,63.4239,63.6613,5658100
2004-01-02,63.9474,64.2092,63.3082,63.5396,8231300
2004-01-05,63.8257,64.3067,63.8014,64.2762,6942600
2004-01-06,64.0753,64.3249,64.0083,64.2275,7702700
2004-01-07,64.1179,64.2762,63.8075,64.2580,6669400
2004-01-08,64.5137,64.5685,64.2337,64.5381,7701000
2004-01-09,64.1423,64.3676,63.6918,63.7344,9382200
2004-01-12,63.8074,64.0449,63.6796,64.0266,7877100
2004-01-13,64.0327,64.0936,63.1926,63.6187,8506600
2004-01-14,63.8380,64.3737,63.7893,64.3311,6643000
2004-01-15,64.5745,64.6050,63.9049,64.5076,9694800
2004-01-16,64.6105,64.6715,64.2755,64.6471,8975200
2004-01-20,64.8177,64.8177,64.1476,64.2450,8631500
2004-01-21,64.2755,64.9639,63.9831,64.7567,9293800
2004-01-22,64.8786,65.0309,64.6897,64.8725,6018200
2004-01-23,64.9212,64.9334,64.1841,64.4886,6833100
2004-01-26,64.4399,65.3233,64.4034,65.2928,7087700
2004-01-27,65.2867,65.3171,64.7262,64.7506,5658700
2004-01-28,64.8664,65.0491,63.6845,64.0074,7716700
2004-01-29,64.2389,64.2389,63.5688,64.0135,12596700
2004-01-30,63.9282,64.1049,63.7028,64.0135,8248200
2004-02-02,64.0866,64.4887,63.6785,64.1476,6735300
2004-02-03,63.9648,64.2389,63.7942,64.0562,3869100
2004-02-04,63.7820,64.2328,63.7272,63.8308,8405900
2004-02-05,63.9648,64.2328,63.7698,64.0440,5332700
2004-02-06,64.1049,64.6654,63.8613,64.5801,6886500
2004-02-09,64.6105,64.8299,64.4522,64.6471,3840300
2004-02-10,64.5435,64.9151,64.4643,64.7263,3348600
2004-02-11,64.8603,65.6583,64.7263,65.4268,6889000
2004-02-12,65.4025,65.5365,65.2989,65.3659,3758000
2004-02-13,65.4268,65.5913,64.7994,65.0004,4074800
2004-02-17,65.3294,65.5852,65.2441,65.4939,2929300
2004-02-18,65.4634,65.5426,65.1101,65.2868,4074000
2004-02-19,65.5791,65.7436,65.1527,65.2441,6430900
2004-02-20,65.3405,65.3466,64.6993,64.9924,9334700
2004-02-23,65.1329,65.1512,64.5772,64.8764,7350700
2004-02-24,64.6505,65.0597,64.3268,64.6322,7973900
2004-02-25,64.5650,64.9375,64.5589,64.8520,4212700
2004-02-26,64.6627,64.8886,64.4428,64.6993,4878100
2004-02-27,64.7421,65.1391,64.5772,64.7787,5151000
2004-03-01,65.0107,65.4016,64.8397,65.3222,5244100
2004-03-02,65.1391,65.2429,64.6444,64.7971,7420700
2004-03-03,64.6566,64.8948,64.5039,64.7543,5421600
2004-03-04,64.8032,64.8704,64.6078,64.6688,4216400
2004-03-05,64.4184,65.1574,64.3634,64.8581,6828600
2004-03-08,64.8948,65.0658,64.2230,64.2413,3972000
2004-03-09,64.2840,64.3573,63.7405,63.9054,8046900
2004-03-10,64.0214,64.0641,62.7633,62.8000,10163100
2004-03-11,62.6717,63.1908,61.9205,61.9877,14357500
2004-03-12,62.2015,62.6962,62.1465,62.5985,8724500
2004-03-15,62.5007,62.5068,61.7618,61.9572,9750500
2004-03-16,62.2259,62.5129,61.8228,62.3786,8644400
2004-03-17,62.5862,63.2397,62.5435,63.0626,6934900
2004-03-18,62.8550,63.2275,62.5069,63.0932,9918500
2004-03-19,63.0063,63.1469,62.2848,62.3276,7337600
2004-03-22,61.9363,61.9486,61.2577,61.5817,9303500
2004-03-23,61.8324,62.0158,61.4961,61.5389,8777700
2004-03-24,61.6184,61.8813,61.2149,61.5756,8309600
2004-03-25,61.8752,62.5906,61.7468,62.4622,7684300
2004-03-26,62.4255,62.8840,62.2848,62.4866,5376500
2004-03-29,62.9146,63.3548,62.8901,63.2937,6766500
2004-03-30,63.1897,63.6238,63.0980,63.5871,4685000
2004-03-31,63.5260,63.7156,63.1531,63.5383,6973100
2004-04-01,63.3426,63.8134,63.3181,63.6361,7655300
2004-04-02,64.2903,64.3453,63.8317,64.1741,7605000
2004-04-05,64.1618,64.6938,64.0579,64.6021,3395500
2004-04-06,64.3820,64.7550,64.3209,64.5899,3779800
2004-04-07,64.5960,64.6082,64.1008,64.3820,5364600
2004-04-08,64.7611,64.7794,63.6483,64.0090,5463200
2004-04-12,64.1252,64.4860,64.1130,64.3881,3299300
2004-04-13,64.6266,64.6816,63.4772,63.4894,6847900
2004-04-14,63.2570,63.8073,63.1775,63.7217,8778900
2004-04-15,63.7217,63.9112,63.2203,63.5138,7101300
2004-04-16,63.7824,64.0822,63.5377,64.0271,5904400
2004-04-19,63.8802,64.0332,63.6845,63.9108,3748300
2004-04-20,64.0943,64.2289,62.9197,63.0298,6431100
2004-04-21,63.1339,63.3174,62.7668,63.1951,8370700
2004-04-22,63.1339,64.3391,63.0850,64.1188,9166100
2004-04-23,64.0821,64.2412,63.7946,64.1861,4820600
2004-04-26,64.1922,64.4431,63.8435,64.2045,3700700
2004-04-27,64.1861,64.5960,64.0821,64.2718,5690900
2004-04-28,64.0821,64.0821,63.3174,63.4826,8846500
2004-04-29,63.5132,63.7885,62.6139,63.0483,11963400
2004-04-30,63.1951,63.3481,62.6140,62.6140,6158900
2004-05-03,62.8097,63.3297,62.8036,63.1951,6128000
2004-05-04,63.2318,63.7090,62.9382,63.0911,7694500
2004-05-05,63.2868,63.4520,63.0788,63.2929,3496600
2004-05-06,62.9014,63.1217,62.3447,62.7668,9045900
2004-05-07,62.4426,63.0298,61.8797,61.8797,8867700
2004-05-10,61.5494,61.7880,60.8826,61.1212,17582000
2004-05-11,61.4577,61.5739,61.1763,61.3231,8772500
2004-05-12,61.2497,61.8125,60.4483,61.7819,16597400
2004-05-13,61.3721,61.8370,61.1702,61.3170,10827100
2004-05-14,61.2986,61.7880,61.0050,61.4515,8797800
2004-05-17,60.8703,61.1579,60.5583,60.9070,6814900
2004-05-18,61.0845,61.3231,60.9316,61.1579,6481600
2004-05-19,61.6779,62.0327,60.9621,60.9927,8893400
2004-05-20,61.1028,61.2680,60.8214,61.1885,8190900
2004-05-21,61.3283,61.6842,61.0829,61.2363,6336900
2004-05-24,61.6167,61.7456,61.0031,61.2731,6829100
2004-05-25,61.1014,62.1875,60.9051,62.1384,9302200
2004-05-26,61.9727,62.2488,61.8868,62.1875,6353700
2004-05-27,62.4022,62.8133,62.3899,62.7703,5972800
2004-05-28,62.7151,62.7703,62.4881,62.6967,4535500
2004-06-01,62.5311,62.7519,62.2549,62.6844,5099400
2004-06-02,62.8317,63.2367,62.6415,63.1017,5817300
2004-06-03,62.8868,63.1936,62.5678,62.6659,7500200
2004-06-04,63.0525,63.3225,62.8378,62.9912,4636700
2004-06-07,63.3041,63.8686,63.2734,63.8011,5772300
2004-06-08,63.6478,64.1141,63.6109,64.1018,5393400
2004-06-09,63.8748,64.0589,63.6723,63.7828,5151600
2004-06-10,63.8748,63.9668,63.7766,63.9668,3496100
2004-06-14,63.7950,63.7950,63.3839,63.5679,4341700
2004-06-15,63.9545,64.1263,63.5986,63.8809,7290000
2004-06-16,63.8932,63.9055,63.6662,63.8073,3838200
2004-06-17,63.7214,63.8932,63.5619,63.7828,2779500
2004-06-18,63.7796,64.1972,63.7243,64.0069,3919400
2004-06-21,64.0253,64.2095,63.7182,63.7551,4152200
2004-06-22,63.7182,64.0007,63.3620,63.9762,4098600
2004-06-23,63.8534,64.5044,63.7060,64.4430,4784400
2004-06-24,64.3508,64.5167,64.1605,64.2464,4658200
2004-06-25,64.2034,64.4798,63.8227,63.9025,3581100
2004-06-28,64.2219,64.3570,63.5647,63.6384,6769100
2004-06-29,63.6875,64.1482,63.6077,64.0560,5171000
2004-06-30,64.0560,64.4184,63.8042,64.2587,6940800
2004-07-01,64.1666,64.2710,63.2208,63.4173,10590600
2004-07-02,63.4971,63.5586,63.1348,63.2761,4276300
2004-07-06,63.0795,63.2024,62.6803,62.8523,6318600
2004-07-07,62.7786,63.2085,62.7786,63.0120,5597800
2004-07-08,62.8646,63.1962,62.5575,62.6865,8076400
2004-07-09,62.8400,63.0243,62.7049,62.8708,3660200
2004-07-12,62.8277,63.1286,62.5206,62.9935,5886500
2004-07-13,63.1041,63.1348,62.8707,62.9935,3267000
2004-07-14,62.7295,63.3129,62.5944,62.8155,7294700
2004-07-15,62.9383,62.9752,62.3794,62.4040,4528300
2004-07-16,62.9602,62.9971,62.3640,62.5115,5944900
2004-07-19,62.4562,62.5054,61.9460,62.0505,9645400
2004-07-20,62.1858,62.7881,61.9952,62.6345,5270600
2004-07-21,62.7881,63.0340,61.6878,61.7124,9341600
2004-07-22,61.5711,62.0629,61.2392,61.7863,11667800
2004-07-23,61.6632,61.6694,61.1592,61.3559,6837100
2004-07-26,61.5096,61.6203,61.0425,61.3314,8701800
2004-07-27,61.4973,62.2103,61.4543,62.0505,7015800
2004-07-28,61.9522,62.5054,61.5096,62.3149,9645100
2004-07-29,62.5300,62.6283,62.1120,62.4132,7651300
2004-07-30,62.3271,62.5730,62.1181,62.5422,3943800
2004-08-02,62.2533,62.8373,62.1796,62.6590,6024000
2004-08-03,62.5607,62.6590,62.1796,62.2349,5626400
2004-08-04,62.0567,62.6222,62.0014,62.3271,5963500
2004-08-05,62.3886,62.3886,61.2515,61.2945,8179900
2004-08-06,60.9195,61.0855,60.3295,60.4647,9082800
2004-08-09,60.5016,60.7536,60.4278,60.4954,5095100
2004-08-10,60.6184,61.2945,60.4647,61.2023,7344300
2004-08-11,60.9626,61.3806,60.6798,61.2884,6687400
2004-08-12,61.0240,61.1470,60.4340,60.5938,6939400
2004-08-13,60.6676,60.7905,60.3418,60.6676,4192700
2004-08-16,60.6491,61.4851,60.6430,61.3437,5697000
2004-08-17,61.5896,61.8293,61.3806,61.6203,5946900
2004-08-18,61.3560,62.2657,61.3252,62.2165,6069000
2004-08-19,62.0875,62.1920,61.6634,61.9892,5510900
2004-08-20,61.8873,62.5346,61.8380,62.4175,5462800
2004-08-23,62.4299,62.5408,62.1463,62.2018,4521700
2004-08-24,62.4668,62.6148,62.0970,62.3990,3746000
2004-08-25,62.3867,62.9785,62.1339,62.8059,6232300
2004-08-26,62.7874,62.9292,62.6826,62.7997,4238800
2004-08-27,62.8244,63.0340,62.7073,62.9785,2971100
2004-08-30,62.8429,62.9354,62.4545,62.5162,4482800
2004-08-31,62.5408,62.8244,62.2018,62.8121,5158700
2004-09-01,62.7196,63.0401,62.3990,62.8059,4624300
2004-09-02,62.7873,63.6442,62.7689,63.5209,4906000
2004-09-03,63.4963,63.7367,63.3792,63.4100,5160900
2004-09-07,63.6505,64.0018,63.5703,63.8909,4500100
2004-09-08,63.7738,63.9711,63.6320,63.7985,5085900
2004-09-09,63.7245,63.8477,63.4162,63.4964,5990800
2004-09-10,63.4964,63.7306,63.2251,63.6381,3670200
2004-09-13,63.7799,63.9402,63.6073,63.8046,4570500
2004-09-14,63.7182,63.8847,63.6504,63.8046,3690100
2004-09-15,63.5888,63.6196,63.2004,63.2127,6374500
2004-09-16,63.2929,63.5580,63.2374,63.3422,5572200
2004-09-17,63.4842,63.7495,63.3731,63.5706,4894400
2004-09-20,63.2929,63.3792,62.9534,63.0398,6733300
2004-09-21,63.1879,63.4903,63.0336,63.1756,6604900
2004-09-22,62.9226,62.9472,62.3795,62.3918,8852700
2004-09-23,62.4412,62.4659,61.9598,61.9907,7438900
2004-09-24,62.0154,62.2931,62.0154,62.1573,5528200
2004-09-27,61.9475,62.0709,61.7130,61.8117,5243000
2004-09-28,61.8672,62.4226,61.6574,62.2622,8556800
2004-09-29,62.1882,62.6325,62.0956,62.6202,7240800
2004-09-30,62.1573,62.3733,62.0524,62.2499,6375100
2004-10-01,62.5399,63.0645,62.4659,63.0460,7370500
2004-10-04,63.3484,63.4903,63.1077,63.1385,5422400
2004-10-05,63.1447,63.1756,62.7806,62.9719,5210500
2004-10-06,62.8917,63.3484,62.8177,63.3422,5244700
2004-10-07,63.2003,63.2127,62.5955,62.6017,6821900
2004-10-08,62.4536,62.7807,62.0771,62.1450,7265900
2004-10-11,62.3055,62.4844,62.2746,62.4165,3549500
2004-10-12,62.0833,62.4844,61.9352,62.3610,5207100
2004-10-13,62.5955,62.6202,61.5710,61.7624,7916000
2004-10-14,61.7994,61.8611,61.0959,61.2070,8125100
2004-10-15,61.3551,61.6821,61.1391,61.3859,7489800
2004-10-18,61.1735,61.6429,60.9943,61.5379,9897800
2004-10-19,61.7541,61.9950,61.1611,61.2105,9483600
2004-10-20,61.0994,61.2044,60.6547,61.0808,9636600
2004-10-21,61.1425,61.3031,60.6546,61.1117,12984900
2004-10-22,61.1117,61.1734,60.3272,60.3828,10885700
2004-10-25,60.2346,60.5125,60.0802,60.3334,8935700
2004-10-26,60.5064,61.2105,60.3273,61.1982,8281200
2004-10-27,61.1179,61.9949,60.9140,61.8529,10346700
2004-10-28,61.7788,62.1679,61.5997,61.9332,7890500
2004-10-29,61.8405,62.1617,61.8220,62.0011,5304700
2004-11-01,62.0691,62.3655,61.9517,62.2050,6267300
2004-11-02,62.2543,62.7114,61.9455,62.0937,7390000
2004-11-03,62.9585,63.2303,62.4705,62.8226,10058100
2004-11-04,62.7361,63.8973,62.6929,63.8170,9474700
2004-11-05,64.0579,64.5026,63.9282,64.3729,8309800
2004-11-08,64.2555,64.4408,64.1258,64.4161,5256900
2004-11-09,64.3482,64.5953,64.2185,64.3668,6609300
2004-11-10,64.4038,64.7374,64.3297,64.4779,5466600
2004-11-11,64.5397,65.0153,64.4965,64.9103,4604100
2004-11-12,64.9721,65.3242,64.8547,65.2562,4875200
2004-11-15,65.3249,65.5106,65.2383,65.4426,4601700
2004-11-16,65.2569,65.2816,64.9536,65.0712,8043800
2004-11-17,65.3744,65.7705,65.2073,65.5477,6900900
2004-11-18,65.5601,65.6715,65.4425,65.6096,4714100
2004-11-19,65.6071,65.6320,64.7565,64.9303,6968500
2004-11-22,64.8062,65.1973,64.7192,65.0732,8335900
2004-11-23,65.0918,65.2160,64.7378,65.1911,7527500
2004-11-24,65.2098,65.2905,65.0173,65.2160,6210400
2004-11-26,65.2533,65.4147,65.1353,65.1477,1807300
2004-11-29,65.4271,65.5140,64.5888,64.8682,9181300
2004-11-30,64.9490,65.0483,64.6944,64.7813,7401100
2004-12-01,64.9676,65.7313,64.9303,65.6133,8612600
2004-12-02,65.4767,65.9859,65.4209,65.7189,8250700
2004-12-03,65.6071,66.0604,65.5450,65.6257,7206400
2004-12-06,65.6196,65.6506,65.3464,65.4147,3494200
2004-12-07,65.4892,65.5885,64.8061,64.8310,7572700
2004-12-08,64.9304,65.2346,64.8372,65.2036,7090100
2004-12-09,64.9055,65.5699,64.6758,65.4333,8913400
2004-12-10,65.3154,65.6631,65.2657,65.5079,5999500
2004-12-13,65.7562,66.1039,65.5264,66.0977,7457100
2004-12-14,65.9673,66.4081,65.9424,66.2901,5822400
2004-12-15,66.2032,66.4764,66.0356,66.3460,9270700
2004-12-16,66.3336,66.6193,66.2033,66.5386,8572800
2004-12-17,66.1437,66.5292,66.0566,66.2494,8222200
2004-12-20,66.3924,66.6349,66.1374,66.3053,6136000
2004-12-21,66.3861,66.8339,66.2990,66.8028,8002500
2004-12-22,66.7655,67.2443,66.7282,67.1697,6666000
2004-12-23,67.2382,67.5056,67.1822,67.2568,3318100
2004-12-27,67.4310,67.5118,66.9894,67.0143,5591200
2004-12-28,67.0889,67.4558,67.0391,67.4123,3461100
2004-12-29,67.3315,67.3564,67.0579,67.3128,4043900
2004-12-30,67.3190,67.4185,67.0205,67.0702,2786600
2004-12-31,67.1200,67.2817,66.8340,66.8588,4262800
2005-01-03,67.2568,67.5304,66.4981,66.7406,11691300
2005-01-04,66.8526,66.9147,65.8513,66.1063,10628300
2005-01-05,66.1063,66.4048,65.7394,65.7394,10885300
2005-01-06,66.0006,66.3302,65.8141,65.9447,8238900
2005-01-07,66.1250,66.2308,65.6897,65.8203,8555700
2005-01-10,65.8202,66.3115,65.7767,66.0441,6028100
2005-01-11,65.8576,65.8638,65.4658,65.6213,7592600
2005-01-12,65.6586,66.0628,65.2730,65.9384,10574200
2005-01-13,65.8949,65.9820,65.1797,65.2668,7669700
2005-01-14,65.3788,65.7021,65.3290,65.5715,5986900
2005-01-18,65.4533,66.1001,65.2979,66.0192,6601700
2005-01-19,66.0131,66.0752,65.4409,65.4534,6567900
2005-01-20,65.3353,65.5965,65.0368,65.1487,8661700
2005-01-21,65.3279,65.3777,64.5996,64.6370,7901200
2005-01-24,64.8050,64.9295,64.5000,64.5809,9877700
2005-01-25,64.7925,65.3652,64.7676,65.1038,9751100
2005-01-26,65.3092,65.5146,65.1598,65.2283,7851200
2005-01-27,65.0166,65.2532,64.8673,65.0913,8393800
2005-01-28,65.0727,65.1412,64.5872,65.0104,7791600
2005-01-31,65.3466,65.3901,65.0353,65.2345,5333900
2005-02-01,65.3714,65.7574,65.2594,65.6080,4800300
2005-02-02,65.6453,66.0624,65.5769,65.9068,4660100
2005-02-03,65.7948,65.9504,65.6329,65.9193,4818700
2005-02-04,65.8570,66.7346,65.8321,66.6039,6413300
2005-02-07,66.5604,66.7720,66.5479,66.6102,3710300
2005-02-08,66.6413,66.8654,66.5479,66.7595,5046500
2005-02-09,66.8654,66.9027,66.3736,66.4421,7444900
2005-02-10,66.6226,67.0397,66.5604,66.9152,5221000
2005-02-11,66.8654,67.4692,66.6911,67.2824,4722600
2005-02-14,67.2327,67.3011,67.1268,67.2140,3689300
2005-02-15,67.2638,67.6061,67.1766,67.5190,4711000
2005-02-16,67.4007,67.6497,67.2824,67.5065,4285800
2005-02-17,67.5128,67.5750,67.0210,67.0521,5746600
2005-02-18,67.0509,67.2755,66.8762,67.2567,4906500
2005-02-22,66.9573,67.1694,66.1213,66.1338,8958900
2005-02-23,66.3460,66.7203,66.2462,66.6454,6457800
2005-02-24,66.4894,67.0946,66.3522,67.0072,7124200
2005-02-25,67.0197,67.6373,66.9386,67.5999,4984900
2005-02-28,67.4439,67.9867,66.9137,67.1882,7471500
2005-03-01,67.2256,67.6810,67.2256,67.5188,5316000
2005-03-02,67.2567,67.8057,67.2130,67.4189,7239700
2005-03-03,67.6373,67.7932,67.1507,67.5312,7779800
2005-03-04,67.9429,68.3796,67.7807,68.3359,6123100
2005-03-07,68.2424,68.5169,68.1862,68.2049,4124200
2005-03-08,68.1800,68.3235,67.9742,68.0989,7533400
2005-03-09,67.8931,68.1426,67.3753,67.3815,5060900
2005-03-10,67.5063,67.8307,67.2131,67.6685,5215200
2005-03-11,67.6809,67.8806,67.1569,67.2754,3489300
2005-03-14,67.3441,67.4751,67.1133,67.4627,3474500
2005-03-15,67.6186,67.6747,67.0758,67.1070,3926400
2005-03-16,66.7202,66.8200,66.2461,66.3459,6444500
2005-03-17,66.4769,66.5518,66.1525,66.3085,4476200
2005-03-18,66.4697,66.5072,65.8824,66.2073,10700300
2005-03-21,66.2573,66.3073,65.7512,65.8699,7322400
2005-03-22,65.9449,66.2511,65.2951,65.3138,7066800
2005-03-23,65.2888,65.9511,65.1139,65.2388,7267500
2005-03-24,65.4325,65.7011,65.2013,65.2575,5058600
2005-03-28,65.3575,65.7512,65.3325,65.4575,4968200
2005-03-29,65.3638,65.6887,64.8951,65.0263,7659600
2005-03-30,65.0951,65.8511,65.0951,65.8199,5654100
2005-03-31,65.7136,65.8074,65.4825,65.6012,7374200
2005-04-01,65.8761,65.9948,64.8201,65.0138,7737700
2005-04-04,65.0326,65.4950,64.6452,65.1201,11559300
2005-04-05,65.1638,65.4075,65.0764,65.3513,4398700
2005-04-06,65.4825,65.7574,65.4325,65.6199,4531300
2005-04-07,65.4887,65.9698,65.4512,65.9323,3852800
2005-04-08,65.8886,65.9449,65.3075,65.3200,3649600
2005-04-11,65.4762,65.4887,65.2201,65.2763,3187600
2005-04-12,65.1075,65.7949,64.7077,65.6012,9085300
2005-04-13,65.5575,65.7449,64.8264,64.9701,8180200
2005-04-14,65.0451,65.0888,63.9766,63.9828,10780100
2005-04-15,63.9103,64.1542,62.9161,62.9661,12132300
2005-04-18,62.9162,63.1600,62.5973,62.8724,13000100
2005-04-19,63.1600,63.4664,63.0287,63.3101,7633400
2005-04-20,63.4727,63.6415,62.4597,62.6160,12009900
2005-04-21,63.1225,63.9604,62.9537,63.8541,7323400
2005-04-22,63.7165,63.8791,62.9161,63.6727,6159600
2005-04-25,63.8103,64.1417,63.7040,64.0291,4631900
2005-04-26,63.8165,64.1667,63.4226,63.4726,6071100
2005-04-27,63.2225,63.8853,62.9912,63.7165,10413200
2005-04-28,63.5540,63.6728,62.8536,62.8536,7083400
2005-04-29,63.3476,63.7665,62.8036,63.7040,10176500
2005-05-02,63.9291,64.1542,63.6915,64.1417,5349200
2005-05-03,63.9791,64.4543,63.8103,64.3355,7114100
2005-05-04,64.4106,64.9858,64.1980,64.8858,8803600
2005-05-05,64.9108,65.0796,64.3981,64.7170,8842100
2005-05-06,64.9795,65.0608,64.6544,64.6732,5379900
2005-05-09,64.6920,64.9546,64.5357,64.8733,3912600
2005-05-10,64.6295,64.7107,64.0917,64.2168,6964900
2005-05-11,64.3981,64.5607,63.4664,64.4168,7684300
2005-05-12,64.4168,64.6169,63.7353,63.7353,5534400
2005-05-13,63.9228,64.0729,63.0662,63.5727,11750400
2005-05-16,63.5414,64.2230,63.5227,64.1792,5840400
2005-05-17,64.0105,64.7483,63.9542,64.7108,5973700
2005-05-18,64.9796,65.6924,64.9421,65.5549,8503700
2005-05-19,65.6299,65.7799,65.3985,65.7424,5010200
2005-05-20,65.7582,65.7707,65.3128,65.6327,6342600
2005-05-23,65.6326,66.1783,65.6326,66.0027,5310900
2005-05-24,65.8146,65.9463,65.6326,65.7581,5147900
2005-05-25,65.6829,65.6829,65.3379,65.6076,5065900
2005-05-26,65.8585,66.0843,65.7644,66.0341,4759800
2005-05-27,66.0529,66.1407,65.9086,66.0968,2107100
2005-05-31,66.0655,66.0843,65.5951,65.6327,5593300
2005-06-01,65.6389,66.3854,65.6201,66.0717,7951400
2005-06-02,65.9338,66.2161,65.8899,66.1596,3463700
2005-06-03,66.0342,66.1408,65.4759,65.6891,5009600
2005-06-06,65.6515,65.8585,65.3943,65.6327,2761400
2005-06-07,65.7958,66.3290,65.7331,65.7895,6878900
2005-06-08,66.0341,66.1220,65.5950,65.7393,6071000
2005-06-09,65.6891,66.0153,65.4759,65.8522,4067300
2005-06-10,65.9525,66.1031,65.5385,65.9714,5115500
2005-06-13,65.8396,66.4544,65.7142,66.0780,4816100
2005-06-14,66.0404,66.4356,65.9839,66.2223,4180400
2005-06-15,66.4105,66.4419,65.8585,66.3289,6118100
2005-06-16,66.3039,66.5046,66.1533,66.3540,6817800
2005-06-17,66.6956,66.8840,66.4947,66.5889,7295800
2005-06-20,66.3628,66.7333,66.2749,66.5386,3709900
2005-06-21,66.5513,66.6894,66.3691,66.5638,3861400
2005-06-22,66.6956,66.7710,66.3565,66.5763,3443200
2005-06-23,66.4319,66.4821,65.3267,65.3392,12891900
2005-06-24,65.3016,65.3204,64.5418,64.5920,9810400
2005-06-27,64.5794,64.8432,64.3282,64.6485,9047400
2005-06-28,64.7929,65.3078,64.7866,65.2952,6487600
2005-06-29,65.4523,65.4648,65.0253,65.0567,5145900
2005-06-30,65.2702,65.3518,64.4036,64.5229,9964300
2005-07-01,64.7238,64.9625,64.5731,64.7552,6487600
2005-07-05,64.5857,65.2262,64.5543,65.0755,4745900
2005-07-06,65.0755,65.2137,64.4350,64.4727,8956200
2005-07-07,63.8949,64.8055,63.8824,64.7678,13370400
2005-07-08,64.8180,65.7034,64.7175,65.6595,8886100
2005-07-11,65.7035,66.1744,65.7035,66.0865,6848700
2005-07-12,66.0552,66.2435,65.8417,65.9986,6652800
2005-07-13,66.1305,66.3503,66.0300,66.3315,6548000
2005-07-14,66.6077,66.9217,66.5889,66.8275,10958900
2005-07-15,66.8426,66.9117,66.5660,66.8049,4914200
2005-07-18,66.6541,66.7798,66.4090,66.5724,6084600
2005-07-19,66.9055,66.9935,66.6918,66.9369,3829200
2005-07-20,66.5346,67.1820,66.4655,67.0563,5790600
2005-07-21,67.1946,67.2449,66.6352,66.7421,8750400
2005-07-22,66.8174,66.9683,66.5094,66.9243,5836600
2005-07-25,66.9495,67.1569,66.5346,66.7043,5809400
2005-07-26,66.6352,66.7483,66.3964,66.5095,5627100
2005-07-27,66.6792,66.9117,66.4592,66.8426,7002400
2005-07-28,67.0123,67.3329,66.8301,67.2952,6609300
2005-07-29,67.2637,67.3517,66.8677,67.0186,5551000
2005-08-01,67.0752,67.0752,66.6855,66.7421,4700800
2005-08-02,66.9180,67.2511,66.8489,67.0689,4396000
2005-08-03,66.9557,67.2763,66.8552,67.2511,3290700
2005-08-04,67.0311,67.0814,66.6289,66.6980,5165000
2005-08-05,66.5849,66.6792,66.3335,66.4027,7191400
2005-08-08,66.5848,66.6540,66.1512,66.3334,6558200
2005-08-09,66.5409,66.8929,66.5095,66.7923,5427100
2005-08-10,67.0815,67.4586,66.4907,66.7735,8485100
2005-08-11,66.7043,67.2511,66.6477,67.1694,5800000
2005-08-12,67.0312,67.0501,66.4970,66.6290,5361800
2005-08-15,66.6604,67.0626,66.4530,67.0123,4665800
2005-08-16,66.7734,66.8740,66.1386,66.2455,6792700
2005-08-17,66.2392,66.6917,66.1701,66.4215,6394900
2005-08-18,66.2896,66.7295,66.2267,66.4718,6723200
2005-08-19,66.7359,66.9439,66.5153,66.6476,4033600
2005-08-22,66.7359,67.0574,66.2946,66.6035,6929700
2005-08-23,66.5909,66.6477,66.1308,66.3640,6953900
2005-08-24,66.1812,66.5027,65.6580,65.6706,9086400
2005-08-25,65.7714,65.9290,65.6832,65.8471,5454900
2005-08-26,65.7841,65.8030,65.4248,65.4941,5546700
2005-08-29,65.2419,66.0677,65.2104,65.9606,6547200
2005-08-30,65.7651,65.7651,65.2104,65.5571,8566800
2005-08-31,65.6075,66.1748,65.2671,66.1181,9550100
2005-09-01,66.0488,66.3072,65.6958,65.9353,7401300
2005-09-02,66.0488,66.1433,65.7462,65.9353,11825500
2005-09-06,66.1749,66.7737,66.1370,66.7107,10767100
2005-09-07,66.6981,67.0511,66.6350,66.9628,7275000
2005-09-08,66.8053,67.0007,66.6098,66.7611,5879000
2005-09-09,66.9061,67.4040,66.8556,67.2969,7449900
2005-09-12,67.2591,67.4545,67.2149,67.3284,4963100
2005-09-13,67.1897,67.3284,66.8241,66.8872,6012100
2005-09-14,66.9880,67.0763,66.4585,66.5468,6904700
2005-09-15,66.6981,66.7548,66.3514,66.6035,7019500
2005-09-16,66.8844,67.1558,66.6950,67.0612,6797100
2005-09-19,66.9917,67.0106,66.3667,66.6256,8614000
2005-09-20,66.7140,66.8971,66.0133,66.1080,11001900
2005-09-21,65.9754,65.9754,65.4136,65.4767,10702800
2005-09-22,65.4893,65.9060,65.3000,65.6787,7931300
2005-09-23,65.6029,65.9690,65.4450,65.7165,4974300
2005-09-26,66.0638,66.3036,65.6660,65.9312,6407000
2005-09-27,65.8870,66.2216,65.6976,65.9880,8162900
2005-09-28,66.1585,66.3100,65.7544,66.0953,6376500
2005-09-29,66.0323,66.6320,65.7166,66.5373,9185600
2005-09-30,66.5119,66.7834,66.4109,66.7581,4172600
2005-10-03,66.7518,66.9223,66.3857,66.4614,5411100
2005-10-04,66.5751,66.6887,65.7608,65.7608,6459100
2005-10-05,65.8302,65.8744,65.1232,65.1610,8901800
2005-10-06,65.2367,65.4703,64.5108,64.9590,11180100
2005-10-07,65.2431,65.3441,64.9085,65.0032,6857700
2005-10-10,65.1357,65.1736,64.5739,64.5928,5053100
2005-10-11,64.8265,65.1358,64.6118,64.7255,7939900
2005-10-12,64.7318,65.0979,64.3151,64.4098,16982500
2005-10-13,64.4098,64.6686,64.1257,64.3656,8091400
2005-10-14,64.7002,65.0032,64.3909,64.9149,8777900
2005-10-17,65.0663,65.4262,64.9843,65.3378,10068700
2005-10-18,65.3756,65.5019,64.9337,64.9401,4804500
2005-10-19,64.7760,65.8744,64.6181,65.8491,12384800
2005-10-20,65.6914,65.8934,64.7003,64.8833,10696000
2005-10-21,65.0906,65.1411,64.3952,64.5659,10676100
2005-10-24,64.8188,65.6406,64.7556,65.5837,11279400
2005-10-25,65.4762,65.7796,65.1538,65.5710,6667100
2005-10-26,65.3941,65.9061,65.3056,65.4446,7512100
2005-10-27,65.3119,65.3751,64.6039,64.6924,5411400
2005-10-28,64.8884,65.7165,64.7683,65.6406,8511100
2005-10-31,65.8934,66.2411,65.6722,65.6848,5342600
2005-11-01,65.8997,66.0451,65.7227,65.8302,5384200
2005-11-02,65.6532,66.3043,65.5900,66.1842,6249000
2005-11-03,66.4686,66.7468,66.2980,66.5255,6455800
2005-11-04,66.6077,66.6836,66.2095,66.4939,4155600
2005-11-07,66.6836,66.9238,66.4813,66.7594,3314800
2005-11-08,66.6583,66.8416,66.5634,66.7531,3077000
2005-11-09,66.6393,67.0755,66.5445,66.7531,4387700
2005-11-10,66.7468,67.4358,66.5825,67.3726,7604300
2005-11-11,67.3600,67.7077,67.3221,67.6508,3297100
2005-11-14,67.6128,67.7898,67.5686,67.7645,3607500
2005-11-15,67.7519,67.9984,67.4927,67.7139,7408600
2005-11-16,67.7393,67.8594,67.4674,67.6634,6907300
2005-11-17,67.7266,67.9415,67.5496,67.8783,5314800
2005-11-18,68.1749,68.2573,67.7503,68.1496,8014000
2005-11-21,68.2953,68.6376,68.1495,68.5488,5132900
2005-11-22,68.4348,68.9164,68.3460,68.8530,7228500
2005-11-23,68.7137,69.3728,68.7137,69.1954,5402800
2005-11-25,69.2206,69.3981,69.2206,69.2903,1592000
2005-11-28,69.3474,69.3918,68.9291,69.1066,7201700
2005-11-29,69.2777,69.4552,68.9989,69.0115,6523900
2005-11-30,69.0685,69.2586,68.4918,68.5868,6149900
2005-12-01,68.9164,69.3284,68.8530,69.1192,5844300
2005-12-02,69.1003,69.2460,68.8594,68.9672,5143600
2005-12-05,68.8214,68.9291,68.5362,68.6946,4607400
2005-12-06,68.9608,69.2586,68.7516,68.8910,5144600
2005-12-07,68.8784,68.9101,68.2510,68.5108,8612400
2005-12-08,68.5552,68.7834,68.0482,68.2193,7453200
2005-12-09,68.2383,68.5171,68.0355,68.2826,5127800
2005-12-12,68.5108,68.5742,68.0798,68.2699,5095700
2005-12-13,68.2954,68.9481,68.1813,68.6946,7727900
2005-12-14,68.7137,69.2651,68.7137,69.0813,7047400
2005-12-15,69.0812,69.3981,68.8911,68.9354,8461600
2005-12-16,69.2239,69.3890,68.9190,68.9253,4573100
2005-12-19,69.1095,69.2683,68.6331,68.7348,7584100
2005-12-20,68.7538,68.8681,68.4108,68.5315,5050500
2005-12-21,68.6522,69.1349,68.5950,68.6966,5923100
2005-12-22,68.8300,69.0777,68.7029,69.0523,4253800
2005-12-23,69.1412,69.2048,68.9824,69.0777,1906900
2005-12-27,69.1984,69.3954,68.3727,68.4426,8654300
2005-12-28,68.5950,68.6966,68.4045,68.5061,4159700
2005-12-29,68.5632,68.6966,68.3155,68.3981,2907700
2005-12-30,68.2202,68.3345,67.8517,67.9343,5063100
2006-01-03,68.2456,68.9570,67.8010,68.8109,9761900
2006-01-04,68.8745,69.1476,68.7729,69.0714,5844500
2006-01-05,68.9253,69.2492,68.8300,69.1603,4843600
2006-01-06,69.4461,69.6812,69.0841,69.5668,9017800
2006-01-09,69.5541,70.0051,69.5351,69.8590,10420700
2006-01-10,69.5922,69.9606,69.5350,69.9225,6390700
2006-01-11,69.9416,70.1639,69.7955,70.1449,4388600
2006-01-12,70.0115,70.0178,69.5605,69.7256,6331700
2006-01-13,69.6367,69.8273,69.3572,69.5795,3712200
2006-01-17,69.3318,69.4081,69.0714,69.2429,3914400
2006-01-18,68.8554,69.1730,68.7347,68.9825,4962200
2006-01-19,69.0650,69.3508,68.9443,69.0650,4596400
2006-01-20,68.9696,68.9951,67.6915,67.7042,16440200
2006-01-23,67.8123,68.2193,67.7614,67.9522,7596300
2006-01-24,68.0095,68.3020,67.9014,68.0031,7147800
2006-01-25,68.2193,68.3719,67.7869,68.1366,9525900
2006-01-26,68.4419,68.8043,68.3274,68.6835,8234300
2006-01-27,68.8170,69.4847,68.6580,69.3830,7922800
2006-01-30,69.3703,69.4402,69.1604,69.2558,4822900
2006-01-31,69.1795,69.4339,68.8298,68.8488,5224700
2006-02-01,68.9951,69.7073,68.9951,69.6755,7068500
2006-02-02,69.5038,69.5610,68.7980,68.8679,7334800
2006-02-03,68.7408,69.0714,68.5118,68.5436,5108600
2006-02-06,68.6453,68.7598,68.4673,68.6898,3454100
2006-02-07,68.5690,68.8107,68.2447,68.3465,11363000
2006-02-08,68.4991,69.1286,68.4736,69.0523,5261200
2006-02-09,69.1922,69.6691,69.1032,69.2113,7852600
2006-02-10,69.2113,69.6373,68.8170,69.3957,7640600
2006-02-13,69.3512,69.6246,69.0332,69.3448,10955500
2006-02-14,69.4975,70.2987,69.3894,70.2033,13191000
2006-02-15,70.1397,70.4767,69.9425,70.3940,9483800
2006-02-16,70.4704,70.7692,70.3177,70.7565,5659100
2006-02-17,70.7336,70.8610,70.5106,70.7272,3941800
2006-02-21,70.8419,70.9183,70.3322,70.4405,9063600
2006-02-22,70.5807,71.0458,70.5425,70.7782,5032100
2006-02-23,70.7782,70.9311,70.3832,70.5489,9454300
2006-02-24,70.4406,70.6253,70.1348,70.5616,5469600
2006-02-27,70.5742,70.9246,70.5551,70.6188,2547500
2006-02-28,70.4597,70.5616,69.9373,70.0137,6669100
2006-03-01,70.2303,70.5489,70.1348,70.3705,4725400
2006-03-02,70.1794,70.3960,69.9628,70.3195,5008800
2006-03-03,69.9946,70.7463,69.9564,70.1220,6315000
2006-03-06,70.1665,70.3131,69.6187,69.8416,5497300
2006-03-07,69.6697,70.0200,69.6314,69.9818,6271500
2006-03-08,69.8863,70.2876,69.6123,70.1411,6353000
2006-03-09,70.1921,70.4278,69.8736,69.8927,6042400
2006-03-10,70.0709,70.7398,69.9945,70.6188,8351400
2006-03-13,70.7400,70.9120,70.5043,70.7209,5690200
2006-03-14,70.5998,71.1986,70.5552,71.1094,4981700
2006-03-15,71.1540,71.6255,71.0585,71.5618,5835200
2006-03-16,71.6637,71.9631,71.6254,71.8420,6334700
2006-03-17,71.9052,72.0266,71.7967,71.9563,5742800
2006-03-20,71.9691,72.1543,71.8287,71.9500,6846500
2006-03-21,71.9883,72.3203,71.5669,71.7074,8855200
2006-03-22,71.7073,72.2692,71.6818,72.1862,7281700
2006-03-23,72.1480,72.2629,71.6691,72.0075,6603900
2006-03-24,71.9372,72.1990,71.7265,71.9883,4651600
2006-03-27,71.8542,71.9691,71.6371,71.7967,3459600
2006-03-28,71.7265,71.9691,71.0752,71.1455,8467700
2006-03-29,71.2732,71.7393,71.1774,71.4902,7838700
2006-03-30,71.4775,71.8287,70.9093,71.1391,8894100
2006-03-31,71.2604,71.3945,70.8518,71.0688,6037000
2006-04-03,71.2795,71.7584,71.0369,71.0688,7856300
2006-04-04,71.0881,71.6372,70.9540,71.5095,6192100
2006-04-05,71.4839,71.8095,71.2476,71.7393,7691900
2006-04-06,71.6691,71.8096,71.2924,71.6180,5248200
2006-04-07,71.8031,71.9564,70.9284,71.0242,7292800
2006-04-10,71.1455,71.4073,70.9795,71.1966,5947700
2006-04-11,71.3307,71.4201,70.5581,70.8263,7484400
2006-04-12,70.9347,71.1582,70.8837,71.0561,3721200
2006-04-13,70.9859,71.3881,70.8965,71.0498,4230500
2006-04-17,71.0689,71.2668,70.4623,70.7624,5455900
2006-04-18,70.8901,72.0138,70.8901,71.9181,10870700
2006-04-19,72.0330,72.1734,71.7329,72.0585,6002100
2006-04-20,72.0905,72.7098,72.0458,72.4608,10126900
2006-04-21,72.8066,72.8513,72.2888,72.4806,6997100
2006-04-24,72.3847,72.5253,72.1802,72.4486,5136000
2006-04-25,72.5062,72.5254,71.9054,72.1227,8235400
2006-04-26,72.2057,72.6659,72.1674,72.4742,6018800
2006-04-27,72.1546,72.9280,72.0204,72.7171,14549000
2006-04-28,72.6467,72.9280,72.4742,72.7873,4110100
2006-05-01,72.8321,72.9983,72.3463,72.4166,5649300
2006-05-02,72.6851,72.9919,72.5637,72.9599,6042300
2006-05-03,72.8194,72.9088,72.5829,72.8385,4748300
2006-05-04,72.9536,73.2667,72.9536,73.0750,4126700
2006-05-05,73.4137,74.0337,73.3626,73.9059,6889900
2006-05-08,73.9059,74.1424,73.9059,73.9826,3502300
2006-05-09,74.0338,74.4109,73.9954,74.3597,3952400
2006-05-10,74.3022,74.6537,74.1679,74.5003,8291900
2006-05-11,74.4364,74.4364,73.4073,73.6246,9635700
2006-05-12,73.4457,73.5416,72.7490,72.7810,9974000
2006-05-15,72.5573,73.1389,72.4934,73.0686,7380100
2006-05-16,73.1197,73.3243,72.8641,73.0558,6972200
2006-05-17,72.6723,72.7618,71.5346,71.5793,17248200
2006-05-18,71.8862,72.6148,71.1383,71.2150,10613500
2006-05-19,71.5155,71.5796,70.8876,71.4258,22180500
2006-05-22,70.9389,71.5476,70.6570,71.1055,16605100
2006-05-23,71.5220,71.7270,70.7082,70.7210,9473200
2006-05-24,71.0286,71.4900,70.6057,71.2080,15372400
2006-05-25,71.4836,71.8232,71.3106,71.7975,8585700
2006-05-26,72.0474,72.2845,71.8424,72.2653,5280200
2006-05-30,71.9512,72.0089,70.9965,71.0157,8299800
2006-05-31,71.2849,71.6437,70.9965,71.5925,7130200
2006-06-01,71.5028,72.1884,71.4259,72.0218,5982200
2006-06-02,72.2525,72.3101,71.6886,71.9961,6554400
2006-06-05,71.8680,71.9064,70.7402,70.9261,9940600
2006-06-06,70.9837,71.0862,69.9777,70.4775,15140100
2006-06-07,70.5608,70.9517,69.9329,69.9649,9062900
2006-06-08,69.9200,70.2725,68.8948,69.8431,26005000
2006-06-09,70.1187,70.3237,69.6381,69.7342,7295800
2006-06-12,69.9649,70.0097,69.1063,69.1703,9054200
2006-06-13,69.1832,69.6446,68.5360,68.5424,13085700
2006-06-14,68.6577,69.4331,68.5296,69.4138,10351500
2006-06-15,69.5549,70.7787,69.4972,70.7082,11215100
2006-06-16,70.5375,70.8327,70.4027,70.5760,5751300
2006-06-19,70.7814,70.8712,69.9215,70.0562,7078800
2006-06-20,70.2487,70.7364,70.1204,70.4990,7217400
2006-06-21,70.3964,71.3910,70.3900,71.0445,9160600
2006-06-22,70.9675,71.0188,70.4541,70.7172,4818100
2006-06-23,70.5953,71.0317,70.3707,70.5696,6711600
2006-06-26,70.5503,70.8776,70.3642,70.8455,4298800
2006-06-27,70.8519,70.9674,70.0369,70.1139,6514800
2006-06-28,70.2295,70.4862,69.9279,70.4733,3983900
2006-06-29,70.7365,71.7889,70.6723,71.7440,8164300
2006-06-30,72.0135,72.0520,71.6092,71.7375,3904500
2006-07-03,71.8401,72.0327,71.7824,72.0006,1052200
2006-07-05,71.6990,71.7760,71.3461,71.5322,3459400
2006-07-06,71.6477,72.2316,71.6348,71.9942,9406000
2006-07-07,71.6477,72.1290,71.0316,71.2049,7181800
2006-07-10,71.4487,71.7311,71.1664,71.3268,4375500
2006-07-11,71.1343,71.5707,70.7749,71.5322,5236100
2006-07-12,71.4487,71.5642,70.5760,70.8006,4850200
2006-07-13,70.4348,70.4540,69.4722,69.4979,16123600
2006-07-14,69.5813,69.6840,68.6701,68.8690,8206500
2006-07-17,68.9075,69.3503,68.7728,68.9974,8335300
2006-07-18,69.1449,69.4594,68.5931,69.4273,11280500
2006-07-19,69.5877,70.8712,69.3696,70.6145,11503300
2006-07-20,70.7814,70.8776,70.1012,70.2167,7764700
2006-07-21,70.4281,70.4345,69.5863,69.7598,9159500
2006-07-24,70.0425,71.0707,70.0425,71.0064,9628100
2006-07-25,70.8586,71.4948,70.6144,71.1928,8120800
2006-07-26,71.1991,71.6361,70.9357,71.2698,6206200
2006-07-27,71.5526,71.8289,71.1863,71.5012,9135400
2006-07-28,71.6233,72.1824,71.4241,72.0153,11306000
2006-07-31,71.8418,72.0024,71.7518,71.9060,3906800
2006-08-01,71.6490,71.6619,71.1671,71.4691,5439000
2006-08-02,71.6812,72.0988,71.6105,71.9575,3929700
2006-08-03,71.6040,72.3944,71.5012,72.3494,6181100
2006-08-04,72.7028,72.8506,71.8546,72.2787,7698000
2006-08-07,72.0603,72.2402,71.8739,72.1888,3623200
2006-08-08,72.2723,72.4586,71.4241,71.8674,9064600
2006-08-09,72.2273,72.2980,71.1477,71.2955,8368700
2006-08-10,71.2313,71.6682,71.0064,71.5204,7656700
2006-08-11,71.3663,71.4241,71.0386,71.3598,5275000
2006-08-14,71.7261,72.0538,71.2570,71.4241,7949500
2006-08-15,72.0153,72.2595,71.7968,72.1374,4695800
2006-08-16,72.4522,72.9663,72.4073,72.8571,6681000
2006-08-17,72.8057,73.1784,72.7350,72.9085,5959600
2006-08-18,73.0604,73.2858,72.8222,73.2858,3983200
2006-08-21,73.0476,73.1313,72.8350,73.0926,5056000
2006-08-22,72.9510,73.2536,72.7256,72.9510,3930800
2006-08-23,72.9509,73.1699,72.5001,72.8414,7033800
2006-08-24,72.8995,72.9896,72.5582,72.6419,4049000
2006-08-25,72.5968,72.8672,72.4615,72.6676,3559800
2006-08-28,72.6033,73.3310,72.5968,73.0541,3875800
2006-08-29,73.0668,73.2600,72.7255,73.0990,4967000
2006-08-30,73.2537,73.4597,73.1313,73.2601,4297200
2006-08-31,73.3245,73.4661,73.2085,73.2923,3894800
2006-09-01,73.5499,73.9105,73.3824,73.8654,4494400
2006-09-05,73.8139,73.9943,73.6594,73.8848,5085300
2006-09-06,73.5885,73.6980,73.3953,73.5048,4347600
2006-09-07,73.2086,73.3824,72.9188,73.1313,7050000
2006-09-08,73.1635,73.4469,73.0863,73.3310,3220000
2006-09-11,73.1892,73.5756,73.0411,73.3889,5681400
2006-09-12,73.4791,74.1746,73.4147,74.0458,9111200
2006-09-13,73.9684,74.5674,73.9620,74.3613,4674000
2006-09-14,74.2390,74.4386,74.0973,74.3871,4182000
2006-09-15,74.7336,74.8561,74.4819,74.5723,7672200
2006-09-18,74.4432,74.7012,74.2754,74.5270,7036500
2006-09-19,74.5464,74.5529,73.9852,74.4110,8697300
2006-09-20,74.6303,74.9723,74.5981,74.8884,8912900
2006-09-21,74.8948,74.9787,74.1593,74.4303,8600800
2006-09-22,74.3593,74.3593,73.9787,74.1980,5824500
2006-09-25,74.3142,74.9012,74.0432,74.5787,7954400
2006-09-26,74.6238,75.2496,74.5528,75.2173,5624600
2006-09-27,75.1851,75.5528,75.1464,75.4690,13105000
2006-09-28,75.4690,75.5980,75.1593,75.4174,11939700
2006-09-29,75.5270,75.6948,75.2690,75.3141,6476600
2006-10-02,75.3206,75.6109,75.1399,75.2367,7034700
2006-10-03,75.1658,75.7981,75.1207,75.5723,8935000
2006-10-04,75.5077,76.4367,75.4819,76.3786,9500700
2006-10-05,76.3593,76.5851,76.2561,76.5270,7159600
2006-10-06,76.4045,76.4948,76.1077,76.4625,8877700
2006-10-09,76.3335,76.6045,76.1916,76.5270,3432300
2006-10-10,76.5592,76.6238,76.3205,76.4883,6717700
2006-10-11,76.2625,76.6302,76.0689,76.5012,8384200
2006-10-12,76.6947,77.1463,76.6883,77.0689,5467800
2006-10-13,77.0108,77.2108,76.8173,77.1850,5290000
2006-10-16,77.1399,77.3980,77.0431,77.2689,6899400
2006-10-17,77.1592,77.2560,76.6883,77.1399,9414600
2006-10-18,77.5270,77.7335,77.0948,77.3528,8739600
2006-10-19,77.3012,77.6173,77.2044,77.5141,6592000
2006-10-20,77.3506,77.5186,77.1116,77.4669,8226900
2006-10-23,77.3313,78.2420,77.3184,78.0741,9888200
2006-10-24,78.0676,78.3196,77.9966,78.2937,7025100
2006-10-25,78.1904,78.4164,77.9578,78.4100,8617200
2006-10-26,78.4487,78.5133,78.0547,78.4358,6657000
2006-10-27,78.3196,78.4229,77.9191,78.0677,8672500
2006-10-30,77.8997,78.1968,77.7447,78.0095,5699600
2006-10-31,78.0612,78.1775,77.5897,77.9837,8360000
2006-11-01,78.1968,78.2291,77.4992,77.6800,7596000
2006-11-02,77.4346,77.6672,77.3313,77.5122,6938800
2006-11-03,77.8093,77.9126,77.2538,77.3700,6840900
2006-11-06,77.5509,78.2485,77.5250,78.1645,7444400
2006-11-07,78.2356,78.7265,78.1323,78.5134,9506400
2006-11-08,78.2808,78.7782,78.1775,78.6942,9262100
2006-11-09,78.6619,78.7394,78.0999,78.2614,5962600
2006-11-10,78.2356,78.3260,78.0095,78.2291,3718400
2006-11-13,78.2355,78.6877,78.1451,78.3841,5695200
2006-11-14,78.5909,79.0947,78.1516,79.0107,7650200
2006-11-15,79.0236,79.5210,78.9849,79.2497,8817400
2006-11-16,79.4822,79.7406,79.3207,79.6825,6310100
2006-11-17,79.5329,79.8502,79.4422,79.8243,6493600
2006-11-20,79.7207,79.9473,79.5912,79.7401,5772200
2006-11-21,79.7596,79.8632,79.5653,79.7531,5692600
2006-11-22,79.8049,79.9862,79.6106,79.8178,3947300
2006-11-24,79.4422,79.7207,79.3516,79.4487,2480000
2006-11-27,79.4616,79.4746,78.4060,78.4319,9329500
2006-11-28,78.3607,78.6521,78.1534,78.5290,8415800
2006-11-29,78.7428,79.2673,78.7169,79.2220,9318400
2006-11-30,79.2220,79.5069,78.7687,79.1896,12809400
2006-12-01,79.2479,79.3062,78.2960,79.0407,14513700
2006-12-04,79.0342,79.7272,79.0083,79.5264,6279300
2006-12-05,79.6430,79.8955,79.4811,79.8891,6599200
2006-12-06,79.8567,79.9150,79.6365,79.7531,4234800
2006-12-07,79.8761,80.0769,79.4487,79.5005,6432500
2006-12-08,79.4487,79.9020,79.2156,79.6559,7319600
2006-12-11,79.7271,80.0121,79.7012,79.8761,3908400
2006-12-12,79.8308,79.8697,79.3581,79.7790,8976800
2006-12-13,80.0769,80.1352,79.6948,79.8826,4444800
2006-12-14,79.7919,80.5496,79.7854,80.4525,6851000
2006-12-15,80.6408,80.9005,80.5824,80.6148,9366400
2006-12-18,80.7187,80.9265,80.5369,80.6602,6767800
2006-12-19,80.4525,80.9330,80.3226,80.7642,6186200
2006-12-20,80.7901,80.9849,80.6992,80.7901,4705700
2006-12-21,80.8097,80.9071,80.3357,80.5110,5991800
2006-12-22,80.5239,80.6732,79.9850,79.9850,6811000
2006-12-26,79.9785,80.5239,79.9785,80.4979,4076200
2006-12-27,80.7512,81.1603,80.6798,81.1213,5714600
2006-12-28,81.1018,81.2576,80.9005,81.0369,6691600
2006-12-29,81.0369,81.2317,80.7382,80.7837,4935800
2007-01-03,81.2707,81.6083,80.4395,80.8226,11525000
2007-01-04,80.8292,81.1344,80.4461,80.9590,10318700
2007-01-05,80.8226,80.8421,80.2057,80.3486,9389000
2007-01-08,80.4330,80.7707,80.0304,80.6083,8092400
2007-01-09,80.7382,80.8875,80.1408,80.5629,7438700
2007-01-10,80.3486,80.8746,80.1928,80.7966,8961200
2007-01-11,80.8486,81.3940,80.7382,81.1602,7467000
2007-01-12,81.1278,81.5953,81.0434,81.5953,5995700
2007-01-16,81.5174,81.6537,81.3551,81.6213,7052400
2007-01-17,81.5174,81.8810,81.4460,81.6537,8768600
2007-01-18,81.7901,81.8681,81.4200,81.4979,10423800
2007-01-19,81.3810,81.6799,81.3355,81.5759,10946400
2007-01-22,81.5304,81.5499,80.8157,81.0561,10233200
2007-01-23,81.0300,81.4849,80.9456,81.4329,6596600
2007-01-24,81.5499,81.9462,81.4654,81.9137,10118500
2007-01-25,81.8878,81.9463,81.0821,81.1991,8768800
2007-01-26,81.3549,81.4004,80.7052,81.0690,9675900
2007-01-29,81.1081,81.4200,81.0171,81.1016,6681200
2007-01-30,81.1536,81.3940,80.9846,81.3225,7639900
2007-01-31,81.3420,82.1866,81.3030,82.0242,9790200
2007-02-01,82.1672,82.3686,81.9787,82.3491,8707400
2007-02-02,82.3880,82.4075,82.0761,82.2126,5961000
2007-02-05,82.1541,82.3491,82.0307,82.3101,4625000
2007-02-06,82.2711,82.3815,82.0631,82.2906,7254800
2007-02-07,82.3621,82.5570,82.0827,82.3816,5930400
2007-02-08,82.2257,82.2452,81.7254,82.1737,6289600
2007-02-09,82.2061,82.3815,81.5304,81.7903,6601100
2007-02-12,81.7903,81.8942,81.4719,81.6018,9208000
2007-02-13,81.8812,82.5180,81.8553,82.2776,6416000
2007-02-14,82.3750,83.0573,82.3231,82.8299,7395600
2007-02-15,82.9143,83.1028,82.8364,83.0183,6077800
2007-02-16,82.9337,83.0378,82.8686,83.0378,5813600
2007-02-20,82.9597,83.2201,82.6147,83.0964,5611900
2007-02-21,82.8621,83.0509,82.6538,82.9077,5303800
2007-02-22,82.9272,83.0509,82.3023,82.5302,7221000
2007-02-23,82.4846,82.4976,82.1916,82.2828,5916600
2007-02-26,82.5757,82.6668,82.0745,82.2372,7599500
2007-02-27,81.5863,82.3023,78.4359,79.1519,32106200
2007-02-28,79.6791,80.3691,79.0868,79.8419,19617800
2007-03-01,79.0282,79.9981,78.1429,79.6986,24877800
2007-03-02,79.4122,79.7181,78.7352,78.7352,17515400
2007-03-05,78.3708,79.3537,78.2927,78.3057,15602600
2007-03-06,78.9435,79.6009,78.7482,79.4512,9048100
2007-03-07,79.4187,79.8027,79.3276,79.4122,6965700
2007-03-08,79.8874,80.1152,79.5945,79.9330,7570300
2007-03-09,80.2129,80.2910,79.6271,80.0567,9315800
2007-03-12,79.8613,80.4081,79.7507,80.1608,6396100
2007-03-13,79.7507,80.0566,78.6702,78.7743,13714600
2007-03-14,78.7808,79.2104,77.7849,79.1909,22827500
2007-03-15,78.9240,79.4383,78.8980,79.2755,7905600
2007-03-16,79.3910,79.4497,78.4516,78.9735,8491600
2007-03-19,79.3062,79.7759,79.2670,79.7759,6829200
2007-03-20,79.6194,80.1282,79.5998,80.1282,7412600
2007-03-21,80.1152,81.3809,79.8020,81.0873,9723600
2007-03-22,81.1982,81.3156,80.8850,81.1917,6477800
2007-03-23,81.2243,81.5570,81.1395,81.3482,5276200
2007-03-26,81.3874,81.3874,80.6176,81.1330,7972500
2007-03-27,81.0351,81.0481,80.6762,80.8263,7691500
2007-03-28,80.5849,80.6437,79.8869,80.2457,13868800
2007-03-29,80.6828,80.7154,79.9586,80.4414,9107700
2007-03-30,80.4870,80.9372,79.8085,80.6306,9827200
2007-04-02,80.6176,80.7807,80.3174,80.6697,6195200
2007-04-03,81.0351,81.7201,81.0351,81.5440,7328400
2007-04-04,81.6027,81.7723,81.4656,81.6679,4879800
2007-04-05,81.6288,82.0072,81.5179,81.8506,4046000
2007-04-09,82.0202,82.1376,81.8962,81.9745,3529200
2007-04-10,81.9745,82.1115,81.8570,81.9353,5668800
2007-04-11,82.0463,82.0593,81.2438,81.4852,9250600
2007-04-12,81.3873,81.9027,81.0677,81.8179,5984200
2007-04-13,82.0463,82.3007,81.6809,82.3007,5935800
2007-04-16,82.5095,83.0445,82.4964,82.8814,7969000
2007-04-17,83.0380,83.4229,82.8814,83.3446,7932200
2007-04-18,83.1423,83.7295,83.0445,83.5338,9222000
2007-04-19,83.0706,83.6838,83.0314,83.6577,8618600
2007-04-20,84.2885,84.6019,84.1579,84.6019,10280800
2007-04-23,84.4843,84.7063,84.2689,84.3407,7509000
2007-04-24,84.4452,84.7325,84.1644,84.5431,10591300
2007-04-25,84.8304,85.5290,84.5953,85.2875,12649900
2007-04-26,85.4050,85.6792,85.2874,85.6662,9708800
2007-04-27,85.3463,85.7772,85.2940,85.6858,7526200
2007-04-30,85.6465,86.1754,85.2352,85.3201,10288000
2007-05-01,85.4312,85.7446,85.0851,85.7250,21228200
2007-05-02,85.8620,86.5085,85.7706,86.2799,9341000
2007-05-03,86.3713,86.4693,86.1232,86.4431,9363700
2007-05-04,86.6130,86.7109,86.3388,86.6718,10687600
2007-05-07,86.7174,86.9263,86.6717,86.8676,10477600
2007-05-08,86.6390,86.9851,86.4170,86.9198,9462600
2007-05-09,86.8349,87.3442,86.7109,87.2136,9628000
2007-05-10,86.9655,87.1222,86.3256,86.5149,14855800
2007-05-11,86.6064,87.2071,86.5803,87.2071,10151200
2007-05-14,87.2398,87.4618,86.9002,87.3116,10734000
2007-05-15,87.3573,88.1082,87.2529,87.5728,21494200
2007-05-16,87.6969,88.2453,87.3965,88.2257,14911200
2007-05-17,88.1147,88.4086,87.9580,88.1017,12408200
2007-05-18,88.4316,88.7066,88.3792,88.7066,9481600
2007-05-21,88.6346,88.8637,88.4840,88.5102,12668600
2007-05-22,88.6214,88.8571,88.4578,88.4840,11193000
2007-05-23,88.7459,89.0274,88.3400,88.5102,10997000
2007-05-24,88.5560,89.2500,87.8228,87.9799,28156800
2007-05-25,88.2221,88.4120,87.9799,88.3072,10227600
2007-05-29,88.4905,88.9684,88.0978,88.5233,12177200
2007-05-30,88.1043,89.2369,87.9996,89.2173,14456600
2007-05-31,89.2957,89.4659,89.0862,89.2237,8996400
2007-06-01,89.4332,89.5838,89.1386,89.4332,9593200
2007-06-04,89.1845,89.5642,89.1190,89.4005,7430400
2007-06-05,89.2041,89.2434,88.6607,89.0208,13404800
2007-06-06,88.7066,88.7066,87.9341,88.0454,15041600
2007-06-07,87.9079,88.2418,86.6575,86.7622,26022900
2007-06-08,86.9456,87.8752,86.7295,87.7901,19097800
2007-06-11,87.7704,88.2156,87.5740,87.8817,10273100
2007-06-12,87.5216,88.0257,87.0175,87.0175,19846200
2007-06-13,87.4496,88.3072,87.2270,88.2483,17254900
2007-06-14,88.3531,88.9488,88.2811,88.8375,12749000
2007-06-15,89.3809,89.7021,89.2630,89.2695,10995200
2007-06-18,89.4661,89.4989,89.0990,89.1056,10175000
2007-06-19,89.0269,89.4071,88.8958,89.3219,10656400
2007-06-20,89.5447,89.5513,88.2862,88.3911,16986200
2007-06-21,88.3584,88.8500,87.7488,88.7320,26946200
2007-06-22,88.4567,88.6074,87.5324,87.8143,22142200
2007-06-25,87.7094,88.3387,87.1064,87.5849,18960000
2007-06-26,87.7095,88.1159,87.0474,87.0474,21826500
2007-06-27,86.9884,87.9781,86.8704,87.9126,20981000
2007-06-28,87.8930,88.5550,87.7684,87.8930,13935600
2007-06-29,88.0700,88.5681,87.0802,87.9651,19466600
2007-07-02,88.1092,88.7319,88.0830,88.6664,8861200
2007-07-03,88.8237,89.0531,88.7123,88.9417,7521000
2007-07-05,88.8696,88.9614,88.5222,88.8565,9392200
2007-07-06,88.9024,89.3481,88.7254,89.2301,8218700
2007-07-09,89.4005,89.5972,89.2301,89.4595,9688800
2007-07-10,89.1908,89.3088,88.4042,88.5026,12622800
2007-07-11,88.4173,89.0990,88.3256,89.0794,16698200
2007-07-12,89.3613,90.8951,89.3547,90.6788,13518100
2007-07-13,90.7640,91.3080,90.7247,91.0524,8507800
2007-07-16,91.0982,91.6751,91.0589,91.4129,11637900
2007-07-17,91.5244,92.0684,91.4588,91.6358,13299300
2007-07-18,91.3277,91.5702,90.6394,91.3277,20804700
2007-07-19,91.7209,91.8782,91.4587,91.6947,8731800
2007-07-20,91.3627,91.5858,90.4833,90.9164,19277200
2007-07-23,91.2905,91.6252,91.0936,91.3561,12709000
2007-07-24,90.8901,91.1001,89.8401,90.0829,20848000
2007-07-25,90.5358,90.6276,89.5383,90.2339,22438800
2007-07-26,89.6105,89.9977,86.0602,88.4030,46788100
2007-07-27,88.3439,88.6589,86.6968,86.6968,31428100
2007-07-30,87.2283,87.8386,86.7099,87.6352,22838700
2007-07-31,88.1208,88.4818,86.4277,86.7362,23253600
2007-08-01,86.5524,87.7992,86.0996,87.5499,42193500
2007-08-02,87.6155,88.5933,87.2677,88.4490,22635400
2007-08-03,88.2258,88.4095,86.3226,86.7492,34061000
2007-08-06,86.8871,88.3374,86.3227,88.0683,31192300
2007-08-07,87.8649,89.2692,87.5367,88.6261,25705000
2007-08-08,88.8492,89.8795,88.5145,89.6105,27549800
2007-08-09,88.3505,89.1314,87.1299,87.1430,38884900
2007-08-10,86.5589,87.3596,85.7321,86.5852,37277200
2007-08-13,87.4383,87.5695,86.7229,86.7426,17085800
2007-08-14,86.9789,87.2152,85.5024,85.6336,20864000
2007-08-15,85.4499,86.1586,84.3080,84.5574,28964000
2007-08-16,83.8946,84.8265,82.2343,84.7543,52563400
2007-08-17,86.3163,86.7241,84.8102,85.8625,33292800
2007-08-20,86.1256,86.6189,85.3035,86.1322,16906000
2007-08-21,86.0401,86.5926,85.7770,85.9480,14383300
2007-08-22,86.5399,87.0793,86.3887,87.0069,12808700
2007-08-23,87.2897,87.5265,86.5663,86.9280,14056300
2007-08-24,86.9411,87.9671,86.8358,87.8947,9666100
2007-08-27,87.7041,87.9934,87.4607,87.5528,8506400
2007-08-28,87.1713,87.2765,85.7046,85.8230,13055600
2007-08-29,86.2110,87.4409,86.1387,87.3028,10693800
2007-08-30,86.7570,87.5397,86.6518,87.1911,12705200
2007-08-31,87.8421,88.2960,87.4081,87.7369,11117600
2007-09-04,87.6186,88.7169,87.5462,88.3552,11602900
2007-09-05,87.9803,88.0132,87.1384,87.6186,11230800
2007-09-06,87.7895,88.1184,87.3160,87.8224,10084000
2007-09-07,87.0595,87.0924,86.0466,86.5004,18245400
2007-09-10,86.7109,86.8622,85.6586,86.4413,14392100
2007-09-11,86.7503,87.6513,86.6911,87.5264,11502400
2007-09-12,87.4278,87.9277,87.2963,87.6383,11402900
2007-09-13,88.0526,88.6445,87.9144,88.3288,8318400
2007-09-14,87.8290,88.5853,87.7040,88.4341,10337200
2007-09-17,88.2105,88.5196,87.9277,88.1710,8774100
2007-09-18,88.5853,90.4203,88.4012,90.3348,18362400
2007-09-19,90.8873,91.6239,90.6900,90.8676,13554200
2007-09-20,90.9530,90.9662,90.4532,90.5650,9651600
2007-09-21,91.1626,91.5908,90.8529,90.8529,8249600
2007-09-24,91.1560,91.3471,90.5038,90.6224,9445500
2007-09-25,90.2798,90.8003,90.1481,90.7344,13487100
2007-09-26,91.1560,91.5842,90.9451,91.2680,8384000
2007-09-27,91.6172,91.6633,91.2812,91.6633,8948300
2007-09-28,91.5513,91.6436,91.1560,91.5184,10128400
2007-10-01,91.5513,92.8953,91.5513,92.6318,10164200
2007-10-02,92.7636,92.8360,92.2365,92.3156,12705600
2007-10-03,92.1640,92.4144,91.8280,91.9796,7918300
2007-10-04,92.1706,92.2629,91.8610,91.9137,7234600
2007-10-05,92.5198,93.0337,92.3287,92.6845,9357800
2007-10-08,92.6054,92.6186,92.2431,92.4078,5129400
2007-10-09,92.6779,93.3236,92.4341,93.2709,9070400
2007-10-10,93.1522,93.1852,92.2694,92.7174,9729400
2007-10-11,93.1325,93.5212,91.8807,92.3749,21857700
2007-10-12,92.4803,92.9744,92.2958,92.9744,7714600
2007-10-15,92.9480,92.9678,91.5842,92.2496,12383600
2007-10-16,91.9730,92.0059,91.3932,91.6831,13953500
2007-10-17,92.3090,92.3551,90.7475,91.6831,20261500
2007-10-18,91.2680,91.6830,91.0637,91.4459,11615700
2007-10-19,90.9598,91.5139,88.9943,88.9943,33071200
2007-10-22,88.4205,89.5417,88.3282,89.3373,16391200
2007-10-23,89.8122,90.1485,89.2186,89.9771,13325600
2007-10-24,89.7661,90.2212,88.7503,90.0299,22583800
2007-10-25,90.1684,90.5509,89.2714,90.2937,16618800
2007-10-26,90.7619,91.0587,90.2541,90.9862,9929800
2007-10-29,91.2038,91.5930,91.1247,91.4479,8663400
2007-10-30,91.1445,91.3820,90.7950,90.9005,8531000
2007-10-31,91.3093,92.0282,90.5310,91.6457,19378200
2007-11-01,90.9268,90.9532,89.2911,89.6011,25301400
2007-11-02,89.8253,89.8516,88.6315,89.7329,20988000
2007-11-05,88.9349,89.7726,88.6447,89.1790,13954800
2007-11-06,89.5879,90.1090,89.0735,90.0364,11092400
2007-11-07,89.1592,89.5220,87.6752,87.9523,18182700
2007-11-08,88.0643,88.1171,86.2901,87.3586,38375700
2007-11-09,86.5935,87.1146,85.8614,85.9472,20911400
2007-11-12,85.9735,86.8310,85.5712,85.5910,20703800
2007-11-13,86.2968,87.9852,86.2704,87.8138,15043400
2007-11-14,88.3545,88.3743,87.2201,87.5301,13708200
2007-11-15,87.1673,87.6488,86.2835,86.7122,18693600
2007-11-16,87.1475,87.3261,86.2545,86.9424,22485600
2007-11-19,86.6646,87.0880,85.5071,85.7254,21362600
2007-11-20,85.8775,86.6514,84.8787,86.2082,29928200
2007-11-21,85.4078,85.7518,84.5281,84.5281,18182400
2007-11-23,85.1432,85.7782,85.0705,85.6062,7232400
2007-11-26,85.7915,86.2016,84.1709,84.3098,11480600
2007-11-27,84.6273,85.9304,84.4752,85.5401,23078300
2007-11-28,86.3074,88.1396,86.2611,87.8618,17995800
2007-11-29,87.6370,88.2919,87.4319,88.0868,15940400
2007-11-30,88.9797,89.0988,87.8751,88.7416,18892200
2007-12-03,88.4307,88.6953,87.9611,88.1794,12645700
2007-12-04,87.6502,88.0934,87.5510,87.5973,8191700
2007-12-05,88.4307,89.0789,88.3315,88.9334,11851000
2007-12-06,88.8938,90.2233,88.8408,90.0116,12317200
2007-12-07,90.2563,90.4680,90.0182,90.2167,8477600
2007-12-10,90.4746,91.0369,90.2960,90.8847,7327600
2007-12-11,90.9773,91.2155,88.7747,88.9003,20363200
2007-12-12,90.5805,90.6995,88.1926,89.2972,15786800
2007-12-13,88.8210,89.5353,88.3910,89.2972,14104200
2007-12-14,88.8673,89.3833,88.2522,88.2720,12506900
2007-12-17,87.9676,88.0735,87.1077,87.2665,10828800
2007-12-18,87.7560,87.9213,86.6910,87.6766,13719100
2007-12-19,87.6502,88.0537,87.0350,87.4914,14342800
2007-12-20,87.8486,87.8685,87.0879,87.7825,12707000
2007-12-21,88.4529,89.2817,88.3866,89.0761,11031800
2007-12-24,89.3745,89.8320,89.3414,89.7193,3655600
2007-12-26,89.5203,89.8452,89.3745,89.7922,5743000
2007-12-27,89.4673,89.5071,88.4197,88.6385,8127800
2007-12-28,88.9965,89.1158,88.0682,88.4594,7819200
2007-12-31,88.2738,88.3467,87.6306,87.8892,6463400
2008-01-02,87.8362,87.9688,86.0791,86.6162,14811000
2008-01-03,86.6692,87.0406,86.2847,86.6891,8206300
2008-01-04,85.9133,86.0194,84.7529,84.9850,15022600
2008-01-07,85.2304,85.3630,84.3551,84.9121,19666500
2008-01-08,85.2237,85.5353,83.3008,83.4467,21236800
2008-01-09,83.6258,84.4679,82.8898,84.1828,24161600
2008-01-10,83.8909,85.7475,83.7384,84.7529,25310700
2008-01-11,84.5540,84.5938,83.1549,83.6721,22464400
2008-01-14,84.3949,84.8192,84.0037,84.5474,7932600
2008-01-15,83.8711,84.1496,82.8035,83.0820,19807000
2008-01-16,82.6443,83.6389,82.1802,82.6510,25572000
2008-01-17,82.9163,83.0157,80.4099,80.7414,30879600
2008-01-18,81.2061,81.8367,79.7390,80.0377,35591900
2008-01-22,77.2098,80.1174,76.8712,79.1415,38318000
2008-01-23,77.8272,81.5247,77.2563,81.4517,42838800
2008-01-24,81.5845,82.2616,81.1596,81.9363,20563200
2008-01-25,82.7395,82.7860,80.8011,81.1131,19580700
2008-01-28,81.0003,82.1819,80.3232,82.0027,19403800
2008-01-29,82.4806,82.9121,81.8765,82.6731,15255000
2008-01-30,82.4541,84.0937,81.9695,82.1686,24848200
2008-01-31,81.4318,84.2398,81.2592,83.6423,22253400
2008-02-01,83.9676,84.7111,83.6158,84.5916,18098700
2008-02-04,84.4455,84.4787,83.6290,83.6622,11722300
2008-02-05,82.7727,82.8988,81.3521,81.6243,16359000
2008-02-06,81.9230,82.2615,80.8609,81.1596,14255000
2008-02-07,80.7215,81.9097,80.4891,81.4716,21041800
2008-02-08,81.1065,81.5712,80.3763,80.8210,15522000
2008-02-11,80.7812,81.3786,80.1638,81.1994,11659200
2008-02-12,81.7637,82.8059,81.6243,82.1620,18453800
2008-02-13,82.6533,83.5428,82.4209,83.1511,12484200
2008-02-14,83.4365,83.4431,82.1487,82.3213,11294600
2008-02-15,82.0320,82.1850,81.5864,82.0254,9758200
2008-02-19,82.9565,83.1028,81.7793,82.2581,9395500
2008-02-20,81.4999,82.8501,81.2937,82.5308,15681700
2008-02-21,82.9232,83.1227,81.4533,81.9389,13487600
2008-02-22,81.9456,82.5042,80.8482,82.3380,13727300
2008-02-25,82.2847,83.7014,82.0785,83.5151,14534100
2008-02-26,83.2291,84.6857,83.2092,84.3398,13934400
2008-02-27,83.9475,84.8453,83.8743,84.3532,11539600
2008-02-28,83.8676,84.1137,83.3888,83.6947,8998300
2008-02-29,82.9365,82.9365,81.3270,81.8125,17088200
2008-03-03,81.4534,81.7061,80.9080,81.4733,11889700
2008-03-04,80.8149,81.4201,80.0500,81.4068,20448800
2008-03-05,81.5597,82.1982,80.8348,81.7194,14589300
2008-03-06,81.2738,81.4002,80.0168,80.3427,13426700
2008-03-07,79.4582,80.5024,78.6800,79.0990,20097400
2008-03-10,79.3383,79.3516,78.1212,78.4671,17788000
2008-03-11,79.8106,81.1807,79.1122,81.1807,20303000
2008-03-12,81.1607,81.9455,80.5555,80.7417,13040900
2008-03-13,79.6908,81.3868,79.1255,80.8148,24138600
2008-03-14,81.3869,81.3869,78.8196,79.8239,29251700
2008-03-17,78.2676,80.4491,78.2476,79.8704,27004300
2008-03-18,81.0144,82.6372,80.6087,82.5042,23106900
2008-03-19,82.7902,83.0163,80.4889,80.7683,17636700
2008-03-20,81.0123,82.4658,80.6057,82.0791,15866800
2008-03-24,82.7058,84.0725,82.6458,83.5658,15254400
2008-03-25,83.5992,83.7459,82.9392,83.4258,12026000
2008-03-26,83.1992,83.2058,82.4591,82.6191,12733600
2008-03-27,83.0458,83.1392,81.8924,82.1058,17362000
2008-03-28,82.2924,82.4791,81.2524,81.4924,11109600
2008-03-31,81.2724,82.1191,81.1257,81.6057,11656500
2008-04-01,82.5991,84.3126,82.5725,84.0526,21137400
2008-04-02,84.2459,84.5859,83.6392,84.1325,13766400
2008-04-03,83.6925,84.4326,83.4858,84.2259,11471000
2008-04-04,84.1992,84.5459,83.4725,84.0726,12506400
2008-04-07,84.5126,84.8193,83.8392,84.0392,12892400
2008-04-08,83.6191,84.0925,83.4991,84.0925,12876400
2008-04-09,84.0392,84.1392,83.1192,83.7725,15037200
2008-04-10,83.6792,84.3192,83.3325,83.9725,14355000
2008-04-11,83.0392,83.1392,82.0124,82.2324,16743600
2008-04-14,82.2191,82.4591,81.8657,82.1191,11704000
2008-04-15,82.5058,82.5658,81.8058,82.3258,12532000
2008-04-16,83.0258,84.4392,83.0191,84.4325,16747600
2008-04-17,83.8725,84.4726,83.7792,84.4726,13292100
2008-04-18,85.4178,85.9986,85.2843,85.3511,16943700
2008-04-21,85.2710,85.6715,85.0507,85.4646,10797300
2008-04-22,85.2776,85.3444,84.4032,85.0240,10086600
2008-04-23,85.1041,85.6047,84.7169,84.9772,10443200
2008-04-24,85.2910,86.3190,84.7370,85.5113,14614800
2008-04-25,86.0520,86.0720,84.9906,85.9785,12363400
2008-04-28,86.0320,86.2990,85.2376,85.9719,7899600
2008-04-29,85.6981,85.9718,85.4044,85.5646,7316400
2008-04-30,85.7983,86.7662,85.4445,85.5714,17717200
2008-05-01,85.4445,86.8997,85.3911,86.7529,18314000
2008-05-02,87.6407,87.6407,86.5993,87.2668,12615000
2008-05-05,87.0333,87.1134,86.3324,86.5326,8222000
2008-05-06,86.1788,87.0466,85.8317,86.9465,12113800
2008-05-07,86.9598,87.0266,85.4445,85.7115,13406000
2008-05-08,85.8584,86.1788,85.4245,85.6047,11522500
2008-05-09,85.2175,85.4645,84.9105,85.1107,9167500
2008-05-12,85.3243,86.1788,85.1307,85.9518,9112600
2008-05-13,86.0986,86.1053,85.3777,85.7181,8277600
2008-05-14,85.9652,86.8330,85.9452,86.1121,11792400
2008-05-15,86.1120,86.9131,85.9452,86.8130,9122400
2008-05-16,87.0124,87.0124,86.1960,86.7313,9774400
2008-05-19,86.8049,87.8422,86.6710,87.1529,10824800
2008-05-20,86.6778,86.7046,85.4531,85.8680,12598800
2008-05-21,85.9483,86.0353,84.0946,84.3623,16509500
2008-05-22,84.4024,84.7571,84.2418,84.3355,10846800
2008-05-23,84.0745,84.1949,83.3651,83.3919,10704000
2008-05-27,83.5659,84.1080,83.2313,83.9407,9471600
2008-05-28,84.1682,84.3221,83.5926,84.2150,8868400
2008-05-29,84.1079,85.1452,83.9808,84.4760,12096800
2008-05-30,84.7905,84.8909,84.2552,84.4091,8060400
2008-06-02,84.3087,84.3221,83.1443,83.7599,13444200
2008-06-03,83.9139,84.0076,82.5888,82.9569,18030600
2008-06-04,82.8632,83.6797,82.6357,82.9770,14257600
2008-06-05,83.2179,84.4894,83.0640,84.3957,13042000
2008-06-06,83.7734,83.8001,81.6185,81.7255,24015200
2008-06-09,81.9062,82.6089,81.6988,82.2877,16553700
2008-06-10,81.8125,82.8565,81.7858,82.2877,14819800
2008-06-11,82.1003,82.1271,80.9626,81.0095,19598200
2008-06-12,81.3508,82.2141,80.9292,81.3977,17194500
2008-06-13,81.6385,82.5286,81.4913,82.3814,15354800
2008-06-16,81.9999,82.5620,81.8125,82.0869,11578600
2008-06-17,82.5688,82.6022,81.3842,81.5984,15301000
2008-06-18,81.1768,81.3441,80.3603,80.5276,18091600
2008-06-19,80.6749,81.1902,80.2666,80.7284,20644400
2008-06-20,80.2247,80.2917,79.2052,79.3058,21836600
2008-06-23,79.5607,79.6546,79.1717,79.3662,13844000
2008-06-24,79.1716,79.7820,78.5814,79.1046,19038300
2008-06-25,79.2789,79.9027,78.9972,79.0844,18907600
2008-06-26,78.4808,78.5143,76.7571,76.9113,28987900
2008-06-27,76.8443,76.9583,75.6973,76.0998,25276000
2008-06-30,76.1132,76.6430,75.6235,76.0729,21139100
2008-07-01,75.3754,76.4821,74.9596,76.3077,32398600
2008-07-02,76.3144,76.6364,75.1407,75.2211,24730000
2008-07-03,75.6638,76.0059,74.7717,75.8248,20496600
2008-07-07,75.9053,76.4083,74.5437,75.2614,27897300
2008-07-08,75.2881,76.3948,74.9461,76.2875,31553000
2008-07-09,76.4955,76.5961,74.7516,74.8924,24306400
2008-07-10,74.8589,75.5967,74.3626,75.2681,32957200
2008-07-11,74.5437,75.4157,73.6315,74.4498,35470100
2008-07-14,75.2345,75.3821,73.8126,74.1144,26009300
2008-07-15,73.6181,74.6242,72.6523,73.3096,41112400
2008-07-16,73.5979,75.4357,73.2424,75.2345,31071000
2008-07-17,75.8986,76.8711,75.2346,76.5559,36225700
2008-07-18,76.9756,77.3115,76.3711,77.2107,21164900
2008-07-21,77.5197,77.5868,76.6666,77.0092,16267700
2008-07-22,76.5458,77.9698,76.4047,77.7145,24757900
2008-07-23,77.8825,78.5071,77.5735,78.0705,24761000
2008-07-24,78.0840,78.1108,76.1495,76.3040,22459100
2008-07-25,76.4987,76.8144,76.0017,76.0151,19459200
2008-07-28,76.0823,76.2502,74.6718,74.7859,16089700
2008-07-29,74.9606,76.5122,74.9001,76.4719,17201400
2008-07-30,76.9689,77.8690,76.5860,77.7951,24422400
2008-07-31,77.0562,77.6205,76.2905,76.3711,24805900
2008-08-01,76.6533,76.7473,75.6256,75.9816,20547400
2008-08-04,75.9949,76.4047,75.3165,75.7464,16207200
2008-08-05,76.4047,77.9630,76.3778,77.9227,22997300
2008-08-06,77.6003,78.5071,77.4055,78.2451,17770900
2008-08-07,77.5734,77.8623,76.7271,76.9689,17902100
2008-08-08,76.7204,79.0176,76.5726,78.5541,31279900
2008-08-11,78.6078,79.7497,78.4533,79.1250,22528900
2008-08-12,78.8967,78.9370,77.9698,78.2989,22492600
2008-08-13,77.9698,78.0571,77.0294,77.5130,28250700
2008-08-14,77.1436,78.8161,77.0362,78.1915,24661900
2008-08-15,78.3913,78.8019,78.0480,78.4384,16610900
2008-08-18,78.6606,78.6808,76.9307,77.3143,23622600
2008-08-19,76.8095,76.8768,76.1633,76.3922,19249200
2008-08-20,76.6479,77.0989,75.9883,76.7624,21415300
2008-08-21,76.2172,77.2605,76.1095,76.7691,16820600
2008-08-22,77.3749,78.3307,77.3009,78.2971,18078800
2008-08-25,77.8596,77.8865,76.5066,76.6345,19186300
2008-08-26,76.7691,77.0182,76.3720,76.7826,14475400
2008-08-27,76.8970,77.8057,76.6278,77.4086,15493000
2008-08-28,77.8932,78.8760,77.8528,78.8423,16556500
2008-08-29,78.4250,78.7817,77.6778,77.7115,15914200
2008-09-02,78.7279,79.4346,77.2605,77.5163,24105000
2008-09-03,77.5768,77.9067,76.9576,77.7518,17846600
2008-09-04,77.1393,77.2335,75.3824,75.5238,35201900
2008-09-05,75.1065,75.8133,74.4266,75.6248,31555500
2008-09-08,77.7653,78.0346,75.6585,77.5163,37982500
2008-09-09,77.5162,78.0682,75.6786,75.7459,31926100
2008-09-10,76.1364,76.7355,75.6181,76.0624,39044100
2008-09-11,75.2411,77.3143,74.8642,77.3143,39238000
2008-09-12,76.4932,77.3009,76.0691,77.2673,28275000
2008-09-15,74.8171,77.0316,73.8007,73.9084,44773800
2008-09-16,72.6159,74.8238,72.4140,74.4872,48722600
2008-09-17,73.5247,73.7670,71.0140,71.8621,54988700
2008-09-18,72.3064,74.7162,70.5832,74.0228,65447400
2008-09-19,78.4141,78.4141,76.0645,76.6789,20860900
2008-09-22,76.8477,76.9558,74.1741,74.6062,21955600
2008-09-23,74.4441,75.2003,73.0938,73.2558,25513500
2008-09-24,73.5461,73.7487,72.5536,73.1208,20635600
2008-09-25,73.6001,75.0854,73.4448,74.4508,27647400
2008-09-26,73.3571,75.3489,73.2356,75.0450,22037400
2008-09-29,74.1538,74.2618,70.2243,70.7239,36211100
2008-09-30,71.2708,73.3436,71.0413,73.1613,24710600
2008-10-01,72.6279,73.4516,71.7569,73.3908,22853900
2008-10-02,72.5806,72.6819,70.4741,71.0750,19546500
2008-10-03,71.3991,72.8777,69.6032,69.6774,30183100
2008-10-06,68.0975,68.4891,64.2828,67.4493,49877900
2008-10-07,67.8814,68.3338,63.7427,64.1883,38825600
2008-10-08,62.9595,65.0795,61.7104,61.7104,53470900
2008-10-09,63.4118,63.8102,57.6594,57.7607,44474300
2008-10-10,55.6271,60.1440,53.2978,56.5454,73755500
2008-10-13,59.4419,64.1613,59.0503,64.1613,44081200
2008-10-14,66.0990,66.7067,61.3729,63.2431,58571000
2008-10-15,62.0075,62.1560,57.2273,57.3016,36270200
2008-10-16,58.2738,60.8732,55.4178,60.6774,60371000
2008-10-17,59.2476,62.7376,58.9500,59.2071,44024200
2008-10-20,60.5191,63.0892,60.0186,63.0892,34524100
2008-10-21,61.9125,62.7646,60.8506,61.1279,26527300
2008-10-22,59.5587,59.8022,56.3596,57.8273,37459500
2008-10-23,57.9423,59.5114,55.7306,59.5114,59594500
2008-10-24,54.4726,58.0640,54.2088,56.1973,49331600
2008-10-27,55.8524,58.1519,54.2833,54.2833,37137800
2008-10-28,56.7046,61.6419,55.2572,61.6419,53376100
2008-10-29,61.2022,63.3192,59.9916,60.2959,50631600
2008-10-30,62.2506,62.6700,60.6815,62.5617,42806500
2008-10-31,61.9327,63.9347,61.6351,63.2380,39474400
2008-11-03,62.9945,63.6303,62.5752,63.1907,17957000
2008-11-04,64.3608,65.2671,63.7926,65.0709,25723700
2008-11-05,64.2458,64.6516,61.6486,62.1221,28970800
2008-11-06,61.4052,61.9936,58.4901,58.9297,43601900
2008-11-07,59.4911,60.9790,59.1123,60.9588,30916600
2008-11-10,62.0003,62.0544,59.3220,60.1471,23695900
2008-11-11,59.2206,60.0660,57.9761,58.6727,31463000
2008-11-12,57.7664,58.1654,56.0282,56.1973,35844600
2008-11-13,56.5220,60.1945,54.0060,59.9916,64432800
2008-11-14,58.8350,60.5259,56.9616,56.9616,45085800
2008-11-17,56.7993,58.1520,55.9471,56.1026,38157100
2008-11-18,56.1297,57.5230,54.9934,57.0427,42201200
2008-11-19,56.9684,57.7394,54.2292,54.3509,49759400
2008-11-20,53.7016,55.5954,50.9759,51.4426,77925200
2008-11-21,52.4027,54.8485,50.6158,54.7194,91695200
2008-11-24,55.6841,58.4086,55.0523,57.0022,48461300
2008-11-25,58.0417,58.4765,56.2481,57.6205,44571400
2008-11-26,56.4995,59.3122,56.3840,59.2307,29776700
2008-11-28,58.8910,60.0324,58.8910,59.9916,6958800
2008-12-01,58.6327,58.6803,55.3444,55.4803,27989600
2008-12-02,56.1394,57.3556,55.3717,57.3148,29383100
2008-12-03,56.1529,58.6599,56.0103,58.4561,49770900
2008-12-04,57.5729,58.7415,56.2073,56.8935,40456000
2008-12-05,56.3704,59.0948,55.2426,58.8299,43490800
2008-12-08,60.0052,61.4115,59.7878,60.5487,44114800
2008-12-09,60.0188,60.7458,58.8502,59.1831,34188200
2008-12-10,59.8286,60.4196,58.8027,59.5432,32139600
2008-12-11,58.8434,59.9712,57.9330,58.3339,26284500
2008-12-12,56.7372,59.1287,56.5470,58.6735,34290400
2008-12-15,59.0744,59.1084,57.6477,58.4222,22944700
2008-12-16,60.8544,60.9767,58.6532,60.8544,30326100
2008-12-17,60.1003,61.0107,59.7538,60.0256,22285800
2008-12-18,60.3585,60.4943,58.0349,58.6735,26041600
2008-12-19,59.1138,59.8498,58.1733,58.1733,19707600
2008-12-22,58.4732,58.5618,56.9671,57.9007,20392200
2008-12-23,58.3301,58.5618,57.1374,57.2942,17174800
2008-12-24,57.5395,57.8803,57.3419,57.5736,4157300
2008-12-26,57.9348,58.1188,57.6281,57.9756,5294600
2008-12-29,58.1120,58.1188,56.9671,57.8667,10387800
2008-12-30,58.0984,59.1411,57.8326,59.0729,17764500
2008-12-31,59.1615,60.2246,59.0388,59.6453,18703600
2009-01-02,59.9384,61.7580,59.6794,61.4718,24558800
2009-01-05,61.2469,61.5604,60.5654,61.1311,25612100
2009-01-06,61.4581,61.9488,60.9129,61.4377,37258400
2009-01-07,60.5722,60.7767,59.4477,59.8771,33165500
2009-01-08,59.3387,59.6795,58.9843,59.5840,23641700
2009-01-09,59.7476,59.8089,58.5004,58.7049,24494100
2009-01-12,58.4527,58.6231,57.4237,57.7849,22622000
2009-01-13,57.6622,58.1256,57.1306,57.5327,29846500
2009-01-14,56.6740,56.8103,55.5291,55.9380,38850600
2009-01-15,55.9311,56.5513,54.5477,56.0061,44216600
2009-01-16,56.8124,56.9353,55.3173,56.4506,37613200
2009-01-20,56.1229,56.2594,54.1773,54.2114,36892100
2009-01-21,55.0579,56.2594,54.1704,56.1434,34826600
2009-01-22,55.2286,56.0068,54.3070,55.4061,40157400
2009-01-23,54.2728,55.6586,53.9656,54.9691,44701000
2009-01-26,55.2013,56.1775,54.7439,55.3446,28917300
2009-01-27,55.6313,56.1433,55.1603,55.6450,23352800
2009-01-28,56.6895,57.3722,56.3823,57.1264,21080000
2009-01-29,56.3755,56.6212,55.5358,55.6586,20825600
2009-01-30,55.8635,55.9522,54.3411,54.6688,26172600
2009-02-02,54.0270,54.5595,53.6925,54.1499,22968000
2009-02-03,54.4640,55.3651,53.9451,55.0442,24065100
2009-02-04,55.1603,55.7815,54.1636,54.4025,27506400
2009-02-05,54.1090,55.3993,53.5902,54.9896,39865100
2009-02-06,55.2081,56.8465,55.1057,56.5666,30049700
2009-02-09,56.5256,56.8601,56.0477,56.4915,20793600
2009-02-10,56.1365,56.4779,53.6652,54.0612,49006600
2009-02-11,54.3547,54.6210,53.7130,54.3069,33244600
2009-02-12,53.5423,54.3547,52.6685,54.2728,45482100
2009-02-13,54.2592,54.5800,53.5697,53.6243,23850300
2009-02-17,52.2930,52.6071,51.6923,51.7128,36731400
2009-02-18,52.0541,52.2179,51.2622,51.7196,35793800
2009-02-19,52.1770,52.2247,51.0642,51.2212,30933800
2009-02-20,50.2986,51.2521,49.7223,50.5798,46343700
2009-02-23,50.9297,51.0463,48.7550,48.8099,36003600
2009-02-24,49.0981,50.6279,48.8099,50.3397,37524300
2009-02-25,50.0996,50.7994,49.0912,49.8526,43668900
2009-02-26,50.4083,50.8130,49.2283,49.2832,31367300
2009-02-27,48.4532,49.3930,48.2748,48.5424,35756000
2009-03-02,47.7809,47.8975,46.3677,46.5323,36931600
2009-03-03,46.9783,47.0606,46.0247,46.1070,30799800
2009-03-04,46.8891,47.9387,46.3952,47.1772,31996400
2009-03-05,46.3059,46.6832,44.9545,45.3249,35056100
2009-03-06,45.6474,46.3951,44.4400,45.6199,35830500
2009-03-09,44.9408,46.0796,44.7624,44.8928,28114400
2009-03-10,45.7023,47.4928,45.6474,47.4310,31008100
2009-03-11,47.8083,48.2405,47.2115,47.6643,21875300
2009-03-12,47.5957,49.3861,47.2321,49.2352,21938300
2009-03-13,49.5234,49.7978,48.8442,49.6126,21835800
2009-03-16,50.0585,50.8131,49.5303,49.6057,24509000
2009-03-17,49.5920,50.8474,49.2970,50.8199,20439900
2009-03-18,50.4152,52.0616,49.8870,51.4305,35906600
2009-03-19,52.0205,52.0479,50.6484,50.8405,25410900
2009-03-20,51.1823,51.2717,49.8757,50.0201,22996500
2009-03-23,51.2648,53.4859,51.0035,53.4721,25706800
2009-03-24,52.8876,53.6028,52.5644,52.7432,20383500
2009-03-25,53.1214,54.0635,51.9043,53.2315,30263100
2009-03-26,53.7610,54.5312,53.3071,54.3936,29403800
2009-03-27,53.7335,53.9260,53.1765,53.5066,19994100
2009-03-30,52.3238,52.3444,51.1410,51.7462,25811800
2009-03-31,52.2894,53.1077,51.7118,52.1519,28187500
2009-04-01,51.4917,53.5478,51.4367,53.3140,25416600
2009-04-02,54.5862,55.5351,54.3111,54.8131,30176700
2009-04-03,54.8475,55.1432,54.2974,55.1225,20617100
2009-04-06,54.6412,54.9644,54.0498,54.8475,17834000
2009-04-07,54.1461,54.1461,53.4240,53.5615,17326400
2009-04-08,53.7610,54.2836,53.3415,53.8917,15719000
2009-04-09,55.0194,55.6452,54.8475,55.6245,19287700
2009-04-13,55.0331,55.8239,54.7993,55.3907,11991300
2009-04-14,54.9919,55.2463,54.3799,54.5105,18590000
2009-04-15,54.3524,55.3289,54.1461,55.2189,18263400
2009-04-16,55.6039,56.2435,54.8131,55.8790,19526700
2009-04-17,56.0952,56.3776,55.6682,56.0057,16835600
2009-04-20,55.1378,55.2136,53.9669,54.0840,16640200
2009-04-21,53.6087,54.9381,53.5949,54.8210,18051200
2009-04-22,54.4352,55.4133,54.1804,54.2837,20467800
2009-04-23,54.3733,55.0001,53.7396,54.8623,19521000
2009-04-24,55.1723,55.9782,55.0552,55.6062,17662200
2009-04-27,54.9449,55.9506,54.8692,55.2824,17582800
2009-04-28,54.7384,55.7578,54.6695,55.1861,16457900
2009-04-29,55.6682,56.8598,55.5787,56.3226,18084100
2009-04-30,56.9838,57.2111,56.0333,56.2537,17496500
2009-05-01,56.3364,56.6119,55.7647,56.5912,12356400
2009-05-04,56.9907,58.0652,56.8942,58.0239,13866800
2009-05-05,57.8999,58.2443,57.5899,57.9688,11985000
2009-05-06,58.5818,58.7333,57.9894,58.6851,18357600
2009-05-07,59.0984,59.1741,57.6175,57.9756,19835900
2009-05-08,58.6438,59.2155,58.2787,59.0433,18463400
2009-05-11,58.3820,58.5405,57.9963,58.1547,13335600
2009-05-12,58.3889,58.7402,57.7001,58.3545,16819400
2009-05-13,57.6588,57.7621,57.0320,57.2593,17683700
2009-05-14,57.2524,57.8379,57.1284,57.4384,15029400
2009-05-15,57.4425,57.9952,56.8415,57.1869,23137600
2009-05-18,57.7396,58.8034,57.6843,58.8034,12745200
2009-05-19,58.6792,58.9900,58.4650,58.5410,17908900
2009-05-20,58.9554,59.3907,58.0988,58.1610,18083800
2009-05-21,57.5323,57.5669,56.8553,57.4080,20038800
2009-05-22,57.6290,57.8501,57.1040,57.2491,10156800
2009-05-26,56.8347,58.7621,56.8347,58.6170,13636800
2009-05-27,58.6998,58.7689,57.3182,57.4494,13708200
2009-05-28,57.8847,58.3406,57.0142,58.0436,17780200
2009-05-29,58.2992,59.2456,57.8639,58.9900,15275000
2009-06-01,59.6049,60.5651,59.4460,60.3440,12952000
2009-06-02,60.1990,60.7724,60.0539,60.4477,10553900
2009-06-03,60.1161,60.1783,59.4667,60.0677,9488600
2009-06-04,60.0401,60.5582,59.7499,60.4546,11762200
2009-06-05,60.9658,61.1730,60.1851,60.7309,16834300
2009-06-08,60.2542,61.0694,59.7568,60.6135,23538400
2009-06-09,60.7724,60.9520,60.4062,60.6135,22428400
2009-06-10,61.1730,61.1938,59.8121,60.5513,25155700
2009-06-11,60.6964,61.4977,60.6549,60.6964,21696400
2009-06-12,60.5167,61.0210,60.3578,61.0072,12743500
2009-06-15,60.2611,60.2957,59.4114,59.7499,14006100
2009-06-16,59.8881,59.9364,58.8726,58.9002,12830900
2009-06-17,58.8726,59.3147,58.6031,58.8795,13494000
2009-06-18,58.9140,59.5150,58.7067,59.1488,13378600
2009-06-19,59.5807,59.6777,58.8598,59.1301,13880400
2009-06-22,58.6242,58.7559,57.7508,57.7508,20652400
2009-06-23,57.8201,58.0212,57.4251,57.6538,12151100
2009-06-24,58.0420,58.4163,57.2380,57.5499,15355500
2009-06-25,57.3142,58.8460,57.2310,58.7212,13851400
2009-06-26,58.5410,58.7004,58.2361,58.4093,7779000
2009-06-29,58.5757,59.1579,58.4301,59.0886,7529200
2009-06-30,59.1440,59.3589,58.1945,58.6797,13421400
2009-07-01,58.9015,59.4906,58.8668,58.9361,9144200
2009-07-02,58.2222,58.2499,57.4944,57.5222,16516500
2009-07-06,56.9816,57.7440,56.8914,57.7024,12392700
2009-07-07,57.6400,57.6608,56.5171,56.5240,15240600
2009-07-08,56.7875,57.0301,56.1151,56.7875,17902700
2009-07-09,57.0023,57.1201,56.5102,56.6765,11452000
2009-07-10,56.4270,56.7943,56.1566,56.4478,16023500
2009-07-13,56.6211,57.7994,56.4131,57.7439,14384000
2009-07-14,57.9034,58.0212,57.4806,57.9865,10288300
2009-07-15,58.6312,59.8580,58.5965,59.7471,11620000
2009-07-16,59.6847,60.6481,59.6292,60.4610,11805400
2009-07-17,60.5415,60.7636,60.1944,60.7081,9075000
2009-07-20,60.9997,61.4578,60.7637,61.3120,13142300
2009-07-21,61.8672,61.9644,61.1523,61.8950,14599300
2009-07-22,61.6105,62.1449,61.5202,61.6937,11857700
2009-07-23,61.7076,63.1653,61.6660,62.9085,16519600
2009-07-24,62.7488,63.1861,62.5198,63.1445,10895100
2009-07-27,63.0681,63.3527,62.7280,63.2625,10045200
2009-07-28,62.8946,63.3596,62.5267,63.1583,11700400
2009-07-29,62.9432,63.1306,62.5822,62.9432,9063600
2009-07-30,63.5679,64.1926,63.3527,63.4568,11659200
2009-07-31,63.4915,64.0052,63.4152,63.6304,9151300
2009-08-03,64.1856,64.5535,63.8386,64.4563,9843400
2009-08-04,64.2689,64.7201,64.2342,64.6854,12338900
2009-08-05,64.6438,64.7062,63.9427,64.4355,11396200
2009-08-06,64.7201,64.7965,63.9913,64.2967,10482300
2009-08-07,64.9354,65.5948,64.6299,65.1019,11813100
2009-08-10,64.8936,65.1158,64.5535,64.9006,13051400
2009-08-11,64.6854,64.7132,64.0677,64.2620,9305200
2009-08-12,64.2412,65.5392,64.2273,65.0881,13586400
2009-08-13,65.3449,65.4282,64.6716,65.3796,10209100
2009-08-14,65.2963,65.3310,64.2065,64.8382,10846500
2009-08-17,63.7692,63.8455,63.4429,63.5887,12121400
2009-08-18,63.7761,64.2689,63.6859,64.0676,8539100
2009-08-19,63.6442,64.8658,63.5609,64.6437,14296100
2009-08-20,64.6577,65.2130,64.5050,65.1019,8271000
2009-08-21,65.4634,66.3201,65.4076,66.1948,11866500
2009-08-24,66.4734,66.8078,66.0973,66.2645,9349100
2009-08-25,66.4874,67.4417,66.3690,66.5083,14622300
2009-08-26,66.3550,66.7660,66.0833,66.4943,11497200
2009-08-27,66.5222,66.9541,65.8953,66.7451,13096800
2009-08-28,67.1422,67.1839,66.1809,66.5779,10813900
2009-08-31,65.9719,66.2366,65.7630,66.2088,9890500
2009-09-01,65.8953,66.6336,64.7668,64.9270,17938600
2009-09-02,64.7390,65.0733,64.5788,64.6624,10922400
2009-09-03,64.9479,65.2057,64.5230,65.0942,7262500
2009-09-04,65.1778,65.8744,64.9897,65.7908,8118600
2009-09-08,66.3132,66.3272,65.9092,66.2157,10862500
2009-09-09,66.2366,66.8078,66.0834,66.5431,13560500
2009-09-10,66.5709,67.1909,66.3062,67.1073,12244800
2009-09-11,67.1282,67.3093,66.7729,67.0237,8116500
2009-09-14,66.4804,67.1839,66.4525,67.0934,8417900
2009-09-15,67.2188,67.7830,66.8426,67.4974,11687700
2009-09-16,67.7899,68.3680,67.5252,68.3193,10580800
2009-09-17,68.2427,68.7651,68.0128,68.3054,15803800
2009-09-18,68.6229,68.7066,68.3298,68.4624,9910900
2009-09-21,68.0786,68.4135,67.8483,68.2042,7711800
2009-09-22,68.6020,68.6787,68.1693,68.5322,8206300
2009-09-23,68.6368,69.1951,67.9669,68.0925,13199100
2009-09-24,68.2112,68.3996,67.4227,67.6809,16702600
2009-09-25,67.6041,67.9321,67.2552,67.5064,13350100
2009-09-28,67.6948,68.5531,67.6529,68.2740,6393200
2009-09-29,68.3508,68.6369,67.9600,67.9949,8171200
2009-09-30,68.1205,68.2391,67.0389,67.7507,15351500
2009-10-01,67.6320,67.6460,66.2992,66.3759,15473500
2009-10-02,65.7479,66.4806,65.7339,66.1945,15752800
2009-10-05,66.3411,67.1854,66.1527,66.9691,8742700
2009-10-06,67.3948,68.2252,67.3808,67.8902,12439600
2009-10-07,67.7786,68.0228,67.5692,67.8832,10039900
2009-10-08,68.3437,68.6996,68.0646,68.3228,9701300
2009-10-09,68.2949,68.8881,68.1693,68.8671,6494100
2009-10-12,69.0835,69.3556,68.7764,69.0416,5438300
2009-10-13,68.8322,69.0974,68.5392,68.9648,6026200
2009-10-14,69.6208,70.0325,69.3835,69.9418,9162700
2009-10-15,69.6906,70.2488,69.6696,70.2349,7667900
2009-10-16,69.6648,69.9931,69.4064,69.8395,13185400
2009-10-19,69.9233,70.6637,69.7976,70.4472,9772400
2009-10-20,70.5240,70.5519,69.7766,70.1189,9387400
2009-10-21,70.0002,70.6847,69.4344,69.4484,12893600
2009-10-22,69.5811,70.6078,69.2877,70.3634,13423200
2009-10-23,70.5311,70.5939,69.4065,69.7278,13214000
2009-10-26,69.7766,70.3843,68.8127,69.0153,16109800
2009-10-27,69.1131,69.5182,68.7290,69.0223,14503800
2009-10-28,68.8826,69.1969,68.1842,68.2261,17191500
2009-10-29,68.6871,69.6649,68.4845,69.5252,12927200
2009-10-30,69.3925,69.5951,67.6603,67.7930,29751800
2009-11-02,68.0305,69.1481,67.6254,68.3448,20615900
2009-11-03,67.9327,68.4007,67.8000,68.3099,13945600
2009-11-04,68.7150,69.4135,68.4077,68.5683,14714300
2009-11-05,69.0503,70.0072,69.0153,69.9583,9811600
2009-11-06,69.6020,70.2656,69.4484,70.1049,10786100
2009-11-09,70.5938,71.5507,70.4821,71.5368,10959900
2009-11-10,71.4320,71.8022,71.3482,71.7254,9959100
2009-11-11,72.0187,72.3750,71.6905,72.0327,10532400
2009-11-12,71.9140,72.2283,71.1736,71.3622,11966800
2009-11-13,71.4879,72.1165,71.3133,71.8791,11677800
2009-11-16,72.2213,73.0385,72.1864,72.8220,10497400
2009-11-17,72.7032,73.0874,72.5426,73.0525,8398000
2009-11-18,72.9896,73.0734,72.5775,73.0246,7773400
2009-11-19,72.6683,72.6893,71.8511,72.3959,12739500
2009-11-20,72.1212,72.4926,71.9810,72.3524,8680400
2009-11-23,73.0182,73.5647,72.9691,73.2003,9489200
2009-11-24,73.1864,73.2705,72.5908,73.1303,10211800
2009-11-25,73.2565,73.4667,73.0182,73.3195,6489600
2009-11-27,71.7989,72.7659,71.6377,72.3034,12916100
2009-11-30,72.2544,72.6958,71.9741,72.5837,11959000
2009-12-01,73.0742,73.6699,73.0672,73.3896,10101300
2009-12-02,73.3966,73.7540,73.1023,73.2845,7124600
2009-12-03,73.4737,73.7049,72.5907,72.6608,9723500
2009-12-04,73.5508,73.7680,72.3174,72.8710,16602800
2009-12-07,72.7588,73.2494,72.6607,72.9130,8189500
2009-12-08,72.4716,72.4856,71.3014,72.1352,10719700
2009-12-09,72.1493,72.5697,71.8129,72.4926,8583800
2009-12-10,72.8710,73.3125,72.8430,73.0042,8039500
2009-12-11,73.2355,73.6069,73.0533,73.5228,9235500
2009-12-14,73.8030,73.8451,73.5227,73.7190,9752400
2009-12-15,73.5157,73.6839,73.2074,73.3966,7191500
2009-12-16,73.6418,73.7959,73.2073,73.3475,6283400
2009-12-17,72.9061,72.9831,72.3805,72.4436,8223700
2009-12-18,72.7742,72.9079,72.0567,72.5561,8299800
2009-12-21,72.8516,73.4354,72.8234,73.0767,5968000
2009-12-22,73.3159,73.5902,73.1963,73.4777,6849400
2009-12-23,73.6184,73.6676,73.2807,73.4777,4867200
2009-12-24,73.5621,73.8927,73.5480,73.8646,3568000
2009-12-28,74.0053,74.1108,73.7872,74.0686,8116800
2009-12-29,74.2093,74.3148,74.0404,74.0686,3356400
2009-12-30,73.8153,74.0967,73.7801,74.0193,3243500
2009-12-31,74.1038,74.1389,73.1822,73.2104,5189400
2010-01-04,73.7520,74.4766,73.6958,74.3289,8977300
2010-01-05,74.2937,74.3359,73.8435,74.2093,6549200
2010-01-06,74.2163,74.4625,74.1178,74.2585,6797200
2010-01-07,74.1319,74.5821,73.8294,74.5259,6312000
2010-01-08,74.3359,74.6455,74.1741,74.6455,4912000
2010-01-11,74.8494,75.0323,74.4414,74.9479,6858300
2010-01-12,74.4625,74.8635,74.2725,74.6665,8869900
2010-01-13,74.8002,75.2645,74.5962,75.0957,8619100
2010-01-14,75.0183,75.3771,74.9761,75.2926,7039900
2010-01-15,75.2293,75.2574,74.2444,74.5750,14027400
2010-01-19,74.4977,75.4333,74.4696,75.3911,10877400
2010-01-20,74.9198,74.9479,73.9560,74.5821,11896600
2010-01-21,74.5470,74.6455,72.9571,72.9571,22253800
2010-01-22,72.7250,73.0627,71.4376,71.4939,24606900
2010-01-25,72.0285,72.1199,71.5220,71.6908,18236800
2010-01-26,71.5150,72.4999,71.3884,71.6698,18352400
2010-01-27,71.5220,72.1129,71.0436,71.9652,16203100
2010-01-28,72.1692,72.1903,70.7060,71.1914,13409200
2010-01-29,71.4446,72.0074,70.6356,70.7341,14556900
2010-02-01,71.1984,72.0004,71.0999,71.6416,9985500
2010-02-02,71.7190,72.5279,71.5290,72.3732,8891300
2010-02-03,72.1903,72.4999,71.9934,72.1974,6561600
2010-02-04,71.7190,71.8034,70.3542,70.3754,16419300
2010-02-05,70.4527,70.5864,69.1935,70.4598,28939700
2010-02-08,70.3472,70.6145,69.7281,69.7985,10929500
2010-02-09,70.4598,71.3954,70.2347,70.8045,19228000
2010-02-10,70.7342,71.0296,70.1714,70.7130,11212100
2010-02-11,70.6427,71.5783,70.2558,71.4587,9934200
2010-02-12,70.7201,71.3110,70.3402,71.2407,13643000
2010-02-16,71.7612,72.4365,71.4657,72.3240,8958800
2010-02-17,72.5702,72.7672,72.4225,72.7250,8784900
2010-02-18,72.5772,73.3721,72.5702,73.2807,8677700
2010-02-19,73.1361,73.6227,72.9386,73.3406,9324500
2010-02-22,73.6157,73.6157,73.1432,73.2349,5285200
2010-02-23,73.0726,73.4464,72.4238,72.5507,10810200
2010-02-24,72.7694,73.3124,72.6354,73.1361,9658700
2010-02-25,72.1134,72.8822,71.8807,72.8540,10052900
2010-02-26,72.8892,73.0726,72.4872,72.8540,6961100
2010-03-01,73.1149,73.4887,73.0515,73.3618,5818700
2010-03-02,73.6510,73.7991,73.3124,73.3548,5673300
2010-03-03,73.5945,73.8907,73.2278,73.4111,5891900
2010-03-04,73.5170,73.7498,73.3195,73.7004,6168300
2010-03-05,74.0459,74.5960,73.9612,74.5889,6753500
2010-03-08,74.5608,74.7301,74.4056,74.4691,5728100
2010-03-09,74.3633,74.9204,74.3421,74.5537,8672300
2010-03-10,74.6313,74.8570,74.3210,74.5961,7325500
2010-03-11,74.5043,74.9628,74.2222,74.9557,7739600
2010-03-12,75.2096,75.2378,74.8499,75.0545,10139600
2010-03-15,74.9698,75.2025,74.6665,75.1602,6760400
2010-03-16,75.3083,75.5481,75.0474,75.5128,6848800
2010-03-17,75.6821,76.0771,75.6257,75.8302,6989400
2010-03-18,75.8373,76.1899,75.7879,76.1335,7495600
2010-03-19,75.8487,76.4352,75.5519,75.8487,12068000
2010-03-22,75.5731,76.3646,75.5519,76.1667,8835200
2010-03-23,76.3363,76.9651,76.1949,76.9298,9105900
2010-03-24,76.6825,76.8874,76.4705,76.5977,7075900
2010-03-25,77.0146,77.3962,76.5412,76.6260,9526500
2010-03-26,76.7603,77.0712,76.4070,76.6189,8859800
2010-03-29,76.8733,77.1348,76.7885,76.9652,5886300
2010-03-30,77.0288,77.2902,76.7885,77.1136,5781300
2010-03-31,76.8945,77.0500,76.5412,76.7461,6078200
2010-04-01,77.1913,77.4316,76.7815,77.2196,11474400
2010-04-05,77.4387,77.6436,77.1984,77.5376,4237800
2010-04-06,77.3397,77.6365,77.2196,77.5305,4407600
2010-04-07,77.4104,77.5164,76.6825,77.0571,10894000
2010-04-08,76.8168,77.4245,76.6684,77.2832,8764300
2010-04-09,77.3892,77.7849,77.3114,77.7707,6013100
2010-04-12,77.8272,77.9827,77.7142,77.8555,4366500
2010-04-13,77.7283,78.0392,77.3962,77.9049,6104100
2010-04-14,78.1522,78.6610,78.0321,78.6398,7987400
2010-04-15,78.4915,78.8730,78.4632,78.8306,8664000
2010-04-16,78.6828,78.8525,77.5796,77.9190,22103600
2010-04-19,77.6928,78.4353,77.6079,78.3858,10482500
2010-04-20,78.6546,78.8031,78.3434,78.5697,8901000
2010-04-21,78.5979,78.8525,78.2797,78.6121,9115800
2010-04-22,78.2232,78.8597,77.8979,78.7465,9946100
2010-04-23,78.7041,79.2345,78.5344,79.1779,13873100
2010-04-26,79.2839,79.6163,79.2203,79.2627,8015700
2010-04-27,79.0365,79.3335,77.6009,77.6999,19874600
2010-04-28,78.0605,78.3859,77.5726,78.1808,14833300
2010-04-29,78.4566,79.2062,78.4424,78.9870,7472600
2010-04-30,79.0718,79.2062,77.8201,77.8625,14615900
2010-05-03,78.1949,79.0789,78.1949,78.8809,8324800
2010-05-04,78.1525,78.1737,76.8724,77.3392,19911700
2010-05-05,76.7663,77.4806,76.5542,76.9431,18900400
2010-05-06,76.6390,77.1906,70.1257,74.4396,34425300
2010-05-07,74.2699,74.9206,72.5161,73.3930,33885700
2010-05-10,76.0733,76.7098,75.6702,76.3774,20454000
2010-05-11,75.7692,77.0351,75.6561,76.1440,16440600
2010-05-12,76.4340,77.3321,76.3420,77.2685,12985000
2010-05-13,77.0492,77.4099,76.3562,76.4481,11160700
2010-05-14,75.9884,76.1440,74.6942,75.3236,17962100
2010-05-17,75.4510,75.6137,74.0154,75.3308,17552200
2010-05-18,75.8752,76.0308,74.3547,74.5315,19213400
2010-05-19,74.2275,74.6660,73.2586,74.0931,24115100
2010-05-20,72.8202,73.0182,71.4270,71.5048,28708100
2010-05-21,70.4904,72.3857,70.2916,72.2935,30840500
2010-05-24,71.9598,72.3928,71.3635,71.4700,16537800
2010-05-25,69.9438,71.3919,69.3901,71.3138,25166200
2010-05-26,71.6120,72.2651,70.6466,70.7602,18499900
2010-05-27,72.0095,72.9252,71.7468,72.9181,18333200
2010-05-28,72.8258,72.8542,71.7255,72.0308,19442500
2010-06-01,71.4629,72.6129,71.1505,71.2144,17009600
2010-06-02,71.5978,72.8685,71.2784,72.8401,14879500
2010-06-03,73.1098,73.3015,72.2935,72.8969,11856600
2010-06-04,71.6759,71.8249,70.2774,70.5898,20047200
2010-06-07,70.7459,70.9305,69.7095,69.7592,13694600
2010-06-08,69.8231,70.7530,69.3546,70.5898,25086600
2010-06-09,70.9731,71.5410,70.1354,70.3839,16076800
2010-06-10,71.4132,72.3928,71.4132,72.3218,13825600
2010-06-11,71.7469,72.6555,71.7114,72.6271,9066300
2010-06-14,73.1098,73.4648,72.4355,72.5065,8995700
2010-06-15,72.9820,74.0326,72.4780,73.9474,9402100
2010-06-16,73.6067,74.1675,73.4861,74.0327,9602400
2010-06-17,74.1889,74.2669,73.3867,74.2243,9742800
2010-06-18,74.3239,74.5586,74.1248,74.3097,6890700
2010-06-21,75.1915,75.3551,73.9327,74.2812,10258800
2010-06-22,74.3168,74.6297,73.1362,73.2003,11915600
2010-06-23,73.3069,73.7336,72.7308,73.2429,12966900
2010-06-24,72.9016,72.9940,72.0411,72.2260,13397700
2010-06-25,72.3966,72.5602,71.7068,72.3397,10893500
2010-06-28,72.3184,72.5744,71.8561,72.1406,6770700
2010-06-29,71.2517,71.2802,69.7867,70.2134,16662900
2010-06-30,70.0569,70.4978,69.4026,69.5022,13386200
2010-07-01,69.5164,69.6942,68.4567,69.2248,18562200
2010-07-02,69.3600,69.5094,68.3928,68.8906,11305700
2010-07-06,69.6871,70.1351,68.7057,69.3030,10251400
2010-07-07,69.3671,71.3797,69.3387,71.3228,12255100
2010-07-08,71.7566,72.1904,71.4010,72.1904,9456500
2010-07-09,72.1548,72.6313,72.0268,72.6171,7377600
2010-07-12,72.4322,72.7522,72.2188,72.7167,6613100
2010-07-13,73.4065,74.0892,73.3709,73.7692,9339100
2010-07-14,73.6270,74.0252,73.3354,73.7834,8757900
2010-07-15,73.7621,73.8759,72.8874,73.7479,11495700
2010-07-16,73.3229,73.3941,71.7712,71.8993,12219700
2010-07-19,72.1840,72.5328,71.7213,72.3335,7289500
2010-07-20,71.2515,72.8887,71.2088,72.8389,9200800
2010-07-21,73.0809,73.1022,71.6928,72.0559,10812500
2010-07-22,72.7819,73.8212,72.7606,73.4937,10386600
2010-07-23,73.3940,74.3835,73.2588,74.2197,13384300
2010-07-26,74.3194,74.9743,74.1770,74.9244,9047000
2010-07-27,75.2732,75.3373,74.7394,75.0526,10259500
2010-07-28,74.9102,75.1309,74.5187,74.8034,7157900
2010-07-29,75.2092,75.4013,73.9706,74.5045,11562800
2010-07-30,73.8852,74.8319,73.7002,74.5258,11706000
2010-08-02,75.5081,76.1559,75.3658,75.9708,6852300
2010-08-03,75.7929,76.0420,75.4939,75.7288,5440100
2010-08-04,75.9138,76.2697,75.7216,76.1345,7289900
2010-08-05,75.7573,76.0776,75.6149,76.0776,3631700
2010-08-06,75.3942,75.9708,74.9600,75.9423,7524700
2010-08-09,76.1630,76.4264,75.9068,76.2484,3723500
2010-08-10,75.7074,76.2911,75.2163,75.9210,8434400
2010-08-11,74.8746,74.8889,73.9635,74.1201,9496200
2010-08-12,73.2090,73.9350,73.1592,73.6361,14562800
2010-08-13,73.4652,73.8852,73.3869,73.5649,6481600
2010-08-16,73.1806,73.7358,72.8745,73.5151,5818900
2010-08-17,74.0204,74.8248,73.7926,74.2624,5461600
2010-08-18,74.2126,74.8177,73.7998,74.4333,6344900
2010-08-19,74.0845,74.2482,72.9955,73.3585,8882600
2010-08-20,73.1827,73.2184,72.4968,72.9755,8548600
2010-08-23,73.2613,73.6257,72.6612,72.7041,5552400
2010-08-24,71.9682,72.2683,71.3823,71.7324,9543400
2010-08-25,71.3822,72.1467,70.9964,71.8824,9732500
2010-08-26,72.1324,72.2039,71.2108,71.3965,8258800
2010-08-27,71.8252,72.6111,71.0179,72.5754,10431400
2010-08-30,72.3254,72.5468,71.5609,71.5680,4731200
2010-08-31,71.3679,72.0538,71.1036,71.5894,10523400
2010-09-01,72.4182,73.5185,72.3968,73.4471,8511100
2010-09-02,73.5257,73.7972,73.3185,73.7901,3782600
2010-09-03,74.4616,74.7546,73.7972,74.7188,6280300
2010-09-07,74.4187,74.5116,73.8829,73.9900,4206700
2010-09-08,74.0972,74.5902,74.0758,74.2901,5742100
2010-09-09,75.0046,75.0189,74.2830,74.4831,4396500
2010-09-10,74.6046,74.8903,74.4117,74.8618,3521600
2010-09-13,75.4833,75.6333,75.0617,75.4976,4944900
2010-09-14,75.3619,75.7834,75.1404,75.3333,5077800
2010-09-15,75.1617,75.7762,75.0046,75.6905,4374300
2010-09-16,75.4976,75.9049,75.3047,75.8691,5449000
2010-09-17,76.1203,76.2205,75.6193,75.9199,7777800
2010-09-20,76.1562,77.1010,76.0130,76.9578,5257500
2010-09-21,76.9721,77.5232,76.7073,77.0294,8381800
2010-09-22,76.9864,77.3299,76.6428,76.8719,5593500
2010-09-23,76.3279,77.0294,76.1633,76.3494,7547400
2010-09-24,77.1368,77.7738,77.0652,77.7094,5334900
2010-09-27,77.7093,77.8238,77.3586,77.4373,3989800
2010-09-28,77.5590,77.9240,76.8003,77.7022,7872700
2010-09-29,77.5519,77.8095,77.3014,77.5232,6281000
2010-09-30,77.9527,78.3893,76.9220,77.2369,11670500
2010-10-01,77.6950,77.8239,77.1868,77.5304,5987600
2010-10-04,77.4159,77.6950,76.6357,76.9936,5561600
2010-10-05,77.5948,78.5038,77.4946,78.3034,6493200
2010-10-06,78.3321,78.6112,78.2104,78.5682,7215600
2010-10-07,78.7973,78.8116,78.0242,78.4465,5282200
2010-10-08,78.4895,79.0263,78.2891,78.8474,4812900
2010-10-11,78.9405,79.0192,78.6470,78.9190,3527300
2010-10-12,78.6828,79.1838,78.1675,78.9190,5373500
2010-10-13,79.3198,79.9067,79.2053,79.4916,6921600
2010-10-14,79.4844,79.6132,78.9547,79.4987,8971700
2010-10-15,79.8233,79.8519,78.8777,79.2860,9377400
2010-10-18,79.2860,79.9378,79.1928,79.5224,4434900
2010-10-19,79.0066,79.2859,78.2042,78.6842,9253700
2010-10-20,78.8633,79.9306,78.6699,79.5796,7394700
2010-10-21,79.9307,80.3820,79.3003,79.9020,6992000
2010-10-22,79.9378,80.0023,79.6226,79.7731,3549800
2010-10-25,80.1600,80.6256,79.9881,80.0239,6126500
2010-10-26,79.6585,80.1671,79.4651,80.0597,5371300
2010-10-27,79.6011,79.8447,78.9851,79.7372,7608300
2010-10-28,80.0668,80.1313,79.2143,79.5868,5657500
2010-10-29,79.5295,79.7874,79.3791,79.7372,5972000
2010-11-01,80.0023,80.5969,79.2788,79.7444,9428500
2010-11-02,80.2387,80.4321,80.1240,80.1455,4073600
2010-11-03,80.2817,80.4966,79.5582,80.4464,10108800
2010-11-04,81.1699,82.0367,81.1198,81.9723,9353700
2010-11-05,81.9866,82.1155,81.7001,82.0511,6347900
2010-11-08,81.7645,81.9149,81.5066,81.8218,4081700
2010-11-09,81.9364,81.9579,81.1126,81.4422,5838500
2010-11-10,81.3920,81.5855,80.7760,81.4708,9956900
2010-11-11,80.8763,81.1341,80.6112,81.0052,5517900
2010-11-12,80.5611,80.9407,79.9808,80.3462,8695800
2010-11-15,80.4608,80.9694,80.3605,80.4107,6607300
2010-11-16,79.9379,80.0453,78.8490,79.1570,9492400
2010-11-17,79.2573,79.3648,78.9851,79.1140,5558800
2010-11-18,79.7731,80.4966,79.7659,80.3390,7154500
2010-11-19,80.2463,80.5337,79.9013,80.4978,4474300
2010-11-22,80.1672,80.3900,79.4414,80.3613,6814800
2010-11-23,79.6139,79.6354,78.9814,79.3336,6615500
2010-11-24,79.7720,80.4619,79.7720,80.3828,4288200
2010-11-26,79.7289,80.0235,79.5133,79.5133,2330100
2010-11-29,79.2401,79.6713,78.6221,79.5204,6040400
2010-11-30,78.8162,79.5995,78.7371,79.1755,8055600
2010-12-01,80.2606,81.1374,80.1959,80.9721,7312300
2010-12-02,81.0440,81.8345,81.0296,81.7411,6146200
2010-12-03,81.4536,81.9423,81.4321,81.8848,4550500
2010-12-06,81.7698,81.9639,81.6620,81.7411,6181100
2010-12-07,82.3736,82.4382,81.6908,81.7339,7617300
2010-12-08,81.7123,81.9854,81.5327,81.8489,6518700
2010-12-09,82.1795,82.2083,81.5758,81.8705,5237500
2010-12-10,81.9998,82.1723,81.7627,82.1364,8294000
2010-12-13,82.4095,82.6682,82.2370,82.2801,4756900
2010-12-14,82.3807,82.9197,82.3520,82.6538,5212500
2010-12-15,82.5819,82.9628,82.4166,82.5675,5851100
2010-12-16,82.6394,82.9269,82.2298,82.8191,8109500
2010-12-17,82.7852,82.8284,82.4611,82.7996,4621200
2010-12-20,82.9365,82.9437,82.3891,82.6556,6742100
2010-12-21,82.9149,83.1670,82.8285,83.0590,4783100
2010-12-22,83.0878,83.3111,83.0157,83.2534,3487300
2010-12-23,83.2031,83.4048,83.1239,83.3616,3578800
2010-12-27,83.0950,83.2967,82.9437,83.2247,4138600
2010-12-28,83.3903,83.4695,83.0806,83.4047,4738400
2010-12-29,83.5260,83.7209,83.4611,83.4827,6621900
2010-12-30,83.3961,83.5260,83.2012,83.3383,6599100
2010-12-31,83.2444,83.5404,83.0423,83.4682,3725200
2011-01-03,84.0313,84.3561,83.9952,84.0313,9108900
2011-01-04,84.2478,84.2623,83.8147,84.1973,9775600
2011-01-05,84.0674,84.5943,83.9519,84.4860,7567800
2011-01-06,84.5582,84.5943,84.0962,84.2983,7161600
2011-01-07,84.3923,84.5294,83.6054,84.1468,9249800
2011-01-10,83.8508,83.9807,83.4177,83.8797,6166700
2011-01-11,84.1901,84.3562,83.8581,84.1324,5122600
2011-01-12,84.5655,84.9264,84.4644,84.7460,5255800
2011-01-13,84.7243,84.7315,84.3273,84.6016,6056800
2011-01-14,84.3706,85.0130,84.3201,84.9553,5885800
2011-01-18,85.0058,85.4894,84.9914,85.3451,4665700
2011-01-19,85.4318,85.5328,85.0780,85.2946,9080300
2011-01-20,85.0636,85.4245,84.6954,85.2657,10935600
2011-01-21,85.7962,85.8612,85.2614,85.6155,9663000
2011-01-24,85.5432,86.4249,85.5287,86.4105,12299400
2011-01-25,86.2225,86.4321,85.7961,86.3598,10474000
2011-01-26,86.4032,86.6851,86.2515,86.4466,9154100
2011-01-27,86.4539,86.6779,86.3310,86.4683,7393200
2011-01-28,86.4827,86.6273,85.1095,85.2975,17156100
2011-01-31,85.4637,85.7528,85.1962,85.7166,8965000
2011-02-01,86.1214,86.8948,86.0636,86.7936,7626900
2011-02-02,86.6490,86.9598,86.6490,86.8008,4231200
2011-02-03,86.7502,87.1404,86.4105,86.9959,6338100
2011-02-04,86.9959,87.2272,86.7429,87.2272,5191300
2011-02-07,87.3645,87.9210,87.3428,87.7042,7317100
2011-02-08,87.7764,88.3329,87.6897,88.2751,6032000
2011-02-09,88.2534,88.4630,87.9932,88.3763,7682100
2011-02-10,88.0078,88.3547,87.7621,88.2969,7202200
2011-02-11,88.0438,88.7232,87.9643,88.6437,6887200
2011-02-14,88.5280,88.6870,88.3907,88.6148,4093900
2011-02-15,88.4197,88.4413,88.0872,88.3185,4854700
2011-02-16,88.5281,88.9401,88.4414,88.8100,5680000
2011-02-17,88.6438,89.1424,88.5859,89.0124,4856500
2011-02-18,89.0920,89.5774,88.9834,89.5485,6320900
2011-02-22,89.0195,89.3166,88.0197,88.3095,9844300
2011-02-23,88.1502,88.2226,87.2011,87.5561,14461100
2011-02-24,87.4982,87.6938,86.6215,87.2446,12247300
2011-02-25,87.6213,87.9038,87.4764,87.7662,5649800
2011-02-28,88.0270,88.5196,87.9835,88.4979,5759600
2011-03-01,88.6791,88.7370,87.2083,87.2083,9666700
2011-03-02,87.1214,87.6503,86.9403,87.2663,8298400
2011-03-03,87.9836,88.8675,87.9763,88.6501,7297200
2011-03-04,88.7008,88.7733,87.3750,88.0053,10366700
2011-03-07,88.2226,88.5776,87.0924,87.4547,8355500
2011-03-08,87.5705,88.6718,87.3604,88.3820,8009200
2011-03-09,88.2951,88.7225,87.9908,88.3965,7819900
2011-03-10,87.6285,87.7010,86.6649,86.7446,15698000
2011-03-11,86.4114,87.5489,86.3752,87.2446,10479900
2011-03-14,86.7736,87.0199,86.1577,86.8315,8026700
2011-03-15,84.8392,86.3100,84.7088,85.8028,14786600
2011-03-16,85.4840,85.6434,83.6873,84.1582,16469000
2011-03-17,85.0928,85.4768,84.7016,85.2667,7902300
2011-03-18,86.2582,86.3889,85.6557,85.8517,10498900
2011-03-21,86.7809,87.4850,86.7809,87.1583,7615000
2011-03-22,87.2164,87.2818,86.9406,87.0495,6360500
2011-03-23,86.8752,87.7681,86.7010,87.5648,6693400
2011-03-24,88.0149,88.3052,87.6302,88.1673,4827100
2011-03-25,88.3416,88.7989,88.2690,88.5303,6604100
2011-03-28,88.6392,88.8932,88.3415,88.3851,2663400
2011-03-29,88.3706,88.9948,88.1891,88.9295,6025800
2011-03-30,89.2852,89.7062,89.2417,89.4376,4100800
2011-03-31,89.4159,89.6917,89.2489,89.2997,4355100
2011-04-01,89.7135,89.9748,89.3869,89.6191,5203200
2011-04-04,89.7498,89.8950,89.6119,89.8369,6278900
2011-04-05,89.6627,90.1128,89.4740,89.7571,8523300
2011-04-06,90.1635,90.2724,89.8659,90.1345,4246000
2011-04-07,90.0401,90.1926,89.3651,89.9458,6542200
2011-04-08,90.2216,90.2652,89.3215,89.7571,6080300
2011-04-11,89.8587,90.2143,89.5465,89.7498,5467500
2011-04-12,89.2272,89.3578,88.6827,88.8932,5161400
2011-04-13,89.4086,89.4376,88.6174,88.9585,4278200
2011-04-14,88.5375,89.2053,88.1673,89.0819,4338300
2011-04-15,89.2796,89.6719,88.9672,89.5048,5299500
2011-04-18,88.5167,88.5530,87.6593,88.4513,10033200
2011-04-19,88.6111,88.9962,88.4440,88.9236,5007200
2011-04-20,90.0425,90.4784,89.9190,90.3404,6708700
2011-04-21,90.5511,90.6819,90.2314,90.6674,4019100
2011-04-25,90.5729,90.6092,90.2459,90.4930,4441200
2011-04-26,90.6673,91.4593,90.5656,91.3285,6200000
2011-04-27,91.4593,92.1786,91.3067,92.0478,5703800
2011-04-28,91.9533,92.6653,91.9388,92.5781,11788000
2011-04-29,92.6799,93.0868,92.6654,93.0286,11425900
2011-05-02,93.4355,93.4573,92.7235,92.8833,10518700
2011-05-03,92.8252,93.1303,92.4692,92.8688,7708200
2011-05-04,92.7598,92.8252,91.9170,92.2512,8253900
2011-05-05,91.9679,92.1568,90.8199,91.2849,11362900
2011-05-06,92.0768,92.5927,91.4229,91.7426,9866400
2011-05-09,91.7209,92.3239,91.5756,92.0623,5464900
2011-05-10,92.2439,92.7598,92.1349,92.5999,4179600
2011-05-11,92.4183,92.4547,91.3576,91.7717,7813600
2011-05-12,91.5174,92.3893,91.0887,92.2657,6684200
2011-05-13,92.2585,92.3602,91.1178,91.5174,6677500
2011-05-16,91.2340,91.8516,91.0306,91.1614,4399900
2011-05-17,90.7691,91.0088,89.9844,90.6819,25391000
2011-05-18,90.7399,91.4374,90.5001,91.3357,4534600
2011-05-19,91.6264,91.8952,91.1541,91.6773,4714900
2011-05-20,91.4914,91.6007,90.8061,91.0103,6881200
2011-05-23,89.8220,90.3031,89.6835,90.0407,5901700
2011-05-24,90.2522,90.3615,89.8148,89.8804,4244400
2011-05-25,89.5451,90.4854,89.5159,90.1355,4110900
2011-05-26,89.9605,90.5145,89.6033,90.2448,6190400
2011-05-27,90.5218,90.8644,90.3760,90.5583,4402800
2011-05-31,91.3601,91.5205,90.8280,91.4841,5290000
2011-06-01,91.2143,91.2508,89.3847,89.4430,8218900
2011-06-02,89.4867,89.5669,88.7286,89.1514,8832200
2011-06-03,88.1163,88.9327,88.0871,88.4370,6224000
2011-06-06,88.2767,88.4516,87.8466,88.0070,4679000
2011-06-07,88.4078,88.6411,87.8174,87.8320,3834600
2011-06-08,87.7737,88.0799,87.5331,87.6935,6860100
2011-06-09,87.9048,88.6994,87.7882,88.2912,4024900
2011-06-10,87.9486,88.0142,86.8989,87.0155,7384800
2011-06-13,87.2779,87.5039,86.8114,87.0811,5363200
2011-06-14,87.6571,88.3058,87.6279,87.9851,4853100
2011-06-15,87.2197,87.5186,86.4178,86.6584,20958800
2011-06-16,86.6293,87.3655,86.5199,87.1322,7469900
2011-06-17,87.7953,87.9705,87.2111,87.4374,7742000
2011-06-20,87.1527,88.1677,87.1454,88.0216,5679800
2011-06-21,88.3429,89.0220,88.1677,88.7884,4744500
2011-06-22,88.4671,88.9491,88.2042,88.2188,4702500
2011-06-23,87.3498,87.8755,86.5246,87.8609,9033500
2011-06-24,87.7953,87.8537,86.8898,87.0431,6643300
2011-06-27,87.0942,88.1603,86.9554,87.7733,4488800
2011-06-28,88.0874,88.8322,87.9851,88.8030,4085500
2011-06-29,89.0877,89.5332,88.7153,89.4163,5712400
2011-06-30,89.7450,90.5628,89.6427,90.4241,4754500
2011-07-01,90.6139,91.8042,90.4022,91.7020,8692000
2011-07-05,91.6728,91.8699,91.3953,91.6362,5324300
2011-07-06,91.5559,92.1985,91.4464,92.0744,9795100
2011-07-07,92.6147,93.0090,92.4468,92.8119,4400700
2011-07-08,92.0305,92.3153,91.6435,92.2934,5987200
2011-07-11,91.4025,91.6143,90.9425,91.2419,6931200
2011-07-12,91.1762,91.6728,90.7746,90.7892,12501300
2011-07-13,91.2492,91.9649,90.9060,91.1324,7366800
2011-07-14,91.1981,91.7677,90.5263,90.7015,6517000
2011-07-15,91.1489,91.1927,90.4692,91.0392,7853000
2011-07-18,90.5568,90.6445,89.6944,90.3522,6150200
2011-07-19,90.9223,91.9601,90.8638,91.8213,5848000
2011-07-20,91.9236,91.9675,91.5509,91.6970,3291800
2011-07-21,92.1136,93.0418,91.8943,92.8445,6881400
2011-07-22,92.7348,92.8372,92.2525,92.5302,5848500
2011-07-25,91.6093,92.3402,91.4558,91.9163,5236200
2011-07-26,91.6239,91.7482,91.1196,91.2366,7202900
2011-07-27,90.9003,90.9150,89.6725,89.7821,7558600
2011-07-28,89.7675,90.3815,89.2193,89.3728,7454600
2011-07-29,88.4957,89.3363,88.1741,88.5323,16015400
2011-08-01,89.7089,89.8697,87.5382,88.5176,11630000
2011-08-02,87.9403,88.4373,86.5516,86.5808,9644500
2011-08-03,86.6831,86.8951,85.3894,86.8293,16594800
2011-08-04,85.7476,85.9303,82.9994,83.1091,19368300
2011-08-05,84.1470,84.4612,81.3184,83.5038,30450400
2011-08-08,81.3257,82.6121,78.9504,78.9869,30395700
2011-08-09,80.1490,82.1370,77.4301,82.1297,32097800
2011-08-10,80.5583,80.8872,78.1098,78.3291,27711600
2011-08-11,79.0819,82.4586,78.8115,81.3111,17393500
2011-08-12,82.2174,82.9483,81.5523,82.4440,14097500
2011-08-15,83.1602,83.9642,82.9117,83.9130,13586200
2011-08-16,83.2772,83.9861,82.5682,83.3795,10846800
2011-08-17,83.8326,84.3881,82.8679,83.5111,9350200
2011-08-18,81.5669,81.6400,79.6739,80.4486,18143700
2011-08-19,79.4501,81.1669,79.0686,79.1713,15277500
2011-08-22,80.8368,80.9248,79.2447,79.4575,11314800
2011-08-23,79.8610,81.7832,79.5529,81.7099,12374800
2011-08-24,81.6218,82.9571,81.3724,82.8691,9256900
2011-08-25,83.1919,83.4780,81.2990,81.6292,10391700
2011-08-26,81.2330,82.9571,80.0371,82.6857,13140300
2011-08-29,83.6174,84.5199,83.5808,84.4759,7117800
2011-08-30,84.2484,85.2242,83.7348,84.6299,10480300
2011-08-31,85.2242,85.8185,84.4612,85.0701,8390900
2011-09-01,85.1728,85.8625,84.1677,84.2777,7690900
2011-09-02,82.7150,83.1112,82.1354,82.3775,9426300
2011-09-06,80.2645,81.7759,80.1031,81.5925,10881100
2011-09-07,82.7150,83.6541,82.4655,83.5954,7271500
2011-09-08,83.1845,84.1383,82.7076,82.8103,7772800
2011-09-09,81.9079,81.9520,80.1324,80.5726,11877700
2011-09-12,79.5089,81.1083,79.3474,81.0789,10062000
2011-09-13,81.2036,81.7099,80.5727,81.3797,10836700
2011-09-14,81.7979,83.5147,80.6093,82.4655,14634500
2011-09-15,83.2212,83.8815,82.7810,83.8302,9646000
2011-09-16,84.2418,84.6240,83.6538,84.4256,12330800
2011-09-19,83.1319,83.9551,82.5365,83.5876,9727400
2011-09-20,83.9845,84.7196,83.4112,83.7052,8070700
2011-09-21,83.7420,83.9625,81.5002,81.5516,14933100
2011-09-22,79.3466,79.6773,77.7075,78.6997,19744500
2011-09-23,78.2366,79.2877,78.0088,78.9790,12056800
2011-09-26,79.6846,81.0959,79.0011,81.0297,11476000
2011-09-27,82.6248,83.3892,81.6545,82.1102,13564400
2011-09-28,82.3968,83.0290,80.6622,80.7283,11260200
2011-09-29,82.2279,82.6909,80.4344,81.8677,13212200
2011-09-30,80.7137,81.7060,80.0227,80.0668,10338600
2011-10-03,79.5376,80.5667,78.1337,78.1778,13520400
2011-10-04,77.2370,79.4494,76.3255,79.1775,18100000
2011-10-05,79.2730,80.4197,78.8394,80.3241,9967000
2011-10-06,80.3389,81.7428,79.7288,81.6546,8534300
2011-10-07,82.2278,82.4777,81.1326,81.6030,10022000
2011-10-10,82.7644,83.9698,82.7570,83.9478,7176500
2011-10-11,83.5142,84.0507,83.4480,83.8008,7836000
2011-10-12,84.3594,85.3517,84.0948,84.5211,7855800
2011-10-13,84.1830,84.5358,83.5288,84.2786,5493900
2011-10-14,85.1312,85.5208,84.6461,85.5134,5256900
2011-10-17,85.1460,85.1754,83.5289,83.7200,8397900
2011-10-18,83.4553,85.5722,82.9335,84.9033,11694400
2011-10-19,84.8739,85.4473,84.2198,84.4917,15286300
2011-10-20,84.5799,85.0945,83.6759,84.7711,7944500
2011-10-21,85.7318,86.7846,85.7171,86.7625,13012000
2011-10-24,86.9980,87.7269,86.8802,87.5207,8407500
2011-10-25,87.0349,87.1379,85.8201,85.9821,9405200
2011-10-26,87.1527,87.3589,85.9012,87.1748,9938700
2011-10-27,89.1404,90.2447,88.6766,89.7736,12948500
2011-10-28,89.5085,89.9944,89.3466,89.8472,6666900
2011-10-31,88.8975,89.0227,87.8079,87.8594,13398600
2011-11-01,86.0630,86.6299,85.4225,85.6802,15120600
2011-11-02,86.7256,87.2557,86.2618,86.9686,7605000
2011-11-03,87.7784,88.6472,86.9907,88.4852,12007500
2011-11-04,87.9036,88.1097,87.0496,88.0508,7021900
2011-11-07,87.9920,88.7134,87.2778,88.6766,8694400
2011-11-08,89.0889,89.6337,88.2717,89.5159,7383200
2011-11-09,87.8521,88.1024,86.3134,86.6447,12096200
2011-11-10,87.5797,88.0140,86.7846,87.5281,9960400
2011-11-11,88.5220,89.6042,88.5072,89.4717,7260300
2011-11-14,89.3245,89.5012,88.4779,88.8680,7391200
2011-11-15,88.6251,89.5085,88.2938,88.9858,6467700
2011-11-16,88.2496,89.1846,87.5428,87.6827,7142200
2011-11-17,87.6533,87.9846,85.9821,86.7477,10984300
2011-11-18,87.0540,87.3049,86.5596,86.8843,8307400
2011-11-21,85.6888,85.8438,84.3382,84.9877,18829600
2011-11-22,84.8548,85.2607,84.2275,84.6777,8396900
2011-11-23,83.9470,84.0504,82.8991,82.8991,7988400
2011-11-25,82.8622,83.7331,82.7589,82.7589,3532100
2011-11-28,84.7071,85.2237,84.3603,84.9433,6666100
2011-11-29,85.1058,85.7405,84.9508,85.2829,5325400
2011-11-30,87.3861,88.8473,87.3861,88.6997,11581500
2011-12-01,88.5669,88.9654,88.3086,88.6554,5437700
2011-12-02,89.4599,89.5928,88.5596,88.6038,5584400
2011-12-05,89.8658,89.9249,88.7145,89.2607,6285400
2011-12-06,89.2679,90.1019,89.0613,89.5853,7062300
2011-12-07,89.3419,90.4563,88.9876,90.0873,9026700
2011-12-08,89.6666,89.8953,88.2939,88.5153,9595600
2011-12-09,88.9064,90.1167,88.8621,89.8732,8999200
2011-12-12,89.2311,89.2680,88.1020,88.7366,6291500
2011-12-13,89.2311,89.6592,87.8585,88.1980,7761800
2011-12-14,87.8806,88.1832,87.0171,87.3197,10062700
2011-12-15,88.2570,88.3751,87.5116,87.6813,5261400
2011-12-16,88.1595,88.3816,87.2639,87.5081,7758400
2011-12-19,87.8264,88.0707,86.6421,86.8715,7977500
2011-12-20,88.1669,89.4771,88.1373,89.3290,7867300
2011-12-21,89.4179,89.4697,88.5962,89.4253,6679800
2011-12-22,89.6695,89.9730,89.4993,89.9582,4202800
2011-12-23,90.0840,90.8094,89.9360,90.7724,2281300
2011-12-27,90.6614,91.0464,90.6022,90.8021,3878700
2011-12-28,90.7947,90.8391,89.6621,89.7510,3871400
2011-12-29,89.9508,90.8095,89.9064,90.6910,5133600
2011-12-30,90.5504,90.7724,90.1877,90.1951,4734000
2012-01-03,91.7421,92.1789,91.4979,91.5127,7175100
2012-01-04,91.3424,91.8235,91.1277,91.7643,7625200
2012-01-05,91.3868,91.8679,90.7428,91.7495,8678900
2012-01-06,91.8458,91.8458,91.1500,91.4387,7488600
2012-01-09,91.5571,91.7199,91.1499,91.5349,5881800
2012-01-10,92.4379,92.5268,91.9864,92.0678,5274400
2012-01-11,91.8161,92.1196,91.6385,92.0012,4890300
2012-01-12,92.1567,92.2825,91.5349,92.1789,5591300
2012-01-13,91.5719,91.9050,90.9871,91.9050,6392100
2012-01-17,92.5564,92.9487,92.1270,92.2455,5348800
2012-01-18,92.1789,93.0598,92.0901,92.9857,6473000
2012-01-19,93.2596,93.4002,92.9117,93.3928,8095300
2012-01-20,93.4202,94.1021,93.3535,94.1021,6995400
2012-01-23,94.0503,94.3986,93.6723,93.9910,5166800
2012-01-24,93.4647,93.7983,93.2943,93.7093,4798200
2012-01-25,93.4351,94.5172,92.9978,94.3171,9642500
2012-01-26,94.7618,94.9693,93.8724,94.1762,5902300
2012-01-27,93.7390,93.9539,93.3980,93.7241,6136400
2012-01-30,92.9385,93.6204,92.6494,93.5611,5910600
2012-01-31,94.0429,94.0726,92.9311,93.4425,5951700
2012-02-01,94.1837,94.5691,93.9613,94.0651,9891000
2012-02-02,94.1466,94.2504,93.7464,94.0132,4531500
2012-02-03,94.9026,95.2362,94.7470,95.1472,8654000
2012-02-06,94.7470,95.0138,94.6358,94.9619,3852400
2012-02-07,94.8359,95.4363,94.5395,95.2510,5739300
2012-02-08,95.3325,95.4659,94.8952,95.3992,4884400
2012-02-09,95.5846,95.7031,95.0954,95.4363,5416600
2012-02-10,94.6951,94.8137,94.3542,94.7618,6380600
2012-02-13,95.3770,95.4437,94.9323,95.3103,4654100
2012-02-14,95.1547,95.3845,94.7100,95.3622,5608500
2012-02-15,95.6142,95.6438,94.5543,94.7692,9589200
2012-02-16,94.8581,95.7476,94.8359,95.6660,8699000
2012-02-17,96.0911,96.1506,95.7567,96.0317,5765200
2012-02-21,96.3215,96.4181,95.8310,96.1208,6589200
2012-02-22,96.0317,96.2323,95.7493,95.9648,6092200
2012-02-23,95.8533,96.3735,95.5263,96.2917,12890500
2012-02-24,96.4330,96.5296,96.0466,96.3215,3769100
2012-02-27,95.8087,96.6336,95.5412,96.3512,5778600
2012-02-28,96.3363,96.6335,96.1134,96.4998,4953700
2012-02-29,96.6187,96.8788,95.9276,96.0763,7724200
2012-03-01,96.3067,96.7228,96.0317,96.2844,6684300
2012-03-02,96.2620,96.4477,95.9201,96.2694,3818700
2012-03-05,96.1728,96.2992,95.5932,96.1728,5286400
2012-03-06,95.0657,96.2026,94.5083,94.7090,14410100
2012-03-07,94.8501,95.4520,94.7164,95.2885,5736200
2012-03-08,95.7270,96.0614,95.5264,95.8013,4417000
2012-03-09,96.0243,96.2992,95.8162,95.9722,6248400
2012-03-12,95.9871,96.3586,95.9350,96.2026,5197000
2012-03-13,96.6410,97.9191,96.4924,97.8522,8699500
2012-03-14,97.9340,98.2164,97.8077,98.0009,5124600
2012-03-15,98.0975,98.4542,97.8448,98.3947,5716900
2012-03-16,98.6739,98.7335,98.2942,98.3166,5047200
2012-03-19,98.2124,98.5772,98.1156,98.3315,4424000
2012-03-20,97.8028,98.0560,97.4752,97.8177,5403700
2012-03-21,97.9294,97.9890,97.3934,97.5274,5031900
2012-03-22,96.9690,97.1998,96.6861,96.9169,6987900
2012-03-23,96.9541,97.3189,96.5744,97.2370,4373300
2012-03-26,97.8252,98.3836,97.7880,98.3464,4991500
2012-03-27,98.4432,98.5400,98.0188,98.0337,5777300
2012-03-28,98.0783,98.1751,97.0955,97.5199,5293700
2012-03-29,96.9914,97.7136,96.8201,97.6317,4487400
2012-03-30,98.0635,98.2570,97.6688,98.1305,4218500
2012-04-02,97.9518,98.7857,97.7061,98.5027,8683800
2012-04-03,98.3910,98.5772,97.5720,98.0337,6098700
2012-04-04,97.2817,97.3636,96.7530,97.1700,10402500
2012-04-05,96.8647,97.3189,96.7381,97.0806,4179800
2012-04-09,96.0159,96.4850,95.9266,96.1351,5360200
2012-04-10,95.9489,96.0978,94.4971,94.5641,12912700
2012-04-11,95.4278,95.5171,95.1076,95.1895,5603300
2012-04-12,95.3905,96.6339,95.3310,96.5818,7164600
2012-04-13,96.2839,96.3137,95.5022,95.5990,8826800
2012-04-16,96.2169,96.5669,95.8075,96.0978,7503100
2012-04-17,96.6637,97.6316,96.6488,97.4901,6290900
2012-04-18,96.9913,97.3859,96.8499,96.9020,5057100
2012-04-19,96.9615,97.2891,95.9117,96.4477,8957000
2012-04-20,96.8719,97.2968,96.8272,96.8868,5686800
2012-04-23,95.9625,96.2160,95.5302,96.1712,5180000
2012-04-24,96.3576,97.0732,96.3501,96.6930,4418700
2012-04-25,97.2745,97.5205,96.9838,97.3788,7342000
2012-04-26,97.3192,98.4149,97.2670,98.2807,4577100
2012-04-27,98.4595,98.6981,98.1390,98.3925,3969500
2012-04-30,98.2509,98.4075,98.0124,98.2435,3670500
2012-05-01,98.2807,99.2422,97.9452,98.7876,5453200
2012-05-02,98.4224,98.7727,98.1316,98.6907,3746000
2012-05-03,98.6982,98.8249,98.0199,98.2510,5043100
2012-05-04,97.7440,97.8856,96.8794,96.9688,5934300
2012-05-07,96.5290,97.0881,96.4917,96.7824,4040500
2012-05-08,96.2830,96.4023,95.3438,96.2159,7641700
2012-05-09,95.4109,96.2457,94.9488,95.6643,11921700
2012-05-10,96.0147,96.3650,95.5675,95.7389,5325000
2012-05-11,95.2619,96.2756,95.2097,95.5451,3673800
2012-05-14,94.7997,95.1799,94.3674,94.6283,6069000
2012-05-15,94.5313,95.1053,93.9723,94.1512,6713000
2012-05-16,94.5015,94.9413,94.0170,94.0543,6043200
2012-05-17,94.0767,94.1065,92.8394,92.8543,8985300
2012-05-18,93.1429,93.2327,92.0659,92.2304,10861600
2012-05-21,92.5147,93.3524,92.3277,93.3524,5384900
2012-05-22,93.4196,93.8534,92.8886,93.3673,9856100
2012-05-23,92.7091,93.3448,91.8639,93.2775,8600000
2012-05-24,93.4346,93.6141,92.7166,93.5842,7043000
2012-05-25,93.4421,93.5693,92.7241,92.9410,6725100
2012-05-29,93.6665,94.1825,93.4196,93.9432,6828700
2012-05-30,93.1430,93.2028,92.5521,92.7391,6874300
2012-05-31,92.7615,93.3001,92.0061,92.5222,7793500
2012-06-01,91.3478,91.5647,90.4353,90.5101,11815100
2012-06-04,90.5700,90.7121,89.8968,90.3381,6369000
2012-06-05,90.2334,90.7420,90.1437,90.5700,6619900
2012-06-06,91.2431,92.7390,91.2132,92.6941,6138400
2012-06-07,93.6216,93.8161,92.9410,93.1354,8806300
2012-06-08,92.8363,93.8161,92.6418,93.8161,4432700
2012-06-11,94.5266,94.6089,92.6343,92.7315,7232100
2012-06-12,93.0457,93.9881,92.7764,93.9357,4923700
2012-06-13,93.7487,94.1975,93.1055,93.4122,4687100
2012-06-14,93.5842,94.9455,93.4570,94.5191,8162700
2012-06-15,94.9837,95.5157,94.8863,95.4108,6268400
2012-06-18,95.0062,95.5606,94.8938,95.2534,4568500
2012-06-19,95.7030,96.4373,95.5382,95.9503,3869500
2012-06-20,95.9952,96.2724,95.2385,95.8753,9212800
2012-06-21,96.0177,96.1600,93.9123,93.9872,7702600
2012-06-22,94.5042,94.7664,94.2419,94.5791,5295800
2012-06-25,93.7025,93.7250,93.1480,93.4777,5922300
2012-06-26,93.6800,94.0397,93.0956,93.7175,7551600
2012-06-27,93.9572,94.5791,93.8973,94.4142,3717100
2012-06-28,93.6725,94.3019,93.0956,94.2569,6460100
2012-06-29,95.7180,96.3324,95.4857,96.2425,5844400
2012-07-02,96.3698,96.4822,95.6730,96.1750,3837000
2012-07-03,96.1825,96.8269,96.0851,96.7669,2717700
2012-07-05,96.3699,96.9618,96.1301,96.4898,6637500
2012-07-06,95.7480,95.7630,95.0587,95.5831,4341400
2012-07-09,95.4707,95.5307,94.9387,95.3358,4503800
2012-07-10,95.8753,96.0102,94.3393,94.6690,6730900
2012-07-11,94.7289,94.7739,93.7998,94.3393,6839500
2012-07-12,93.8148,94.5266,93.4851,94.0846,4412400
2012-07-13,94.3469,95.6881,94.3019,95.6206,3942000
2012-07-16,95.3434,95.5382,94.9687,95.2460,1991700
2012-07-17,95.5532,96.0177,94.6241,95.7704,3326900
2012-07-18,95.5232,96.7670,95.4782,96.6246,3099300
2012-07-19,96.8569,97.1865,96.5122,96.8943,3845000
2012-07-20,96.3239,96.5565,95.9186,96.0912,7435600
2012-07-23,94.5754,95.4459,94.2076,95.2433,4647900
2012-07-24,95.2583,95.3183,93.7648,94.4552,7077400
2012-07-25,95.0106,95.3409,94.5604,94.9431,3872300
2012-07-26,96.1888,96.8342,96.0087,96.4965,8074000
2012-07-27,96.8268,98.2302,96.7968,97.9675,7463900
2012-07-30,97.7949,98.3052,97.6523,97.8624,4235800
2012-07-31,97.7498,97.9600,97.3296,97.3296,4783400
2012-08-01,97.9150,97.9375,96.9469,97.1495,5770000
2012-08-02,96.5566,97.0294,95.6936,96.4665,10915200
2012-08-03,97.6073,98.3653,97.4722,98.1101,7768300
2012-08-06,98.2677,98.7705,98.2226,98.2376,4572700
2012-08-07,98.5529,98.9806,98.5303,98.5979,3584500
2012-08-08,98.2677,98.9431,98.2302,98.7255,3003900
2012-08-09,98.6879,98.9656,98.3953,98.7405,3355100
2012-08-10,98.4253,99.0257,98.1551,99.0107,4410400
2012-08-13,98.8681,98.9881,98.3277,98.7780,3986700
2012-08-14,99.1007,99.1833,98.5529,98.8080,3421500
2012-08-15,98.6955,99.0557,98.6430,98.8531,2834800
2012-08-16,98.8906,99.6261,98.6880,99.4910,5340400
2012-08-17,99.5429,99.7160,99.4677,99.6407,2484300
2012-08-20,99.4677,99.6784,99.3172,99.6106,2266700
2012-08-21,99.7536,100.0922,99.0011,99.1516,4094500
2012-08-22,99.0011,99.1742,98.5271,98.9259,4496200
2012-08-23,98.7678,98.7904,97.9702,98.1057,4159600
2012-08-24,97.9778,98.9936,97.8649,98.8582,4202400
2012-08-27,98.8883,99.0011,98.5346,98.6174,1806500
2012-08-28,98.3841,98.7979,98.2712,98.4669,3028000
2012-08-29,98.4744,98.7829,98.2938,98.5120,2400400
2012-08-30,98.1057,98.1132,97.5564,97.7596,4120700
2012-08-31,98.3014,98.8732,97.8499,98.4819,5447700
2012-09-04,98.3766,98.4218,97.5414,97.9929,4106900
2012-09-05,98.0981,98.4443,97.8498,98.0981,2828800
2012-09-06,98.6926,99.9492,98.6926,99.9417,5559400
2012-09-07,99.9944,100.1449,99.7536,100.0320,4827700
2012-09-10,99.9041,100.1975,99.6407,99.6859,2296800
2012-09-11,99.7761,100.4157,99.7686,100.1448,2824400
2012-09-12,100.4233,100.5663,100.1374,100.3556,1953900
2012-09-13,100.2803,102.1163,100.2351,101.8755,6975700
2012-09-14,102.0486,102.6957,101.8906,102.2292,5186100
2012-09-17,102.0110,102.2443,101.7627,101.9809,2606500
2012-09-18,101.6949,102.1765,101.6949,102.0411,3375400
2012-09-19,102.2216,102.5151,101.9959,102.1313,3080800
2012-09-20,101.7326,102.3195,101.5821,102.2970,6949700
2012-09-21,102.7048,102.7274,102.0941,102.1468,5318100
2012-09-24,101.7321,102.3429,101.7020,102.0338,2706900
2012-09-25,102.1921,102.4711,101.2496,101.2948,6292300
2012-09-26,101.3174,101.4230,100.8424,100.9630,5447700
2012-09-27,101.3702,101.7473,100.9254,101.4909,4975500
2012-09-28,100.9781,101.4004,100.5559,101.0761,4565400
2012-10-01,101.5059,102.3127,101.4381,101.6266,4854000
2012-10-02,101.8754,102.0790,100.9932,101.4004,6269100
2012-10-03,101.6040,101.8754,101.1139,101.5512,3319800
2012-10-04,101.9056,102.3278,101.7623,102.1846,3911800
2012-10-05,102.6144,102.8783,102.1544,102.5163,4560300
2012-10-08,102.0940,102.4409,102.0337,102.2825,2405000
2012-10-09,102.1091,102.3504,101.4531,101.4833,6034700
2012-10-10,101.3400,101.3777,100.3372,100.4955,10138700
2012-10-11,100.9705,101.1138,100.3447,100.3824,3669100
2012-10-12,100.4804,100.9102,100.0959,100.3824,3271200
2012-10-15,100.5408,101.1817,100.3296,101.0535,2641800
2012-10-16,101.5286,102.0639,101.4682,102.0187,5454400
2012-10-17,101.7548,102.1393,101.6794,102.1167,3815400
2012-10-18,101.9885,102.3731,101.7925,102.0639,6305000
2012-10-19,101.7823,101.7823,100.2797,100.5062,10437500
2012-10-22,100.3703,100.7176,99.6983,100.4986,5591900
2012-10-23,99.3660,99.3887,98.5581,98.7167,8962100
2012-10-24,98.9130,99.1018,98.4147,98.5355,6097300
2012-10-25,99.0565,99.1773,98.2260,98.7470,6313100
2012-10-26,98.6714,99.0867,98.2259,98.7545,4182600
2012-10-31,99.1773,99.3585,98.3316,98.6110,3939600
2012-11-01,98.9281,100.0003,98.8904,99.6530,3807400
2012-11-02,100.0909,100.1287,98.5129,98.6639,5141300
2012-11-05,98.5053,99.0112,98.2411,98.8149,2710700
2012-11-06,99.1245,100.1438,99.0640,99.7059,4408300
2012-11-07,98.9508,98.9508,97.1387,97.5917,18648300
2012-11-08,97.5388,97.9164,96.6403,96.6403,8427500
2012-11-09,96.1647,97.2444,96.1042,96.5875,6571600
2012-11-12,96.7913,97.0556,96.4213,96.6780,3758200
2012-11-13,96.2024,97.3425,96.1420,96.2930,5407200
2012-11-14,96.5120,96.6781,94.7300,94.9565,9479400
2012-11-15,94.8131,95.1755,94.3902,94.7678,7658000
2012-11-16,94.8154,95.2091,94.1871,95.0804,9350400
2012-11-19,95.8601,96.6550,95.7693,96.6171,9551500
2012-11-20,96.3749,96.7988,95.9510,96.6777,7021800
2012-11-21,96.6322,97.0637,96.5490,97.0107,4589400
2012-11-23,97.4044,98.3431,97.3968,98.3280,3345800
2012-11-26,97.7450,98.0479,97.4952,98.0479,4621000
2012-11-27,97.7905,98.1463,97.2833,97.4120,4910000
2012-11-28,97.0259,98.2220,96.4960,98.1387,7397000
2012-11-29,98.5853,98.8200,98.0403,98.5172,6112800
2012-11-30,98.6005,98.7594,98.2447,98.4869,4979600
2012-12-03,98.9336,99.0168,98.0251,98.0706,5820800
2012-12-04,98.1160,98.5172,97.8813,97.9495,5760400
2012-12-05,98.1917,99.0320,97.7754,98.5929,8697300
2012-12-06,98.6686,99.0168,98.4793,98.9714,4129400
2012-12-07,99.3954,99.6300,99.0320,99.5922,3993200
2012-12-10,99.6149,99.9328,99.5997,99.7284,3480900
2012-12-11,100.0843,100.7731,100.0615,100.3038,4012700
2012-12-12,100.6671,100.9397,100.1751,100.3113,9551800
2012-12-13,100.3265,100.4703,99.5846,99.7890,3844500
2012-12-14,99.6982,99.9253,99.3651,99.5165,3114300
2012-12-17,99.6603,100.3189,99.6452,100.2583,4534100
2012-12-18,100.4400,101.2349,100.2129,101.0986,6459500
2012-12-19,101.1895,101.2122,100.3795,100.3946,5511500
2012-12-20,100.3567,100.8942,100.1296,100.8261,5530500
2012-12-21,99.5222,100.2512,99.3476,100.0766,11495800
2012-12-24,99.6970,99.7957,99.4540,99.4540,1997400
2012-12-26,99.6969,99.8412,99.0742,99.3324,3982900
2012-12-27,99.4311,99.5830,98.2161,99.1730,8308600
2012-12-28,98.5806,99.0590,97.9351,98.0111,8570000
2012-12-31,97.6998,99.4008,97.6087,99.1578,12067800
2013-01-02,100.9878,101.6485,100.9119,101.5801,9636300
2013-01-03,101.4814,101.7928,101.2308,101.4738,8665200
2013-01-04,101.5270,101.9067,101.3676,101.8004,4759300
2013-01-07,101.5194,101.5498,101.1169,101.3827,6119700
2013-01-08,101.2384,101.3751,100.7980,101.0410,4269800
2013-01-09,101.2992,101.7396,101.2992,101.5346,3898000
2013-01-10,101.9066,102.1952,101.4738,102.1648,6004300
2013-01-11,102.1041,102.3623,101.9142,102.3015,4508000
2013-01-14,102.2560,102.5142,102.0586,102.4307,4298000
2013-01-15,101.9750,102.7116,101.9371,102.5749,2966100
2013-01-16,102.2256,102.5522,102.1649,102.4307,3197800
2013-01-17,102.7952,103.4179,102.6889,103.1445,6227500
2013-01-18,103.2395,103.5056,102.9430,103.4523,4922500
2013-01-22,103.4827,103.9692,103.3231,103.9464,4544900
2013-01-23,104.2885,104.6230,104.2505,104.4938,6397800
2013-01-24,104.5926,105.2767,104.5774,104.9194,6288000
2013-01-25,105.2007,105.3832,104.9346,105.3755,4461000
2013-01-28,105.5504,105.5732,105.1323,105.3983,3167700
2013-01-29,105.2387,105.9533,105.2387,105.8392,3946700
2013-01-30,105.8392,105.9457,105.4136,105.4820,5496100
2013-01-31,105.4820,106.5918,105.1475,105.2159,3935300
2013-02-01,105.8849,106.3410,105.6949,106.2270,5234900
2013-02-04,105.5200,105.6492,105.1779,105.3376,6536200
2013-02-05,105.8468,106.3105,105.8240,105.9608,5819800
2013-02-06,105.5732,106.1965,105.5732,106.1053,3113900
2013-02-07,106.1129,106.1509,105.1475,105.8848,6637600
2013-02-08,105.9457,106.4474,105.9457,106.2193,3573800
2013-02-11,106.1357,106.1813,105.8240,106.0597,2542800
2013-02-12,106.1129,106.5842,106.0521,106.4626,3498600
2013-02-13,106.5994,106.6983,106.0445,106.3258,3387800
2013-02-14,105.9532,106.3941,105.8620,106.3181,3048800
2013-02-15,106.3235,106.4760,105.7443,106.2778,6111300
2013-02-19,106.3616,106.8188,106.3311,106.6740,3944000
2013-02-20,106.6969,106.9103,105.8433,105.8433,5974200
2013-02-21,105.6680,105.8433,105.2184,105.5613,7517900
2013-02-22,106.1177,106.5674,105.8281,106.5521,4158500
2013-02-25,106.9484,107.1466,104.8678,104.9136,10031600
2013-02-26,105.4395,105.9044,105.1575,105.7672,9236100
2013-02-27,105.7367,107.3600,105.6605,107.1542,7404500
2013-02-28,107.0399,107.6954,106.8342,106.9104,11383200
2013-03-01,106.6131,107.3829,106.0644,107.2609,6506400
2013-03-04,106.9713,107.5352,106.7731,107.5124,3619700
2013-03-05,107.9849,108.7394,107.9849,108.4803,7962300
2013-03-06,108.9147,109.0366,108.5946,108.8613,4481000
2013-03-07,108.9681,109.2805,108.9071,109.0900,3689100
2013-03-08,109.7073,109.7606,109.1433,109.5625,5680700
2013-03-11,109.5396,110.0198,109.4482,110.0198,4373000
2013-03-12,109.9664,110.2789,109.7683,110.0502,5166400
2013-03-13,110.0808,110.2866,109.8140,110.0960,4319500
2013-03-14,110.3628,110.7743,110.3247,110.7591,5361200
2013-03-15,110.6002,110.6536,110.2718,110.6002,10835400
2013-03-18,109.8594,110.6460,109.7448,110.1038,5511200
2013-03-19,110.3635,110.6079,109.5769,110.2031,9298500
2013-03-20,110.6307,110.8522,110.4245,110.5926,5924700
2013-03-21,110.0656,110.4245,109.5845,109.8899,6075700
2013-03-22,110.2107,110.6918,110.1878,110.6613,5027800
2013-03-25,110.8064,110.9821,109.6685,110.1344,9603200
2013-03-26,110.4857,110.9592,110.4551,110.9515,4877900
2013-03-27,110.2413,110.8064,110.0198,110.7072,4128900
2013-03-28,110.7453,111.1424,110.6155,110.9821,4346000
2013-04-01,110.9667,111.2951,110.7147,111.0278,8621600
2013-04-02,111.4021,111.8832,111.3334,111.7076,5672300
2013-04-03,111.6847,111.8603,110.6995,110.8446,7661100
2013-04-04,111.0126,111.4861,110.8064,111.3258,7520100
2013-04-05,110.1114,111.1272,110.0122,110.9744,7307400
2013-04-08,110.9820,111.4632,110.5544,111.4632,3865000
2013-04-09,111.5625,112.2346,111.3105,111.8909,5492300
2013-04-10,112.2497,113.0745,112.2344,112.8607,7947100
2013-04-11,112.8913,113.5328,112.7462,113.3343,6975600
2013-04-12,113.0212,113.3801,112.7844,113.3496,8710800
2013-04-15,112.9523,112.9752,111.2875,111.3562,14177400
2013-04-16,112.2498,112.5629,111.7839,112.5400,6974100
2013-04-17,111.9214,111.9596,111.0202,111.4632,10757100
2013-04-18,111.5777,111.5930,110.5620,110.8751,8277100
2013-04-19,110.6236,111.0059,110.3561,110.9523,6028600
2013-04-22,111.1358,111.2811,110.2643,111.0900,11711700
2013-04-23,111.7092,112.2978,110.9600,112.2214,10435300
2013-04-24,112.3896,112.5348,111.9079,111.9538,4963800
2013-04-25,112.0990,112.6953,111.8850,112.1907,4160500
2013-04-26,112.0302,112.4889,112.0073,112.2825,3242600
2013-04-29,112.5271,113.2533,112.3054,113.0316,6132000
2013-04-30,113.0393,113.2227,112.4124,113.1539,8065800
2013-05-01,112.8023,112.9934,112.0532,112.1755,5372800
2013-05-02,112.4660,113.1769,112.3054,113.1081,4340700
2013-05-03,114.1018,114.5299,114.0559,114.1782,5929900
2013-05-06,114.1783,114.3618,114.0101,114.2318,3110600
2013-05-07,114.4917,114.8816,114.2395,114.8663,5361800
2013-05-08,114.7670,115.4015,114.7440,115.3862,4087100
2013-05-09,115.3556,115.7149,114.9657,115.3097,3948500
2013-05-10,115.3632,115.5085,114.8893,115.4626,4138200
2013-05-13,115.2409,115.4396,115.0345,115.3250,3841500
2013-05-14,115.3403,116.3264,115.3250,116.2958,5551900
2013-05-15,116.1048,117.0450,116.0895,116.7928,5770700
2013-05-16,116.6857,117.0450,116.3800,116.5405,8194700
2013-05-17,116.8464,117.4750,116.6854,117.3983,5503200
2013-05-20,117.3216,117.7202,117.1529,117.3216,4464700
2013-05-21,117.5057,118.0730,117.2067,117.6820,5734900
2013-05-22,117.8353,118.9316,116.7927,117.1684,12806500
2013-05-23,116.2714,117.4750,116.1794,117.1147,10474400
2013-05-24,116.6471,117.1530,116.3174,117.1147,4535300
2013-05-28,118.2186,118.8089,117.6590,117.9657,9374100
2013-05-29,117.3063,117.4827,116.5397,117.1684,7906200
2013-05-30,117.1837,117.9043,116.9844,117.3677,8231800
2013-05-31,116.9921,117.8507,115.6812,115.8345,7424700
2013-06-03,116.1717,116.8003,115.8344,116.7620,10861300
2013-06-04,116.7237,117.2220,115.6198,116.2484,7956400
2013-06-05,115.9265,116.0875,114.4469,114.4623,9426900
2013-06-06,114.5159,115.1981,113.6956,115.1828,15155100
2013-06-07,115.8805,116.8618,115.5279,116.7698,8087900
2013-06-10,117.1300,117.1990,116.5091,116.6854,4917900
2013-06-11,115.8191,116.8463,115.5277,115.9110,7012500
2013-06-12,116.6624,116.7928,114.7612,114.8839,6901000
2013-06-13,114.7919,116.5168,114.5926,116.3404,6208200
2013-06-14,116.2177,116.5320,115.2901,115.4971,4639300
2013-06-17,116.2407,116.9690,115.7961,116.3557,6693100
2013-06-18,116.4938,117.5670,116.4631,117.3677,4807900
2013-06-19,117.2450,117.4596,115.7961,115.8267,9143700
2013-06-20,114.8685,114.8992,112.9137,113.1360,14309900
2013-06-21,113.7152,113.9073,112.5629,113.4848,10968600
2013-06-24,112.4092,113.2542,111.5181,112.3708,14129300
2013-06-25,113.2389,113.5385,112.6320,113.1544,7592300
2013-06-26,113.9226,114.5141,113.6691,114.2990,6326000
2013-06-27,114.9904,115.5512,114.8829,115.1517,6584600
2013-06-28,114.7061,115.2515,114.0532,114.1146,6719200
2013-07-01,114.8598,115.6126,114.6294,114.7830,4895800
2013-07-02,114.5755,115.3898,113.9994,114.4065,4873800
2013-07-03,114.0147,115.2131,113.8842,114.8751,2589400
2013-07-05,115.7816,116.0658,114.7752,116.0120,5528500
2013-07-08,116.5958,117.0952,116.5190,116.7802,4915600
2013-07-09,117.3103,117.5254,116.9339,117.3717,5200200
2013-07-10,117.3563,117.7558,117.0414,117.3103,6126900
2013-07-11,118.5701,118.7775,118.0785,118.5932,5848400
2013-07-12,118.6239,118.8851,118.2167,118.4318,6349800
2013-07-15,118.7314,118.9695,118.5547,118.7929,2751600
2013-07-16,118.7622,118.8698,118.2475,118.5318,3594600
2013-07-17,118.7930,118.9543,118.4396,118.6394,6504400
2013-07-18,119.0541,119.6379,118.7314,119.3306,6823000
2013-07-19,119.1352,119.3352,118.8968,119.3198,4828400
2013-07-22,119.3199,119.5506,119.0814,119.3122,3165700
2013-07-23,119.6660,119.7430,119.2891,119.5045,3394100
2013-07-24,119.6968,119.7660,118.9276,119.3045,3894500
2013-07-25,118.8737,119.4198,118.6122,119.3198,5483500
2013-07-26,118.8276,119.4199,118.2045,119.3506,3859300
2013-07-29,119.1199,119.3352,118.8045,119.1737,2592500
2013-07-30,119.5353,119.6738,118.7815,119.1584,4211000
2013-07-31,119.3199,120.0199,118.8892,119.1046,11784600
2013-08-01,119.9122,120.1199,119.7429,119.9122,4872400
2013-08-02,119.5891,120.1814,119.4045,120.1507,3620800
2013-08-05,119.9276,120.0045,119.6122,119.8353,3077100
2013-08-06,119.5121,119.5198,118.7737,119.1121,3582300
2013-08-07,118.7046,119.0354,118.4662,118.8738,4341600
2013-08-08,119.4814,119.5737,118.4507,118.9891,5071200
2013-08-09,118.8352,119.1891,117.9429,118.5429,4550300
2013-08-12,118.0353,118.6891,117.9584,118.4814,3697300
2013-08-13,118.7815,119.2045,117.9507,118.7968,4752500
2013-08-14,118.6660,118.7891,117.7737,117.9353,6372100
2013-08-15,116.9969,116.9969,116.1277,116.2431,10021900
2013-08-16,116.1219,116.4920,115.8211,116.0602,7035200
2013-08-19,115.9060,116.2299,115.4125,115.4742,4174100
2013-08-20,115.6053,115.9909,115.3354,115.4819,3845900
2013-08-21,115.2429,115.6130,114.5180,114.6259,9497100
2013-08-22,114.7955,115.3739,114.7261,115.2119,4227000
2013-08-23,115.3585,115.6824,114.9498,115.5436,9601600
2013-08-26,115.5436,115.8829,115.0500,115.0655,5770200
2013-08-27,114.2789,114.7030,113.6774,113.7468,11440200
2013-08-28,113.6851,114.4717,113.6465,114.1632,4842500
2013-08-29,114.1478,114.8881,113.9936,114.3251,4695500
2013-08-30,114.4563,114.4563,113.6928,114.0167,6326800
2013-09-03,114.8110,115.0577,113.8316,114.2172,5430300
2013-09-04,114.1478,115.2198,113.9936,115.0424,4577700
2013-09-05,115.0423,115.4510,114.9189,114.9960,6021300
2013-09-06,115.4434,115.6516,113.9550,114.9730,9001900
2013-09-09,115.2891,116.2762,115.2737,116.0372,4402500
2013-09-10,116.8083,117.0782,116.5230,117.0551,7917100
2013-09-11,117.0783,118.1271,117.0397,118.1039,7044000
2013-09-12,118.2426,118.3043,117.8184,118.0112,5555700
2013-09-13,118.2505,118.6052,118.1502,118.5204,4829600
2013-09-16,119.7849,119.9083,119.2683,119.4842,6569000
2013-09-17,119.5459,119.9238,119.5151,119.7542,4517600
2013-09-18,119.6539,121.1191,119.2606,120.8338,9637300
2013-09-19,120.9727,121.0112,120.4714,120.5485,7626600
2013-09-20,120.6598,120.6830,119.2226,119.2226,9381000
2013-09-23,119.0758,119.2380,118.4654,118.7667,8662000
2013-09-24,118.7899,119.0062,118.1794,118.2644,5774900
2013-09-25,118.4189,118.5194,117.5922,117.7699,7187200
2013-09-26,117.9863,118.6353,117.8086,118.1795,5026300
2013-09-27,117.6772,117.7854,117.2600,117.6077,6634800
2013-09-30,116.5104,117.0899,116.2477,116.6727,9426100
2013-10-01,116.6728,117.2677,116.4951,117.1518,8616300
2013-10-02,116.5954,116.7500,116.0159,116.6573,8895300
2013-10-03,116.4100,116.4873,115.2588,115.6451,10949200
2013-10-04,115.6528,116.3327,115.4596,116.2323,6867800
2013-10-07,115.2201,115.7842,115.0579,115.1274,6081100
2013-10-08,115.1274,115.2356,113.9684,113.9916,10388000
2013-10-09,114.1152,114.6020,113.5512,114.1848,11075200
2013-10-10,115.2356,116.6805,115.1970,116.6419,12792200
2013-10-11,116.6109,117.6154,116.4873,117.5768,8186000
2013-10-14,116.8195,118.1253,116.7345,118.0635,6470100
2013-10-15,117.9090,118.0636,116.9355,116.9355,8144700
2013-10-16,117.7314,118.6509,117.6309,118.6199,8714800
2013-10-17,117.5304,118.6740,117.4841,118.5890,9916600
2013-10-18,118.8597,118.9680,118.2641,118.8133,7714400
2013-10-21,118.8829,118.9371,118.5581,118.7592,3588300
2013-10-22,119.1459,119.7879,118.9835,119.3161,7501700
2013-10-23,118.9757,119.1459,118.5967,118.9835,5428400
2013-10-24,119.2697,119.8575,119.2001,119.7415,5182600
2013-10-25,119.8266,120.2443,119.7338,120.2443,4565000
2013-10-28,120.0510,120.3990,119.8885,120.1824,4968800
2013-10-29,120.4454,121.0565,120.3758,121.0565,5779100
2013-10-30,121.2344,121.3427,120.1824,120.5692,6100200
2013-10-31,120.3681,120.8090,119.9736,120.1206,8157400
2013-11-01,120.3449,120.7858,119.9582,120.5615,5909900
2013-11-04,120.8709,120.9482,120.3062,120.7162,4042500
2013-11-05,120.1128,120.8090,119.7957,120.5847,5442800
2013-11-06,121.0488,121.6676,120.9560,121.6135,7548400
2013-11-07,122.0001,122.0620,120.4221,120.5536,10211000
2013-11-08,120.4068,121.8224,120.3449,121.8224,7594900
2013-11-11,121.6985,122.0079,121.5592,121.9151,3795200
2013-11-12,121.7681,122.0002,121.3427,121.7295,4094800
2013-11-13,121.0720,122.3097,121.0566,122.2633,5062900
2013-11-14,122.2942,122.8434,122.1781,122.7815,6931000
2013-11-15,122.8884,123.4541,122.8186,123.4541,6529100
2013-11-18,123.7718,123.9578,123.2759,123.5626,5236000
2013-11-19,123.6711,123.9424,123.2914,123.4774,5017300
2013-11-20,123.6479,123.9037,122.7179,123.0434,8401100
2013-11-21,123.4463,123.9036,123.3533,123.8881,4579900
2013-11-22,123.8648,124.3298,123.5936,124.3065,4466400
2013-11-25,124.6244,124.6554,124.2292,124.4694,5114400
2013-11-26,124.4151,124.7484,124.3532,124.3841,5231300
2013-11-27,124.6089,124.7251,124.3144,124.6554,6272800
2013-11-29,124.8569,125.2211,124.4462,124.5547,2887900
2013-12-02,124.5857,124.6477,123.7719,123.9347,5655700
2013-12-03,123.3999,123.7022,122.8032,123.2139,8660700
2013-12-04,122.8032,123.6247,122.3150,123.0357,7138200
2013-12-05,122.7955,123.1365,122.4545,122.5397,5823000
2013-12-06,123.6324,124.1361,123.3224,124.1206,6345300
2013-12-09,124.2214,124.4074,124.0819,124.1749,3967700
2013-12-10,123.8183,124.1438,123.7176,123.7796,4047600
2013-12-11,123.8726,123.9191,122.6249,122.6869,7906700
2013-12-12,122.6094,122.7799,121.7260,122.0359,7078700
2013-12-13,122.0902,122.4234,121.7492,122.1754,8886500
2013-12-16,122.7333,123.5083,122.6403,123.1441,7076500
2013-12-17,123.4309,123.4464,122.7489,123.0511,6001100
2013-12-18,123.3457,125.3838,122.5319,125.3606,15330700
2013-12-19,125.1437,125.5544,124.9887,125.4537,8018300
2013-12-20,125.5585,126.2655,125.5507,125.8615,7978200
2013-12-23,126.2965,126.5140,126.1101,126.3354,4992800
2013-12-24,126.4130,126.8325,126.3120,126.7548,2462000
2013-12-26,127.0967,127.7881,127.0811,127.7648,4971600
2013-12-27,127.9979,128.1222,127.5784,127.7726,6176900
2013-12-30,127.8347,127.9356,127.7181,127.8657,4043600
2013-12-31,128.1377,128.5805,128.0367,128.5494,5667800
2014-01-02,128.0212,128.1921,127.2831,127.4929,9291100
2014-01-03,127.7182,128.0833,127.4385,127.7104,6127600
2014-01-06,128.1765,128.2309,127.1821,127.3219,7446800
2014-01-07,127.9201,128.4095,127.8114,128.1609,5387200
2014-01-08,127.9513,128.0522,127.3375,127.6794,9461800
2014-01-09,128.1455,128.1765,127.0345,127.5550,8212900
2014-01-10,127.8425,127.9435,127.0346,127.5473,7497200
2014-01-13,127.3297,127.6249,125.9624,126.0401,10676100
2014-01-14,126.4286,126.9957,126.1411,126.9801,7335400
2014-01-15,127.1434,128.0290,127.0890,127.8504,7780800
2014-01-16,127.5783,127.6638,127.0345,127.3919,5170900
2014-01-17,127.3476,127.9696,127.2076,127.5731,8013200
2014-01-21,128.3116,128.3272,126.5700,127.3009,9675200
2014-01-22,127.3243,127.3554,126.7257,127.0989,5418100
2014-01-23,126.2902,126.2902,125.2328,125.7304,9456000
2014-01-24,124.9529,125.0929,123.2191,123.2191,14663200
2014-01-27,123.3979,123.7089,122.4648,122.8614,14215300
2014-01-28,123.2113,123.7555,123.0635,123.5767,8308000
2014-01-29,122.5815,123.0403,121.8740,122.1461,14271200
2014-01-30,123.0791,123.4445,122.3560,122.9780,7864700
2014-01-31,121.4696,122.6125,121.1741,121.8739,10693100
2014-02-03,121.7340,121.8817,119.1527,119.3704,18172800
2014-02-04,119.6970,120.1479,119.1605,119.7980,11853400
2014-02-05,119.5181,120.1323,119.0516,119.8757,11603200
2014-02-06,120.2801,121.4075,120.2801,121.3997,10426200
2014-02-07,121.7262,122.6903,121.3296,122.6747,11528500
2014-02-10,122.6592,122.7059,122.1694,122.6515,4790700
2014-02-11,122.8924,124.4707,122.7991,124.2141,7620400
2014-02-12,124.4008,124.7507,123.8877,124.1754,5249600
2014-02-13,123.3591,124.7663,123.3202,124.6264,5085000
2014-02-14,124.4630,125.8236,124.3231,125.6370,5824400
2014-02-18,125.7226,125.7692,125.2794,125.4971,4966400
2014-02-19,125.1939,126.2202,124.6963,124.8051,8245400
2014-02-20,124.8363,125.7382,124.4786,125.4194,7035600
2014-02-21,125.5792,126.0002,125.2206,125.3687,5268200
2014-02-24,125.5325,126.8344,125.4935,126.0314,6704400
2014-02-25,126.0938,126.4837,125.6183,125.9067,6067800
2014-02-26,126.0704,126.4991,125.7273,126.1717,5032900
2014-02-27,126.0157,126.7329,125.8052,126.7251,5292500
2014-02-28,126.7330,127.6764,126.3042,127.0916,10010400
2014-03-03,125.9768,126.4445,125.1192,125.8988,9144400
2014-03-04,127.1774,127.8557,127.1150,127.5672,7947500
2014-03-05,127.6842,127.7154,127.2398,127.3489,4968400
2014-03-06,127.7152,128.0972,127.6684,127.9257,4651800
2014-03-07,128.4482,128.5495,127.7075,128.1207,7381900
2014-03-10,127.8947,127.9804,127.2164,127.8479,3995400
2014-03-11,128.0739,128.2376,127.1618,127.4035,5198700
2014-03-12,126.8110,127.5205,126.6629,127.2554,5250800
2014-03-13,127.6530,127.8791,125.3454,125.5559,9500500
2014-03-14,125.3063,125.9846,125.0335,125.2439,8603100
2014-03-17,125.8287,126.8188,125.7741,126.5849,6641400
2014-03-18,126.8344,127.5750,126.7252,127.2944,7094600
2014-03-19,127.2787,127.5204,125.6337,126.4445,7936400
2014-03-20,126.1795,127.4425,125.8910,127.3099,6616200
2014-03-21,127.6630,128.2331,126.9289,127.0070,7629500
2014-03-24,127.3975,127.6552,126.3432,126.8586,6336000
2014-03-25,127.5849,127.8583,126.9602,127.6005,5991100
2014-03-26,128.1315,128.3345,126.7648,126.7726,6133800
2014-03-27,126.7101,127.0459,126.1556,126.7335,7713700
2014-03-28,126.9914,127.9363,126.7649,127.1788,4536000
2014-03-31,127.8582,128.4361,127.7957,128.2643,6368400
2014-04-01,128.6001,129.0999,128.5298,128.8187,4076100
2014-04-02,129.0062,129.3030,128.6626,129.1468,5597700
2014-04-03,129.4201,129.4435,128.8266,129.1233,4452600
2014-04-04,129.6465,129.6855,127.7487,127.9830,10559700
2014-04-07,127.7488,128.0222,126.6086,126.6399,8624100
2014-04-08,126.5930,127.0850,126.1635,126.7726,5930000
2014-04-09,127.2959,128.1862,126.8508,128.1550,6008300
2014-04-10,128.1706,128.3189,125.9448,126.1010,9981500
2014-04-11,125.4762,125.9839,124.8593,124.9686,11067500
2014-04-14,125.7964,126.2181,125.1638,126.0854,6270600
2014-04-15,126.2572,126.8820,125.2498,126.7961,8489000
2014-04-16,127.6317,128.1002,127.2412,128.0924,5864200
2014-04-17,127.8752,128.3285,127.6563,127.9846,5790700
2014-04-21,128.0549,128.3754,127.9455,128.2034,3066100
2014-04-22,128.4145,129.1961,128.3598,128.8053,4044300
2014-04-23,128.9147,128.9538,128.5317,128.6802,3546100
2014-04-24,128.9694,129.0476,128.3285,128.7193,4028700
2014-04-25,128.2426,128.3285,127.3985,127.6720,5102700
2014-04-28,128.2816,128.7193,127.2264,128.3129,7236900
2014-04-29,128.6645,129.1725,128.5629,128.9615,4581400
2014-04-30,128.8991,129.4306,128.8288,129.3133,4958500
2014-05-01,129.1961,129.5166,128.8835,129.1414,3889400
2014-05-02,129.0866,129.6259,128.5942,128.7662,7036100
2014-05-05,128.1565,129.0944,127.7501,128.9068,4059700
2014-05-06,128.6957,128.7114,127.9298,127.9689,5281500
2014-05-07,128.5786,129.0241,127.7032,128.9850,5576200
2014-05-08,128.9772,129.7979,128.8522,129.2351,5997900
2014-05-09,129.1882,129.5712,128.8599,129.5243,4228600
2014-05-12,129.9854,130.4700,129.9620,130.3684,3944700
2014-05-13,130.6029,130.7514,130.4856,130.5638,4133400
2014-05-14,130.5950,130.6341,129.6806,129.8291,3104700
2014-05-15,129.5711,129.6415,128.1956,128.6098,7539300
2014-05-16,128.6342,129.0103,128.3286,128.9868,5115000
2014-05-19,128.6184,129.2218,128.5322,129.0651,2879900
2014-05-20,129.0573,129.0730,127.7565,127.9759,4856600
2014-05-21,128.4696,129.4099,128.4226,129.2767,4898700
2014-05-22,129.3628,129.5978,128.9788,129.4333,3564100
2014-05-23,129.5196,129.9741,129.4413,129.9428,2857000
2014-05-27,130.4286,130.5461,130.1778,130.4443,2561300
2014-05-28,130.4990,130.5069,130.0367,130.1464,3681500
2014-05-29,130.4443,130.6951,130.0995,130.6872,2763500
2014-05-30,130.5462,130.8753,130.3111,130.8047,2769000
2014-06-02,131.0555,131.1730,130.5697,131.0163,4453300
2014-06-03,130.8126,131.0163,130.6637,130.8753,4125200
2014-06-04,130.7734,131.0712,130.5305,130.9615,2264600
2014-06-05,131.2591,131.8860,130.7968,131.7528,5416500
2014-06-06,132.0977,132.5208,132.0036,132.4895,4118900
2014-06-09,132.5208,132.8812,132.4424,132.6148,2713200
2014-06-10,132.5442,132.7166,132.3013,132.7010,2821400
2014-06-11,132.2309,132.2779,131.7137,131.9174,3064100
2014-06-12,131.8703,131.9095,130.8438,131.0867,5409200
2014-06-13,131.2827,131.5099,130.9614,131.3454,2708700
2014-06-16,131.1651,131.6196,130.9770,131.4001,3068300
2014-06-17,131.1965,131.7998,131.0476,131.6431,2884700
2014-06-18,131.6823,132.4737,131.1338,132.3718,4729200
2014-06-19,132.4424,132.5756,132.0663,132.4973,3028000
2014-06-20,132.8789,133.0124,132.6512,132.7454,5370700
2014-06-23,132.7297,132.7768,132.3529,132.6119,2729200
2014-06-24,132.5491,132.9416,131.6383,131.7953,4861700
2014-06-25,131.5206,132.2743,131.5128,132.1173,3657500
2014-06-26,132.1957,132.2036,131.1594,131.9602,4052400
2014-06-27,131.7090,132.0937,131.3793,132.0309,3092200
2014-06-30,131.8267,132.1722,131.6226,131.8110,6488400
2014-07-01,132.1251,133.1850,132.0780,132.8396,4911500
2014-07-02,132.9259,133.0830,132.8239,132.9966,1929800
2014-07-03,133.3498,133.8365,133.2555,133.8365,2074800
2014-07-07,133.3733,133.4754,133.1143,133.3576,2937700
2014-07-08,133.1378,133.1536,132.2428,132.5647,5438700
2014-07-09,132.8238,133.2556,132.5726,133.1378,3543800
2014-07-10,131.8110,132.9494,131.6619,132.6511,4932100
2014-07-11,132.5020,132.8553,132.1487,132.8396,2830500
2014-07-14,133.5854,133.9465,133.4990,133.6953,2831200
2014-07-15,133.8682,134.1822,133.2950,133.7661,5168100
2014-07-16,134.2213,134.3783,133.9858,134.3076,3197900
2014-07-17,134.1036,134.5040,133.0437,133.1615,6149300
2014-07-18,133.5717,134.2083,133.4067,134.0668,6924600
2014-07-21,133.6896,133.9097,133.1080,133.7525,2886600
2014-07-22,134.0511,134.3655,133.9490,134.1926,3798200
2014-07-23,134.2477,134.2477,133.7683,134.0512,2607900
2014-07-24,134.1297,134.2790,133.7839,133.9568,3226000
2014-07-25,133.4301,133.4930,132.6363,132.9507,5714000
2014-07-28,133.0058,133.3359,132.3299,133.1473,3606100
2014-07-29,133.5246,133.7604,132.6522,132.6522,3683100
2014-07-30,133.0373,133.2338,131.8662,132.4164,5446600
2014-07-31,131.4654,131.5912,129.9092,129.9092,9038800
2014-08-01,129.5242,130.0822,128.9033,129.3434,7435100
2014-08-04,129.5241,130.1607,128.9818,129.9407,4400000
2014-08-05,129.5240,129.7913,128.3766,128.8324,8522800
2014-08-06,128.4709,129.4848,128.4002,129.0525,4781100
2014-08-07,129.5635,129.5949,128.2116,128.5417,4962400
2014-08-08,128.6360,129.9800,128.4552,129.9485,5412300
2014-08-11,130.4357,130.5850,130.0506,130.1135,5761500
2014-08-12,129.9014,130.2865,129.6813,130.0664,3274300
2014-08-13,130.4672,130.9859,130.2786,130.8523,2841700
2014-08-14,131.0095,131.3318,130.8288,131.3318,2752400
2014-08-15,131.8168,131.8483,130.2578,130.9743,7032500
2014-08-18,131.6829,132.3679,131.6672,132.3207,2975200
2014-08-19,132.7774,133.0766,132.5333,132.9742,3057200
2014-08-20,132.8403,133.6434,132.8403,133.5331,3108800
2014-08-21,133.6985,134.2654,133.6040,133.9898,2652600
2014-08-22,133.8560,134.2261,133.5726,133.7458,5152200
2014-08-25,134.2890,134.6827,134.1945,134.3362,2588500
2014-08-26,134.4937,134.9110,134.4622,134.5803,3581400
2014-08-27,134.7535,134.8008,134.4386,134.6433,5162400
2014-08-28,134.1630,134.5410,133.9268,134.4543,2781900
2014-08-29,134.5567,134.6354,134.0449,134.5410,3280300
2014-09-02,134.5882,134.6905,133.8796,134.3047,3458700
2014-09-03,134.9347,135.0134,134.2654,134.4150,2847400
2014-09-04,134.5646,135.0763,134.0213,134.3677,3760900
2014-09-05,134.2574,134.8637,133.8559,134.8322,3403600
2014-09-08,134.6669,134.9110,134.4386,134.6826,3139800
2014-09-09,134.4701,134.5095,133.7615,133.9426,4252400
2014-09-10,133.9820,134.4859,133.6198,134.3757,4595400
2014-09-11,133.7615,134.3362,133.7063,134.2496,3026200
2014-09-12,134.1473,134.1945,133.3757,133.7694,5000800
2014-09-15,133.8954,134.2970,133.4939,134.1001,5130700
2014-09-16,133.8166,135.1944,133.7615,134.9346,5946400
2014-09-17,135.0842,135.6196,134.5803,135.0921,8498600
2014-09-18,135.4307,136.0527,135.3441,135.9031,6458100
2014-09-19,136.5368,136.7894,135.8975,136.1027,9341000
2014-09-22,136.0238,136.0474,135.1319,135.2819,4894200
2014-09-23,134.8399,135.2582,134.3348,134.3348,5521800
2014-09-24,134.4533,135.6687,134.1534,135.5819,5813000
2014-09-25,135.3530,135.3766,133.4509,133.5141,8910500
2014-09-26,134.0033,135.0609,133.7745,134.7215,6062200
2014-09-29,133.5220,134.6269,133.3326,134.4296,5167800
2014-09-30,134.5241,135.0371,134.0111,134.2242,5492800
2014-10-01,134.0981,134.1533,132.1329,132.3381,11030600
2014-10-02,132.1093,132.8038,131.3516,132.3145,9093700
2014-10-03,133.2931,134.1455,132.8827,133.9482,5589100
2014-10-06,134.5163,134.7136,133.3482,133.8297,5315300
2014-10-07,133.1668,133.3326,131.6910,131.6910,7128800
2014-10-08,131.6987,134.0270,131.2884,133.8691,8893200
2014-10-09,133.5062,133.7587,131.1700,131.2805,13387300
2014-10-10,131.3199,132.0855,130.3886,130.3886,12717500
2014-10-13,130.2940,130.8465,128.5183,128.5893,14117000
2014-10-14,129.1732,129.7572,128.2498,128.6681,13626400
2014-10-15,127.2160,127.7369,124.9114,127.2870,24966700
2014-10-16,125.4876,127.8158,125.2745,127.0502,18926600
2014-10-17,128.3920,129.3943,128.0211,128.9997,11730200
2014-10-20,128.1315,129.1812,128.0526,129.1575,7156500
2014-10-21,129.7889,130.9096,129.5285,130.8544,8994600
2014-10-22,131.1464,131.1937,129.6547,129.7336,6025100
2014-10-23,131.0518,132.0856,131.0202,131.3674,7029700
2014-10-24,131.4858,132.4250,131.1464,132.3855,5733500
2014-10-27,131.9830,132.6380,131.7778,132.4960,5062900
2014-10-28,132.9694,133.9244,132.7011,133.9007,5438900
2014-10-29,134.1770,134.4375,133.0721,133.6956,7584000
2014-10-30,133.8771,135.7002,133.8534,135.4319,7449200
2014-10-31,136.8052,137.0341,136.3711,136.8920,7563500
2014-11-03,136.9867,137.1524,136.5763,136.8209,5383200
2014-11-04,136.6000,137.0498,136.1106,136.8999,6466000
2014-11-05,137.7917,137.8154,137.0972,137.7602,5286200
2014-11-06,137.9181,138.4390,137.4682,138.3442,7191700
2014-11-07,138.3047,138.5888,137.9338,138.5731,4018100
2014-11-10,138.6046,138.9519,138.3757,138.8651,2941900
2014-11-11,138.8887,139.0939,138.6599,138.9203,3192700
2014-11-12,138.3205,139.0623,138.3126,138.9361,2836500
2014-11-13,139.1018,139.6779,138.7387,139.2517,6508400
2014-11-14,139.1886,139.4174,138.9991,139.1807,3521100
2014-11-17,138.9519,139.5043,138.9045,139.2912,3668900
2014-11-18,139.3227,139.9936,139.2596,139.6621,4721700
2014-11-19,139.5754,139.8437,139.1334,139.6385,4011400
2014-11-20,138.9913,139.9147,138.9281,139.8910,2881700
2014-11-21,141.2504,141.3137,140.2693,140.6016,4782000
2014-11-24,140.9418,141.0130,140.5145,140.6807,2408700
2014-11-25,140.9656,140.9893,140.4908,140.8073,5510400
2014-11-26,140.8072,140.9101,140.5619,140.8468,3005600
2014-11-28,140.9339,141.3849,140.7281,140.9180,4037500
2014-12-01,140.4749,140.8547,140.0714,140.5224,6671800
2014-12-02,140.5857,141.4482,140.5778,141.2820,3920500
2014-12-03,141.3057,141.7409,141.1633,141.5984,11006600
2014-12-04,141.4166,141.8676,140.8627,141.4957,4791000
2014-12-05,141.8518,142.2790,141.6223,142.0338,4269400
2014-12-08,141.5985,142.0574,140.8151,141.2661,5568000
2014-12-09,139.8737,140.8627,139.4306,140.8073,7945400
2014-12-10,140.4433,140.4433,138.4732,138.6947,7622000
2014-12-11,139.1694,140.5699,139.0191,139.2802,6867300
2014-12-12,138.2832,138.9953,136.8273,136.8827,12284400
2014-12-15,137.4762,137.7769,135.4665,135.9254,8874300
2014-12-16,135.5140,137.9826,135.0946,135.1816,12257600
2014-12-17,135.5139,137.6582,135.3636,137.3496,12901600
2014-12-18,139.2407,140.7045,138.7580,140.6728,9752400
2014-12-19,140.9765,141.4760,140.4690,140.8655,11452600
2014-12-22,141.3174,142.2214,141.2936,142.2214,7855600
2014-12-23,142.6258,143.0461,142.4752,142.7527,6224800
2014-12-24,142.8796,143.1492,142.6813,142.7527,1647600
2014-12-26,143.1174,143.2918,142.8795,142.8795,1921200
2014-12-29,142.6337,143.0302,142.5782,142.8161,2530900
2014-12-30,142.4355,142.6258,142.1263,142.3007,2953300
2014-12-31,142.5862,142.8240,141.0479,141.0479,4514400
2015-01-02,141.6584,142.1183,140.3342,141.0954,4997200
2015-01-05,140.3977,140.5166,138.3360,138.6373,6700200
2015-01-06,138.8435,139.1924,136.6391,137.4876,10131400
2015-01-07,138.6452,139.3906,138.1615,139.2320,5547000
2015-01-08,140.5563,141.9043,140.5167,141.7457,7166700
2015-01-09,141.9200,141.9834,140.0566,140.5244,6646600
2015-01-12,140.6990,140.8497,139.1290,139.7475,4305300
2015-01-13,140.9209,141.9597,138.5263,139.5412,9913500
2015-01-14,137.5272,138.5422,136.7184,138.0188,11090600
2015-01-15,138.5579,138.8275,137.0276,137.2258,9293700
2015-01-16,136.9545,138.8592,136.5973,138.6211,8721900
2015-01-20,139.0655,139.3670,137.4068,138.8036,7224100
2015-01-21,138.2876,139.4781,137.8194,139.1606,6259300
2015-01-22,139.6131,141.3749,138.4941,141.2003,9565100
2015-01-23,141.0336,141.1209,139.9860,140.0019,4795300
2015-01-26,139.8036,140.2401,139.1845,140.0734,3730400
2015-01-27,137.6925,138.6845,136.9703,137.7639,11565100
2015-01-28,138.5258,138.5734,136.1767,136.2799,9673200
2015-01-29,136.6291,138.1449,135.7561,138.0100,9615200
2015-01-30,137.4544,138.0496,135.9228,136.0656,11138500
2015-02-02,136.4625,137.6370,134.9943,137.5101,9437900
2015-02-03,138.1926,139.9941,138.1688,139.9385,7543400
2015-02-04,139.5178,140.9225,139.5019,140.0971,5935900
2015-02-05,140.6924,141.7718,140.5416,141.7003,6037800
2015-02-06,141.9145,142.3430,140.8510,141.3351,7211900
2015-02-09,140.6131,141.2162,140.2163,140.5417,3723100
2015-02-10,141.3988,141.8591,140.5813,141.6686,3572700
2015-02-11,141.3352,142.1288,141.0019,141.8193,5174500
2015-02-12,142.2717,142.7955,142.0574,142.7241,3742700
2015-02-13,142.8510,143.2795,142.6605,143.1208,3998200
2015-02-17,142.8987,143.4066,142.6209,143.3034,2850900
2015-02-18,142.9939,143.3907,142.8272,143.2240,2724800
2015-02-19,142.7479,143.1923,142.3987,142.9225,2663500
2015-02-20,142.5644,144.1957,142.0471,144.1480,8914600
2015-02-23,143.8059,143.9730,143.4955,143.9730,2738600
2015-02-24,144.0605,144.8801,143.9491,144.7608,4228700
2015-02-25,144.6812,144.9677,144.4822,144.8006,2822900
2015-02-26,144.7687,145.0234,144.3549,144.8403,3045800
2015-02-27,144.7766,144.7846,144.1559,144.1877,3161300
2015-03-02,144.3310,145.3735,144.3310,145.3735,3213100
2015-03-03,145.0153,145.1426,144.1877,144.7288,2825800
2015-03-04,144.3628,144.3628,143.3442,143.8614,3820200
2015-03-05,144.2356,144.3947,143.8058,144.1719,2410700
2015-03-06,143.3363,143.7422,141.7527,141.9676,7297400
2015-03-09,142.0710,143.3920,142.0710,143.0817,3844900
2015-03-10,141.9516,142.0550,140.5987,140.6067,6070100
2015-03-11,140.8375,141.0842,140.2407,140.3362,5584600
2015-03-12,141.0444,142.4609,141.0126,142.4211,4024300
2015-03-13,141.9596,142.0472,140.2726,141.2991,6833900
2015-03-16,141.8481,143.1691,141.8481,143.0656,5550100
2015-03-17,142.2778,142.4211,141.5378,142.0471,5392900
2015-03-18,141.5776,144.0445,140.8295,143.8217,11294400
2015-03-19,143.3840,143.5511,142.6916,142.9702,6229200
2015-03-20,143.8559,144.8204,143.6247,144.2544,5999200
2015-03-23,144.3263,144.8843,144.1588,144.1668,3593900
2015-03-24,144.0073,144.4377,143.3058,143.3536,4692100
2015-03-25,143.4493,143.6167,141.0020,141.0339,8474700
2015-03-26,140.4201,141.3368,139.8700,140.6831,6604500
2015-03-27,140.5636,141.0738,140.2766,140.9462,3971800
2015-03-30,142.1420,143.2979,142.1181,143.0029,5399300
2015-03-31,142.3093,142.7557,141.4404,141.5600,4633800
2015-04-01,141.5281,141.5281,139.9577,140.8904,7440500
2015-04-02,140.8585,141.8231,140.6432,141.3607,3223600
2015-04-06,140.5556,142.8275,140.3723,142.3652,6284900
2015-04-07,142.5085,143.1542,142.2295,142.2295,6011600
2015-04-08,142.3731,143.1384,141.8629,142.4927,4738500
2015-04-09,142.4209,143.1942,141.8789,143.0108,4483800
2015-04-10,143.2260,143.8398,142.8354,143.7840,3463600
2015-04-13,143.6246,144.1747,143.0826,143.2021,3358200
2015-04-14,143.1544,143.9196,142.5326,143.6327,4811400
2015-04-15,144.1508,144.5892,143.8478,144.1906,4377800
2015-04-16,144.0232,144.6929,143.8319,144.2146,3873900
2015-04-17,143.0005,143.1122,141.3174,141.9396,8683500
2015-04-20,143.0324,144.0694,142.9047,143.6067,5355800
2015-04-21,144.1411,144.2847,142.7611,142.9924,3596600
2015-04-22,143.3037,143.7823,142.4262,143.6307,5575200
2015-04-23,143.1360,144.4363,142.9446,143.8779,4893000
2015-04-24,143.9816,144.2369,143.4153,144.0135,4010000
2015-04-27,144.7474,144.8112,143.5509,143.7184,4969100
2015-04-28,143.8700,144.3327,142.6894,144.2529,4534200
2015-04-29,143.4233,144.1492,142.9766,143.6387,6559400
2015-04-30,143.3435,143.5988,141.5487,142.1310,8564600
2015-05-01,142.9528,143.5909,142.7693,143.5031,3895700
2015-05-04,143.8540,144.4203,143.7822,143.9338,3256900
2015-05-05,143.7663,144.0534,142.6096,142.7931,5316300
2015-05-06,143.4791,143.7823,141.3892,142.2986,7534200
2015-05-07,142.0833,143.3436,141.8998,143.0086,4142800
2015-05-08,144.4922,145.1941,144.4443,145.0585,5529600
2015-05-11,144.9947,145.1781,144.2847,144.4443,3753600
2015-05-12,143.6625,144.5639,143.0004,144.1571,4742800
2015-05-13,144.2608,144.7314,143.9657,144.1810,3851400
2015-05-14,145.0266,145.6887,144.9628,145.6089,4921400
2015-05-15,145.6913,145.9071,145.4115,145.8831,4522200
2015-05-18,145.8431,146.3068,145.6513,146.0430,2890500
2015-05-19,146.2349,146.5227,145.7952,146.2429,2766600
2015-05-20,146.4828,146.5787,145.9472,146.0671,5080800
2015-05-21,145.9951,146.3308,145.7872,146.1310,2724200
2015-05-22,145.9070,146.0909,145.5313,145.7072,2357000
2015-05-26,145.4434,145.4434,143.7326,144.1963,5529700
2015-05-27,144.5161,145.3315,144.2603,145.1157,3588200
2015-05-28,144.7879,144.9638,144.4201,144.9318,3660900
2015-05-29,144.8358,144.8518,143.6366,143.9884,4923700
2015-06-01,144.6999,144.8198,143.7485,144.2202,4349000
2015-06-02,143.9645,144.6680,143.3169,144.0204,5106200
2015-06-03,144.5800,145.2915,143.9964,144.6040,5481500
2015-06-04,144.0443,144.6359,142.9251,143.2689,7312500
2015-06-05,143.1650,143.4688,142.5014,142.7013,5228700
2015-06-08,142.7093,142.7813,142.0458,142.1497,4380500
2015-06-09,142.1577,142.5095,141.6621,142.0698,4722400
2015-06-10,142.6055,144.3323,142.6055,143.9485,5480900
2015-06-11,144.4521,144.9078,144.2123,144.4121,3714800
2015-06-12,143.7886,143.9485,142.8772,143.2050,4566800
2015-06-15,142.2137,142.5975,141.5902,142.3816,5502700
2015-06-16,142.3575,143.3888,142.2056,143.2689,3276900
2015-06-17,143.6286,144.0123,142.6933,143.4847,3650900
2015-06-18,144.0684,145.4514,144.0124,144.9638,6542800
2015-06-19,144.7955,144.8756,144.0661,144.0901,3964000
2015-06-22,145.1080,145.4847,144.8194,145.0198,4048300
2015-06-23,145.1801,145.5408,144.8836,145.1801,3116800
2015-06-24,144.7313,145.0599,143.7935,143.8095,4328900
2015-06-25,144.3226,144.3787,143.1523,143.2004,3602700
2015-06-26,143.6492,144.1462,143.2244,143.5851,4855500
2015-06-29,142.3586,142.8476,140.7475,140.7876,8888700
2015-06-30,141.8776,141.8856,140.6352,140.9318,9149800
2015-07-01,142.3347,142.5350,141.5411,142.1984,4135100
2015-07-02,142.5109,142.7193,141.5971,141.9178,4008600
2015-07-06,140.7476,141.9900,140.5472,141.6213,3748700
2015-07-07,141.7815,142.4628,139.8257,142.3827,7783800
2015-07-08,141.1643,141.4288,140.0982,140.2746,6849400
2015-07-09,141.9979,142.2544,140.4429,140.4830,4581400
2015-07-10,142.0540,142.5189,141.5731,142.2063,4504400
2015-07-13,143.3445,144.0419,143.3205,143.9617,3873800
2015-07-14,143.8416,144.7153,143.7293,144.5470,2757100
2015-07-15,144.5390,144.8597,144.2024,144.5551,3407900
2015-07-16,145.2443,145.2844,144.6832,145.1401,2495100
2015-07-17,144.8127,144.9170,144.4276,144.8528,2762300
2015-07-20,145.1818,145.3022,144.7085,144.9732,2961600
2015-07-21,144.1709,144.1869,143.1599,143.5932,5026700
2015-07-22,143.1600,143.5531,142.6866,143.0557,3811500
2015-07-23,143.0797,143.0797,141.8762,142.1410,4968600
2015-07-24,142.1972,142.2132,140.6567,140.8252,4591300
2015-07-27,139.9827,140.2314,139.4291,139.7902,5370200
2015-07-28,140.2956,141.4349,139.8463,141.2986,5625900
2015-07-29,141.4751,142.4619,141.3467,142.2212,4175900
2015-07-30,142.0447,142.3255,141.3146,142.1891,3659000
2015-07-31,142.5502,142.5983,141.6034,141.7559,4483800
2015-08-03,141.8682,141.9083,140.1994,141.0097,4530500
2015-08-04,141.0418,141.3146,140.2715,140.6647,4055700
2015-08-05,141.0819,141.6275,140.4320,140.6968,4565500
2015-08-06,140.7931,140.9294,139.3248,139.7821,5374100
2015-08-07,139.5173,139.7018,138.6428,139.4772,6158400
2015-08-10,140.2476,141.4671,140.2476,141.3628,4504000
2015-08-11,140.0790,140.3197,139.2686,139.6939,6761100
2015-08-12,138.6669,139.9265,137.5195,139.7741,8825600
2015-08-13,139.5975,140.3838,139.2445,139.8543,6562700
2015-08-14,139.7420,140.4721,139.6537,140.3277,3512200
2015-08-17,139.7982,140.9936,139.3007,140.9696,4055400
2015-08-18,140.6326,141.1541,140.4722,140.6727,4050400
2015-08-19,139.8704,140.8011,138.8995,139.3970,10988700
2015-08-20,138.2014,138.4421,136.5727,136.5727,12317200
2015-08-21,135.0595,135.7678,132.3388,132.3388,18858700
2015-08-24,125.4889,131.5662,121.1986,127.4852,35102400
2015-08-25,131.4695,131.7512,125.8028,125.9638,19357000
2015-08-26,129.1030,131.1234,126.9136,130.9302,19884300
2015-08-27,132.7011,134.0132,131.2361,133.9810,15223700
2015-08-28,133.3933,134.1178,133.0070,133.8843,8115700
2015-08-31,133.0954,133.7635,132.2664,132.9586,6363700
2015-09-01,129.9160,130.8980,128.5798,129.1593,14266900
2015-09-02,131.1476,131.5903,129.8275,131.5742,8260600
2015-09-03,132.2746,133.2083,131.3087,131.7433,8023700
2015-09-04,129.9322,130.3588,128.9823,129.5699,8651100
2015-09-08,131.8560,132.8380,131.4294,132.7414,6821700
2015-09-09,134.0453,134.1902,130.5841,130.8175,7865700
2015-09-10,130.8336,132.4113,130.5197,131.5178,8327000
2015-09-11,131.1234,132.3630,130.8095,132.3227,6202300
2015-09-14,132.3791,132.4757,131.5017,131.8237,4595600
2015-09-15,132.2987,134.0454,131.9848,133.7073,6516100
2015-09-16,133.9890,134.9469,133.6188,134.8342,5511700
2015-09-17,134.7616,136.3876,134.0050,134.2706,14270000
2015-09-18,132.2690,133.2691,131.6238,131.8980,10400500
2015-09-21,132.8093,133.5271,132.0028,132.9948,7762600
2015-09-22,131.1560,131.7528,130.6398,131.4625,8979600
2015-09-23,131.6720,131.7688,130.5590,131.1317,4554900
2015-09-24,129.9461,130.8494,128.9863,130.5510,8451800
2015-09-25,132.1399,132.6158,130.7043,131.3657,10474600
2015-09-28,130.6882,130.7044,128.7042,128.8736,10013100
2015-09-29,129.0267,129.8171,128.3815,129.2284,9906200
2015-09-30,130.6881,131.2607,129.8896,131.1559,7621400
2015-10-01,131.4705,131.6963,129.4542,131.0511,6862800
2015-10-02,129.3252,132.7368,128.9864,132.7368,11877500
2015-10-05,133.6722,135.3175,133.4706,135.1562,6342100
2015-10-06,135.2854,135.8419,134.8902,135.2451,6661000
2015-10-07,135.9789,136.6886,135.0675,136.2612,8832800
2015-10-08,136.0354,137.6404,135.8418,137.4065,8160300
2015-10-09,137.6081,137.8904,137.1887,137.7210,5006100
2015-10-12,137.6968,138.1000,137.4871,138.0517,2835800
2015-10-13,137.3096,138.3823,137.2209,137.6242,5909300
2015-10-14,137.5113,137.8742,136.0757,136.3580,5424000
2015-10-15,136.6241,138.1727,136.4548,138.1727,9637200
2015-10-16,138.3341,138.7537,137.8338,138.6891,8353700
2015-10-19,138.2049,138.8908,138.0112,138.8827,4859800
2015-10-20,138.4550,139.1005,138.1726,138.7939,4140900
2015-10-21,139.1409,139.5525,138.2453,138.3663,5801400
2015-10-22,139.2377,141.1339,139.1651,141.0452,8553100
2015-10-23,142.0134,142.5299,141.5051,142.3120,7642900
2015-10-26,142.2072,142.3847,141.9086,142.0297,3795900
2015-10-27,141.4728,142.1667,141.4002,141.7471,4696100
2015-10-28,142.0216,143.3691,141.4971,143.3691,7348500
2015-10-29,142.8445,143.3932,142.5621,143.1270,4726900
2015-10-30,143.3367,143.4900,142.3765,142.4088,6527500
2015-11-02,142.7155,143.8613,142.6025,143.7241,4178300
2015-11-03,143.5627,144.9183,143.4659,144.4906,4284900
2015-11-04,144.8941,144.9102,143.7806,144.1517,6870400
2015-11-05,144.2325,144.6359,143.4094,144.1437,5008100
2015-11-06,144.0227,144.5713,143.3933,144.5471,7642800
2015-11-09,144.0307,144.1114,142.6025,143.1592,7962300
2015-11-10,142.8043,143.5144,142.6026,143.4498,4837700
2015-11-11,143.7644,143.8209,142.9091,142.9898,2860300
2015-11-12,142.0861,142.2959,140.8758,140.9403,6164400
2015-11-13,140.4562,140.8435,139.2297,139.2781,8011100
2015-11-16,139.1892,141.2549,138.9068,141.2226,5012900
2015-11-17,141.6907,142.2152,141.0129,141.3357,6612200
2015-11-18,141.7553,143.4982,141.7472,143.4094,6254400
2015-11-19,142.9656,143.6677,142.9414,143.3530,5457300
2015-11-20,144.2296,144.8772,143.8167,144.1405,7730000
2015-11-23,143.9947,144.4804,143.5252,143.8814,2597000
2015-11-24,143.0154,144.4239,142.9668,144.0759,4369900
2015-11-25,144.1001,144.3592,143.9220,144.0354,2227400
2015-11-27,143.9301,144.2377,143.5739,144.0110,2878200
2015-11-30,144.1972,144.3591,143.3877,143.4686,3578500
2015-12-01,144.0272,144.8205,143.8006,144.7477,6058300
2015-12-02,144.6101,144.9339,143.3472,143.5172,7427100
2015-12-03,143.8167,143.9624,141.0644,141.5258,7005500
2015-12-04,141.8658,144.6424,141.7768,144.4320,6251600
2015-12-07,144.1082,144.1567,142.8129,143.5577,5647000
2015-12-08,142.2139,143.1691,141.5987,142.2868,6890200
2015-12-09,142.0196,143.8977,140.9187,141.6553,9545800
2015-12-10,141.8092,143.3878,141.5421,142.3759,5613800
2015-12-11,140.5705,141.1615,139.5991,139.8258,8895600
2015-12-14,140.0202,140.8135,138.8464,140.7730,12321600
2015-12-15,141.5906,142.8373,141.5906,142.0359,8039800
2015-12-16,142.8210,144.0919,141.6391,143.8005,11286600
2015-12-17,144.2134,144.2458,141.7363,141.7444,8504100
2015-12-18,141.0531,141.1099,138.6595,138.7487,10946100
2015-12-21,139.7874,140.0145,138.6757,139.7630,6466700
2015-12-22,140.4527,141.4102,139.7062,141.1911,6003700
2015-12-23,142.1729,142.6597,141.7996,142.6516,6456600
2015-12-24,142.5299,142.6597,142.1404,142.1729,1765100
2015-12-28,141.5805,142.0998,141.2803,141.9781,2932200
2015-12-29,142.9598,143.8199,142.8057,143.6008,6145700
2015-12-30,143.2682,143.3899,142.4974,142.6434,2910000
2015-12-31,142.0674,142.5217,141.1586,141.1748,5773400
2016-01-04,138.7893,139.0084,137.4100,138.9841,14350800
2016-01-05,139.3086,139.3491,138.0752,139.0651,9413000
2016-01-06,137.0611,137.9131,136.3227,137.0773,8713600
2016-01-07,134.6593,136.2659,133.4584,133.8479,15400600
2016-01-08,134.6593,135.0082,132.2576,132.4523,12512400
2016-01-11,133.1988,133.4746,131.5678,132.9310,12353700
2016-01-12,134.0345,134.5133,132.2982,133.8398,10250300
2016-01-13,134.3185,134.5620,130.6916,130.9188,16369400
2016-01-14,131.4624,133.6288,130.3183,132.7363,14749500
2016-01-15,129.2910,130.3626,128.4548,129.6320,19969100
2016-01-19,131.0688,131.2068,128.9256,129.9079,10233800
2016-01-20,127.6591,128.9824,125.3292,127.9514,16436000
2016-01-21,128.1137,130.1271,127.3587,128.7551,16782400
2016-01-22,130.6305,130.8984,129.5832,130.5331,7390600
2016-01-25,130.2245,130.4761,128.8119,128.8363,5782500
2016-01-26,129.4857,131.2880,129.4776,131.1418,5945200
2016-01-27,130.3544,131.7020,128.7632,129.3234,10121900
2016-01-28,130.4437,130.6223,128.6496,130.3057,8613400
2016-01-29,131.1988,133.4881,130.9715,133.4394,6182800
2016-02-01,132.6438,133.9265,132.1811,133.4151,6977300
2016-02-02,132.0835,132.0835,130.6547,131.0363,7901000
2016-02-03,131.8563,132.9360,129.4695,132.4895,14249300
2016-02-04,132.1810,133.7884,131.9861,133.2526,11715800
2016-02-05,133.0334,133.1471,130.8821,131.4666,8292500
2016-02-08,129.9809,130.5492,128.3085,130.1757,13377600
2016-02-09,128.7064,131.0769,128.6820,130.0865,11449200
2016-02-10,130.6873,131.7589,129.2666,129.3965,8205700
2016-02-11,127.2938,128.2843,126.0436,127.2938,14806700
2016-02-12,128.3980,129.8755,127.9921,129.8755,7073000
2016-02-16,131.3205,131.7507,130.3950,131.6777,5451200
2016-02-17,132.6762,134.1619,132.5950,133.8940,5584200
2016-02-18,134.2187,134.3161,133.3744,133.5611,5187600
2016-02-19,132.9687,133.4821,132.4879,133.3924,4660600
2016-02-22,134.7369,135.6414,134.5577,135.2177,3450700
2016-02-23,134.9489,135.0711,133.5066,133.7592,6052800
2016-02-24,132.4961,134.3703,131.5753,134.1829,8003800
2016-02-25,134.4762,135.9511,133.9629,135.9511,5266900
2016-02-26,136.7659,136.8555,135.3644,135.4947,3798000
2016-02-29,135.3970,136.2526,134.4192,134.4192,3485000
2016-03-01,135.2747,137.3771,135.0303,137.3200,3914300
2016-03-02,136.9126,137.6541,136.5296,137.6215,3106200
2016-03-03,137.4911,138.0290,136.9941,137.9964,2968200
2016-03-04,138.1430,138.9742,137.6460,138.5423,3524900
2016-03-07,138.0127,139.2839,137.9557,139.0313,3236000
2016-03-08,138.3631,139.1453,137.8904,138.2164,2832700
2016-03-09,138.8601,139.0068,138.1512,138.5423,3584000
2016-03-10,139.0720,139.6669,137.1408,138.5750,4862300
2016-03-11,139.7239,140.4328,139.6831,140.3431,3674200
2016-03-14,139.9113,140.8810,139.9113,140.4899,2658400
2016-03-15,139.8379,140.7017,139.6016,140.6772,2431600
2016-03-16,140.3269,141.7366,140.2943,141.3536,3556200
2016-03-17,141.3455,142.9345,141.0358,142.5515,4070500
2016-03-18,143.1271,143.6824,142.9393,143.4701,5112000
2016-03-21,143.4129,143.8947,143.1108,143.7314,2884900
2016-03-22,143.1516,143.9356,143.0291,143.4783,3980100
2016-03-23,143.0863,143.3557,142.5800,142.7514,5039200
2016-03-24,141.9676,142.8577,141.8451,142.8577,5104900
2016-03-28,143.0129,143.3885,142.6291,143.0047,3098800
2016-03-29,142.4903,143.8703,142.1391,143.7805,5584100
2016-03-30,144.6297,145.0707,144.1398,144.4501,3858000
2016-03-31,144.4828,144.7849,144.0745,144.2460,3155400
2016-04-01,143.4865,145.2340,143.2415,145.1279,4035200
2016-04-04,145.0544,145.2585,144.4419,144.6379,2318900
2016-04-05,143.7885,144.5072,143.3721,143.5762,5439600
2016-04-06,143.6090,144.6134,143.1027,144.5726,4086700
2016-04-07,143.5436,143.9111,142.6454,143.1435,5251900
2016-04-08,143.9274,144.3847,142.9965,143.4456,2565300
2016-04-11,143.8213,144.6788,143.2416,143.2661,3237700
2016-04-12,143.5028,144.7686,143.2007,144.6134,3588400
2016-04-13,145.3565,146.1894,145.2912,146.1078,5400200
2016-04-14,146.1976,146.5814,145.9690,146.2630,3689700
2016-04-15,146.2712,146.3937,145.7972,146.0178,3799900
2016-04-18,145.5683,146.9576,145.5438,146.9167,2573700
2016-04-19,147.2108,147.7257,146.7614,147.3579,2992100
2016-04-20,147.0965,148.2569,147.0965,147.7094,2628900
2016-04-21,147.6195,147.8157,146.6225,146.8513,2760300
2016-04-22,146.7778,147.1619,146.1730,147.0148,2410500
2016-04-25,146.4673,146.7615,145.7318,146.7206,2485500
2016-04-26,146.9657,147.3089,146.3692,146.8023,2241000
2016-04-27,146.3773,147.6276,146.2710,147.3007,3569300
2016-04-28,146.3283,147.2191,145.2496,145.6255,3550700
2016-04-29,144.9718,145.4213,144.0647,145.1271,5496000
2016-05-02,145.5276,146.2058,145.0618,146.0342,2463100
2016-05-03,145.0371,145.3231,144.2199,144.8900,4643200
2016-05-04,144.1383,144.8166,143.7460,144.0892,3446000
2016-05-05,144.5060,144.8247,143.8277,144.1873,1778800
2016-05-06,143.5744,144.9718,143.5662,144.9227,2940800
2016-05-09,144.8491,145.2659,144.3343,144.6285,1921700
2016-05-10,145.2332,146.4999,145.1679,146.4427,2867200
2016-05-11,146.0341,146.2302,144.8573,144.8900,2697200
2016-05-12,145.3068,145.5601,144.1545,144.9881,2534900
2016-05-13,144.5631,145.0697,143.2228,143.4026,3336800
2016-05-16,143.5743,145.2169,143.4845,144.8573,2393500
2016-05-17,144.5714,144.8411,142.9452,143.4682,3349500
2016-05-18,143.0759,144.4243,142.6264,143.5254,4097800
2016-05-19,142.9696,143.1739,141.9236,142.7489,5090900
2016-05-20,143.2837,143.9561,143.1114,143.3165,2749700
2016-05-23,143.3821,143.7839,143.1853,143.3329,1736000
2016-05-24,144.1365,145.3420,144.0463,145.0386,2797000
2016-05-25,145.5635,146.5804,145.5225,146.2032,2711900
2016-05-26,146.3754,146.5394,145.8259,146.0391,2263200
2016-05-27,146.1539,146.4573,146.0227,146.3835,1628300
2016-05-31,146.7771,146.7771,145.2600,145.6864,2395400
2016-06-01,145.1370,145.9571,144.7844,145.7521,2481200
2016-06-02,145.3995,146.2278,145.1371,146.2032,1965900
2016-06-03,145.8668,146.2113,145.0222,146.0226,4367200
2016-06-06,146.3753,147.1708,146.3097,146.9412,2720300
2016-06-07,147.1708,147.6055,147.0724,147.1052,1572300
2016-06-08,147.3430,147.7612,147.2364,147.6628,1713500
2016-06-09,147.0969,147.6464,146.9083,147.5152,2141800
2016-06-10,146.5476,146.9905,146.0638,146.5558,4126600
2016-06-13,145.9735,146.7936,145.4487,145.4487,5111300
2016-06-14,145.1535,145.4979,144.3334,144.9977,3643400
2016-06-15,145.3584,145.8422,144.6449,144.8007,2470100
2016-06-16,144.1120,145.7029,143.3493,145.5307,5573700
2016-06-17,145.5677,145.5677,144.4337,145.0500,2748000
2016-06-20,146.5947,147.2768,146.0688,146.1017,2958400
2016-06-21,146.3647,146.7016,146.0442,146.3154,1854700
2016-06-22,146.4552,147.0468,145.7978,145.9128,2966200
2016-06-23,147.1043,147.7699,146.8167,147.7534,2949100
2016-06-24,143.4312,145.1815,142.4041,142.6670,11377900
2016-06-27,141.7303,141.7303,139.9964,140.6785,7683900
2016-06-28,142.0343,142.8642,141.5001,142.8313,5642800
2016-06-29,143.9324,145.2965,143.8009,145.1485,5578200
2016-06-30,145.4855,147.1536,145.3294,147.0879,5069000
2016-07-01,146.9070,147.7452,146.9070,147.3425,3998200
2016-07-05,146.7428,146.8250,145.9868,146.4388,3233100
2016-07-06,145.9456,147.1700,145.4115,147.0714,5395400
2016-07-07,147.2111,147.6795,146.2990,146.9153,2343300
2016-07-08,147.9177,149.1914,147.8931,148.9777,5177300
2016-07-11,149.4379,150.1446,149.3721,149.6515,2358700
2016-07-12,150.3830,150.8842,150.1940,150.6952,3128000
2016-07-13,150.9335,151.0321,150.4158,150.8677,2390500
2016-07-14,152.0675,152.2401,151.6649,151.9854,3354700
2016-07-15,152.4170,152.5404,151.6769,152.0305,3837200
2016-07-18,151.9894,152.4417,151.8907,152.1950,2134900
2016-07-19,152.1374,152.4746,151.9812,152.4746,2046300
2016-07-20,152.8693,153.0173,152.4499,152.7706,2159500
2016-07-21,152.5732,152.7295,151.7509,152.1127,2837700
2016-07-22,152.1291,152.5979,151.9318,152.5485,3078300
2016-07-25,152.3512,152.3758,151.6111,151.9729,2316600
2016-07-26,151.8084,152.1455,151.0601,151.8002,4744400
2016-07-27,152.2444,152.3595,151.3974,151.7839,4146700
2016-07-28,151.5371,151.8496,150.9121,151.6193,2906300
2016-07-29,151.1836,151.7181,150.9286,151.4138,4207300
2016-08-01,151.5947,151.7345,150.7971,151.2000,3295900
2016-08-02,151.0601,151.2081,149.9171,150.4598,5139500
2016-08-03,150.3613,150.8382,150.2462,150.7807,3008200
2016-08-04,150.8957,151.2165,150.6079,150.8546,2368900
2016-08-05,151.6359,152.3595,150.8382,152.3430,4187700
2016-08-08,152.5404,152.7048,152.1457,152.3595,2076700
2016-08-09,152.4417,152.8364,152.1786,152.4170,1903800
2016-08-10,152.4581,152.7706,151.9976,152.2278,1618300
2016-08-11,152.7047,153.4284,152.6225,153.1981,2188700
2016-08-12,153.0666,153.1571,152.5568,152.8693,2514300
2016-08-15,153.2804,153.6751,153.2228,153.3791,1561500
2016-08-16,153.0913,153.2558,152.7213,152.7542,1614100
2016-08-17,152.7624,153.1407,152.2032,153.0338,2952000
2016-08-18,152.9269,153.2887,152.7213,153.2311,2571800
2016-08-19,152.9141,153.2029,152.4355,152.9306,2368500
2016-08-22,152.6253,153.0874,152.2209,152.7656,3152400
2016-08-23,153.2443,153.5991,152.8729,152.9142,1647900
2016-08-24,152.7161,152.8316,152.0807,152.3860,1882900
2016-08-25,152.0724,152.4933,151.9239,152.1467,2034900
2016-08-26,152.3531,153.1123,151.1317,151.6929,3403500
2016-08-29,151.7011,152.6996,151.7011,152.5263,2229800
2016-08-30,152.6089,152.7904,151.8579,152.2623,1866700
2016-08-31,152.0477,152.1384,151.2389,151.7918,1876400
2016-09-01,151.6186,152.0725,150.9337,151.9240,3003500
2016-09-02,152.6172,153.0133,152.1055,152.5511,2652800
2016-09-06,152.7573,153.0709,152.2126,152.9306,2152300
2016-09-07,152.9719,152.9966,152.4850,152.9306,1803600
2016-09-08,152.4026,152.7575,152.2376,152.5182,2229900
2016-09-09,151.4865,151.6350,149.2914,149.2914,8242600
2016-09-12,148.6148,151.5443,148.4827,151.2638,7056100
2016-09-13,150.2405,150.4550,148.8541,149.2007,7477500
2016-09-14,149.2338,149.9765,148.5488,148.8954,2990400
2016-09-15,148.8459,150.7026,148.7304,150.4056,3932400
2016-09-16,150.0699,150.0699,149.1935,149.6317,2844300
2016-09-19,150.3840,150.7478,149.3836,149.6399,2260400
2016-09-20,150.3262,150.5163,149.6812,149.6978,1997800
2016-09-21,150.2022,151.1778,149.6234,151.0290,4496500
2016-09-22,151.8558,152.3519,151.5747,151.8558,2323500
2016-09-23,151.6491,151.7400,150.7230,150.8305,1741500
2016-09-26,150.0782,150.1112,149.3092,149.4498,2639800
2016-09-27,149.3091,150.5990,149.0280,150.4832,3717300
2016-09-28,150.7809,151.5002,150.0863,151.3927,6413000
2016-09-29,151.1612,151.6573,149.3670,149.8383,3376400
2016-09-30,150.5907,151.6739,150.4584,151.1282,4583000
2016-10-03,150.7395,150.9544,150.3012,150.7477,1987600
2016-10-04,150.9958,151.2521,149.6068,150.0532,2811200
2016-10-05,150.6156,151.3267,150.5742,151.0290,1818200
2016-10-06,150.7644,151.0951,150.0450,150.9132,2368100
2016-10-07,151.1447,151.3018,149.9210,150.6651,2527700
2016-10-10,150.6652,152.0129,150.6652,151.4093,1879100
2016-10-11,151.1943,151.2191,149.2016,149.8217,3949800
2016-10-12,149.6564,150.3179,149.3753,149.9624,1920200
2016-10-13,148.9371,149.8383,148.3583,149.5241,3460100
2016-10-14,150.4833,150.8636,149.8301,149.8962,2698100
2016-10-17,149.7970,150.0781,149.2016,149.4249,1801800
2016-10-18,150.4337,150.5660,149.7556,149.9624,1720700
2016-10-19,150.3592,150.8222,150.1277,150.4832,1503700
2016-10-20,150.2517,150.8553,149.8383,150.1029,2359600
2016-10-21,149.4739,150.1774,149.1677,149.9870,5607600
2016-10-24,150.9305,151.0464,150.3429,150.5995,1905700
2016-10-25,150.4836,150.7733,150.0119,150.2022,3351100
2016-10-26,149.4739,150.7319,149.2670,150.4423,5375400
2016-10-27,150.8808,150.9222,149.9952,150.2435,2027100
2016-10-28,150.4836,150.8974,149.5318,150.1029,3726600
2016-10-31,150.2850,150.3843,149.8463,149.9456,1415600
2016-11-01,150.2353,150.2353,148.2655,149.0766,3622300
2016-11-02,148.6959,149.1511,148.1910,148.4393,3552700
2016-11-03,148.7290,148.8863,148.0172,148.2407,1966900
2016-11-04,148.2406,148.7041,147.8517,147.9096,4337500
2016-11-07,149.9456,151.0050,149.8463,150.9305,3402400
2016-11-08,150.7981,152.3210,150.6491,151.7747,3437500
2016-11-09,150.5746,154.3984,150.4257,153.9101,8363900
2016-11-10,154.6302,156.2772,154.2329,155.7061,8748100
2016-11-11,155.5571,156.1199,155.1102,155.9875,5003800
2016-11-14,156.5173,156.7490,155.7641,156.2359,4796400
2016-11-15,156.2275,156.7159,155.7144,156.7076,3750000
2016-11-16,156.2524,156.5752,156.0372,156.4097,3459100
2016-11-17,156.5007,156.6993,156.2110,156.6745,4211200
2016-11-18,156.7849,156.8347,156.3035,156.4197,4359200
2016-11-21,156.7683,157.2081,156.5359,157.1500,2999100
2016-11-22,157.6315,157.9054,157.2166,157.7146,2756300
2016-11-23,157.6397,158.2290,157.5899,158.1875,2465900
2016-11-25,158.6025,158.8100,158.5112,158.7768,1547100
2016-11-28,158.4697,158.7021,158.1294,158.3452,3159600
2016-11-29,158.3867,158.8764,158.2622,158.6855,2264900
2016-11-30,159.3330,159.5654,158.8101,158.8599,4774600
2016-12-01,159.2250,159.4906,159.0009,159.2748,8323900
2016-12-02,159.2831,159.3412,158.8847,159.1420,2773600
2016-12-05,159.7562,160.0052,159.2665,159.5404,2925600
2016-12-06,159.4907,159.8310,159.2500,159.7646,2669400
2016-12-07,159.7479,162.4204,159.7064,162.2461,7241300
2016-12-08,162.5367,163.3418,162.1881,162.9102,7032100
2016-12-09,163.0429,164.1053,162.9848,164.0804,4392300
2016-12-12,164.2049,164.6614,164.0721,164.4041,3791700
2016-12-13,165.1345,165.7652,164.8689,165.3586,5357500
2016-12-14,165.1429,165.8567,164.0141,164.4540,7456100
2016-12-15,164.7859,165.7321,164.6199,164.8855,6033000
2016-12-16,165.2781,165.5027,164.6459,164.8539,4467700
2016-12-19,164.9454,165.4445,164.8706,165.1950,2729400
2016-12-20,165.6608,166.0351,165.5776,165.8771,3062600
2016-12-21,165.8854,166.0351,165.6441,165.6608,2523500
2016-12-22,165.6109,165.6691,165.1783,165.5027,2250900
2016-12-23,165.4946,165.5778,165.3033,165.5694,1374200
2016-12-27,165.6608,165.9768,165.6358,165.7024,2340700
2016-12-28,165.9602,165.9935,164.6959,164.7624,3818100
2016-12-29,164.6876,165.1285,164.3882,164.6876,3018700
2016-12-30,164.9039,164.9206,163.7976,164.2884,4277400
2017-01-03,165.4528,165.6109,164.2634,165.0452,6669800
2017-01-04,165.3280,165.8271,165.1950,165.6524,4823200
2017-01-05,165.4861,165.7523,164.6127,165.3197,4124500
2017-01-06,165.3031,166.2180,164.8373,165.9519,4322600
2017-01-09,165.6026,165.7523,165.3198,165.3281,2303500
2017-01-10,165.2948,165.8687,164.8706,165.0286,3029200
2017-01-11,165.2200,166.0019,164.8207,165.8022,5209800
2017-01-12,165.4279,165.4528,164.3049,165.3197,3865200
2017-01-13,165.4527,165.8187,164.9620,165.2781,3468900
2017-01-17,164.9205,165.2366,164.3549,164.7708,3329800
2017-01-18,164.7625,164.8872,164.1137,164.6543,4634800
2017-01-19,164.7208,164.8290,163.6062,164.0970,3050900
2017-01-20,164.4658,165.0237,164.2826,164.8238,6999000
2017-01-23,164.7406,164.9487,164.0578,164.6740,3249700
2017-01-24,164.6823,165.8729,164.5407,165.5565,5205800
2017-01-25,166.5306,166.9803,166.3142,166.8720,4880800
2017-01-26,167.0219,167.3300,166.8721,167.1219,3999700
2017-01-27,167.0969,167.2467,166.8970,167.0469,3576500
2017-01-30,166.3809,166.4392,165.2069,166.0062,4718000
2017-01-31,165.4566,165.5981,164.4908,165.1569,4628100
2017-02-01,165.7980,166.0228,165.0237,165.3817,3676900
2017-02-02,164.9904,165.6648,164.8738,165.3651,2640600
2017-02-03,166.1727,166.9970,166.0561,166.8388,4857300
2017-02-06,166.5474,167.1053,166.3393,166.7556,2770900
2017-02-07,167.2634,167.6048,166.8804,167.0053,2606300
2017-02-08,166.9387,167.0969,166.6472,166.9470,2291500
2017-02-09,167.2052,168.2792,167.1635,167.9545,3487600
2017-02-10,168.4374,169.0202,168.2459,168.8037,2880300
2017-02-13,169.2866,170.2441,169.2866,170.0193,2637400
2017-02-14,169.9028,170.8353,169.8112,170.8270,3586600
2017-02-15,171.0102,171.9260,170.9269,171.8345,3646000
2017-02-16,171.9760,172.1176,171.3932,171.9177,4589600
2017-02-17,171.1755,171.9185,171.1671,171.8851,5747700
2017-02-21,172.4529,173.0707,172.3360,172.8787,3076400
2017-02-22,172.5948,173.2627,172.5196,173.1959,2254400
2017-02-23,173.7053,173.7804,172.9956,173.5049,3179900
2017-02-24,172.8870,173.6134,172.8787,173.5967,3703900
2017-02-27,173.4296,173.9639,173.3294,173.8971,3433700
2017-02-28,173.7470,173.9140,173.3880,173.6385,2821900
2017-03-01,175.2581,176.6524,175.2247,176.1765,7846100
2017-03-02,176.3184,176.3184,175.1913,175.2330,3336900
2017-03-03,175.3749,175.5920,174.8322,175.2497,2589000
2017-03-06,174.7070,175.1328,174.5067,174.8907,2524700
2017-03-07,174.6653,175.0410,174.4732,174.6319,2741000
2017-03-08,174.9742,174.9992,174.0140,174.1643,3173100
2017-03-09,174.2730,174.5652,173.5466,174.2145,4430100
2017-03-10,175.0660,175.0744,173.9557,174.6152,3004000
2017-03-13,174.5985,174.7738,174.1477,174.4399,2261800
2017-03-14,174.1310,174.3898,173.6384,174.1059,4433000
2017-03-15,174.3480,175.2497,174.2479,174.9742,5737000
2017-03-16,175.4668,175.4668,174.5317,174.8573,3018400
2017-03-17,175.2739,175.2739,174.6883,174.7134,2873200
2017-03-20,174.7052,175.0565,174.4626,174.6717,3308600
2017-03-21,175.1066,175.1902,172.5301,172.6138,6192400
2017-03-22,172.2876,172.7979,171.9028,172.6640,3898500
2017-03-23,172.3461,173.4085,172.2457,172.5803,3840000
2017-03-24,172.8062,173.0739,171.4845,172.1119,4052700
2017-03-27,170.7986,171.9111,170.4891,171.6769,4559600
2017-03-28,171.5514,173.2161,171.4092,172.9484,3538000
2017-03-29,172.7644,172.7895,172.2792,172.5803,2323900
2017-03-30,172.5720,173.3751,172.4465,173.1241,2849200
2017-03-31,172.9233,173.0990,172.5720,172.6054,4179600
2017-04-03,172.7560,172.8480,171.3841,172.5302,4436100
2017-04-04,172.3378,172.9651,172.1621,172.8647,2555400
2017-04-05,173.6510,174.5377,172.4548,172.5385,4110400
2017-04-06,172.6974,173.4001,172.2541,172.6974,3186900
2017-04-07,172.4799,173.2161,172.2290,172.6389,2609300
2017-04-10,172.7309,173.4252,172.2792,172.6473,2395200
2017-04-11,172.5051,172.6724,171.4344,172.5971,3511500
2017-04-12,172.5720,172.5720,171.7774,172.0450,2181700
2017-04-13,171.7689,172.2708,170.9491,170.9575,3605200
2017-04-17,171.4259,172.5385,171.3674,172.4632,2260900
2017-04-18,171.7857,172.1621,170.9994,171.5515,2497900
2017-04-19,171.7021,171.7356,170.3469,170.5226,3606400
2017-04-20,170.9408,172.4967,170.7902,172.0700,3873700
2017-04-21,172.0634,172.2476,171.4438,171.8457,3034800
2017-04-24,173.5871,173.8383,173.3359,173.6290,3220200
2017-04-25,174.9435,175.8058,174.8514,175.5547,3483600
2017-04-26,175.6635,176.1826,175.3537,175.3788,2865300
2017-04-27,175.5966,175.6301,175.0356,175.4543,1951700
2017-04-28,175.5128,175.5128,174.9602,175.0523,1934000
2017-05-01,175.3956,175.3956,174.7342,174.9184,1886000
2017-05-02,175.0691,175.2365,174.7760,175.0942,1359700
2017-05-03,175.0943,175.3790,174.5417,175.1696,1829400
2017-05-04,175.5296,175.5296,174.3155,175.1444,2640100
2017-05-05,175.0440,175.6384,174.7844,175.6301,1673800
2017-05-08,175.5714,175.8393,175.4291,175.7556,2311000
2017-05-09,175.9398,176.0905,175.1695,175.5044,1570100
2017-05-10,175.1444,175.6635,174.9016,175.3872,1394300
2017-05-11,175.1026,175.3621,174.2318,175.2198,3093700
2017-05-12,174.9603,175.2199,174.8347,174.9938,1575100
2017-05-15,175.3203,175.9315,175.3203,175.7640,1818500
2017-05-16,176.0905,176.2077,175.3705,175.7807,1746600
2017-05-17,174.2486,174.6421,172.7834,172.8672,5717400
2017-05-18,172.4988,174.1147,172.3565,173.2775,6653800
2017-05-19,173.6116,174.9215,173.4688,174.4681,4892800
2017-05-22,174.9301,175.3919,174.9301,175.2072,2246200
2017-05-23,175.5849,175.7948,175.2406,175.6017,3457500
2017-05-24,175.7697,176.3071,175.5682,176.1896,3479500
2017-05-25,176.7773,177.1132,176.5925,176.8277,2198200
2017-05-26,176.7941,176.9453,176.6094,176.7941,1152200
2017-05-30,176.5171,176.7774,176.3156,176.5171,1066600
2017-05-31,176.6849,176.6849,175.7696,176.3406,1577500
2017-06-01,176.5674,177.5163,176.2651,177.5163,1827900
2017-06-02,177.5582,178.1964,177.4071,177.9445,2314000
2017-06-05,177.9025,178.1964,177.7178,177.9025,1923000
2017-06-06,177.4576,177.8355,177.3233,177.4912,2094800
2017-06-07,177.7598,177.9530,177.2980,177.7850,1545800
2017-06-08,177.7010,178.6079,177.5079,177.9025,2030300
2017-06-09,178.1460,178.9186,177.6758,178.5827,4271100
2017-06-12,178.4064,178.6751,177.9193,178.3560,3682300
2017-06-13,178.6919,179.1873,178.6499,179.1705,2426500
2017-06-14,179.5148,179.6996,178.8430,179.5652,5423100
2017-06-15,178.7675,179.5317,178.6500,179.4393,2571800
2017-06-16,179.4678,179.6781,179.0388,179.6613,2372000
2017-06-19,180.3344,180.8812,180.0988,180.8055,2103300
2017-06-20,180.7803,180.9317,180.3428,180.3681,1762100
2017-06-21,180.5783,180.5783,179.7286,179.9389,2129400
2017-06-22,180.0988,180.2755,179.7455,179.8044,2697100
2017-06-23,179.5605,179.9895,179.2408,179.8128,1346800
2017-06-26,180.2755,180.6709,179.6361,179.9222,1940400
2017-06-27,179.7876,180.1410,179.0809,179.1314,1981600
2017-06-28,179.1314,180.4774,179.1314,180.2335,4693700
2017-06-29,180.4690,180.4942,178.0966,178.8622,4372600
2017-06-30,179.3164,180.0231,179.1650,179.3922,2216600
2017-07-03,179.9893,181.1924,179.9305,180.4436,2134700
2017-07-05,180.6540,180.7298,179.8885,180.5194,1799000
2017-07-06,180.1072,180.2418,179.1397,179.3080,2297500
2017-07-07,179.6445,180.1661,179.5436,180.0736,1326500
2017-07-10,179.7623,180.3260,179.6445,180.0231,1156300
2017-07-11,179.9558,180.2755,178.9210,180.0147,1577600
2017-07-12,180.8559,181.4616,180.7802,181.0662,2103300
2017-07-13,181.1251,181.3438,180.8727,181.2597,1587400
2017-07-14,181.1251,182.2861,180.9653,181.9327,2395500
2017-07-17,181.9832,182.1262,181.7476,181.8990,2291000
2017-07-18,181.4280,181.5542,180.5615,181.4616,2247500
2017-07-19,181.6215,182.0001,181.4280,181.9833,1785800
2017-07-20,182.1935,182.2019,181.4700,181.8738,1372000
2017-07-21,181.2304,181.5336,180.8683,181.5168,2217300
2017-07-24,181.5000,181.5000,180.8010,181.1463,1459600
2017-07-25,182.3337,182.3506,181.4831,181.7947,1924200
2017-07-26,182.5948,182.8895,182.3842,182.5948,2041000
2017-07-27,182.9907,183.3865,182.4433,183.3612,3202400
2017-07-28,183.2012,183.7318,183.0075,183.6139,2305000
2017-07-31,184.1445,184.4645,184.0098,184.1866,1765000
2017-08-01,185.0625,185.1130,184.5656,184.7509,2307100
2017-08-02,185.1382,185.3908,184.8097,185.1887,3063300
2017-08-03,185.2224,185.4751,185.0456,185.3319,2496400
2017-08-04,185.8203,185.8456,185.3066,185.7614,1877700
2017-08-07,185.9130,186.1067,185.7867,185.9973,1902800
2017-08-08,185.9551,186.6962,185.6519,185.8624,3623900
2017-08-09,185.5593,185.7951,185.2476,185.7024,3555800
2017-08-10,185.1214,185.1972,184.0602,184.1024,7832600
2017-08-11,184.2371,184.6246,184.0350,184.1866,4944500
2017-08-14,185.1803,185.5256,185.1214,185.2561,2605000
2017-08-15,185.7698,185.7698,185.1634,185.4161,1835700
2017-08-16,185.8709,186.2078,185.5172,185.6772,2476100
2017-08-17,185.2814,185.3403,183.4033,183.4370,3535800
2017-08-18,183.1913,183.7570,182.4821,182.8030,4468500
2017-08-21,182.7439,183.1323,182.1276,182.9803,3467200
2017-08-22,183.5459,184.7616,183.4530,184.6265,2423200
2017-08-23,184.0524,184.4323,183.9089,183.9764,3660200
2017-08-24,184.5083,184.5083,183.5881,183.7570,1934400
2017-08-25,184.2635,184.8291,184.0440,184.0777,2373300
2017-08-28,184.4661,184.5336,183.6472,183.9933,1425000
2017-08-29,182.9296,184.6856,182.8789,184.5421,2013300
2017-08-30,184.6772,185.0233,184.3732,184.8291,1804100
2017-08-31,185.3357,185.6396,184.9896,185.3273,2173000
2017-09-01,185.8422,186.0786,185.5890,185.6649,2150200
2017-09-05,185.3357,185.3357,183.3517,183.7654,3828600
2017-09-06,184.4999,184.5675,184.0778,184.2551,1915500
2017-09-07,184.4408,184.6518,183.7738,184.1368,1982800
2017-09-08,183.7147,184.6011,183.6387,184.2466,2135800
2017-09-11,185.3779,186.4838,185.3779,186.3741,3019300
2017-09-12,186.8553,187.0579,186.6358,186.9313,2072900
2017-09-13,186.8723,187.2437,186.7456,187.2184,1720800
2017-09-14,187.1254,187.7840,187.1001,187.6911,1893700
2017-09-15,187.9178,188.2900,187.7317,188.1885,2377700
2017-09-18,188.5861,188.9837,188.3746,188.7891,1827300
2017-09-19,188.9668,189.2206,188.8484,189.1445,2042800
2017-09-20,189.1361,189.4576,188.6116,189.4153,1819900
2017-09-21,189.4152,189.4745,188.9838,189.0515,1741400
2017-09-22,188.8400,189.0430,188.5016,188.8230,2448400
2017-09-25,188.7468,189.0175,187.7993,188.5015,2844300
2017-09-26,188.7046,189.0768,188.3324,188.3916,1314500
2017-09-27,188.9922,189.0938,188.1040,188.7554,2381500
2017-09-28,188.6285,189.3053,188.4001,189.1615,1462800
2017-09-29,188.9837,189.3898,188.7638,189.3475,2415800
2017-10-02,189.6606,190.6758,189.5168,190.5489,2611200
2017-10-03,190.9718,191.4286,190.8618,191.3948,2510000
2017-10-04,191.5217,191.7670,191.3440,191.5386,1746900
2017-10-05,191.7078,192.5961,191.5725,192.5792,2258500
2017-10-06,192.3254,192.5708,192.2324,192.5031,2090300
2017-10-09,192.7907,192.8499,192.3254,192.4861,1006800
2017-10-10,193.0614,193.2475,192.5792,193.1037,1417700
2017-10-11,193.1544,193.4251,193.0275,193.3997,1423600
2017-10-12,193.2983,193.5690,193.0106,193.1629,1307300
2017-10-13,193.4843,193.7043,193.3151,193.5012,1744300
2017-10-16,193.7890,194.1781,193.5690,194.1105,2373400
2017-10-17,194.3303,194.5418,194.1696,194.4488,1838000
2017-10-18,195.4217,195.9969,195.3455,195.8108,2720500
2017-10-19,195.2863,195.9800,195.0155,195.9715,2305400
2017-10-20,196.8207,197.3795,196.3297,197.3795,3275700
2017-10-23,197.7606,197.7606,196.9393,196.9732,2325100
2017-10-24,198.2092,198.7087,198.0822,198.3616,3300500
2017-10-25,198.4972,198.4972,196.7193,197.4050,3813300
2017-10-26,198.0400,198.4718,197.9045,197.9892,2581500
2017-10-27,198.0738,198.3956,197.5743,198.2601,2944200
2017-10-30,197.7098,198.2347,197.3965,197.5489,2672500
2017-10-31,197.8113,198.0399,197.4388,197.8029,1772000
2017-11-01,198.6241,198.9797,197.8875,198.2770,2675700
2017-11-02,198.2939,199.1067,197.5404,198.9289,2459400
2017-11-03,199.2676,199.2930,198.6580,199.1152,2574400
2017-11-06,199.1575,199.4623,199.0390,199.3099,2549900
2017-11-07,199.5555,199.7079,198.7004,199.3184,2390700
2017-11-08,199.2760,199.4792,198.9374,199.3522,1531900
2017-11-09,198.5309,199.1998,197.4049,198.7257,4225200
2017-11-10,198.4971,198.6834,198.2008,198.4802,2506600
2017-11-13,197.8283,198.7766,197.8029,198.6750,2452400
2017-11-14,198.0907,198.4124,197.1932,198.3531,2566500
2017-11-15,197.4049,197.8367,196.9731,197.2356,2823600
2017-11-16,198.3024,199.1998,198.2770,198.8866,2933400
2017-11-17,198.3961,198.5658,198.0481,198.0735,3483300
2017-11-20,198.3027,198.9053,198.0990,198.7186,2056600
2017-11-21,199.5842,200.2801,199.5248,200.0595,2749900
2017-11-22,200.3395,200.3395,199.3974,199.5841,2860800
2017-11-24,199.9152,200.1783,199.7879,199.8389,1435500
2017-11-27,199.8643,200.5687,199.7709,200.0595,2329500
2017-11-28,200.5602,202.3594,200.4838,202.2746,4844500
2017-11-29,202.9619,203.3862,202.6394,203.1911,3376100
2017-11-30,204.2604,206.6452,204.0313,206.0936,6586400
2017-12-01,206.3481,206.6027,203.1826,205.7625,9772700
2017-12-04,207.9353,208.4105,206.2888,206.3228,6565800
2017-12-05,206.8914,206.8999,205.1856,205.3893,4925600
2017-12-06,205.1431,205.8136,204.9988,205.0582,3976100
2017-12-07,204.7102,206.1190,204.6169,205.6862,2718300
2017-12-08,206.3907,206.7641,205.8730,206.7556,2704300
2017-12-11,206.8828,207.2817,206.6537,207.2223,1857800
2017-12-12,207.8673,208.6651,207.7570,208.3002,3282400
2017-12-13,208.5124,209.6157,208.4784,209.0301,3748700
2017-12-14,209.5307,209.6835,208.3256,208.4104,4713300
2017-12-15,209.4321,209.8489,209.1003,209.4661,5862800
2017-12-18,210.9632,211.4141,210.5549,210.7761,3285700
2017-12-19,211.2184,211.2439,210.0530,210.4443,2773600
2017-12-20,211.2354,211.2950,209.8999,210.1636,2401400
2017-12-21,210.7251,211.2014,210.4614,210.6655,2446700
2017-12-22,210.5974,210.6229,210.0785,210.4443,1847000
2017-12-26,210.0530,210.6059,210.0020,210.3167,2156700
2017-12-27,210.2316,210.6910,210.1891,210.5123,2930300
2017-12-28,210.9036,211.1163,210.7590,211.0652,2743300
2017-12-29,211.4395,211.4735,210.2486,210.4273,2951800
2018-01-02,211.2439,211.3545,210.2997,210.9717,4454900
2018-01-03,211.2269,211.9925,211.0143,211.7628,5528600
2018-01-04,212.6219,213.4385,212.3327,213.1663,4932900
2018-01-05,213.8299,215.0803,213.4811,214.9697,3349200
2018-01-08,214.9951,215.1822,214.5443,214.8590,3847500
2018-01-09,215.3779,216.3051,214.9696,215.9053,5031400
2018-01-10,215.3525,215.9989,214.7400,215.7352,2357600
2018-01-11,216.0584,217.4789,215.9308,217.4279,2760400
2018-01-12,218.2955,219.4354,218.1679,219.3843,3678400
2018-01-16,221.3918,221.8002,218.5338,219.2993,8102900
2018-01-17,220.5327,222.1744,219.9203,222.0809,6144400
2018-01-18,222.2170,222.2851,220.6349,221.2983,4860200
2018-01-19,221.3272,221.7528,220.6634,221.7443,4057600
2018-01-22,221.0293,222.9954,220.9698,222.9698,3359900
2018-01-23,222.8421,223.2336,222.3655,222.8761,3483300
2018-01-24,223.8380,224.4848,222.0251,223.4720,7106400
2018-01-25,224.3315,225.0209,223.3443,224.4762,5918900
2018-01-26,224.9614,226.3317,224.7316,226.3147,3861700
2018-01-29,226.0167,226.3060,224.7911,224.8251,4605600
2018-01-30,222.5442,223.3613,221.3612,221.8123,9409500
2018-01-31,223.8379,223.9741,221.5315,222.5102,5360500
2018-02-01,221.2421,223.7528,221.0889,222.6634,5182000
2018-02-02,220.9527,221.1570,216.7993,216.9696,9486600
2018-02-05,214.6631,217.0462,203.4627,207.0458,19888200
2018-02-06,202.8329,212.2034,202.1690,211.8885,20493100
2018-02-07,211.2758,215.1483,210.7056,211.7184,12657100
2018-02-08,211.8885,211.9907,202.9861,203.1308,15829100
2018-02-09,205.4628,207.6927,198.9519,205.9905,19858000
2018-02-12,207.6928,210.9439,206.8672,209.5141,10458400
2018-02-13,208.2800,210.4333,207.9481,209.8545,6234000
2018-02-14,208.6630,212.3397,208.5523,212.1780,5764000
2018-02-15,214.1524,214.9014,211.4885,214.9014,6111500
2018-02-16,214.5388,216.8342,214.3426,214.9911,6399000
2018-02-20,213.6940,214.6753,212.1155,212.7640,8685200
2018-02-21,212.9773,215.4603,211.3646,211.3732,5894800
2018-02-22,212.1496,214.4790,212.0643,212.8834,6342300
2018-02-23,213.9927,215.8358,213.3613,215.8017,5119000
2018-02-26,217.0047,219.4451,216.6975,219.2232,6120900
2018-02-27,219.3769,220.0254,216.6635,216.6976,7219200
2018-02-28,217.7386,218.2420,213.4893,213.4893,5299300
2018-03-01,213.4978,214.9143,208.5147,209.8885,8144800
2018-03-02,207.8150,209.8373,206.6290,209.3509,6393400
2018-03-05,208.0624,213.0029,208.0283,212.3288,4891000
2018-03-06,213.4722,213.4722,210.8015,212.3288,4408500
2018-03-07,209.7861,212.1070,209.3936,211.7059,5362600
2018-03-08,212.5763,213.0712,210.9466,212.5848,5846600
2018-03-09,214.1207,216.3563,213.6088,216.3563,3904000
2018-03-12,216.7744,217.3461,214.7692,214.9911,5512800
2018-03-13,215.9638,216.7062,213.0200,213.5064,6100900
2018-03-14,214.5217,214.7009,210.6905,211.5097,6222800
2018-03-15,212.3289,214.0013,211.4415,212.4654,5069600
2018-03-16,212.4859,213.8194,212.2893,212.9389,3430100
2018-03-19,212.2551,212.3235,208.8529,210.2120,5739500
2018-03-20,210.7078,211.8704,210.5625,211.2293,3258400
2018-03-21,211.2634,213.4091,210.5625,210.8189,4341400
2018-03-22,208.6563,209.4598,204.4505,204.6129,7449700
2018-03-23,205.1429,205.9293,200.7576,200.9969,7598700
2018-03-26,204.3308,206.9979,202.7664,206.7158,6589700
2018-03-27,207.7672,208.8016,202.4672,203.6982,6513100
2018-03-28,204.3393,205.7754,202.6382,203.6896,7983700
2018-03-29,204.7923,207.6731,204.3564,206.3567,6614500
2018-04-02,205.4421,206.0405,199.3471,201.8689,9217400
2018-04-03,202.9203,205.3737,202.0826,205.2882,9874500
2018-04-04,200.9285,207.6390,200.8345,207.2629,6437500
2018-04-05,208.4084,210.3660,208.0494,209.3573,4786400
2018-04-06,207.1262,208.7931,202.8007,204.4164,6985500
2018-04-09,206.1515,208.2715,204.6727,204.9291,5052000
2018-04-10,208.0237,209.4341,207.0406,208.5878,5977500
2018-04-11,206.9808,208.2203,206.3482,206.7670,4733100
2018-04-12,208.2886,210.1350,208.1005,209.2717,4742400
2018-04-13,210.6480,210.6822,207.1517,208.2203,5222500
2018-04-16,209.5367,210.8617,209.1948,209.9641,4018400
2018-04-17,212.1268,212.4089,211.3746,211.8276,3821900
2018-04-18,211.8961,212.1867,211.2122,211.4687,3645600
2018-04-19,211.0753,211.6395,209.8529,210.7761,3721800
2018-04-20,210.7180,210.9661,208.3403,209.1015,3396500
2018-04-23,209.5976,209.7002,207.9554,208.9903,2491000
2018-04-24,209.8799,210.0253,203.6619,205.3468,7088900
2018-04-25,205.5178,206.4073,203.6362,205.8685,5269200
2018-04-26,206.4928,208.5883,206.2277,207.9383,3845800
2018-04-27,207.8101,208.2121,206.7837,207.7930,3209800
2018-04-30,208.7766,209.4095,206.5613,206.5870,3475700
2018-05-01,205.8601,206.0311,203.4824,205.9199,4396600
2018-05-02,205.7915,206.7238,204.1750,204.5086,2729400
2018-05-03,203.4909,205.1245,201.0960,204.5001,6177500
2018-05-04,203.6534,208.0239,203.2856,207.4252,3600900
2018-05-07,208.2634,209.2640,207.3995,208.1949,2983800
2018-05-08,207.9811,208.6739,206.8436,208.1949,2927200
2018-05-09,208.8877,210.2733,208.0153,209.8884,3670500
2018-05-10,210.4016,212.2063,210.3760,211.6503,3877800
2018-05-11,211.8556,212.9162,211.5820,212.5741,3293500
2018-05-14,213.3181,213.9937,212.8391,213.1983,4286300
2018-05-15,212.1721,212.2661,210.8207,211.5220,4755900
2018-05-16,211.4109,212.3517,211.2313,212.0866,2034400
2018-05-17,211.9411,212.8734,211.1543,211.8898,2058200
2018-05-18,211.8272,212.3075,211.3555,211.8530,2408800
2018-05-21,213.7569,215.0006,213.7484,214.3745,4060300
2018-05-22,214.7434,214.7948,212.6420,212.8650,2329300
2018-05-23,211.7071,213.3110,211.3983,213.2510,3489400
2018-05-24,212.8221,213.0794,210.8665,212.6334,3448100
2018-05-25,212.2047,212.7965,211.6043,212.1703,4207000
2018-05-29,210.4634,211.1753,207.8303,208.8080,6439600
2018-05-30,210.2833,211.9902,209.7773,211.5956,4185900
2018-05-31,210.9952,211.0123,208.8595,209.4342,5357800
2018-06-01,211.1153,211.7071,210.6950,211.3040,3565300
2018-06-04,212.4704,213.2852,212.3160,212.8821,3062500
2018-06-05,212.8479,213.1223,211.9902,212.8393,2816400
2018-06-06,213.7742,215.7383,213.1824,215.7298,4102500
2018-06-07,216.3301,217.3165,215.9184,216.5960,4286800
2018-06-08,216.1071,217.3508,215.9442,217.2307,4451000
2018-06-11,217.5309,217.9941,217.0163,217.3336,4200200
2018-06-12,217.6338,217.6595,216.6217,217.2564,6531000
2018-06-13,217.3593,217.6424,216.1671,216.2958,3819000
2018-06-14,217.1363,217.4451,215.7469,216.1328,5007000
2018-06-15,214.9785,215.7773,213.6900,215.3822,6340800
2018-06-18,213.7158,214.6606,213.1488,214.5146,4075500
2018-06-19,211.8259,212.3670,210.9068,212.0664,5511100
2018-06-20,212.9941,213.0113,211.4136,211.7056,4711700
2018-06-21,211.1645,211.2590,209.5324,210.0220,4676600
2018-06-22,211.2418,211.7486,210.8295,211.0442,3584900
2018-06-25,209.7472,209.9361,206.7579,208.1409,9536000
2018-06-26,208.6648,209.3262,208.1065,208.4501,3829900
2018-06-27,208.9655,210.9498,207.0242,207.1187,6149300
2018-06-28,206.5603,208.6991,206.0105,207.9432,5524000
2018-06-29,209.1459,210.4172,208.3814,208.5017,3966200
2018-07-02,206.9469,208.7680,206.6892,208.5017,5700300
2018-07-03,209.6441,209.8503,207.3163,207.5826,3143800
2018-07-05,208.8453,209.3092,207.6084,209.2061,3294600
2018-07-06,208.9999,210.6233,208.5704,210.1080,3546000
2018-07-09,211.1215,213.0285,211.1043,212.8910,3679300
2018-07-10,213.4752,214.2998,213.4150,214.0851,3474700
2018-07-11,212.4616,213.1660,211.8603,212.2383,4409800
2018-07-12,213.9475,214.2653,213.1744,214.1451,3175400
2018-07-13,214.0936,215.1416,213.8273,214.9182,3018100
2018-07-16,215.0814,215.3906,214.6004,215.3219,1881400
2018-07-17,215.2189,216.0951,214.6606,215.8460,2960100
2018-07-18,215.9405,216.6105,215.6227,216.4902,2119600
2018-07-19,215.7944,216.1380,215.2704,215.4250,2537400
2018-07-20,214.8643,215.9136,214.7439,215.3976,2687800
2018-07-23,215.1997,215.5351,214.6923,215.2427,1792000
2018-07-24,216.1028,217.3069,215.9308,216.9199,5485300
2018-07-25,216.3694,218.5970,215.8190,218.4766,4687600
2018-07-26,218.9067,219.9044,218.8465,219.4227,4175000
2018-07-27,219.4141,219.8355,218.0121,218.6830,5852900
2018-07-30,218.9152,219.1388,217.3155,217.4875,4484200
2018-07-31,218.1928,219.0443,218.1154,218.6057,3743100
2018-08-01,218.3734,219.0099,217.2209,217.6940,3159000
2018-08-02,216.2662,217.9520,215.9050,217.6854,4132600
2018-08-03,217.6337,218.8894,217.6337,218.7948,2469400
2018-08-06,218.6486,219.5259,218.1412,219.1905,2305400
2018-08-07,220.1623,220.8332,219.8785,220.2827,2394500
2018-08-08,220.1537,220.2827,219.6463,219.8527,1876800
2018-08-09,219.9732,220.3775,219.3196,219.4572,1677300
2018-08-10,218.1841,218.3733,217.0832,217.8573,4796900
2018-08-13,218.0896,218.4250,216.4812,216.7737,3686700
2018-08-14,217.3929,218.0724,216.9371,217.7800,2815800
2018-08-15,216.6016,216.9112,214.8986,216.5328,5804000
2018-08-16,218.7776,220.5322,218.7002,220.1280,7919200
2018-08-17,219.9797,221.6086,219.8073,221.0829,3902500
2018-08-20,221.6000,222.1258,221.4794,221.8759,2930700
2018-08-21,222.3068,222.9704,222.1602,222.4274,3290900
2018-08-22,222.3672,222.5395,221.5484,221.6604,3850600
2018-08-23,221.3328,221.9879,220.6261,221.0657,2811900
2018-08-24,221.7121,222.5223,221.4966,222.2378,3631500
2018-08-27,223.4445,224.6511,223.4445,224.5908,4111600
2018-08-28,225.2114,225.2286,224.3926,224.6425,2713600
2018-08-29,224.7804,225.6164,224.4701,225.2372,2433900
2018-08-30,224.7287,225.0821,223.6169,224.0995,3867200
2018-08-31,223.7376,224.5133,223.2118,223.9617,3081800
2018-09-04,223.4185,224.0219,222.5480,223.8581,2945000
2018-09-05,223.4186,224.3581,223.1601,224.0219,3282400
2018-09-06,224.2116,224.9959,223.2636,224.3409,3878500
2018-09-07,223.5134,224.3839,222.7636,223.6944,3796400
2018-09-10,224.5392,224.6512,223.1084,223.1774,2247600
2018-09-11,222.4533,224.5304,222.2120,224.1167,3072900
2018-09-12,224.2202,225.6165,223.7290,224.3064,4971200
2018-09-13,225.3148,226.0043,224.9441,225.6250,2472300
2018-09-14,225.8233,226.2198,224.9700,225.7199,3077700
2018-09-17,225.5733,225.9784,224.6425,224.9355,2473500
2018-09-18,225.1683,227.1334,225.1080,226.5991,2998900
2018-09-19,226.7628,228.3917,226.7628,227.9005,4001000
2018-09-20,229.2623,230.3913,229.2536,230.1586,5247100
2018-09-21,231.0706,231.1224,230.2415,230.6992,3944500
2018-09-24,230.3192,230.3365,229.0842,229.2311,3778600
2018-09-25,229.7580,229.8357,228.4625,228.6352,1820400
2018-09-26,228.7042,229.5938,227.3742,227.8147,3365900
2018-09-27,228.2206,229.1879,227.6506,228.2206,2440100
2018-09-28,227.6247,228.8165,227.5729,228.3501,3288800
2018-10-01,229.8183,230.7251,229.5074,230.3624,5828100
2018-10-02,229.8268,231.4764,229.7750,231.0878,4553400
2018-10-03,232.1242,232.5646,231.1742,231.4160,5827700
2018-10-04,231.1915,231.2088,228.5055,229.9478,8720900
2018-10-05,230.0256,230.2674,227.0547,228.2811,7477100
2018-10-08,227.3569,229.0497,226.3465,228.7215,6236400
2018-10-09,228.3329,229.1447,227.2619,228.2033,4559100
2018-10-10,228.0392,228.1082,220.9226,221.1472,12292000
2018-10-11,219.9986,221.7259,214.9289,216.1467,15270300
2018-10-12,219.6790,219.8949,215.8530,218.7635,8634400
2018-10-15,218.3922,220.0072,217.9344,217.9344,5500900
2018-10-16,219.9036,222.9177,219.3508,222.7536,7099800
2018-10-17,221.8899,222.8399,219.9467,221.9331,6822400
2018-10-18,221.1904,221.8381,217.9172,219.0917,8694600
2018-10-19,219.7010,221.2133,218.9319,219.7788,6618300
2018-10-22,220.4269,220.7466,217.9467,218.6726,4662600
2018-10-23,215.2159,218.5776,213.9024,217.4887,7360500
2018-10-24,218.1196,218.5430,211.8802,212.2777,7624300
2018-10-25,213.7382,216.8492,212.8049,215.8468,5920200
2018-10-26,213.7813,215.2159,211.1283,213.0468,5882900
2018-10-29,214.9394,216.2530,208.3111,211.2666,6833300
2018-10-30,211.2407,215.1295,210.9382,214.9221,6151100
2018-10-31,216.8578,218.8282,216.3825,217.0739,5376400
2018-11-01,217.9035,219.3553,216.8319,219.2689,3267900
2018-11-02,220.6948,220.8849,216.5467,218.1714,6413400
2018-11-05,218.4997,220.3059,218.2059,219.9170,2833700
2018-11-06,219.9602,221.5590,219.7874,221.4293,2193300
2018-11-07,223.3565,226.2947,222.5269,226.2256,4462300
2018-11-08,226.0096,227.2540,225.5256,226.5022,4023400
2018-11-09,225.6898,225.9405,223.8578,224.7652,4386500
2018-11-12,224.4281,224.6182,219.2257,219.6924,10153000
2018-11-13,219.3553,220.6861,217.9726,218.6899,3937900
2018-11-14,220.3837,220.6171,215.7604,216.8320,5610300
2018-11-15,216.2183,219.5022,214.6196,218.8281,5667000
2018-11-16,218.1100,220.8560,217.7202,220.0677,4529500
2018-11-19,219.6866,219.8339,215.5547,216.4382,4249600
2018-11-20,213.4064,213.9002,210.9550,211.7952,7341100
2018-11-21,212.9560,213.6403,211.8645,211.9252,4257600
2018-11-23,210.7124,211.3881,210.2446,210.3313,1928000
2018-11-26,212.1157,213.7269,211.9511,213.4324,3435500
2018-11-27,212.3841,214.4198,211.4833,214.3938,2932000
2018-11-28,215.7971,219.8858,215.3380,219.8858,5132500
2018-11-29,219.6781,220.8648,218.4826,219.6694,3471100
2018-11-30,219.2448,221.6183,219.0109,221.3325,2991800
2018-12-03,225.3691,225.4817,222.6405,224.1218,9544200
2018-12-04,223.1776,223.5241,216.8887,217.1919,5376900
2018-12-06,213.4064,216.4469,210.3399,216.3170,8232800
2018-12-07,216.2649,217.7808,210.7470,211.6305,5963700
2018-12-10,211.3101,212.6527,207.2474,211.9771,6021000
2018-12-11,215.2082,215.2601,210.2013,211.5613,5646500
2018-12-12,214.2987,215.4854,212.7914,212.9906,3734800
2018-12-13,213.4583,214.7057,212.3755,213.3284,4455300
2018-12-14,211.4140,212.0810,208.6074,209.1272,6591200
2018-12-17,207.9317,209.1098,203.6092,204.8046,7036700
2018-12-18,206.5458,207.7326,204.1463,205.6103,5349600
2018-12-19,205.7748,208.9365,201.0278,202.1972,9545700
2018-12-20,201.4783,202.1540,196.5927,198.2732,11912800
2018-12-21,198.9125,201.9178,194.4307,194.6391,10242700
2018-12-24,193.2581,193.9616,189.2453,189.4364,7024000
2018-12-26,190.3830,198.6779,188.4548,198.6519,9761100
2018-12-27,195.8985,200.9623,193.2841,200.8667,7952000
2018-12-28,202.1262,203.0816,199.4857,200.1892,7266800
2018-12-31,201.7962,202.6039,200.6844,202.5518,5079600
2019-01-02,199.1383,203.2467,199.0254,202.6908,5319500
2019-01-03,200.8580,201.0057,196.6107,196.9234,7350200
2019-01-04,199.7724,204.2716,199.5378,203.4899,7343700
2019-01-07,203.9763,205.7482,202.3346,204.4279,5101600
2019-01-08,206.6689,207.2943,204.8014,206.6515,4845800
2019-01-09,207.5288,208.3539,206.5299,207.5201,4872000
2019-01-10,206.4083,208.5971,205.8872,208.4582,3052200
2019-01-11,207.4766,208.4060,206.6862,208.3539,2047200
2019-01-14,206.6602,208.1541,206.4083,207.5374,2330700
2019-01-15,207.5374,209.3528,207.4940,209.0140,3940300
2019-01-16,209.6394,210.9770,209.4483,210.0737,3718500
2019-01-17,209.5265,212.6360,209.3615,211.7587,4108400
2019-01-18,213.5180,215.0391,212.5271,214.7349,5393200
2019-01-22,213.2573,213.5963,210.6497,212.0838,5218500
2019-01-23,213.9526,214.6218,211.1972,213.5788,4330300
2019-01-24,213.3615,213.9960,212.1968,213.3615,2840400
2019-01-25,215.0304,216.0386,214.4132,215.0304,4110600
2019-01-28,212.7183,213.1529,211.3363,213.0399,3560300
2019-01-29,213.2572,214.3871,212.9095,213.5701,2432900
2019-01-30,215.9169,218.1681,215.3693,217.4554,5686200
2019-01-31,216.3863,217.6727,215.8561,217.4033,5649600
2019-02-01,217.8813,218.9070,217.0817,217.7162,3971400
2019-02-04,217.6727,219.3416,217.0208,219.3155,2576100
2019-02-05,220.2195,220.9496,219.7414,220.7410,3090500
2019-02-06,220.4542,221.0800,219.9501,220.6628,1913500
2019-02-07,219.3851,220.2021,217.4467,218.9505,3884800
2019-02-08,217.7423,218.4898,216.5428,218.4464,2942300
2019-02-11,219.1417,219.3155,217.6032,218.1160,2677600
2019-02-12,219.6632,221.5407,219.6197,221.2364,3080600
2019-02-13,222.1056,223.0009,221.7492,222.3403,2918200
2019-02-14,221.2451,222.6619,220.4454,221.7840,3811000
2019-02-15,223.2727,225.4604,223.2553,225.4342,4751100
2019-02-19,224.8329,226.1577,224.8329,225.5737,2744500
2019-02-20,225.5824,226.4017,225.1467,226.1751,2454000
2019-02-21,225.6870,225.9485,224.4320,225.3297,3197200
2019-02-22,225.9659,226.9682,225.7480,226.7591,3938500
2019-02-25,228.2232,228.6677,227.2645,227.3865,3585000
2019-02-26,226.5760,227.9182,226.2622,227.0815,3080200
2019-02-27,226.4541,226.9770,225.5389,226.4976,2777200
2019-02-28,226.4888,226.9333,225.7916,225.9833,2772900
2019-03-01,227.6131,227.9531,225.9397,226.9769,3676900
2019-03-04,227.9183,228.0752,223.2989,225.1118,4823900
2019-03-05,225.0595,225.6173,224.3361,225.0334,2107200
2019-03-06,225.0768,225.2599,223.5167,223.8828,3222000
2019-03-07,223.4732,223.5516,221.0414,222.0873,4104600
2019-03-08,220.4052,222.1658,220.2832,222.0002,5495800
2019-03-11,220.3791,223.8479,220.0392,223.7870,5469400
2019-03-12,223.3337,223.9699,222.6277,223.0025,6570500
2019-03-13,223.8567,224.9287,223.1333,224.3012,5272800
2019-03-14,224.2837,224.8154,223.6649,224.4667,3409600
2019-03-15,224.9777,226.3490,223.8859,225.6415,4225100
2019-03-18,225.2922,226.3229,225.0913,226.2093,2786200
2019-03-19,227.1875,227.9299,225.3446,226.1132,4761400
2019-03-20,225.7464,226.3665,224.0781,224.7245,4382600
2019-03-21,223.9297,227.0654,223.9035,226.7247,3800000
2019-03-22,225.2747,225.9036,222.6108,222.6894,6226500
2019-03-25,222.4535,223.5016,221.4752,222.7854,4982500
2019-03-26,224.5147,225.1960,222.9862,223.9994,3278700
2019-03-27,224.1480,224.8467,221.9382,223.6938,3166200
2019-03-28,224.4012,224.7156,223.2395,224.5409,2434400
2019-03-29,225.8511,226.5149,224.9690,226.3315,4255900
2019-04-01,228.1657,229.4147,227.5980,229.1789,6051700
2019-04-02,228.8383,228.8994,228.0347,228.5675,2320000
2019-04-03,229.3448,229.4671,228.1570,228.8383,3265500
2019-04-04,229.0304,230.5327,228.9343,230.3929,4397000
2019-04-05,231.0743,231.3188,230.2445,230.7249,3112700
2019-04-08,229.5631,230.0610,229.1614,229.9038,3231700
2019-04-09,228.9431,228.9606,227.9213,228.4104,4161200
2019-04-10,228.7509,228.8994,227.9649,228.4889,3602600
2019-04-11,228.7684,229.0566,227.5980,228.3142,2731700
2019-04-12,230.4715,230.9257,229.7815,230.6462,3395200
2019-04-15,230.6026,230.7511,229.8427,230.4192,2190300
2019-04-16,231.7032,231.7381,230.5240,231.0481,2536000
2019-04-17,231.5459,231.6245,230.5153,231.0481,2873600
2019-04-18,231.5794,232.4096,231.0375,232.0863,3469200
2019-04-22,231.2473,231.9814,231.1075,231.6581,1604200
2019-04-23,231.9901,233.2224,231.6493,232.8903,3399200
2019-04-24,232.8029,233.0826,232.2348,232.4009,1899800
2019-04-25,230.7755,231.8155,229.8316,231.1862,2333800
2019-04-26,231.0900,231.8940,230.6006,231.8940,1883100
2019-04-29,231.8766,232.3922,231.6668,231.9815,1522500
2019-04-30,232.4796,232.5233,230.8104,232.2874,2259200
2019-05-01,232.8817,233.1788,230.8454,230.8541,2902500
2019-05-02,230.5132,231.1162,228.6954,229.7441,3660200
2019-05-03,231.0027,231.8154,230.3734,231.5707,2161600
2019-05-06,227.5331,231.3347,227.2971,230.9589,3282600
2019-05-07,228.9576,229.4033,225.3132,226.8076,6758100
2019-05-08,226.7115,228.1972,226.1871,226.9300,4115200
2019-05-09,225.2520,226.4319,223.1808,225.8638,7175400
2019-05-10,225.1122,227.6991,222.8924,227.1573,5456100
2019-05-13,222.5690,223.4691,220.7512,221.5202,6326000
2019-05-14,222.3330,224.8063,222.1932,223.5653,4308800
2019-05-15,222.1320,225.1559,221.7562,224.5354,4151400
2019-05-16,225.4792,227.2970,225.3481,226.4930,3889400
2019-05-17,224.6041,227.2588,224.4727,225.5503,3652900
2019-05-20,224.4727,225.5241,223.8419,224.8757,2613300
2019-05-21,226.2162,226.8119,225.7606,226.7155,2376700
2019-05-22,225.9621,226.7944,225.5766,225.6905,2942600
2019-05-23,223.6930,223.7193,221.9057,223.2023,4616900
2019-05-24,224.4726,224.8844,223.4301,224.3938,2258900
2019-05-28,224.3938,225.3488,222.0633,222.0721,4580100
2019-05-29,220.8542,221.0294,218.5763,220.1446,5192100
2019-05-30,220.5827,221.0821,219.7504,220.6703,3454700
2019-05-31,218.4975,219.0933,217.4725,217.4725,4891100
2019-06-03,217.5776,218.6902,216.4386,217.7177,5479600
2019-06-04,219.6715,222.2736,219.4787,222.2298,3796100
2019-06-05,223.6053,224.1134,222.5977,224.0521,2792400
2019-06-06,224.3938,226.3476,223.8769,225.7957,2796200
2019-06-07,226.4439,228.7744,226.3913,228.0121,3124900
2019-06-10,229.4404,229.9836,228.6168,228.6606,3495900
2019-06-11,230.1237,230.3077,225.1211,228.5642,2792100
2019-06-12,228.4941,228.8972,227.7845,228.1875,1725500
2019-06-13,228.9672,229.4404,228.1174,229.1600,1882700
2019-06-14,228.8796,229.6594,228.1699,229.1162,2260900
2019-06-17,229.2300,229.7031,228.6430,229.2650,1319500
2019-06-18,230.6231,232.8747,230.3690,232.4629,6147700
2019-06-19,232.5242,233.2339,231.8496,232.6644,3920800
2019-06-20,234.8460,235.2402,232.9623,234.8723,3471800
2019-06-21,234.7379,236.2045,234.3954,234.5711,4446800
2019-06-24,234.7731,235.2825,234.5711,234.6326,1654200
2019-06-25,234.8257,234.8345,232.8410,232.9551,7240300
2019-06-26,233.7103,234.0353,232.9112,232.9200,2141400
2019-06-27,233.1220,233.5259,232.2876,232.8585,1991500
2019-06-28,233.5523,233.8333,232.7882,233.4732,2176200
2019-07-01,235.7566,236.0201,233.6050,234.4569,3970200
2019-07-02,234.3429,235.1245,233.7281,235.0630,2775300
2019-07-03,235.6600,236.7666,235.6073,236.7315,1262900
2019-07-05,235.9850,236.6612,234.7643,236.4768,2157000
2019-07-08,235.2737,235.7391,234.8960,235.4142,1423400
2019-07-09,234.2374,235.4669,234.2110,235.2385,1407000
2019-07-10,236.0991,237.0125,235.5107,235.9674,1978600
2019-07-11,236.8194,237.9259,236.4417,237.9259,2238500
2019-07-12,238.5758,240.0951,238.5231,240.0951,2411200
2019-07-15,240.2356,240.2796,239.7175,240.2796,2624500
2019-07-16,240.2970,240.6219,239.6647,240.1214,1780400
2019-07-17,240.0511,240.1477,239.0323,239.1201,1550800
2019-07-18,238.5758,239.5331,237.7766,239.1115,2119000
2019-07-19,240.1072,240.2478,238.5075,238.5867,2364300
2019-07-22,238.8679,239.2107,238.0153,238.7624,1623500
2019-07-23,239.7645,240.4852,239.0262,240.2567,1722900
2019-07-24,239.2899,239.8172,238.9207,239.6063,2355400
2019-07-25,239.4920,239.5799,237.7693,238.5340,2348600
2019-07-26,238.7625,239.1140,238.2878,238.9470,1731300
2019-07-29,238.9471,239.6678,238.7977,239.1844,1346000
2019-07-30,238.2703,239.2019,237.8572,238.9910,1670600
2019-07-31,239.3338,239.6678,234.7634,236.0114,5058800
2019-08-01,236.2752,238.8153,233.2692,233.5856,7225300
2019-08-02,233.1021,233.5064,230.6587,232.7505,5691500
2019-08-05,229.3931,229.5337,224.2425,225.9740,6608200
2019-08-06,227.2484,228.8393,225.9300,228.7778,4991000
2019-08-07,226.0004,229.1294,223.5658,228.7339,5089500
2019-08-08,229.8062,232.1530,229.0327,232.1530,3637100
2019-08-09,231.5465,232.4255,229.6217,231.3180,3773000
2019-08-12,229.7711,230.4303,227.2573,227.9956,3072700
2019-08-13,227.7055,232.5923,227.3187,231.3091,4326300
2019-08-14,227.8021,228.2856,224.1809,224.1985,6148000
2019-08-15,225.2181,225.8422,223.1878,225.3236,4034800
2019-08-16,226.8252,228.4643,226.3670,228.1383,2743200
2019-08-19,230.9231,231.1081,229.8479,230.3062,1971800
2019-08-20,230.0154,230.5000,228.6582,228.8521,1975200
2019-08-21,230.7380,231.4695,230.4384,230.9143,2156300
2019-08-22,231.5135,232.4917,229.9625,231.3813,2329200
2019-08-23,230.2445,231.9365,224.7543,225.8559,6293900
2019-08-26,228.2440,228.6141,226.6401,228.3321,3145200
2019-08-27,229.5747,229.6188,226.6930,227.1865,3077200
2019-08-28,226.4992,229.5307,225.9000,229.4690,2741700
2019-08-29,231.7162,232.8618,230.8879,232.5622,3740600
2019-08-30,233.7694,233.8840,231.9188,232.7648,2442400
2019-09-03,230.9495,231.0641,229.1518,230.3767,3082900
2019-09-04,232.2802,232.6063,231.5664,232.5887,1963100
2019-09-05,235.0562,236.8010,235.0297,235.8933,3614800
2019-09-06,236.2370,237.0037,235.6554,236.4573,2470100
2019-09-09,236.9244,237.4091,236.2018,236.8804,2243400
2019-09-10,236.5983,237.4267,235.7787,237.4002,2654300
2019-09-11,237.6911,239.4712,237.2505,239.4272,1899800
2019-09-12,240.2467,240.9693,239.2244,239.9823,3272200
2019-09-13,240.5993,240.8284,240.1058,240.2292,2182700
2019-09-16,239.3479,239.8854,238.6429,238.9689,4077500
2019-09-17,238.4577,239.3301,238.2638,239.3125,1756200
2019-09-18,239.0306,239.8149,237.4796,239.6739,3052600
2019-09-19,240.1145,240.7578,238.9336,239.1891,2965600
2019-09-20,239.7342,240.0610,237.7025,237.8438,4076900
2019-09-23,236.9605,238.4798,236.8015,237.9410,1898300
2019-09-24,238.8774,239.0452,235.7503,236.7132,3733300
2019-09-25,237.0930,238.6212,236.2273,238.1353,3391800
2019-09-26,238.5151,238.5151,236.6512,237.5169,2401100
2019-09-27,238.1353,238.4798,235.8562,236.7307,3171000
2019-09-30,237.1901,238.3561,237.1901,237.7820,2128800
2019-10-01,238.2944,238.7626,234.4871,234.5313,3558400
2019-10-02,233.2591,233.2591,229.2929,230.3087,6690100
2019-10-03,229.9465,231.4659,227.3583,231.4483,5610300
2019-10-04,232.2168,234.8404,232.0755,234.6726,2937500
2019-10-07,234.0189,235.4146,233.3741,233.8599,2104200
2019-10-08,232.0049,233.3917,230.8654,231.0685,3505200
2019-10-09,232.7115,233.4182,231.8635,232.7027,2020800
2019-10-10,232.5261,234.9995,232.4200,234.0984,2100800
2019-10-11,236.5365,238.6301,236.4040,236.8810,4177000
2019-10-14,236.3862,237.3844,236.2449,236.6159,1194600
2019-10-15,237.7291,239.5576,237.4994,238.7008,3168900
2019-10-16,238.3209,239.0011,237.9764,238.5771,2415000
2019-10-17,239.0983,239.5223,238.2502,238.8421,1883400
2019-10-18,238.3143,243.0787,236.5553,236.5730,2232400
2019-10-21,236.9443,237.2183,236.3609,237.0769,1379600
2019-10-22,237.3155,238.1110,236.6791,236.7321,2534300
2019-10-23,236.9972,237.6866,236.3254,237.1033,1693400
2019-10-24,237.7927,237.8811,236.0603,236.8735,1843700
2019-10-25,236.6437,238.7651,236.5642,238.3055,1825200
2019-10-28,239.3487,240.0558,238.8272,239.3752,1809600
2019-10-29,239.0745,240.0734,238.9331,239.4281,2884600
2019-10-30,239.4281,240.4180,238.5530,240.1971,2144700
2019-10-31,240.0469,240.1265,237.8371,239.0835,3021000
2019-11-01,240.3032,241.6114,240.1529,241.6114,2989400
2019-11-04,242.8400,243.1229,242.1594,242.6809,1543200
2019-11-05,243.1494,243.5295,242.5749,242.9108,1706300
2019-11-06,243.0965,243.2644,242.1860,242.9020,1605900
2019-11-07,244.4576,245.7747,244.4576,244.8907,3023800
2019-11-08,244.9880,245.0587,244.0069,244.9085,1512000
2019-11-11,243.7770,245.2089,243.4234,244.9879,1729000
2019-11-12,245.2267,245.7217,244.5284,245.1030,1694000
2019-11-13,244.2632,246.0841,244.1130,245.7747,2595600
2019-11-14,245.6243,246.0132,244.9260,245.9337,1582600
2019-11-15,246.9556,247.9120,246.6279,247.9032,2363300
2019-11-18,247.7438,248.2751,247.6109,248.1954,1790500
2019-11-19,248.6913,248.7002,246.9556,247.3630,1928300
2019-11-20,246.7520,246.9823,245.0518,246.3624,2463600
2019-11-21,246.4775,246.5572,245.4414,245.9373,1382100
2019-11-22,246.5217,247.0973,245.9992,246.9467,1419300
2019-11-25,247.6730,248.6736,247.6376,248.6648,1811100
2019-11-26,248.9039,249.3555,248.4965,249.1607,1300300
2019-11-27,249.3821,249.6478,248.8508,249.6478,1786300
2019-11-29,249.1076,249.3467,248.7002,248.7976,811900
2019-12-02,249.2405,249.2759,246.3624,246.3624,2544300
2019-12-03,243.9093,244.0953,242.3065,243.9802,3834300
2019-12-04,245.2997,245.9727,244.9543,245.3440,1928500
2019-12-05,246.0614,246.0614,244.5471,245.6186,1453000
2019-12-06,247.4693,248.7888,247.4162,248.5763,2686400
2019-12-09,248.3461,248.5941,247.6908,247.7440,1206100
2019-12-10,247.6819,248.0804,246.7432,247.4782,1406900
2019-12-11,247.1860,247.8678,246.7609,247.7085,1921700
2019-12-12,247.5313,250.5688,247.2834,249.6833,3768600
2019-12-13,249.6655,251.1533,248.8420,249.8249,3065500
2019-12-16,250.5511,251.5960,250.5511,250.6751,2117200
2019-12-17,250.7814,251.4987,250.5334,250.9673,1697900
2019-12-18,251.3126,251.4189,250.7458,250.7990,1592600
2019-12-19,251.1886,251.9768,251.1178,251.9059,1815100
2019-12-20,252.9417,253.2081,252.5508,252.6752,3637000
2019-12-23,253.4568,253.7411,253.2881,253.4480,2564700
2019-12-24,253.7144,253.7144,253.0394,253.1637,611600
2019-12-26,253.3593,254.1320,253.3326,254.0965,931600
2019-12-27,254.7803,254.7981,253.9543,254.3362,1930200
2019-12-30,254.3450,254.4072,252.3731,252.7372,2552900
2019-12-31,252.1866,253.4302,251.8757,253.2437,1341300
2020-01-02,254.4340,256.3793,254.1764,256.3705,3865500
2020-01-03,253.4567,255.0290,253.3146,254.3273,3296700
2020-01-06,252.5242,254.9580,252.4087,254.9136,1645100
2020-01-07,254.3095,254.7448,253.6700,253.8121,1413000
2020-01-08,253.4391,256.4148,253.2259,255.2867,3136700
2020-01-09,256.6636,257.4541,256.2016,257.2054,1783100
2020-01-10,257.5606,257.6317,255.6775,256.0328,2989600
2020-01-13,256.5214,256.7790,255.9441,256.7257,1463300
2020-01-14,256.5925,258.0315,256.4593,256.9034,2198500
2020-01-15,256.7169,258.6977,256.6636,257.9071,2195100
2020-01-16,259.0440,260.2343,258.9019,260.1987,2522000
2020-01-17,260.8458,260.9258,260.1971,260.6236,2147400
2020-01-21,259.8859,260.6323,258.9350,259.3438,4476900
2020-01-22,259.9394,260.4460,259.1218,259.3262,2077000
2020-01-23,258.3841,259.3705,257.3621,259.0861,1872600
2020-01-24,259.9749,260.1793,256.2424,257.5399,3612500
2020-01-27,253.1408,254.7404,252.2610,253.5940,4129100
2020-01-28,254.3585,256.1092,253.9408,255.3094,2999200
2020-01-29,256.8201,257.0778,255.2382,255.3094,2126300
2020-01-30,253.8697,256.6246,253.1410,256.4203,3433200
2020-01-31,255.0159,255.2558,250.2614,250.9813,4885700
2020-02-03,252.1100,254.3939,251.9411,252.3677,3157400
2020-02-04,255.6559,256.8289,255.4248,255.9758,3004100
2020-02-05,258.3929,260.4191,257.6731,260.2591,3305900
2020-02-06,261.2901,261.3967,259.8948,261.0412,2857200
2020-02-07,260.1705,260.2149,258.3043,258.7753,3839300
2020-02-10,257.8953,260.3480,257.8597,260.3392,2877700
2020-02-11,261.5833,261.6455,259.7437,260.3303,1994500
2020-02-12,261.8321,262.9340,261.7432,262.8008,2804400
2020-02-13,261.6189,262.9074,261.2012,262.0010,2638000
2020-02-14,262.1344,262.2765,260.7391,261.7522,1861700
2020-02-18,260.5169,261.1656,259.2816,260.3392,2397800
2020-02-19,261.0679,261.9121,260.7302,261.3611,1474400
2020-02-20,260.8813,261.5300,257.8687,260.1881,3493900
2020-02-21,259.1401,259.3629,257.3133,258.1955,3271800
2020-02-24,249.8100,251.9933,248.5981,249.1239,6595200
2020-02-25,250.2288,250.7278,240.4977,241.2284,9903700
2020-02-26,242.3780,245.3365,239.5620,240.3729,7477600
2020-02-27,236.0243,238.5818,229.3676,229.4656,11188900
2020-02-28,223.2455,227.3447,220.1087,226.8456,17541400
2020-03-02,228.7617,238.1542,226.4002,237.9581,8544500
2020-03-03,238.6441,241.5136,229.1803,231.0695,11482600
2020-03-04,236.5500,241.5938,234.3311,241.3978,5408100
2020-03-05,235.4985,237.5125,231.3013,232.9945,5872900
2020-03-06,226.0525,231.7825,224.9475,230.6686,7372400
2020-03-09,215.2076,220.1712,211.3490,212.7302,10406900
2020-03-10,220.3672,223.2633,211.2777,223.2010,9407100
2020-03-11,217.0254,218.2463,208.1676,210.1638,7687200
2020-03-12,196.4939,204.0685,188.7678,189.0173,17322600
2020-03-13,201.0831,207.1695,190.0688,206.8398,13676000
2020-03-16,184.0181,194.5423,179.5714,180.4447,12407000
2020-03-17,184.4725,191.1203,177.6465,190.2292,16128100
2020-03-18,177.3969,183.0734,169.0203,177.6821,13369800
2020-03-19,176.7732,182.6635,171.3818,179.3931,13532100
2020-03-20,181.7009,183.4885,170.7161,171.5205,12206000
2020-03-23,169.9384,170.8948,162.7612,166.3632,15712300
2020-03-24,175.4264,185.2046,175.3728,184.6951,14123600
2020-03-25,188.2077,196.7882,183.5153,189.5395,17556100
2020-03-26,191.6579,201.8830,191.2825,201.1679,16071900
2020-03-27,194.5002,199.5501,191.7830,193.3740,10545600
2020-03-30,194.2767,199.9613,192.2567,199.4071,7691800
2020-03-31,198.3792,200.8818,195.2419,195.9480,8426600
2020-04-01,188.2792,191.9706,185.7051,187.1441,8570300
2020-04-02,186.1877,191.9795,185.1777,191.2377,8231900
2020-04-03,190.1383,191.7650,186.5273,188.2345,6664500
2020-04-06,195.6978,203.7063,194.9560,202.4728,10322500
2020-04-07,210.4545,211.0801,202.4013,202.5354,10857700
2020-04-08,204.8056,210.2668,202.7499,209.4445,7010200
2020-04-09,212.5818,214.6822,210.1417,211.9561,9393200
2020-04-13,211.3036,211.5538,206.4324,209.1138,6761900
2020-04-14,213.3504,214.9324,211.7237,214.2263,5391900
2020-04-15,209.5786,211.4556,207.7105,210.1149,6828000
2020-04-16,210.6689,210.9907,207.5228,210.3472,6126400
2020-04-17,216.0618,217.0097,213.0659,216.8040,5924500
2020-04-20,213.0569,215.6236,211.2862,211.6261,7357400
2020-04-21,206.8774,208.6749,205.1604,205.8847,6571400
2020-04-22,209.6228,211.2951,208.7196,209.9537,4318000
2020-04-23,210.6155,213.6651,210.0074,210.2221,6364800
2020-04-24,211.5993,213.1374,209.4440,212.6903,3568500
2020-04-27,213.8438,216.5893,213.2447,215.8113,3632500
2020-04-28,219.1113,219.2455,214.9528,215.6057,4709900
2020-04-29,219.5316,221.4901,218.3869,220.3991,5015300
2020-04-30,218.3869,219.2544,216.3390,217.5105,4928900
2020-05-01,214.2552,214.9260,211.5008,212.1984,4723500
2020-05-04,210.3473,212.6188,208.9432,212.3236,3845500
2020-05-05,214.6489,216.1871,213.4684,213.5578,3143500
2020-05-06,214.9349,215.1137,211.5902,211.8227,3082300
2020-05-07,213.9512,215.6862,213.3342,213.6561,3411500
2020-05-08,216.6610,218.0293,215.8293,217.8683,3894800
2020-05-11,216.1333,218.1545,215.5252,216.9203,2743000
2020-05-12,218.0382,218.3333,212.7887,212.9139,6433900
2020-05-13,211.9122,212.3951,206.6001,208.2098,7531300
2020-05-14,205.7595,211.7334,204.1676,211.7244,6964500
2020-05-15,209.8176,212.5864,209.1456,212.2818,4811100
2020-05-18,218.1956,221.5020,218.0612,220.3640,5207700
2020-05-19,219.9339,220.4447,216.9053,217.0397,4404700
2020-05-20,219.8891,220.9465,219.2888,220.1848,3280600
2020-05-21,220.0236,221.6633,218.5272,219.5487,3378200
2020-05-22,219.4501,219.6204,217.8910,219.4233,2521100
2020-05-26,224.7636,225.8210,223.9034,224.2350,4872300
2020-05-27,227.3532,229.1991,224.3067,229.1812,5326100
2020-05-28,231.0629,231.1256,227.4966,227.9088,4957600
2020-05-29,226.9410,228.7779,224.6203,227.8550,5082300
2020-06-01,227.3979,228.9839,226.4302,228.7330,2060800
2020-06-02,229.8800,231.1077,229.1274,231.0449,3045800
2020-06-03,233.2851,236.5557,232.6668,235.8120,5184500
2020-06-04,235.0950,236.9408,234.2169,235.9552,3937100
2020-06-05,242.2903,245.4713,241.7437,243.3118,7866800
2020-06-08,244.5304,247.6487,244.5304,247.5591,4667600
2020-06-09,244.8351,246.4300,243.8405,244.9605,4632600
2020-06-10,244.7992,245.6773,241.9408,242.3440,6531200
2020-06-11,234.8890,236.1166,225.2475,225.8300,14257800
2020-06-12,232.0753,233.2581,225.2923,230.0502,9817200
2020-06-15,224.2708,232.6130,223.2045,231.4930,7421300
2020-06-16,239.3244,239.3692,231.7976,236.3943,9238000
2020-06-17,237.1021,237.1828,234.1004,234.6022,3669300
2020-06-18,233.0073,234.9965,232.1740,234.2708,3268700
2020-06-19,237.4276,237.6523,231.4966,232.5660,5852600
2020-06-22,231.7393,234.1656,230.6609,233.9319,2823500
2020-06-23,236.1874,236.4750,234.5609,234.9923,2948000
2020-06-24,232.9434,233.2130,227.3000,228.8187,5903500
2020-06-25,227.6594,231.5865,226.5092,231.3438,4312300
2020-06-26,229.7353,230.0947,224.3884,224.9995,5331400
2020-06-29,226.6171,230.1577,225.5118,229.9690,3759000
2020-06-30,229.2141,232.7906,228.8996,231.7302,3667900
2020-07-01,232.6289,233.8780,231.0742,231.2270,3575300
2020-07-02,234.6778,235.5944,231.7392,232.2245,3830000
2020-07-06,235.5854,236.3852,234.4261,236.3402,2989100
2020-07-07,234.6328,235.3068,232.5480,232.7816,2828700
2020-07-08,233.3208,234.7137,232.0717,234.2913,2837800
2020-07-09,234.4261,234.7137,229.4657,231.1641,3995600
2020-07-10,231.1281,234.6867,230.4631,234.3811,3110100
2020-07-13,236.3941,239.5034,234.1655,234.5789,4876000
2020-07-14,234.1296,239.9797,233.7342,239.5664,7614300
2020-07-15,243.0531,243.1160,239.9798,241.6512,5220600
2020-07-16,240.0786,241.6691,239.0541,240.3571,2478100
2020-07-17,240.9787,241.0866,239.3778,239.8904,3415100
2020-07-20,239.5756,240.6998,238.3525,239.9623,4017400
2020-07-21,241.7610,243.0651,240.7088,241.3293,3173200
2020-07-22,240.8617,243.1370,240.8167,242.8043,2039300
2020-07-23,242.4985,242.6243,238.8831,239.8454,2838000
2020-07-24,238.4604,239.5306,237.4711,238.0467,2637700
2020-07-27,238.1187,239.5037,237.7409,239.1799,2637900
2020-07-28,238.2535,238.8740,237.0933,237.3631,1989300
2020-07-29,237.5971,239.2878,237.2463,238.7752,1917900
2020-07-30,236.0591,237.2643,233.7748,236.7786,3055600
2020-07-31,237.2103,237.8668,233.9906,237.7409,3306800
2020-08-03,238.9280,240.2590,238.6402,239.8723,2569300
2020-08-04,239.4856,241.4012,239.2518,241.3922,1909800
2020-08-05,242.8132,244.8637,242.7322,244.6209,2122900
2020-08-06,244.2882,246.4466,244.2342,246.3297,1948100
2020-08-07,245.7270,247.1570,245.0525,246.9771,2311300
2020-08-10,247.7776,250.2687,247.7506,250.1428,2313900
2020-08-11,252.6250,253.4164,248.6409,249.2884,4546400
2020-08-12,251.6717,252.4811,250.6644,251.8515,2641600
2020-08-13,251.0331,252.0134,250.2237,251.2939,1668300
2020-08-14,250.2238,251.9595,249.9270,251.6358,2247000
2020-08-17,251.9416,252.0406,250.4667,250.8714,2436900
2020-08-18,251.0062,251.2490,249.2165,250.1968,1678300
2020-08-19,250.6285,251.5818,249.0906,249.5043,3374300
2020-08-20,248.2543,250.3228,248.1014,249.9001,2063700
2020-08-21,249.6963,252.0126,249.5340,251.7242,2601200
2020-08-24,253.9143,255.2933,252.7877,255.2302,2622800
2020-08-25,256.1768,256.1768,253.2836,254.7257,3346000
2020-08-26,254.7166,255.6179,253.7793,255.4557,2647500
2020-08-27,256.3658,258.1775,255.6808,256.9066,3432800
2020-08-28,257.9792,259.0788,256.8706,258.4028,2715500
2020-08-31,258.0063,258.0784,255.8702,256.2217,4070100
2020-09-01,255.7262,258.6103,255.2214,258.4841,3023600
2020-09-02,259.6467,263.2339,259.2141,262.4678,3464300
2020-09-03,262.2515,263.5043,253.3557,255.3746,6118500
2020-09-04,256.7896,257.5827,249.6693,253.9595,7145800
2020-09-08,251.3006,251.3096,247.8666,248.2362,4780100
2020-09-09,250.6427,254.6084,250.0118,252.2290,3488900
2020-09-10,253.3827,254.3200,247.7225,248.5697,3455800
2020-09-11,249.6152,251.3007,247.8216,249.7414,2787500
2020-09-14,251.3909,253.6531,251.1655,252.8419,2371700
2020-09-15,254.5453,254.9780,252.2560,252.8869,2331800
2020-09-16,253.7522,256.1767,253.0672,253.2925,2651800
2020-09-17,250.2821,253.4006,249.7414,251.9766,3305300
2020-09-18,252.0823,252.4256,248.2426,249.8236,3156700
2020-09-21,245.3606,245.8936,241.2679,245.2341,5936900
2020-09-22,245.4419,246.8603,243.7434,246.4718,3169800
2020-09-23,247.7097,248.0801,241.2951,241.7469,3575900
2020-09-24,241.0963,244.7282,239.6598,242.2166,4432100
2020-09-25,241.0059,246.0201,240.5271,245.4690,3606800
2020-09-28,248.6853,250.3658,248.1975,249.2635,2790200
2020-09-29,248.9926,249.3359,246.9056,247.9265,1971100
2020-09-30,248.4505,253.1214,248.4505,250.7091,4028500
2020-10-01,252.3624,253.2839,249.8689,251.2873,2968000
2020-10-02,247.7005,251.6215,247.1855,250.0766,4771600
2020-10-05,251.8746,254.4042,251.8384,254.3320,1862500
2020-10-06,255.2626,256.1480,250.4743,250.9080,4364400
2020-10-07,253.2208,256.2835,253.1756,255.6059,2422600
2020-10-08,257.0513,257.1958,255.3979,256.8435,2148000
2020-10-09,258.0361,259.1202,256.9519,258.3252,2549100
2020-10-12,259.2468,261.6500,259.0028,260.6110,2534800
2020-10-13,259.8881,260.2946,258.4064,259.0569,2430600
2020-10-14,259.4905,260.1500,257.1053,257.6023,2264000
2020-10-15,254.8016,257.8463,254.4674,257.5211,3128000
2020-10-16,258.7114,260.6366,258.3951,258.4674,2409300
2020-10-19,259.0730,259.4526,254.2284,254.9063,2837600
2020-10-20,255.9277,258.1873,255.1052,255.7379,3339000
2020-10-21,255.3673,257.1117,254.7256,254.8522,2907100
2020-10-22,254.9697,256.8316,253.3428,256.3706,2324200
2020-10-23,257.0935,257.1749,254.4363,256.0903,2161000
2020-10-26,253.1982,253.4241,247.3775,250.3602,5140600
2020-10-27,250.3149,250.4234,248.1909,248.2451,3029800
2020-10-28,243.1294,244.7111,239.5322,239.9480,5815200
2020-10-29,239.6318,243.0753,237.5349,240.9513,5479400
2020-10-30,239.5414,240.7073,236.2695,239.5685,5271200
2020-11-02,243.0390,244.4852,241.2585,243.3102,5062900
2020-11-03,246.4376,249.8450,246.0218,248.2362,4343000
2020-11-04,249.3659,255.8373,249.0586,251.7249,6766400
2020-11-05,255.1413,257.5545,254.9425,256.6055,4316200
2020-11-06,256.6418,257.0305,254.7800,255.9820,3078200
2020-11-09,269.8918,270.6872,263.3662,263.6645,10839300
2020-11-10,265.0923,266.5926,263.3750,266.1859,4354500
2020-11-11,267.5961,267.6593,264.7580,265.8246,2910400
2020-11-12,264.1164,265.1106,261.3778,263.0589,4361900
2020-11-13,264.7943,267.4606,264.2972,266.7647,3090400
2020-11-16,270.4974,271.2204,268.9518,271.1301,4615000
2020-11-17,268.7169,270.3799,267.1713,269.6207,4049200
2020-11-18,270.4251,270.9222,266.4121,266.4121,3566400
2020-11-19,265.7795,267.3612,264.7311,266.9274,3266600
2020-11-20,266.5124,266.8476,264.6827,264.9816,3090200
2020-11-23,266.5486,268.7135,265.8420,268.0251,2855600
2020-11-24,270.7879,272.7535,270.2082,272.1376,4022700
2020-11-25,271.7027,271.7842,269.9816,270.6066,2629200
2020-11-27,271.2408,271.9292,270.0904,271.0596,1518000
2020-11-30,269.5017,269.7553,266.9925,268.6864,4159300
2020-12-01,271.5035,272.6630,270.0995,270.3350,2841100
2020-12-02,269.1212,271.1502,268.4418,271.0053,2481700
2020-12-03,271.1865,273.0163,270.8876,271.8025,3140900
2020-12-04,272.4183,274.0941,272.2915,274.0941,2747300
2020-12-07,273.3514,273.7047,271.7481,272.7445,2589900
2020-12-08,271.7571,274.3477,271.7299,273.7408,2205400
2020-12-09,274.6648,275.0090,271.7209,272.5452,3074500
2020-12-10,271.7391,272.7898,271.0235,272.2373,2413000
2020-12-11,271.2318,272.8170,270.5524,272.5905,2454300
2020-12-14,274.4837,275.1902,270.8422,270.9328,3646100
2020-12-15,272.6086,274.4112,271.2771,274.1213,4211500
2020-12-16,274.0489,274.3478,272.9438,273.6956,1977300
2020-12-17,274.6649,275.1087,274.3297,274.9095,3002900
2020-12-18,275.0619,275.1254,272.4843,274.0000,4442100
2020-12-21,271.1774,274.9711,269.9340,274.2178,6340800
2020-12-22,273.9455,273.9818,272.1485,272.3391,2698200
2020-12-23,273.3647,274.8077,273.3102,273.4373,2714400
2020-12-24,273.7821,274.1815,273.1196,274.1089,1955700
2020-12-28,275.6245,276.9496,275.3160,275.9059,2382400
2020-12-29,277.2039,277.4490,274.6718,275.4160,2319600
2020-12-30,276.0058,276.9315,275.7789,276.0239,2081300
2020-12-31,275.9060,277.9844,275.3161,277.5306,2797000
2021-01-04,278.2565,278.3201,271.1320,274.3811,5106600
2021-01-05,274.0274,276.8590,273.5282,275.7609,3355200
2021-01-06,275.6791,281.5694,275.0529,279.7270,7290300
2021-01-07,281.0974,283.1485,280.4984,281.8053,4107900
2021-01-08,282.4860,282.6493,279.5272,282.2954,3234900
2021-01-11,279.9810,282.2591,279.9175,281.5058,2811400
2021-01-12,281.5148,282.4859,280.3622,282.0230,2290900
2021-01-13,281.9232,282.8036,281.2788,281.9232,1854400
2021-01-14,282.7946,283.4118,281.2517,281.3969,3232400
2021-01-15,279.6608,280.8502,277.8630,279.7606,4009100
2021-01-19,281.7945,282.1395,280.1965,280.8502,2781700
2021-01-20,281.8582,283.5924,281.4133,283.0748,2398400
2021-01-21,283.2927,283.9282,282.5572,283.1656,1930000
2021-01-22,281.3404,282.3937,280.6413,281.4403,2049700
2021-01-25,280.5507,281.2680,277.4909,281.1499,4546400
2021-01-26,281.9579,282.5481,280.7503,280.9138,2256100
2021-01-27,278.3260,278.4894,274.2947,275.3479,5743100
2021-01-28,276.9097,280.9411,276.7735,277.8994,6392100
2021-01-29,275.9472,276.7280,271.1077,272.2155,5929900
2021-02-01,274.4582,275.4297,272.5152,274.2221,3138600
2021-02-02,276.5102,280.0422,276.4920,278.5804,3090500
2021-02-03,277.9266,279.5972,277.0913,278.9798,2087800
2021-02-04,279.5156,282.0760,279.4429,282.0760,2638800
2021-02-05,283.6104,283.7829,282.2575,282.8658,1955600
2021-02-08,283.9190,284.9995,283.6557,284.9995,1690000
2021-02-09,284.4276,285.5535,283.8011,285.0269,1798700
2021-02-10,286.1619,286.2254,283.5560,285.5536,3048000
2021-02-11,286.0892,286.6976,284.0100,285.7169,1937100
2021-02-12,285.3537,286.1346,284.9451,286.0438,2479500
2021-02-16,287.2150,287.4057,285.8894,286.5340,1836300
2021-02-17,285.7259,287.7416,284.9814,287.4601,2007400
2021-02-18,285.7803,286.9153,284.5364,286.5157,2609600
2021-02-19,287.1081,287.7722,286.1711,286.4804,2314900
2021-02-22,284.6430,287.9088,284.5247,286.7444,2978000
2021-02-23,286.3440,287.9086,283.4602,286.9080,5723400
2021-02-24,286.2622,291.1381,285.8073,290.6742,4290300
2021-02-25,290.8379,291.0289,284.6975,285.6254,7648600
2021-02-26,286.0256,286.0438,280.8949,281.5044,7925600
2021-03-01,285.1704,288.2998,285.1431,287.0898,4749700
2021-03-02,287.2083,287.8541,285.6527,285.8164,4075700
2021-03-03,285.5890,287.3447,284.5792,284.7248,5148100
2021-03-04,284.9066,286.4803,278.0748,281.6226,8577600
2021-03-05,284.2789,287.5083,280.0943,286.7715,7016100
2021-03-08,288.1452,292.6754,287.3082,289.5097,8230700
2021-03-09,290.6196,292.7119,289.6826,289.8372,5829900
2021-03-10,291.5837,295.0224,291.5292,294.1309,6472200
2021-03-11,295.3863,297.4422,294.5858,295.9503,5745900
2021-03-12,296.2595,298.8248,296.1049,298.6611,4257200
2021-03-15,299.4526,300.4169,297.2966,300.2804,4456000
2021-03-16,300.0621,300.1986,298.6703,299.1615,3270600
2021-03-17,299.4798,301.1355,298.7248,300.8989,4338200
2021-03-18,300.4714,302.8002,299.0796,299.6163,5376500
2021-03-19,299.0704,299.1524,296.2355,297.1743,5628800
2021-03-22,296.7549,298.9700,296.2809,298.2954,3807600
2021-03-23,297.4569,298.5143,294.8316,295.3968,5068400
2021-03-24,296.5090,298.7423,295.4151,295.4151,6099000
2021-03-25,294.1663,297.7304,292.2611,297.3385,5557900
2021-03-26,298.6237,301.6227,297.7851,301.3675,4956600
2021-03-29,300.1642,303.0538,299.8087,302.3246,5200900
2021-03-30,301.7684,302.2698,300.6108,301.5588,4568800
2021-03-31,301.3674,302.2881,300.7567,300.9755,3763700
2021-04-01,301.5226,302.2701,300.5563,302.1333,5936100
2021-04-05,304.4030,306.4176,304.3757,305.5516,5632700
2021-04-06,305.0866,305.7521,304.2571,304.7949,2987500
2021-04-07,304.5853,305.5242,303.9472,304.7949,2658500
2021-04-08,304.7313,305.5061,303.9383,305.4879,2665000
2021-04-09,306.0255,308.1768,305.6974,307.9762,3034700
2021-04-12,307.4291,307.9760,306.8730,307.6934,2951500
2021-04-13,306.8551,307.5752,305.8159,307.0009,3391700
2021-04-14,307.0191,309.1157,306.9553,307.6754,3966800
2021-04-15,308.8604,310.5832,308.8604,310.3280,3881800
2021-04-16,311.6064,312.2447,310.9225,311.7249,3748900
2021-04-19,311.0045,311.2233,309.7096,310.7127,3222800
2021-04-20,309.4818,309.9012,307.0654,308.3146,3762900
2021-04-21,307.8678,311.4332,307.8040,311.2143,4191200
2021-04-22,311.0502,311.1322,307.3754,308.3146,4962500
2021-04-23,307.9773,311.4788,307.4120,310.4211,3613900
2021-04-26,311.0774,311.3784,309.4726,309.9103,2090900
2021-04-27,309.6642,310.4210,308.8435,309.8739,2732700
2021-04-28,309.3268,309.5639,308.2599,308.5426,3025100
2021-04-29,309.9286,310.8131,307.6307,310.5486,3688400
2021-04-30,309.0442,309.7098,308.0685,309.0624,2909600
2021-05-03,310.7492,312.0167,310.5304,311.0410,2698400
2021-05-04,310.0198,311.4241,307.8587,311.3876,4478300
2021-05-05,312.0806,313.0380,310.3663,312.1080,3506100
2021-05-06,312.7007,315.1718,311.7706,315.0533,4276700
2021-05-07,314.7432,317.5882,314.4149,317.2143,3526500
2021-05-10,318.4727,320.1413,316.9499,317.0866,6092500
2021-05-11,314.5790,314.7887,310.8404,312.6824,8396400
2021-05-12,311.4423,312.0624,306.1171,306.3816,7034100
2021-05-13,306.6550,311.8890,306.6277,310.4392,5741300
2021-05-14,312.1352,314.5243,311.7432,313.9134,4677300
2021-05-17,313.0654,314.7068,311.8892,313.3572,3262200
2021-05-18,313.5395,314.1322,310.8222,311.0410,3462300
2021-05-19,307.8041,309.6278,305.6521,309.5183,7223900
2021-05-20,309.7919,312.7098,309.4272,311.4150,4532800
2021-05-21,312.7609,314.3873,311.8380,312.5324,4481000
2021-05-24,313.7476,314.9538,313.4552,314.2867,2531800
2021-05-25,314.9447,315.2371,313.0990,313.5741,2623200
2021-05-26,313.9213,314.4330,313.1081,313.6563,2064500
2021-05-27,315.5568,316.2969,314.2044,314.8715,3026200
2021-05-28,316.4980,316.5893,315.5568,315.8218,2641400
2021-06-01,318.4718,318.5723,315.7854,316.0321,2584300
2021-06-02,316.8360,317.3843,315.9223,316.4796,2576700
2021-06-03,314.8807,317.0280,313.9213,316.1691,4436400
2021-06-04,317.1283,317.9690,316.6441,317.8867,2594200
2021-06-07,318.4352,318.4717,316.1691,316.6899,2224300
2021-06-08,316.7813,316.9823,315.0087,316.4615,2748700
2021-06-09,316.6442,316.9548,314.9538,315.0451,2591200
2021-06-10,316.6443,317.7317,315.0544,315.2189,3089400
2021-06-11,316.1782,316.6534,313.9305,315.3467,3003000
2021-06-14,315.0816,315.1182,312.9252,314.5974,2527000
2021-06-15,314.7893,314.8076,312.8340,313.7842,2138500
2021-06-16,313.7842,313.9944,310.2024,311.3629,4032000
2021-06-17,311.1800,311.8379,307.5799,309.4348,5169100
2021-06-18,305.9511,306.7747,304.4230,304.6792,7126600
2021-06-21,306.7840,310.2886,306.0062,310.0050,5435700
2021-06-22,309.9592,311.4965,308.7879,310.6181,4042100
2021-06-23,310.7462,311.2678,309.9135,310.0050,3082700
2021-06-24,311.7344,313.2443,311.4599,312.9332,3704700
2021-06-25,314.4978,315.6783,313.9488,315.1933,3638000
2021-06-28,315.0835,315.1659,312.7867,313.6834,3606300
2021-06-29,314.7634,315.4497,313.5097,313.7385,2375800
2021-06-30,313.2993,316.1634,313.2718,315.6510,3778900
2021-07-01,316.4103,316.9777,315.6234,316.9410,3606900
2021-07-02,317.5634,318.7073,316.7765,318.3870,3013500
2021-07-06,318.2130,318.5424,314.4155,316.4470,3910600
2021-07-07,316.2914,317.6549,315.1751,317.4536,3347000
2021-07-08,313.4638,315.6965,312.5213,315.1292,6379900
2021-07-09,317.1332,319.4209,316.4652,319.1097,5063100
2021-07-12,318.4510,320.5373,317.8653,320.2994,3999800
2021-07-13,319.8419,320.5007,319.2196,319.3569,3310200
2021-07-14,320.4458,320.9034,318.7713,319.7321,3933300
2021-07-15,318.3504,320.2721,318.1125,320.2172,5082600
2021-07-16,321.1208,321.1391,317.1104,317.4767,5710400
2021-07-19,312.9443,320.4889,308.9065,311.1955,9715300
2021-07-20,311.5711,316.9091,311.0767,315.9568,5802200
2021-07-21,317.6873,318.7677,317.1379,318.6212,3056800
2021-07-22,318.4197,319.3719,317.4217,318.8683,2429300
2021-07-23,320.4615,321.3680,319.7382,320.9834,4142300
2021-07-26,320.4614,321.7890,319.9944,321.7524,2466600
2021-07-27,320.4799,321.0842,319.2988,321.0293,3902600
2021-07-28,321.3953,321.5876,319.2803,319.8754,3697700
2021-07-29,321.3313,322.0272,320.8094,321.2123,2425700
2021-07-30,320.3517,321.3863,319.2438,319.9854,3576700
2021-08-02,320.8736,322.2104,318.6853,318.9508,2827100
2021-08-03,319.6284,321.5512,317.8155,321.4596,3819300
2021-08-04,320.0862,320.5348,318.5205,318.6212,3118500
2021-08-05,319.4085,321.0565,319.2437,321.0199,2261400
2021-08-06,321.9447,322.7413,321.7982,322.3750,2123700
2021-08-09,321.9264,322.3476,320.9650,321.5144,2322500
2021-08-10,321.7525,323.1534,321.3862,322.9611,2841000
2021-08-11,324.0691,325.1495,323.8494,324.9847,3422500
2021-08-12,325.2135,325.2685,323.8859,325.2502,3118600
2021-08-13,325.8177,326.2938,325.0394,325.3965,2414900
2021-08-16,324.4993,326.5045,322.8970,326.4770,3634600
2021-08-17,324.0416,324.7374,321.8441,323.9683,5019600
2021-08-18,322.8604,324.1606,320.3608,320.5714,4038000
2021-08-19,318.0169,320.9010,317.9986,319.9854,5442200
2021-08-20,320.0873,322.6279,319.6745,322.0868,3394800
2021-08-23,323.7376,324.9759,323.7010,324.1871,3569200
2021-08-24,324.7650,325.1411,324.3431,324.4532,1981400
2021-08-25,324.4898,325.6455,323.7010,324.8567,2434700
2021-08-26,325.1227,325.6089,322.9215,323.0040,3008900
2021-08-27,323.4535,325.4714,323.4535,325.2145,3163700
2021-08-30,325.5721,325.8106,324.5815,324.7650,2482000
2021-08-31,324.5081,325.4253,323.9394,324.6182,2913800
2021-09-01,324.9575,325.0126,324.0403,324.2788,2739200
2021-09-02,325.4071,325.7740,324.6183,325.4896,2390000
2021-09-03,324.3981,325.2878,323.8569,324.8200,2465400
2021-09-07,324.3616,324.4074,321.9310,322.3437,3168500
2021-09-08,321.7749,323.0132,320.6926,321.6924,3075700
2021-09-09,321.5364,323.3250,320.0322,320.3899,3484700
2021-09-10,322.1693,322.5454,317.8768,317.9961,4539000
2021-09-13,320.0230,320.9677,318.7022,320.3807,5439700
2021-09-14,321.3896,321.5455,317.0879,317.7849,3902200
2021-09-15,317.7300,320.5275,317.1522,319.9405,3267300
2021-09-16,320.0232,321.0963,317.3541,319.3536,3646000
2021-09-17,318.8075,319.5888,317.1622,317.6953,5380900
2021-09-20,312.7135,314.4966,308.8255,311.9598,10010600
2021-09-21,313.8072,315.3330,311.6012,311.6931,6071100
2021-09-22,313.5775,316.4911,312.9157,314.8091,6862700
2021-09-23,316.9325,320.4804,316.6751,319.4601,5592200
2021-09-24,318.4858,320.2597,318.3112,319.7450,3121600
2021-09-27,320.1310,322.1623,320.0207,320.4251,3426000
2021-09-28,319.2302,319.6990,314.7264,315.1952,7493800
2021-09-29,316.0684,317.7228,315.1584,315.9764,4116600
2021-09-30,317.1806,317.5115,310.7741,310.9396,7926000
2021-10-01,312.5389,316.9049,310.3789,315.4342,6219800
2021-10-04,314.9102,316.2155,310.7373,312.5205,7037700
2021-10-05,313.5499,316.9876,312.9433,315.3882,3826100
2021-10-06,312.9524,316.4635,311.1049,316.2981,6276300
2021-10-07,318.8257,321.4913,318.7338,319.5243,5310400
2021-10-08,319.7910,320.2874,318.5594,319.4326,3658300
2021-10-11,319.5521,321.2985,316.9785,317.0888,4098400
2021-10-12,317.5573,318.1180,315.4433,315.9856,5100300
2021-10-13,316.1419,316.7026,313.5407,316.0868,4189100
2021-10-14,319.1384,320.9859,318.5777,320.9032,4473900
2021-10-15,323.3278,324.6426,322.6566,324.4312,4206800
2021-10-18,323.0428,324.6887,322.0406,324.1094,3310600
2021-10-19,325.1851,325.9574,324.3851,325.9114,2380900
2021-10-20,325.9573,327.8606,325.8286,327.3549,2873800
2021-10-21,326.7665,327.4102,325.7643,327.2906,2243800
2021-10-22,327.2997,328.8168,326.7021,328.0077,3872300
2021-10-25,328.5778,329.0652,327.5940,328.7525,2518200
2021-10-26,329.6813,330.0215,328.5871,328.7066,3182200
2021-10-27,329.2491,329.4421,326.3711,326.3896,3542100
2021-10-28,327.0975,328.5962,327.0975,328.5227,2490500
2021-10-29,327.9250,329.6444,327.6859,329.3777,2979600
2021-11-01,330.4996,331.0512,329.1480,330.2054,2548400
2021-11-02,330.4628,331.8144,329.8928,331.5294,2629000
2021-11-03,330.9224,332.6969,329.9937,332.4395,3557400
2021-11-04,332.2373,332.5223,330.8857,332.2465,3870900
2021-11-05,333.7269,335.5475,332.7431,334.0396,4489000
2021-11-08,335.6578,336.1911,334.0671,334.9774,3056000
2021-11-09,334.8577,334.9589,332.6786,334.0210,3680600
2021-11-10,333.3224,334.4349,331.2628,331.9892,3529000
2021-11-11,332.0994,332.1638,330.4352,330.5087,2461200
2021-11-12,331.6396,332.6050,330.6190,332.1821,3099800
2021-11-15,333.3958,333.5154,331.6213,332.1454,2555000
2021-11-16,332.6788,334.2603,332.5684,332.7799,2728600
2021-11-17,332.3293,332.4580,330.5823,330.8673,2976000
2021-11-18,331.0328,331.0512,328.3664,330.4076,3438100
2021-11-19,329.7083,329.7083,327.3960,327.8842,3542200
2021-11-22,329.3306,330.9520,328.0501,328.1514,4929200
2021-11-23,328.2251,330.1505,327.3591,329.8281,5789300
2021-11-24,328.0224,329.9939,327.7829,329.8373,4246700
2021-11-26,322.7436,323.7847,320.0075,321.5368,9075000
2021-11-29,324.8256,324.9915,321.4446,323.5359,5243000
2021-11-30,321.2421,322.4489,317.2438,317.7413,9543500
2021-12-01,320.6340,322.7897,313.5219,313.6508,8415000
2021-12-02,314.8945,320.5510,314.3049,319.3165,8326400
2021-12-03,320.4682,321.0578,316.0646,318.9757,11365300
2021-12-06,321.7579,326.1430,321.3617,325.0375,7026500
2021-12-07,327.9028,330.3717,327.7738,329.5703,5271500
2021-12-08,329.9664,330.6113,328.3542,329.8006,3355600
2021-12-09,328.6581,330.8967,328.2896,329.9109,3774500
2021-12-10,331.2744,331.9561,329.4503,331.8640,3855200
2021-12-13,331.1271,331.6430,328.5291,328.9253,4563000
2021-12-14,327.7001,330.1875,327.0184,328.1239,4079700
2021-12-15,327.8104,331.6245,326.5299,331.4771,9274900
2021-12-16,332.8221,333.9645,330.0952,331.1363,9493700
2021-12-17,328.8492,329.4307,325.5358,326.3849,10638300
2021-12-20,322.4623,322.7023,319.8411,322.3607,7303400
2021-12-21,325.0281,327.6309,324.4282,327.5663,4693300
2021-12-22,327.6033,330.0122,326.8834,329.8553,2999500
2021-12-23,330.7781,332.7256,330.5658,331.6734,2655000
2021-12-27,332.3195,334.9961,331.9872,334.9592,2594300
2021-12-28,335.1345,336.9896,334.9315,335.9467,3048500
2021-12-29,335.8637,337.4696,335.7621,336.7312,3012200
2021-12-30,337.5158,338.4665,335.5869,336.0207,2863200
2021-12-31,335.5038,336.6390,334.9500,335.3284,3133800
2022-01-03,336.2698,337.6634,334.3869,337.5065,5624100
2022-01-04,339.0387,340.7647,338.9187,339.5279,5462200
2022-01-05,339.3801,341.0322,335.9375,336.0390,7638000
2022-01-06,336.0574,336.5558,334.0730,334.4699,7019800
2022-01-07,334.0084,335.8359,333.3070,334.3961,5806300
2022-01-10,333.2517,333.3902,328.9784,332.9933,8091800
2022-01-11,332.9010,334.8023,330.1414,334.6085,7310900
2022-01-12,335.7067,336.4728,333.8054,334.9868,4493200
2022-01-13,336.1497,336.9988,332.6794,333.3716,6418100
2022-01-14,330.6120,332.0795,328.9414,331.4704,8575400
2022-01-18,327.9539,327.9816,325.4527,326.5880,8166100
2022-01-19,327.5664,328.1571,323.2285,323.3577,7386500
2022-01-20,324.4006,327.6956,320.0904,320.5703,8968700
2022-01-21,320.5870,322.2126,316.0150,316.2089,16301600
2022-01-24,312.5882,317.8438,306.0489,317.5574,29707000
2022-01-25,314.2784,319.3861,309.7340,316.7722,18657900
2022-01-26,319.6172,321.4275,312.6806,315.3869,19047300
2022-01-27,318.1025,321.0859,313.9369,315.4701,12854100
2022-01-28,315.7563,320.6701,312.0987,320.6055,12008900
2022-01-31,319.3769,324.5308,318.3978,324.2722,8379100
2022-02-01,324.8078,327.2185,322.9790,326.9137,7636000
2022-02-02,326.5906,329.4262,325.8240,328.8443,8856400
2022-02-03,327.7266,328.0961,323.8104,324.1798,9339900
2022-02-04,323.6441,326.2765,321.2611,324.0782,8532300
2022-02-07,324.4385,326.1935,323.1177,324.1060,4746200
2022-02-08,324.7526,328.2163,324.0045,327.4681,4568400
2022-02-09,330.0636,330.7564,329.4263,330.3592,4781700
2022-02-10,327.6897,330.7192,324.2260,325.6299,10298500
2022-02-11,325.5468,327.3572,319.7925,320.7716,8211500
2022-02-14,320.2452,321.0118,316.9940,319.4786,7315100
2022-02-15,322.2865,323.9767,321.7508,323.4780,4932200
2022-02-16,322.1294,323.9397,320.2359,322.9699,4496500
2022-02-17,320.9011,321.1597,316.6800,317.4374,4433500
2022-02-18,317.1960,318.3985,314.2081,315.4199,6193700
2022-02-22,313.3941,314.7539,308.5746,310.8224,7942700
2022-02-23,312.8112,312.9037,306.0214,306.6689,5732600
2022-02-24,298.6211,307.7974,298.5008,307.4274,14167100
2022-02-25,308.6669,315.4567,308.0934,315.0127,9496300
2022-02-28,310.7669,314.3468,309.6938,313.9027,8217300
2022-03-01,311.9879,313.6068,306.4932,308.1860,8532900
2022-03-02,310.1378,314.9295,309.6013,313.5882,6836200
2022-03-03,315.1700,316.4466,311.4421,312.7834,7790700
2022-03-04,309.5273,311.6179,307.8530,311.2479,6025000
2022-03-07,310.0730,310.1932,303.7272,303.8475,6590800
2022-03-08,303.8660,309.3330,301.6181,302.0529,8209800
2022-03-09,308.1490,309.9251,306.7152,308.4081,4669200
2022-03-10,304.6339,307.8993,304.0419,307.2148,3317400
2022-03-11,309.0556,310.5635,304.9762,305.2815,6923400
2022-03-14,306.8817,309.5181,304.1436,305.3276,5640600
2022-03-15,307.1129,311.5993,306.2896,310.9888,6648500
2022-03-16,313.7640,315.8268,309.4626,315.7713,9577100
2022-03-17,314.4579,319.6843,314.1526,319.5548,6032900
2022-03-18,318.5738,322.1154,317.6745,321.8836,5903900
2022-03-21,321.3459,322.5697,318.2772,320.2612,4329900
2022-03-22,321.8187,323.3021,321.5776,322.7644,4430800
2022-03-23,320.5486,321.1883,318.3236,318.3792,4098700
2022-03-24,319.3804,321.7631,318.4070,321.7631,3550000
2022-03-25,322.4492,323.8584,320.9566,323.1353,3206200
2022-03-28,322.4029,324.0160,320.2056,324.0160,2962400
2022-03-29,326.9550,327.9285,324.6094,327.2424,4711800
2022-03-30,326.4821,327.7059,324.8967,326.4543,3909800
2022-03-31,325.4808,325.9444,321.4850,321.5499,3978900
2022-04-01,322.7737,322.9591,320.0758,322.6439,3560200
2022-04-04,322.3008,323.8212,320.8081,323.7841,3829900
2022-04-05,322.4678,325.4623,320.3169,321.0956,4331700
2022-04-06,318.5459,320.8359,317.7208,319.6214,5431300
2022-04-07,318.7129,321.8002,316.9700,320.7526,4599900
2022-04-08,320.5115,323.6730,319.5288,322.0505,4535900
2022-04-11,320.1870,321.7816,317.7580,318.1845,5344400
2022-04-12,319.3063,321.4757,316.1448,317.2759,4501400
2022-04-13,316.7846,320.8268,316.6456,320.5580,3605000
2022-04-14,321.5558,323.4292,319.2742,319.3113,4179600
2022-04-18,318.9218,320.9622,317.7718,319.1351,3939000
2022-04-19,319.3114,324.3660,319.2743,323.7910,4261200
2022-04-20,325.5903,327.4544,324.8668,326.0262,5677000
2022-04-21,328.2798,329.1331,321.9917,322.4833,5369600
2022-04-22,321.2127,321.2777,313.2367,313.7282,6855100
2022-04-25,312.0401,316.3342,309.0259,315.8519,6806600
2022-04-26,313.5057,314.4516,308.1635,308.3305,7619800
2022-04-27,309.6567,312.5503,307.0598,308.8683,6894400
2022-04-28,310.9181,315.8336,308.3676,314.6743,5976600
2022-04-29,313.1253,314.6185,305.2235,305.7707,6495600
2022-05-02,306.3827,308.2283,300.9200,306.7444,9221700
2022-05-03,307.1524,309.2300,305.2326,307.2174,6051000
2022-05-04,307.7275,316.4177,306.2436,315.8798,10569700
2022-05-05,313.3200,313.7003,303.1737,306.2807,9101200
2022-05-06,303.9622,306.6610,301.1891,305.1957,10644200
2022-05-09,301.4023,302.6915,298.0542,299.1950,7817200
2022-05-10,302.8120,303.8415,295.9118,298.4808,7716500
2022-05-11,298.3973,302.4131,295.0770,295.3552,9374700
2022-05-12,293.6302,296.2549,289.8555,294.5948,6790800
2022-05-13,297.0897,299.5938,295.7171,298.8518,4236700
2022-05-16,298.3696,301.9496,296.5054,299.3620,3692600
2022-05-17,303.1181,303.6189,299.9926,303.3685,3316800
2022-05-18,300.6881,300.8551,291.6177,292.6564,3659000
2022-05-19,289.4754,293.3985,288.2790,290.4585,3836700
2022-05-20,292.6477,292.9080,284.7363,290.4444,4654000
2022-05-23,293.1404,297.1658,292.6384,296.4128,4484600
2022-05-24,294.3026,297.6307,291.5601,296.9242,5260500
2022-05-25,295.6134,299.8527,295.1207,298.6813,4612800
2022-05-26,300.2339,304.7148,300.1874,303.4877,3270200
2022-05-27,304.0454,308.7681,303.8316,308.7123,2773100
2022-05-31,306.9460,309.1586,304.6126,306.9739,4354000
2022-06-01,309.0283,309.5303,303.1622,305.2632,3721400
2022-06-02,305.4398,309.3723,302.4742,309.3630,3718800
2022-06-03,306.6671,308.3963,305.6073,306.1837,4150900
2022-06-06,308.2661,309.3352,305.4213,306.2766,1957600
2022-06-07,303.8315,309.0841,303.8315,308.8052,2424000
2022-06-08,307.3085,308.5821,305.4492,306.2115,2032900
2022-06-09,305.0774,306.7786,300.2803,300.2803,2591500
2022-06-10,295.9201,296.3478,292.2108,292.2573,4484700
2022-06-13,285.8706,287.8415,282.7655,284.0856,6317200
2022-06-14,285.0431,285.8055,280.6923,282.8956,3724000
2022-06-15,284.8479,288.8268,280.9991,285.6195,7060900
2022-06-16,280.1717,280.4413,277.0573,278.8051,4943500
2022-06-17,277.9311,281.0154,276.1794,278.3505,4738000
2022-06-21,282.4132,285.5720,281.9845,284.4725,3246500
2022-06-22,280.9688,286.6995,280.7825,283.8388,6361200
2022-06-23,284.8265,286.1217,282.1336,285.8235,3582600
2022-06-24,288.1159,293.6322,288.0413,293.5390,3314800
2022-06-27,293.8929,294.3496,292.0107,292.9239,1896500
2022-06-28,294.4520,297.0145,288.1437,288.2462,3025900
2022-06-29,289.2339,290.2403,287.7709,288.9077,2462800
2022-06-30,285.8328,288.6934,283.5032,286.8298,4117800
2022-07-01,286.4385,290.0819,283.9878,289.6533,3315000
2022-07-05,285.6931,288.6376,282.8790,288.5910,3767700
2022-07-06,288.8614,290.9952,286.9419,289.2434,2493300
2022-07-07,291.2280,292.8400,290.3614,292.5419,2267500
2022-07-08,292.1225,293.6507,290.8832,292.0852,2094300
2022-07-11,290.4080,292.3462,289.9514,290.4453,2633200
2022-07-12,289.3831,292.1692,287.5568,288.8333,2806000
2022-07-13,285.3111,288.8053,284.3047,286.7647,3481200
2022-07-14,282.0217,285.9353,280.9129,285.5067,2893100
2022-07-15,289.7370,291.5734,288.1895,291.4616,3027500
2022-07-18,294.3514,294.9014,288.7303,289.5879,2344900
2022-07-19,291.8438,296.8124,291.4616,296.5421,3004900
2022-07-20,296.6632,297.7726,294.9946,297.1293,3243000
2022-07-21,296.0946,298.7327,293.9972,298.6861,2159800
2022-07-22,299.9447,300.3549,295.8244,297.4278,3264100
2022-07-25,298.3692,298.6675,296.6726,298.2666,4002500
2022-07-26,297.2692,297.8192,295.6006,296.0108,2101700
2022-07-27,297.2599,301.5107,296.4768,300.1777,3338100
2022-07-28,300.5878,304.0090,298.1268,303.1794,2688400
2022-07-29,303.4497,306.9455,302.8904,306.3769,3225600
2022-08-01,304.7455,307.3650,304.3167,305.7989,2745500
2022-08-02,304.8014,305.5565,301.9395,302.0701,5394600
2022-08-03,303.6176,306.8243,303.0955,305.9108,2564600
2022-08-04,305.4726,306.0971,304.4098,305.1649,2426400
2022-08-05,303.0302,305.9387,302.8997,305.7336,2672400
2022-08-08,307.4488,308.6700,305.4912,306.1531,2528800
2022-08-09,306.0225,306.6378,305.0064,305.6776,1655100
2022-08-10,310.0497,311.1962,309.4530,310.6090,2934400
2022-08-11,313.0514,313.9649,310.5904,311.0844,2401600
2022-08-12,312.1005,315.0090,311.5319,314.9251,2606900
2022-08-15,313.3217,316.8082,313.2751,316.3607,1936500
2022-08-16,315.8480,319.8285,315.7827,318.5700,3897100
2022-08-17,316.6404,318.8683,315.7361,317.1344,2960300
2022-08-18,317.1345,317.8802,315.9878,317.4887,1850900
2022-08-19,316.0185,316.3081,314.0665,314.7950,2010300
2022-08-22,311.1243,311.5072,308.3690,308.9294,2684500
2022-08-23,308.5092,309.5739,306.9494,307.3884,2897200
2022-08-24,307.2203,309.1817,306.6598,308.0889,2581700
2022-08-25,308.3037,311.1617,307.2856,311.1617,2498900
2022-08-26,311.4793,311.6474,301.5135,301.6163,4191000
2022-08-29,299.3840,301.9899,298.6462,299.9071,2896900
2022-08-30,300.8317,300.9064,295.6760,297.0490,2926300
2022-08-31,297.4413,299.0385,294.7701,294.8168,2981600
2022-09-01,293.5465,296.3112,292.0615,296.1337,3228000
2022-09-02,298.6648,299.5801,291.6971,293.0515,3826200
2022-09-06,293.7892,294.3963,290.4081,291.5943,3320400
2022-09-07,291.0715,296.0217,290.8940,295.4519,2520200
2022-09-08,293.9201,297.3852,292.9767,297.2357,3301100
2022-09-09,298.9543,301.6255,298.4126,301.0091,2479300
2022-09-12,301.9526,304.1848,301.8778,303.1481,2486900
2022-09-13,297.7590,298.4969,290.3150,291.1556,4301200
2022-09-14,291.7439,292.7900,289.1007,291.4637,2868800
2022-09-15,291.0622,292.8274,289.1008,289.8760,3294600
2022-09-16,286.5261,288.9796,285.9548,288.4833,4071000
2022-09-19,285.9736,290.4875,285.8987,290.4500,2730000
2022-09-20,288.1462,288.4271,285.2337,287.5187,2822800
2022-09-21,288.9235,290.5624,282.5555,282.6397,5110700
2022-09-22,282.4056,283.7260,280.8417,281.4316,3492500
2022-09-23,278.9032,279.0717,273.8274,277.0677,4949300
2022-09-26,275.8877,277.4235,272.9846,274.1271,4143400
2022-09-27,276.0562,277.6950,271.1116,272.7972,3681000
2022-09-28,273.7805,279.0997,272.5631,277.8823,3995700
2022-09-29,276.0469,276.1218,271.4394,273.6495,3351100
2022-09-30,272.7129,274.8200,268.8078,269.0513,3827200
2022-10-03,272.1043,277.5452,271.0835,276.0656,3457600
2022-10-04,279.6430,283.9227,279.4838,283.8853,4163800
2022-10-05,280.6918,285.2056,279.8209,283.5574,2746900
2022-10-06,282.3212,284.0443,279.6429,280.2235,3081700
2022-10-07,277.8824,278.0323,272.9284,274.3612,3029300
2022-10-10,275.5881,276.1874,271.6642,273.4154,3154500
2022-10-11,272.6849,277.3299,272.2541,273.7244,3849900
2022-10-12,273.8836,275.8596,272.8628,273.6026,4378700
2022-10-13,268.9015,282.5647,268.4145,281.4690,7389600
2022-10-14,283.3233,285.0277,277.3766,277.9666,5519400
2022-10-17,281.7783,283.9509,280.9261,282.8739,3555700
2022-10-18,288.6801,288.7925,283.7916,286.0673,4685500
2022-10-19,285.0090,287.1723,283.0893,285.0184,2939800
2022-10-20,285.4679,288.7831,283.5107,284.0445,3574700
2022-10-21,283.9995,291.6083,282.9969,291.3085,5357200
2022-10-24,292.8544,296.1060,291.9830,295.2158,4331700
2022-10-25,294.5599,298.7110,294.3350,298.4392,6024800
2022-10-26,297.9613,301.4658,297.7645,298.3361,4991800
2022-10-27,301.3160,303.4805,299.7792,300.2852,4262200
2022-10-28,301.5128,308.1846,301.2224,307.8941,5251400
2022-10-31,306.3385,308.1189,305.3453,306.8071,5128200
2022-11-01,308.6344,309.0654,304.3521,305.8607,4376400
2022-11-02,304.9706,309.9275,301.0912,301.1287,7110300
2022-11-03,299.2452,301.5878,297.2118,299.7325,4112700
2022-11-04,303.2370,305.6078,299.2358,303.7337,6263700
2022-11-07,304.6706,308.2408,303.7429,307.7441,4518300
2022-11-08,308.7281,312.5606,307.6224,310.8270,6349000
2022-11-09,308.9529,310.0399,304.5020,304.8581,4799200
2022-11-10,313.1789,316.2431,310.9863,316.0276,6002300
2022-11-11,316.6273,317.0677,313.1040,316.5242,5190700
2022-11-14,315.5121,318.4732,314.4345,314.6313,3303300
2022-11-15,317.1801,318.7075,312.4293,315.0436,4824100
2022-11-16,314.5377,316.0182,314.4253,314.9125,3085500
2022-11-17,311.7828,315.5778,311.7828,314.9406,3606500
2022-11-18,316.8571,317.5050,314.7915,316.7726,3659100
2022-11-21,317.0448,317.9743,315.0448,316.4720,2304100
2022-11-22,318.1997,320.2936,317.7303,320.1433,4389400
2022-11-23,319.8147,321.6644,319.2326,321.0729,3108500
2022-11-25,321.2044,322.8100,321.1481,322.5471,1498300
2022-11-28,320.8287,322.0400,317.3171,317.8241,3089800
2022-11-29,317.2983,318.6504,316.0589,317.8147,2943600
2022-11-30,317.9745,325.0542,315.6553,325.0166,6940400
2022-12-01,325.5799,325.5893,320.8288,323.3827,5325900
2022-12-02,320.0494,324.3217,320.0494,323.6926,3736500
2022-12-05,321.5425,322.3499,318.3313,319.2702,3827200
2022-12-06,319.0261,319.8523,314.2844,315.9182,5516300
2022-12-07,315.6176,317.6739,315.0542,315.8993,3577100
2022-12-08,317.1200,318.9134,316.4815,317.7961,3278400
2022-12-09,317.0543,318.4063,314.7820,314.8947,3815500
2022-12-12,315.6175,319.8522,315.5424,319.8240,5017300
2022-12-13,326.9227,326.9603,318.7727,320.9416,5274300
2022-12-14,320.9132,323.6174,317.0260,319.4485,5498400
2022-12-15,316.0307,316.7725,310.5848,312.4815,5865600
2022-12-16,309.8842,311.0229,307.2116,309.5830,6672200
2022-12-19,309.4889,310.8629,306.5151,308.0867,3709600
2022-12-20,308.2844,310.4300,307.1739,309.0278,4721700
2022-12-21,312.0016,314.6272,311.6064,313.9402,5086800
2022-12-22,311.9640,312.2934,306.4588,310.7971,4876900
2022-12-23,310.1948,312.6133,308.7267,312.3687,3997900
2022-12-27,312.7545,314.1473,311.0888,312.7827,3098900
2022-12-28,313.0840,314.0721,309.2068,309.2068,3102400
2022-12-29,311.0512,313.2344,310.6747,312.4910,2458800
2022-12-30,311.1358,311.8699,308.9996,311.8040,3881800
2023-01-03,312.8298,314.1566,308.9996,311.7005,3910700
2023-01-04,312.9614,314.3542,310.7405,312.9614,4137300
2023-01-05,311.4652,311.6346,308.7644,309.8184,4350100
2023-01-06,312.6040,317.2528,310.4677,316.4623,4800800
2023-01-09,317.7891,319.4077,315.1823,315.5305,3864000
2023-01-10,315.2106,317.4503,314.5895,317.3563,2277500
2023-01-11,318.4573,319.7842,317.2621,319.7372,3265800
2023-01-12,320.7912,322.7863,318.0339,321.8452,4332600
2023-01-13,319.1725,323.2473,319.1254,322.8239,3473400
2023-01-17,322.1839,322.5510,318.6738,319.1725,3929700
2023-01-18,319.5583,320.1512,313.0932,313.3473,5164300
2023-01-19,311.5499,312.8674,310.5241,311.1452,3454200
2023-01-20,311.5880,314.3288,310.2034,314.2723,4120200
2023-01-23,315.2329,318.1150,313.6882,316.6268,3985300
2023-01-24,315.4872,318.0868,314.3005,317.5028,3360900
2023-01-25,314.8091,318.0115,313.2173,317.7101,4318600
2023-01-26,318.7744,319.7256,316.6552,319.6314,2930900
2023-01-27,319.6691,321.6847,318.5012,319.8669,2907400
2023-01-30,318.7837,320.6392,317.2673,317.4651,3032700
2023-01-31,317.9738,321.0443,316.9472,321.0160,2593500
2023-02-01,319.4054,323.3142,316.0712,321.0537,6175400
2023-02-02,321.6565,321.6565,318.3599,320.6392,5169400
2023-02-03,319.0757,321.8071,318.3128,319.2735,6504300
2023-02-06,318.0208,319.8198,317.1166,318.8026,2708400
2023-02-07,317.3616,322.4100,316.6458,321.6659,4969600
2023-02-08,320.5827,321.6093,319.1416,319.6879,2769500
2023-02-09,321.8825,322.6454,316.5233,317.4840,3094700
2023-02-10,317.1638,319.3019,316.4198,319.0381,2523900
2023-02-13,319.1793,322.6454,319.1793,322.6360,2653900
2023-02-14,321.6659,323.5590,318.7367,321.3080,3501100
2023-02-15,319.7256,321.8072,318.9439,321.7978,1967700
2023-02-16,318.8215,321.0725,317.7006,317.7760,3229600
2023-02-17,316.7213,319.2780,316.1175,319.1459,3034200
2023-02-21,315.7777,316.9287,312.3626,312.5041,3142900
2023-02-22,312.9758,313.6173,310.8060,311.8154,2896400
2023-02-23,313.0703,313.9193,309.4193,312.9005,5999600
2023-02-24,309.2777,310.5136,307.9569,309.5513,3764700
2023-02-27,312.0137,313.1929,309.6269,310.4382,2887300
2023-02-28,310.2589,310.2589,308.0324,308.0891,3155300
2023-03-01,307.5890,309.2683,306.8909,308.4947,3317500
2023-03-02,309.0325,312.4571,308.3060,311.7401,3047500
2023-03-03,312.7589,315.5043,311.7212,315.2967,3033500
2023-03-06,315.6929,317.0986,315.2683,315.7401,2641700
2023-03-07,315.7307,315.9665,310.1174,310.2589,5009200
2023-03-08,310.3061,310.8532,308.1174,309.9004,3169600
2023-03-09,311.0608,311.7400,304.1550,304.7965,4760900
2023-03-10,304.2871,306.4852,300.4097,301.6361,7741600
2023-03-13,298.8341,304.8814,298.7398,300.7775,6831600
2023-03-14,303.9758,305.3909,300.6739,303.9569,4760500
2023-03-15,298.9662,301.7116,297.1455,301.4568,6518000
2023-03-16,299.6833,305.2588,298.5229,304.9569,6569900
2023-03-17,303.3754,303.7253,300.0079,301.2754,5314900
2023-03-20,302.0605,305.2955,302.0605,304.8698,4695000
2023-03-21,307.8213,308.2185,305.8537,308.0104,3527300
2023-03-22,308.0388,309.8455,302.7511,302.8646,4378700
2023-03-23,303.9523,307.4427,301.2754,303.4888,4772600
2023-03-24,302.1740,305.0212,300.7173,304.8888,4484900
2023-03-27,307.0362,307.9632,305.8159,306.7713,3550900
2023-03-28,306.4684,308.0386,305.3806,306.2982,2536500
2023-03-29,308.9185,309.4766,307.6983,309.3915,2531700
2023-03-30,311.0941,311.1603,309.0509,310.7157,2487000
2023-03-31,311.7656,314.8115,311.6900,314.6318,2837300
2023-04-03,315.5494,318.0655,315.4737,317.7439,3450700
2023-04-04,317.7440,318.0750,314.6413,315.8805,2449900
2023-04-05,315.9372,317.3088,315.7102,316.7128,2566600
2023-04-06,316.2682,317.1763,315.2560,316.7884,2333300
2023-04-10,315.9372,317.7912,315.3980,317.7912,2834200
2023-04-11,318.1224,319.5980,317.8386,318.6805,2343100
2023-04-12,320.2978,320.6762,317.7912,318.4060,3363800
2023-04-13,318.8412,322.1613,317.8952,321.9627,3040900
2023-04-14,321.5560,322.4167,319.0682,320.5154,3107900
2023-04-17,320.7802,321.5464,319.7113,321.5370,2226400
2023-04-18,321.5558,321.8207,319.6262,321.4234,2191100
2023-04-19,320.7709,321.2628,319.9006,320.6573,2854700
2023-04-20,319.1816,320.5248,318.6330,319.6735,2179300
2023-04-21,320.1412,320.4440,318.7689,319.9992,2470100
2023-04-24,319.8099,320.7563,319.1474,320.6049,2288800
2023-04-25,320.0560,320.5387,317.2451,317.3681,2745300
2023-04-26,317.6236,318.4375,314.5098,315.1155,3588400
2023-04-27,316.2797,320.4440,315.9484,320.0844,3066600
2023-04-28,319.1284,322.7722,319.0716,322.7627,3651100
2023-05-01,322.8290,324.2391,322.0340,322.1286,2296200
2023-05-02,321.7311,321.7879,316.4027,318.8255,3275800
2023-05-03,319.0716,320.0653,316.0430,316.2133,3924100
2023-05-04,315.4279,315.7213,311.7273,313.5823,3576800
2023-05-05,316.3554,319.4219,316.0526,318.6931,3542700
2023-05-08,319.1095,319.3177,317.1409,318.2104,1789900
2023-05-09,317.4437,318.6457,317.1976,317.7844,1924900
2023-05-10,319.3271,319.7530,314.6801,317.5194,3365500
2023-05-11,315.8631,315.9862,313.7147,315.4751,2744700
2023-05-12,316.5068,316.5352,313.5634,315.3522,2636400
2023-05-15,315.6455,316.3554,314.0839,315.8916,2171000
2023-05-16,314.8884,315.2291,312.5885,312.6548,2265200
2023-05-17,314.3489,317.2166,313.1659,316.6866,3068800
2023-05-18,316.0147,318.4186,314.9263,318.0590,3553500
2023-05-19,318.6527,319.1175,316.0538,316.9739,3706700
2023-05-22,316.9075,317.8845,314.9157,315.7504,2555100
2023-05-23,314.6691,315.9401,313.0756,313.5783,2526200
2023-05-24,312.9997,313.2274,310.6096,311.1123,2978300
2023-05-25,311.1692,311.7952,309.0351,310.8656,3499900
2023-05-26,311.2261,314.5363,311.0269,313.7965,3580000
2023-05-30,313.6162,314.2517,311.9753,313.4929,3474500
2023-05-31,312.4780,313.1609,310.8182,312.5444,3067600
2023-06-01,311.9660,314.8779,310.4579,313.8914,3081300
2023-06-02,316.0727,321.0617,315.9494,320.6539,5584700
2023-06-05,320.7868,321.0429,318.6527,318.8139,3415600
2023-06-06,318.7191,319.3925,317.2394,318.8519,2824900
2023-06-07,319.2028,320.1323,318.6242,319.8004,2739000
2023-06-08,319.8573,321.7827,319.4020,321.3559,2700300
2023-06-09,321.1283,322.7313,320.8912,321.7922,3162300
2023-06-12,322.2381,323.7177,321.7544,323.5944,2035500
2023-06-13,324.1350,325.9276,324.0022,324.9697,3259300
2023-06-14,323.8030,324.4195,320.9101,322.8829,3766000
2023-06-15,322.8166,327.7771,322.6553,327.0089,4722500
2023-06-16,328.2980,328.6592,325.7979,326.0165,5576800
2023-06-20,324.4478,324.7425,322.2614,323.6493,3387200
2023-06-21,322.8509,324.0772,321.9573,322.6703,3050700
2023-06-22,322.2044,323.1455,321.5390,322.5847,2605500
2023-06-23,320.4743,321.4915,319.6188,320.5124,3721600
2023-06-26,320.1700,321.3868,319.3620,320.4933,2301900
2023-06-27,320.4552,322.8793,320.4552,322.4801,1778800
2023-06-28,322.0048,322.2044,320.7690,321.9097,2305000
2023-06-29,321.7006,324.5334,321.4154,324.3148,2902700
2023-06-30,326.2731,327.5659,325.8358,326.8719,3027500
2023-07-03,326.0639,327.5184,325.8548,327.0811,1698400
2023-07-05,325.4745,326.7673,325.3509,325.8832,2717000
2023-07-06,323.4402,324.0391,321.0256,322.4801,3742400
2023-07-07,321.2823,323.5923,320.5408,320.7690,2852200
2023-07-10,320.7405,322.8794,320.5218,322.8128,2560200
2023-07-11,323.9154,325.9878,323.1644,325.7216,2477100
2023-07-12,327.8795,328.8207,326.2064,326.6628,4140200
2023-07-13,327.3378,327.8512,326.7294,326.9386,2472300
2023-07-14,328.6401,328.8397,327.4994,328.1268,3293400
2023-07-17,327.5468,329.5812,327.2236,328.7731,2860000
2023-07-18,328.5830,332.6326,328.2027,332.3189,4617200
2023-07-19,333.0985,335.0473,333.0985,333.3742,5864300
2023-07-20,334.0967,336.4162,334.0016,335.0283,4561300
2023-07-21,335.6447,336.1299,334.5983,335.0074,2971700
2023-07-24,335.5496,337.3191,335.3784,336.8435,3073700
2023-07-25,336.5866,337.8994,336.3487,337.0813,2548700
2023-07-26,335.9588,338.9460,335.9397,337.9661,3084700
2023-07-27,338.5464,339.0221,334.9123,335.6067,4771000
2023-07-28,337.2620,338.2514,336.2346,337.2335,3219000
2023-07-31,337.3191,338.2990,336.9576,338.2705,2201400
2023-08-01,337.9852,339.3457,337.8616,338.8700,2581900
2023-08-02,337.2335,337.9185,334.9788,335.5782,5061000
2023-08-03,334.4937,336.1966,334.0370,334.8647,3307000
2023-08-04,335.9398,337.6903,333.1619,333.5900,4269400
2023-08-07,334.9123,337.6046,334.7600,337.3667,2390800
2023-08-08,335.2738,336.1586,332.8955,335.8446,3033600
2023-08-09,335.7018,336.4724,333.4852,334.1891,2873300
2023-08-10,335.9683,338.6036,334.1037,334.7697,4133500
2023-08-11,334.1036,336.5105,333.5518,335.8256,2602600
2023-08-14,335.5687,336.3012,334.6554,336.0253,3134100
2023-08-15,334.5602,334.8932,332.1914,332.6004,2818700
2023-08-16,332.3056,334.4176,330.7929,330.8500,3586800
2023-08-17,331.9726,332.3246,328.0435,328.2718,4804100
2023-08-18,326.7474,329.5676,326.4902,328.8149,3525400
2023-08-21,328.9864,329.3865,326.3091,328.3861,3176500
2023-08-22,328.5004,328.8339,326.3853,326.7569,2816000
2023-08-23,327.3000,329.0816,327.0332,328.5385,2605400
2023-08-24,328.0527,330.5775,324.8610,324.9181,3840800
2023-08-25,326.2806,328.2718,324.2703,327.2715,3868500
2023-08-28,328.9007,330.2917,328.2242,329.3770,2382700
2023-08-29,329.2340,332.2733,329.0815,332.1494,3107700
2023-08-30,332.6068,334.1598,332.0541,332.8926,2792900
2023-08-31,334.3410,334.6840,331.3112,331.3779,2901400
2023-09-01,333.3977,333.8074,331.3207,332.4926,2533200
2023-09-05,332.5877,332.7783,330.5107,330.5869,1906900
2023-09-06,330.0820,330.1392,327.2332,328.7005,2748400
2023-09-07,328.1860,329.8819,328.0812,329.3579,2378600
2023-09-08,329.4341,330.6441,329.1578,330.1392,1665900
2023-09-11,331.5780,332.1211,330.1394,330.9587,1722900
2023-09-12,330.2631,332.7974,329.9963,330.8062,1813800
2023-09-13,331.1397,332.0448,329.4819,330.1774,2025200
2023-09-14,332.1876,334.0646,331.3016,333.4072,3489400
2023-09-15,332.6841,333.2477,330.1430,330.6589,3581700
2023-09-18,330.7926,331.6046,329.8660,330.6684,2122800
2023-09-19,330.0189,330.3436,327.6402,329.6367,2740900
2023-09-20,330.5634,332.1109,328.8057,328.9203,3411400
2023-09-21,327.8217,328.2802,325.2424,325.3475,3483700
2023-09-22,325.4526,326.1595,324.1439,324.3923,3376400
2023-09-25,323.5804,324.8604,322.5869,324.7744,3104700
2023-09-26,322.7588,323.5899,320.5425,321.0107,4657300
2023-09-27,321.8131,322.0711,318.0398,320.4280,4442200
2023-09-28,320.3228,322.5677,319.6064,321.5647,4053600
2023-09-29,323.6280,323.6758,318.9758,319.9693,3786500
2023-10-02,319.3389,320.0362,317.2277,319.1478,4192600
2023-10-03,317.9537,318.9472,314.3237,315.2216,4871100
2023-10-04,315.3649,316.6354,313.9129,316.1864,4877100
2023-10-05,316.0240,316.9124,314.6580,316.3584,3172200
2023-10-06,315.5750,320.6284,313.7886,319.1573,4491300
2023-10-09,318.0588,321.3354,317.7149,321.0584,3756300
2023-10-10,322.1187,323.8477,321.0010,322.3575,3769400
2023-10-11,323.0643,323.6853,321.1251,322.9115,2773900
2023-10-12,323.6184,323.6184,319.6063,321.2302,3315000
2023-10-13,322.3862,324.4209,320.5138,321.6219,5154600
2023-10-16,323.6184,325.6627,323.2745,324.6883,3969300
2023-10-17,323.1982,326.2455,323.1409,324.7839,3777800
2023-10-18,324.5451,324.7648,320.9724,321.5742,4141200
2023-10-19,321.6315,323.4751,318.8325,319.1764,5201800
2023-10-20,318.6479,319.4604,316.4974,316.5547,3960800
2023-10-23,315.3217,317.6443,314.3468,314.7674,3898300
2023-10-24,316.3731,317.9980,315.2740,316.7937,3583900
2023-10-25,317.5392,317.9884,315.2548,315.7518,3836300
2023-10-26,315.5702,316.3922,312.8939,313.3336,4882600
2023-10-27,313.3527,313.3909,308.9273,309.8640,4757300
2023-10-30,311.9668,315.4364,311.9477,314.6813,4617200
2023-10-31,314.6335,316.0672,313.3527,315.8761,3645800
2023-11-01,316.2967,318.6289,315.5129,317.9789,4546200
2023-11-02,319.9860,323.5607,319.6323,323.4365,5356300
2023-11-03,325.0901,326.5238,324.3924,325.5584,4046900
2023-11-06,325.7974,326.5429,324.8703,325.9695,2766000
2023-11-07,325.6730,326.9538,325.2620,326.4472,2793700
2023-11-08,326.9826,327.4509,324.9180,326.0459,2787900
2023-11-09,326.8966,326.9348,323.7998,324.1247,3940700
2023-11-10,325.7495,328.1295,324.2776,327.8523,3268600
2023-11-13,327.2501,329.0853,327.1068,328.3875,2624500
2023-11-14,332.1630,334.0746,331.3506,333.0233,4815500
2023-11-15,333.8549,335.2790,333.5586,334.7915,3149400
2023-11-16,334.1320,335.2981,333.3387,334.5526,3848000
2023-11-17,334.9999,335.4213,333.9942,334.6646,2059200
2023-11-20,334.3485,337.3558,334.3198,336.6662,2904300
2023-11-21,336.2737,336.3695,335.5554,335.9960,1849500
2023-11-22,337.0207,338.2179,336.6472,337.6624,3486200
2023-11-24,338.2370,338.9936,338.1220,338.8499,1245100
2023-11-27,338.6871,339.1756,337.8730,338.3902,2532400
2023-11-28,338.5530,340.1333,338.1699,339.1468,2759600
2023-11-29,339.9705,341.0815,339.3959,339.6641,2736300
2023-11-30,341.6369,344.9603,341.3880,344.7879,4094300
2023-12-01,344.8072,347.9007,344.6539,347.7091,5852500
2023-12-04,345.8894,347.6134,345.7649,347.3165,4211000
2023-12-05,346.5694,346.9525,345.4584,346.6173,5372700
2023-12-06,347.4792,348.1880,345.5829,345.9564,5583700
2023-12-07,346.6652,347.0483,345.6787,346.5406,3295600
2023-12-08,346.4737,348.3126,346.1098,347.7762,2930400
2023-12-11,348.2359,349.4522,347.6613,349.2798,3673200
2023-12-12,349.9694,351.1857,349.0308,350.9272,3239600
2023-12-13,351.1091,356.0319,350.5345,356.0319,4304800
2023-12-14,356.9609,357.8804,355.5722,357.5547,5507000
2023-12-15,356.8281,358.4119,356.4345,357.6824,6948400
2023-12-18,358.3159,358.8726,357.8072,358.0183,3403200
2023-12-19,358.2678,360.4948,358.1527,360.4372,3749200
2023-12-20,359.6405,361.2435,355.7433,355.9257,4564700
2023-12-21,357.9319,359.1221,356.2713,358.8822,3837500
2023-12-22,358.6519,360.2549,357.6344,358.8054,3330700
2023-12-26,358.6903,361.0036,358.5943,360.2933,2217800
2023-12-27,360.0533,361.6755,359.7174,361.4547,3061200
2023-12-28,361.4164,362.5395,361.4164,361.9060,2620400
2023-12-29,361.8291,362.3186,360.2165,361.7523,3364400
2024-01-02,359.7653,362.6642,359.7653,361.9635,5776300
2024-01-03,360.5045,361.0324,358.9014,359.1990,6393600
2024-01-04,359.8038,362.0883,359.3814,359.5158,4251900
2024-01-05,359.4102,361.1572,358.2391,359.6118,5381700
2024-01-08,358.4214,361.8482,357.5288,361.7234,4604900
2024-01-09,359.7653,360.5332,358.7574,360.1301,3230900
2024-01-10,360.4853,362.3283,360.2357,361.8292,2718700
2024-01-11,362.6161,362.9521,359.2373,362.0402,4095700
2024-01-12,362.3377,363.0768,359.6981,360.8307,3816700
2024-01-16,359.9286,360.4661,357.1161,358.6711,4471600
2024-01-17,356.8376,358.7574,356.4441,357.7687,4361000
2024-01-18,357.2983,360.2740,356.4632,359.7748,3953400
2024-01-19,360.9112,364.3592,359.6434,363.6196,5218600
2024-01-22,364.6664,366.0014,364.0805,365.0313,5433400
2024-01-23,364.3495,364.8201,363.0241,364.0421,3110100
2024-01-24,365.1659,365.5597,362.9857,363.1298,3967200
2024-01-25,364.0709,365.5019,362.9664,365.4251,3539100
2024-01-26,364.9450,367.0099,364.9161,366.0110,3221000
2024-01-29,365.9246,368.2393,365.4828,368.1432,2730900
2024-01-30,367.6726,369.7183,367.3556,369.2765,2747900
2024-01-31,369.9679,370.5538,366.2511,366.2799,4476600
2024-02-01,366.3087,369.9103,365.8957,369.8623,3652500
2024-02-02,368.7963,372.4363,368.0759,371.1301,3344800
2024-02-05,370.7171,370.7171,367.0002,368.4025,3761600
2024-02-06,368.7290,370.1216,368.3256,369.8431,2507800
2024-02-07,371.1013,372.1194,370.3906,371.3703,2797600
2024-02-08,372.1386,372.3211,370.2562,372.0233,2549800
2024-02-09,371.8696,372.1674,370.4962,371.4182,3526300
2024-02-12,371.1973,374.0018,371.1493,372.7532,2412200
2024-02-13,369.8336,369.9201,365.4060,367.6727,5325300
2024-02-14,368.8059,369.3342,366.9523,369.0845,3465200
2024-02-15,369.9488,372.9645,369.6511,372.8877,3497200
2024-02-16,372.4376,373.4765,371.0235,371.4949,3772300
2024-02-20,370.8407,371.8603,369.9076,371.0138,3295700
2024-02-21,370.3116,371.4756,368.7340,371.3601,3027600
2024-02-22,373.5822,376.5739,373.1493,375.6793,4990700
2024-02-23,376.8624,377.8917,376.0448,376.3911,3451600
2024-02-26,376.5546,377.4781,375.3906,375.8427,1914100
2024-02-27,375.5061,375.5927,373.9574,374.8328,2370900
2024-02-28,373.1782,374.9097,372.8512,374.7751,3313900
2024-02-29,375.8235,376.2275,373.6687,375.1117,3026900
2024-03-01,375.0155,376.7086,374.0825,376.4200,3857500
2024-03-04,374.5346,376.3623,374.5346,375.3811,3048500
2024-03-05,374.1883,374.4769,370.2732,371.4949,4132400
2024-03-06,373.7073,374.3230,371.4371,372.4471,3039100
2024-03-07,374.2653,374.8905,373.0724,373.6689,2965700
2024-03-08,373.4668,375.5639,372.9570,373.2263,4256900
2024-03-11,372.1970,373.8612,370.8311,373.6400,3396000
2024-03-12,374.4287,376.5450,373.0820,375.9198,3275800
2024-03-13,376.7856,377.8437,375.2176,376.3334,2788700
2024-03-14,377.2472,377.4781,373.0820,375.2271,4471900
2024-03-15,373.8801,375.3458,372.2409,373.1666,4372300
2024-03-18,374.4683,374.9601,373.6294,373.8705,2060600
2024-03-19,374.2850,377.1103,373.6197,376.9271,3303800
2024-03-20,376.2040,381.0928,375.9533,380.8710,4823900
2024-03-21,382.1438,384.5640,381.6616,383.5323,4348400
2024-03-22,383.5419,383.8312,380.3888,380.4273,3156100
2024-03-25,379.8393,380.0610,378.7786,378.9039,2535600
2024-03-26,379.6077,380.1766,378.5952,378.8074,3395400
2024-03-27,380.8805,383.3683,380.3695,383.3490,4427300
2024-03-28,383.8312,384.3133,382.8476,383.5419,3155000
2024-04-01,383.5998,383.8215,380.6202,381.1988,3825200
2024-04-02,377.9589,378.1229,376.3294,377.6311,4034900
2024-04-03,377.6792,378.8749,376.0496,377.2742,3547000
2024-04-04,379.9452,380.1477,371.8166,372.2216,5041200
2024-04-05,372.5398,376.4932,372.2794,374.9601,4423500
2024-04-08,375.1432,376.1943,374.6804,375.1915,2431300
2024-04-09,375.6929,376.0401,371.9420,374.9408,4003900
2024-04-10,371.1609,372.1734,369.3385,370.7656,5173100
2024-04-11,371.6913,372.2795,368.3453,370.7945,3972800
2024-04-12,368.6441,369.2420,365.2692,366.2914,5305100
2024-04-15,369.6276,370.1002,363.1382,363.8228,4870700
2024-04-16,366.1660,366.3492,363.5625,364.4689,4383500
2024-04-17,365.6550,366.6000,362.6947,363.9579,4584900
2024-04-18,365.5007,367.3135,363.3794,364.3340,4579200
2024-04-19,365.3451,367.6027,364.6023,366.4160,5078600
2024-04-22,368.2779,370.8924,366.4256,368.8954,4129000
2024-04-23,370.1688,372.0019,369.4163,371.4520,3126400
2024-04-24,371.3073,371.8862,369.5225,370.8925,3575800
2024-04-25,366.4062,368.1042,364.1777,367.4964,4682800
2024-04-26,367.3325,369.8312,367.1202,368.8375,4252400
2024-04-29,369.5996,370.4969,368.6059,370.2750,3265900
2024-04-30,368.9821,369.2618,364.7564,364.8047,3463600
2024-05-01,365.0459,369.9662,364.6600,365.5380,5731600
2024-05-02,367.7183,369.4163,365.5476,368.7603,3535600
2024-05-03,373.4973,374.3173,371.4906,373.1403,4471100
2024-05-06,374.6357,375.0409,373.1982,374.7611,2596100
2024-05-07,375.4558,376.0154,374.6551,375.0410,2428600
2024-05-08,374.6550,377.1344,374.5103,376.7196,2855100
2024-05-09,376.3626,380.3664,376.2662,380.1156,4141200
2024-05-10,381.3214,381.9485,380.2120,381.2539,3505600
2024-05-13,382.4116,382.6335,380.1831,380.5593,2635800
2024-05-14,380.6365,382.2863,379.9322,381.6399,2702700
2024-05-15,383.2413,385.4217,382.9519,385.2094,3421200
2024-05-16,385.6629,386.8688,385.0647,385.1419,2877200
2024-05-17,385.6192,386.4985,384.9719,386.4308,2702900
2024-05-20,386.2569,387.1748,384.3921,384.6433,2094800
2024-05-21,384.8559,385.5708,384.3244,385.3003,1618300
2024-05-22,384.4984,385.3679,382.1408,383.2520,2647200
2024-05-23,383.6385,383.6675,377.0587,377.4548,3361200
2024-05-24,377.9959,378.9911,376.9718,377.4355,2072200
2024-05-28,376.6336,377.0298,373.9379,375.4645,2176100
2024-05-29,372.2857,372.6819,371.2519,371.5804,2715000
2024-05-30,368.4788,369.4740,367.5513,368.5851,4063400
2024-05-31,369.0683,374.5079,368.3823,374.4307,4748400
2024-06-03,374.7591,374.7785,369.9861,373.1842,3614300
2024-06-04,371.9861,375.2519,371.5417,374.4113,2822500
2024-06-05,375.4645,375.8219,372.9234,375.3968,2181400
2024-06-06,375.6674,377.3872,374.6819,376.1698,2241900
2024-06-07,375.7351,378.3825,374.7786,375.3583,1952000
2024-06-10,374.9137,376.1987,374.1021,376.1311,1380600
2024-06-11,374.5562,375.0780,371.8895,374.8557,2522600
2024-06-12,378.3437,378.6626,373.6190,374.5852,3866700
2024-06-13,373.7446,374.5659,371.5900,373.8026,3136100
2024-06-14,371.6190,373.4741,370.6625,373.3968,2884300
2024-06-17,372.2276,376.0538,371.9668,375.4451,2025300
2024-06-18,375.7639,377.0007,374.9040,375.9862,1848700
2024-06-20,375.5997,379.8219,375.2518,378.8171,3588000
2024-06-21,379.2762,380.0509,378.1044,378.9566,2592100
2024-06-24,380.0508,383.0721,379.4988,381.5130,3096600
2024-06-25,381.1064,381.6390,377.4848,378.6468,2879100
2024-06-26,377.7462,379.3343,376.7004,378.8598,1501900
2024-06-27,378.2498,379.9735,377.8140,379.1697,1601100
2024-06-28,378.9857,381.8424,376.8844,378.7533,3624400
2024-07-01,379.6732,381.8133,377.9108,379.0728,2536500
2024-07-02,378.4240,380.8449,378.3272,380.8449,1711600
2024-07-03,381.2710,381.5905,379.7313,380.3994,2319100
2024-07-05,380.7482,381.5325,379.2569,381.2420,2011000
2024-07-08,381.9295,384.1761,380.3511,381.0096,3374500
2024-07-09,380.7772,382.5396,379.0826,380.5060,3821600
2024-07-10,380.5061,384.8830,380.2059,384.6894,4234300
2024-07-11,384.9216,386.2677,383.7693,385.0475,4020700
2024-07-12,386.2387,389.9475,385.5221,387.6525,4711800
2024-07-15,389.7344,390.8093,388.6983,389.6279,4433500
2024-07-16,391.0805,397.0165,391.0708,396.6970,6547600
2024-07-17,395.6318,399.2922,395.6318,398.8951,4490600
2024-07-18,397.6847,400.7641,393.2012,393.8500,4922200
2024-07-19,392.7300,393.3985,389.4167,390.3855,4284500
2024-07-22,391.4415,392.1100,389.6783,391.5481,2314000
2024-07-23,391.6837,392.6525,390.6470,390.9086,1693500
2024-07-24,389.2035,390.0754,385.6673,386.2389,3701300
2024-07-25,386.2002,391.7806,385.9483,387.0333,4179800
2024-07-26,389.2809,394.9098,389.1840,393.3112,2810600
2024-07-29,394.1737,394.3093,391.3641,392.8658,2039000
2024-07-30,393.2144,395.9755,392.6428,394.7064,2576400
2024-07-31,394.7548,399.1629,393.8150,395.7527,5634800
2024-08-01,396.9250,398.1167,388.4575,390.6568,5497900
2024-08-02,387.4596,387.8956,381.2883,384.7469,4844900
2024-08-05,374.4678,378.1299,372.9273,374.7487,8680200
2024-08-06,375.4754,382.2183,374.2159,377.8005,4058000
2024-08-07,380.3873,382.4800,375.2041,375.6788,3969400
2024-08-08,377.3645,382.8190,377.1029,382.2183,2993500
2024-08-09,381.8889,384.1269,380.1838,382.8286,3380200
2024-08-12,383.6038,383.6910,380.3679,381.4918,1902000
2024-08-13,382.7512,385.7158,381.7824,385.3864,3510800
2024-08-14,385.3379,388.3800,385.1151,387.6146,5230400
2024-08-15,392.1197,393.4760,390.6083,393.2241,3764100
2024-08-16,392.7170,394.9859,392.3001,394.3750,2789200
2024-08-19,394.9761,396.8766,394.8792,396.6729,2012400
2024-08-20,396.1979,396.9057,395.3834,396.1397,1999600
2024-08-21,396.8766,397.5262,395.1992,396.5566,1439000
2024-08-22,397.2450,398.0207,393.6769,395.0925,2353500
2024-08-23,396.8475,399.7854,396.1397,399.3102,3818300
2024-08-26,400.0956,401.9185,399.1357,400.1732,3145000
2024-08-27,399.7562,400.5125,398.8545,400.3380,1710200
2024-08-28,400.1151,401.3465,396.2852,398.8353,2732600
2024-08-29,401.7731,403.6444,398.7964,401.3271,5024800
2024-08-30,401.9088,403.8868,399.5914,403.5571,2283800
2024-09-03,401.5986,402.5585,396.1979,397.7784,3754700
2024-09-04,397.5068,400.0083,396.7893,397.9431,2131200
2024-09-05,398.8352,399.1455,393.6381,396.0427,2234700
2024-09-06,396.5275,398.5055,391.5050,392.1740,3351000
2024-09-09,394.9762,398.3989,393.7642,396.6148,3038200
2024-09-10,397.6329,397.6620,392.6588,395.8488,1970500
2024-09-11,394.7726,397.4681,388.6253,396.8281,3134600
2024-09-12,397.2450,399.4751,395.0925,399.4460,3131600
2024-09-13,400.0472,403.6541,399.8145,402.3257,5210300
2024-09-16,403.7898,405.8259,403.0141,404.6915,3881100
2024-09-17,405.5740,406.7375,403.1694,404.5753,2561700
2024-09-18,404.8080,408.2016,402.9173,403.5378,3173600
2024-09-19,409.1518,409.9274,406.6308,408.5991,4073000
2024-09-20,407.8386,409.7057,406.9828,408.9958,2902200
2024-09-23,409.5307,410.0948,408.4415,409.5210,2318700
2024-09-24,410.0656,411.0186,408.8111,410.5130,2790700
2024-09-25,410.8144,411.3006,406.8661,407.5858,2048000
2024-09-26,409.6474,410.5031,408.6360,410.0169,2703700
2024-09-27,410.9602,414.4709,410.6199,411.3103,3667700
2024-09-30,410.7950,411.6507,407.5469,411.4757,3819800
2024-10-01,410.7949,411.5048,407.7511,409.9002,5101300
2024-10-02,410.2212,410.8727,408.0331,410.2990,2599600
2024-10-03,408.7721,409.5307,406.7688,408.4221,2534400
2024-10-04,410.7463,411.9522,408.1109,411.7577,2520900
2024-10-07,410.4934,411.2909,406.7494,408.0622,2632600
2024-10-08,408.9375,409.6863,407.1871,409.2195,1872900
2024-10-09,409.3070,413.9457,408.4707,413.3525,3935100
2024-10-10,413.3040,413.3721,411.3979,412.9734,2179000
2024-10-11,413.5763,417.2620,413.3137,416.9314,3753500
2024-10-14,416.5325,419.5472,415.4336,419.0318,2180600
2024-10-15,417.5147,418.2927,415.2780,415.7740,3291200
2024-10-16,415.4239,419.2165,415.1710,418.8665,2583700
2024-10-17,420.6364,420.9768,419.3333,420.5489,3462800
2024-10-18,420.5090,421.4235,418.6315,420.8787,2303700
2024-10-21,420.6744,421.2679,417.1042,417.6976,2702600
2024-10-22,416.0146,418.7191,415.5477,417.6392,2306100
2024-10-23,415.4212,416.1314,411.4230,413.6021,4006500
2024-10-24,412.7848,413.1253,410.4695,412.2595,1936600
2024-10-25,413.8842,414.4192,409.0395,409.6913,2518800
2024-10-28,412.0358,413.2713,411.7634,412.5417,2912000
2024-10-29,410.7518,413.4173,410.2945,411.0144,2697700
2024-10-30,410.5474,413.1059,409.9929,410.2848,2933600
2024-10-31,407.8332,408.5142,405.6833,406.3156,4297100
2024-11-01,408.2613,411.7926,407.9110,408.9909,3856400
2024-11-04,408.4267,408.8742,405.1191,406.6854,3125400
2024-11-05,406.8994,411.1311,406.3546,410.8198,3093100
2024-11-06,422.8438,425.8887,421.9196,425.3439,7271800
2024-11-07,425.6358,426.3362,424.5657,425.4996,4267900
2024-11-08,426.3848,429.6924,425.5093,428.1456,5014300
2024-11-11,429.8675,432.7762,429.8091,430.9668,4065100
2024-11-12,431.5212,432.1438,427.1144,427.4452,3483000
2024-11-13,427.9511,429.5465,426.5210,427.8538,2631000
2024-11-14,428.6126,428.9531,425.2175,425.8012,2528300
2024-11-15,424.2495,424.9017,421.9912,422.9549,3486900
2024-11-18,422.6240,423.7531,421.6701,422.6435,2243000
2024-11-19,419.2755,422.5753,418.2145,421.3294,3202500
2024-11-20,422.0204,423.3443,419.4604,422.7408,3956000
2024-11-21,424.2690,428.8246,422.0983,427.2963,7558000
2024-11-22,427.8997,431.7739,427.6369,431.3748,5492800
2024-11-25,434.7331,436.4756,433.5553,435.6579,2976100
2024-11-26,434.6844,437.3808,432.8350,436.9427,4126500
2024-11-27,437.2348,438.6560,435.4729,435.8331,2985900
2024-11-29,436.3781,439.2789,436.3197,438.1205,3474100
2024-12-02,438.6268,439.0064,436.0181,436.8065,2661200
2024-12-03,437.2056,437.6436,434.7331,435.9791,1697400
2024-12-04,437.8870,439.5418,436.8454,438.9480,3694400
2024-12-05,438.5003,439.4737,436.4269,436.7384,1917600
2024-12-06,437.5364,437.9939,434.8985,435.2587,1973900
2024-12-09,435.7455,436.3587,432.9713,433.2438,1998600
2024-12-10,432.6889,433.9446,431.1704,431.8907,2461000
2024-12-11,432.2996,432.9128,430.6156,430.7422,2084300
2024-12-12,430.7226,431.3359,428.3475,428.5617,3585300
2024-12-13,429.1360,429.7882,427.2476,427.6856,2548400
2024-12-16,427.9582,428.9511,426.3035,426.7123,1987500
2024-12-17,424.5804,425.2131,422.8770,423.9867,3130300
2024-12-18,424.3859,426.3911,412.7050,412.9386,6135700
2024-12-19,416.1410,417.5621,413.1623,413.2402,4948000
2024-12-20,412.0229,421.8046,411.6910,418.3488,6069600
2024-12-23,417.1383,419.2275,414.8735,418.6906,2602700
2024-12-24,418.6906,422.3416,418.0950,422.2147,1431700
2024-12-26,420.7210,423.3568,420.6722,422.9077,1867400
2024-12-27,420.3403,422.0096,417.2652,419.7741,2429100
2024-12-30,415.3519,417.4898,412.4720,415.6447,3858300
2024-12-31,416.7576,417.5679,413.9559,415.3812,2442700
2025-01-02,418.1536,418.7589,411.5641,413.7216,4231500
2025-01-03,415.7228,417.5971,414.1120,417.0016,2203200
2025-01-06,418.6613,420.8675,415.9474,416.9724,3463300
2025-01-07,418.7003,419.1103,413.7801,415.2152,2053900
2025-01-08,415.2933,416.4159,413.1944,415.9962,2020200
2025-01-10,414.1901,414.2389,408.8404,409.3578,3415500
2025-01-13,408.8014,413.1749,408.5574,412.9015,2608100
2025-01-14,414.7759,415.3909,411.5250,415.0394,2643300
2025-01-15,421.2971,422.9762,420.2623,421.9609,4059800
2025-01-16,421.8144,422.6149,420.5161,421.2970,2532500
2025-01-17,424.3655,426.1722,423.8088,424.5413,2771000
2025-01-21,426.1331,430.1175,426.0940,429.7953,2113800
2025-01-22,431.1527,431.6508,430.0394,430.9476,3724100
2025-01-23,431.1821,435.0201,431.1821,434.9517,2352500
2025-01-24,434.3852,435.0493,432.9594,433.7212,2022000
2025-01-27,430.3226,436.8364,430.2250,436.6509,3822400
2025-01-28,436.7290,439.2096,435.7329,437.9107,2233500
2025-01-29,437.7154,439.0826,435.3325,436.7095,2225100
2025-01-30,436.0845,439.5709,435.8990,438.3112,2322600
2025-01-31,439.4928,439.8150,434.6196,434.9614,3085400
2025-02-03,429.3168,435.4595,428.4281,433.8677,4527700
2025-02-04,433.8286,435.5571,432.8911,435.0981,1890500
2025-02-05,435.2838,438.3405,433.0279,438.1647,2273400
2025-02-06,438.8287,439.1998,434.9614,436.8853,1867200
2025-02-07,437.2955,437.9889,432.4321,432.7446,2259200
2025-02-10,435.3813,435.8207,432.7250,434.3656,1858100
2025-02-11,432.9595,436.0846,432.8521,435.6646,1436200
2025-02-12,431.9829,434.3755,430.7426,433.2427,2444500
2025-02-13,434.9028,437.3638,433.3110,436.7876,2961500
2025-02-14,436.6314,437.5494,434.9224,435.3521,2005400
2025-02-18,434.8539,435.5571,433.2426,435.4790,2451200
2025-02-19,434.3657,436.3384,433.1645,436.2115,2239400
2025-02-20,434.8442,435.1275,429.6684,432.0317,2960000
2025-02-21,429.4584,429.7420,423.8346,424.6171,3842200
2025-02-24,426.2602,427.3067,423.8347,424.9888,3629300
2025-02-25,425.9766,427.9327,423.1500,426.5536,2953100
2025-02-26,426.8569,428.8912,423.4924,424.8030,2427800
2025-02-27,424.9008,429.1162,422.6122,422.8567,3296900
2025-02-28,423.5511,429.1846,421.5559,428.7445,3249900
2025-03-03,429.8888,431.0136,420.0497,422.6024,3925200
2025-03-04,420.2452,421.6243,414.5433,416.2255,3586900
2025-03-05,415.8734,422.1231,415.1301,421.0179,3018300
2025-03-06,416.8123,420.6756,414.7291,416.5482,2824100
2025-03-07,414.7878,419.8932,412.7144,418.8565,3719500
2025-03-10,414.0934,416.6950,407.4721,410.2791,3442800
2025-03-11,409.2814,409.8291,403.1980,405.6333,3893400
2025-03-12,407.8046,408.4012,401.5451,404.8607,2960500
2025-03-13,404.2739,405.0954,398.3078,399.8042,2557200
2025-03-14,401.8092,406.7776,400.9094,406.2397,2422700
2025-03-17,405.8290,411.5408,405.7312,410.0052,2141000
2025-03-18,409.2325,409.4770,405.7702,407.3840,1844100
2025-03-19,408.4403,413.2131,407.6481,411.1886,1813800
2025-03-20,408.7435,413.8488,408.4696,410.8951,1646500
2025-03-21,407.6918,411.5723,405.8692,411.1901,2485700
2025-03-24,414.8452,417.6673,414.2964,416.9422,2474900
2025-03-25,417.7555,418.2651,415.8349,417.2656,3997600
2025-03-26,417.7654,419.5390,414.6395,415.7076,2442100
2025-03-27,415.1686,416.5503,412.9932,414.4435,1646000
2025-03-28,413.5027,413.8947,406.8589,407.2704,2600600
2025-03-31,403.9192,412.8951,403.1744,411.4449,2985300
2025-04-01,410.0044,412.8168,406.6629,411.1607,2384800
2025-04-02,408.0054,415.1392,407.8192,413.5517,2299800
2025-04-03,402.6649,403.3411,396.8639,397.0794,7440100
2025-04-04,386.9961,388.6816,374.9922,375.5214,8667200
2025-04-07,363.9192,384.3307,358.9609,371.9447,12718200
2025-04-08,385.5753,386.4376,363.5763,368.9168,7283000
2025-04-09,364.5660,399.5978,364.5660,397.9221,9861100
2025-04-10,391.5723,392.1504,376.5894,387.7310,6624200
2025-04-11,386.5160,395.9722,384.8012,393.8360,3789900
2025-04-14,399.2940,399.6663,393.6399,397.2754,2286200
2025-04-15,397.6380,399.8232,395.4234,395.5998,2387300
2025-04-16,394.2278,396.1681,386.1240,388.7991,3004400
2025-04-17,383.8060,386.6884,381.8746,383.6883,4537500
2025-04-21,380.8452,381.0805,370.9334,374.1393,2881800
2025-04-22,378.5020,384.9628,377.6491,384.1883,3308100
2025-04-23,391.4630,395.8355,387.1590,388.1492,4049200
2025-04-24,387.7570,393.8060,386.0805,393.1198,4010500
2025-04-25,392.0413,393.5021,389.3550,393.1590,1790800
2025-04-28,393.9237,396.2473,390.9041,394.3845,1534700
2025-04-29,394.5119,398.3551,394.3158,397.2668,1888100
2025-04-30,394.5414,399.7865,389.6198,398.3747,2487400
2025-05-01,400.5414,402.8748,399.0414,399.4336,1917600
2025-05-02,403.7081,405.7571,402.2865,404.9434,2277700
2025-05-05,402.7668,406.3158,402.4139,404.1786,3866000
2025-05-06,400.4630,403.6689,399.5218,400.2375,1745600
2025-05-07,401.8257,404.7081,400.1492,402.9924,2420600
2025-05-08,405.0023,409.5611,403.5023,405.7670,2001000
2025-05-09,406.3159,407.0316,403.5022,404.3355,1789200
2025-05-12,414.6689,415.9827,412.8356,415.9141,2398600
2025-05-13,414.3944,415.6787,413.1591,413.2473,3018000
2025-05-14,413.8061,414.3748,411.3845,412.3061,3064800
2025-05-15,410.3356,415.3748,410.2865,415.1787,3927000
2025-05-16,415.7497,418.7324,414.5331,418.5067,2430300
2025-05-19,415.7106,420.5771,415.6419,419.9688,3121500
2025-05-20,419.3407,420.1256,417.0154,418.9188,1971000
2025-05-21,415.1120,416.5641,410.2063,410.8539,3624800
2025-05-22,409.9904,413.2085,409.4998,410.9225,2638600
2025-05-23,406.1346,410.2848,406.0266,408.4795,3117800
2025-05-27,412.7671,415.8675,411.2855,415.8577,3126600
2025-05-28,415.7399,416.8192,412.8063,413.4735,1790900
2025-05-29,414.4939,415.0434,410.6871,414.4939,2751400
2025-05-30,414.1995,416.2697,411.5995,414.8765,2957500
2025-06-02,413.3656,415.8577,411.1776,415.7203,2636100
2025-06-03,415.0924,418.3302,414.5037,417.9770,2332600
2025-06-04,418.3399,419.1052,416.8486,416.9271,2163300
2025-06-05,417.9181,418.7717,414.8863,415.9754,3018800
2025-06-06,419.7136,421.9800,418.5068,420.3023,3081100
2025-06-09,420.4396,421.6170,418.3891,420.2827,2680200
2025-06-10,420.1943,421.9898,419.8019,421.5090,2022600
2025-06-11,421.7543,423.9128,420.0962,421.4992,3025000
2025-06-12,420.1257,422.4313,418.9189,422.3725,2587700
2025-06-13,418.0750,418.8698,413.6501,414.8373,4826100
2025-06-16,417.0351,420.1257,416.8683,418.2419,3177100
2025-06-17,416.4561,418.3792,414.3957,415.1316,2450200
2025-06-18,415.6810,418.1731,414.2682,414.8667,2786700
2025-06-20,416.5679,417.3354,413.9605,414.9838,3810500
2025-06-23,415.2199,419.1163,412.8782,418.8802,4315000
2025-06-24,421.6450,424.7936,420.8087,423.8687,4958200
2025-06-25,423.8294,423.9868,421.6254,422.9536,3265500
2025-06-26,423.8983,427.2141,423.8786,426.9583,2444800
2025-06-27,428.1587,432.4979,428.1095,430.9629,3621000
2025-06-30,433.3736,434.1706,431.6124,433.5704,2827800
2025-07-01,433.1177,438.8048,432.9307,437.7422,4520300
2025-07-02,437.5355,438.2440,436.2466,437.5651,3141700
2025-07-03,438.5096,441.6484,438.4112,440.8907,2807100
2025-07-07,440.1922,440.6448,434.4657,436.8665,3657500
2025-07-08,436.5615,437.2404,434.9478,435.2726,3563200
2025-07-09,437.2503,438.4408,435.1742,437.3782,3251900
2025-07-10,437.2404,440.6153,436.5714,439.3264,2262600
2025-07-11,436.5418,437.3191,435.6464,436.4434,3345500
2025-07-14,435.9908,437.6143,435.3709,437.4371,2244700
2025-07-15,437.4372,438.0177,433.0685,433.0783,3810700
2025-07-16,434.7608,435.4988,430.6087,435.2528,4230300
2025-07-17,434.9478,438.4506,434.8789,438.0669,3790800
2025-07-18,438.7471,438.7963,435.1936,436.3158,3901900
2025-07-21,437.2411,439.0227,436.1977,436.4930,2548800
2025-07-22,435.9219,438.4714,435.9023,437.9890,3091600
2025-07-23,440.2433,443.1963,439.3574,443.1569,5486500
2025-07-24,440.0070,442.0938,439.7511,440.1054,5078300
2025-07-25,440.5189,442.3694,439.4164,441.9855,3710600
2025-07-28,441.6312,442.4384,440.3713,441.3162,2864200
2025-07-29,441.6016,441.8182,438.6683,439.4853,3146200
2025-07-30,439.7117,440.3712,435.6759,437.7922,3765000
2025-07-31,438.2943,439.2097,433.5990,434.4160,4223300
2025-08-01,430.8921,430.9019,426.6102,428.8939,5980000
2025-08-04,431.0201,434.9771,430.7347,434.8885,5065800
2025-08-05,434.8786,436.0598,432.3292,434.2289,4081600
2025-08-06,435.1838,436.0106,433.2348,435.0460,2975300
2025-08-07,437.3100,438.0384,431.1185,432.8313,5205100
2025-08-08,433.9042,435.9417,433.4120,434.9968,3684500
2025-08-11,435.4004,435.9319,432.3490,433.1167,3538100
2025-08-12,434.7704,438.1761,434.2290,437.7135,5012600
2025-08-13,439.4459,442.6056,439.0620,442.3792,6203200
2025-08-14,440.7256,442.5958,439.9775,442.1233,4553200
2025-08-15,445.0840,445.2318,442.1982,442.7498,5584400
2025-08-18,442.5725,443.1831,441.8633,442.2770,3809100
2025-08-19,443.0650,445.3303,441.4497,442.5134,5794900
2025-08-20,443.0058,443.7248,440.9178,442.5823,4731400
2025-08-21,440.9670,442.2967,439.1548,441.1936,3780700
2025-08-22,443.6263,450.9640,443.4983,449.7525,8534700
2025-08-25,448.7676,449.3093,446.1970,446.2364,3898200
2025-08-26,445.9605,447.8910,445.7143,447.6349,3190500
2025-08-27,447.4281,449.7525,447.3591,449.1517,2943900
2025-08-28,449.6442,450.3041,447.9304,449.9003,3576500
2025-08-29,449.2404,449.9495,447.4281,449.2108,3605900
2025-09-02,445.1726,446.8568,443.3702,446.7682,6009200
2025-09-03,446.0492,446.8962,443.7347,446.4235,3948200
2025-09-04,446.7091,450.3632,445.7341,450.1563,4524200
2025-09-05,450.2253,451.7519,446.1477,448.1274,5828200
2025-09-08,448.5116,449.4079,446.7880,449.3192,4395200
2025-09-09,449.0827,451.6337,448.3539,451.1018,5979400
2025-09-10,450.8063,450.9935,447.8516,449.0532,5412200
2025-09-11,449.9594,455.3469,449.7131,454.9529,6352100
2025-09-12,454.2930,454.7263,452.1459,452.3921,3784600
2025-09-15,453.0717,453.9581,451.9095,453.1308,4862200
2025-09-16,453.1702,453.8498,450.8753,451.8603,4526100
2025-09-17,452.8550,456.8538,451.0526,454.3029,5998000
2025-09-18,454.3324,457.3659,453.7119,455.6522,6681000
2025-09-19,457.0429,458.0899,455.2156,457.2602,5871400
2025-09-22,455.5020,458.5936,454.5143,457.9812,4074900
2025-09-23,458.5245,461.2703,456.3613,457.1910,5904600
2025-09-24,457.7639,458.7220,455.1464,455.3637,4588800
2025-09-25,454.2575,455.4230,452.0944,453.7933,4767200
2025-09-26,455.6107,457.7244,454.6724,456.6083,4167200
2025-09-29,458.0701,458.0899,455.6502,457.3589,3752700
2025-09-30,456.9441,458.3961,455.1859,458.0504,4253300
2025-10-01,456.8947,459.4332,456.8749,458.5640,4551600
2025-10-02,458.6134,460.0555,456.9442,459.4036,5458300
2025-10-03,460.0752,464.6089,459.9665,461.7741,9693900
2025-10-06,462.5742,462.7223,458.5344,461.1123,7405400
2025-10-07,461.8136,462.8606,458.6924,460.2530,7368700
2025-10-08,461.5864,462.3864,459.2257,460.3517,4621200
2025-10-09,460.4506,461.0531,456.9342,457.8133,5411000
2025-10-10,459.4134,460.7765,449.1410,449.2892,9309100
2025-10-13,452.6080,455.8971,452.4401,455.0279,6272500
2025-10-14,451.4227,459.5122,448.9830,457.0330,7827400
2025-10-15,458.9690,461.2111,454.6032,457.0330,6187100
2025-10-16,457.6849,458.5738,452.2227,453.9216,8149500
2025-10-17,453.8179,457.5824,453.4425,456.2683,8439900
2025-10-20,457.9184,461.9497,457.8986,461.4457,4556600
2025-10-21,461.4952,465.6253,461.3371,463.6195,5951600
2025-10-22,463.6096,463.6393,458.9361,460.2206,7604700
2025-10-23,459.9933,462.3844,459.3115,461.7126,5144200
2025-10-24,464.4100,467.5915,463.6788,466.5738,7228900
2025-10-27,469.0934,469.9431,468.0559,469.6764,4720200
2025-10-28,473.0852,473.6879,471.1288,471.4549,9435500
2025-10-29,472.9369,474.6562,468.8266,470.6841,10006500
2025-10-30,468.4413,474.4191,468.2535,469.3404,9338300
2025-10-31,470.1802,471.4647,467.7693,469.9925,7990900
2025-11-03,470.4767,470.6150,465.6747,467.8188,4858700
2025-11-04,464.8052,467.0678,463.2045,465.2794,6013300
2025-11-05,465.1806,468.8958,464.7854,467.4631,7030200
2025-11-06,466.4553,467.7892,462.2659,463.6788,7125200
2025-11-07,462.6907,464.3408,459.3115,464.2519,8604400
2025-11-10,466.2675,468.5401,463.8468,468.1646,5636600
2025-11-11,468.5994,474.1325,468.3425,473.6879,4839100
2025-11-12,474.7550,478.6184,474.7550,476.9980,7066900
2025-11-13,475.6541,476.6521,468.5598,469.0736,8722300
2025-11-14,465.7537,468.3918,463.2737,466.1687,10940200
2025-11-17,465.2499,466.7221,458.9954,460.7542,7599500
2025-11-18,456.6537,458.5607,454.0452,455.7941,12817500
2025-11-19,456.0016,457.8690,453.9365,456.2486,5833400
2025-11-20,461.0703,463.4317,452.2468,452.6322,13414200
2025-11-21,454.6267,460.8395,452.9548,457.6243,11821400
2025-11-24,458.7917,460.8890,456.0810,459.4743,6206800
2025-11-25,460.6021,466.8545,458.4949,466.1422,7203600
2025-11-26,467.1513,470.7030,466.8842,469.2784,5689100
2025-11-28,469.7433,472.5035,469.7433,472.0781,2281800
2025-12-01,469.2685,471.8506,467.8934,468.2594,4413900
2025-12-02,469.1399,471.3658,468.0615,470.1786,5233500
2025-12-03,469.7532,475.0460,469.5949,474.2842,5994200
2025-12-04,474.5810,476.0848,472.3947,473.9479,4003800
2025-12-05,474.3536,476.7774,474.1656,474.8977,4596600
2025-12-08,475.3527,475.3823,471.7417,473.0377,4427600
2025-12-09,472.9586,475.1450,470.9998,471.3263,4266900
2025-12-10,471.0393,477.5885,470.2775,476.2035,5476200
2025-12-11,477.0444,483.1583,476.8070,482.6538,6972300
2025-12-12,483.4749,484.4247,478.9934,480.2102,7089900
2025-12-15,482.3668,482.5153,478.5382,479.9826,4891300
2025-12-16,479.2803,480.2894,475.1944,476.8268,5373200
2025-12-17,477.6479,479.6067,474.3634,474.6701,6381600
2025-12-18,477.0246,479.4484,474.2842,475.3725,6422800
2025-12-19,476.5166,478.6780,476.3282,477.0421,6439100
2025-12-22,477.7460,480.2941,477.7460,479.3323,4162000
2025-12-23,478.0633,480.9782,478.0633,480.0958,3677800
2025-12-24,480.0561,483.4072,479.4612,482.8520,1544000
2025-12-26,482.6835,483.4569,481.5830,482.8719,2711500
2025-12-29,481.7417,482.7530,479.6200,480.4528,3390100
2025-12-30,480.4825,480.5321,478.6979,479.4613,3042700
2025-12-31,479.5208,479.6794,476.2588,476.4671,3441900
2026-01-02,477.7361,479.8182,474.2958,479.5009,7021100
2026-01-05,480.2742,487.8391,480.1156,485.5885,7574400
2026-01-06,485.1523,490.8928,484.7854,490.3872,6061400
2026-01-07,491.4184,492.0133,485.3209,485.7769,5603700
2026-01-08,483.6452,489.3065,483.6452,488.3250,6544800
2026-01-09,488.6521,491.4679,487.7103,490.7937,6004600
2026-01-12,488.1266,492.1024,485.8661,491.6661,5722400
2026-01-13,491.3192,491.7257,486.4412,487.7400,5966400
2026-01-14,486.4709,487.7400,484.3789,487.3830,6767800
2026-01-15,488.1663,491.5968,488.0077,490.2583,8519900
2026-01-16,490.4556,491.9434,488.2439,489.3845,5845500
2026-01-20,482.1938,485.0601,480.2895,480.9143,7416300
2026-01-21,481.6979,488.8787,481.5888,486.7859,6718600
2026-01-22,489.4341,491.9533,488.4323,489.6523,5087200
2026-01-23,487.7976,488.1051,485.5561,486.9149,4915700
2026-01-26,487.8868,490.8028,487.4504,490.0193,3722800
2026-01-27,486.6768,487.5695,484.5642,486.0520,5971400
2026-01-28,486.2702,487.3711,484.9312,486.1214,4726500
2026-01-29,486.0718,488.9184,481.9161,486.2007,9706500
2026-01-30,485.1097,486.4685,480.5970,485.0304,8112100
2026-02-02,484.8717,490.7631,482.9972,489.9895,5584500
2026-02-03,489.1068,492.4592,484.2866,488.2836,8799100
2026-02-04,489.8804,492.4393,487.0934,490.7036,8797100
2026-02-05,488.4819,489.4043,484.2369,484.9114,7767500
2026-02-06,488.3431,497.5671,488.1051,496.9323,10635300
2026-02-09,496.0198,498.0530,494.2345,497.1207,6414800
2026-02-10,498.2315,501.1673,497.1604,497.7951,8163100
2026-02-11,500.0863,500.9888,495.0478,497.2298,5743800
2026-02-12,499.0151,500.4135,490.2771,490.6243,9160300
2026-02-13,490.9913,493.7088,487.1827,491.2293,8378100
2026-02-17,491.2789,493.5006,488.0852,491.7946,6779400
2026-02-18,492.7170,495.2561,490.6044,492.9352,4454300
2026-02-19,491.5070,492.4294,488.3828,490.3367,4625400
2026-02-20,489.1182,493.5472,487.9762,492.6336,6086800
2026-02-23,491.0646,493.5373,483.7656,484.6197,8269200
2026-02-24,484.9970,489.4260,484.0635,488.3734,5335000
2026-02-25,490.2007,491.6902,488.4827,491.3824,4446200
2026-02-26,493.5472,494.7488,488.8203,491.4221,6467000
2026-02-27,486.2284,487.5393,483.3784,486.2582,7198400
2026-03-02,480.9752,487.5690,480.7865,485.7815,7218500
2026-03-03,476.8242,484.0040,473.4180,482.1469,11570700
2026-03-04,483.1797,485.6325,480.5879,484.3515,7590700
2026-03-05,480.4588,482.1172,472.8421,476.5064,8758600
2026-03-06,470.4289,472.9215,467.1916,471.9284,8206100
2026-03-09,467.6087,476.0497,463.4379,474.5601,10305600
2026-03-10,474.4210,479.5154,471.7100,474.3813,6265600
2026-03-11,474.0834,474.4508,469.1777,471.5114,6701700
2026-03-12,467.0724,468.2045,464.1627,464.2323,8000200
2026-03-13,466.6752,468.8202,462.5441,463.1697,7471700
2026-03-16,466.8043,469.4160,465.7218,467.0327,7059900
2026-03-17,470.0913,471.8292,467.3604,467.6285,6189400
2026-03-18,465.5133,466.4865,459.5451,459.7834,7090700
2026-03-19,456.7744,460.1508,454.9770,457.8569,7882800
2026-03-20,456.5273,458.3585,451.3622,453.7010,10543300
2026-03-23,461.0753,464.7974,458.7068,459.7517,9978100
2026-03-24,456.2189,461.7123,455.2436,458.9557,8188000
2026-03-25,463.4937,464.9964,459.5825,461.9113,7019700
2026-03-26,459.3238,463.1951,456.7363,457.1045,8284000
2026-03-27,455.1639,455.3032,448.3269,449.2226,6938500
2026-03-30,453.4124,453.9298,448.2771,449.8893,9181600
2026-03-31,454.6165,461.5929,452.4868,460.9659,11656300
2026-04-01,463.7624,465.6533,462.2696,463.2449,7790300
2026-04-02,457.9505,465.2751,456.6766,462.8269,3955900
2026-04-06,461.9312,464.7775,461.2346,464.5287,2905300
2026-04-07,463.5136,464.0709,459.8911,463.6430,3943200
2026-04-08,476.5805,477.8942,473.2765,476.8592,4697500
2026-04-09,475.1972,480.9494,474.7195,479.5860,4213700
2026-04-10,479.8846,480.0836,476.3317,476.9488,2659000
2026-04-13,473.8139,479.9642,472.8684,479.8149,3768700
2026-04-14,480.0936,483.6365,479.5462,483.1588,4217900
2026-04-15,484.1739,484.7411,480.5414,482.3925,3474500
2026-04-16,483.4872,484.4426,481.0291,483.2981,4111500
2026-04-17,488.5211,494.8632,488.2125,492.0556,10238700
2026-04-20,491.2890,492.6131,490.1540,492.1651,3764000
2026-04-21,495.0624,496.1974,488.1727,489.2082,4322200
2026-04-22,493.1508,493.9672,491.0700,492.5933,4022400
2026-04-23,490.3929,492.9616,486.3706,490.8409,4077300
2026-04-24,490.8908,491.3288,488.6207,490.0544,3372300
2026-04-27,489.4471,491.3886,488.1429,489.6761,2132100
2026-04-28,491.2989,491.6574,488.6207,489.2679,3057100
2026-04-29,488.7999,489.3375,484.8672,486.5299,3322300
2026-04-30,488.8299,495.4009,488.2424,494.4750,5352300
2026-05-01,496.6554,497.7406,492.7426,492.8521,4402600
2026-05-04,491.3388,492.1651,486.8585,487.4160,3310400
2026-05-05,489.7358,491.4284,487.8840,490.8011,3386200
2026-05-06,494.8036,497.8900,494.7239,496.8645,4317300
2026-05-07,498.3181,499.0051,492.6032,493.7383,4490500
2026-05-08,496.2970,496.3667,492.7625,493.9573,3495200
2026-05-11,493.6287,495.6598,492.5933,494.9330,4249100
2026-05-12,494.3356,496.2272,491.0301,495.7095,7445700
2026-05-13,493.9871,495.4307,492.4738,494.9628,3256800
2026-05-14,499.1942,499.9608,496.6653,498.6068,4920500
2026-05-15,495.4151,495.8335,493.1836,493.4725,5300700
2026-05-18,493.7515,495.7339,491.7093,495.1063,5496200
2026-05-19,492.9346,494.4388,490.6932,492.0879,5361300
2026-05-20,493.9706,499.0112,490.6036,498.3239,6516100
2026-05-21,496.8695,502.1193,495.3055,501.1829,6576000
2026-05-22,505.0680,506.7913,503.7530,504.1814,5172200
2026-05-26,505.6258,506.2932,502.0396,503.3147,3897800
2026-05-27,503.9921,506.7515,503.8725,504.9384,4247800
2026-05-28,503.4043,506.2633,501.7109,505.1078,3709600
2026-05-29,505.9545,509.3515,505.2572,508.8235,5346700
2026-06-01,507.8971,509.8994,506.3829,509.4810,4424800
2026-06-02,507.1300,512.5193,506.9806,512.0810,5078000
2026-06-03,509.2121,510.8856,506.0442,506.3132,4098000
2026-06-04,511.7223,515.5975,510.7162,514.7208,6390700
2026-06-05,515.7270,515.7668,506.8013,507.7477,6610700
2026-06-08,508.8136,511.7921,506.3730,506.9607,4825700
2026-06-09,509.5208,511.5729,501.1530,507.4588,6249400
2026-06-10,505.5461,506.7913,498.1844,498.3339,5153400
2026-06-11,501.2626,508.8036,499.6488,507.4089,6353900
2026-06-12,510.9254,513.3262,507.5285,511.0948,8384500
2026-06-15,517.2411,518.8450,515.8863,516.4542,5379400
2026-06-16,518.3270,521.2955,518.0680,519.4427,4812600
2026-06-17,519.2633,522.1622,513.3262,514.3223,6563500
2026-06-18,517.8535,518.9423,514.8568,514.9467,7134400
2026-06-22,516.2653,518.3329,515.4162,516.5050,6552200
2026-06-23,514.1076,518.1431,512.3995,516.0455,5039200
2026-06-24,515.6159,521.8490,515.4361,517.9434,4395900
2026-06-25,520.6104,525.9844,517.9733,518.6826,5357500
2026-06-26,516.4250,520.7003,515.5260,517.1742,3823600
2026-06-29,520.0510,522.3983,518.8224,521.0998,5733400
2026-06-30,521.7690,522.5582,519.0121,521.8090,3607900
2026-07-01,520.8501,526.1342,519.0421,521.8190,3438400
2026-07-02,524.9056,527.6726,523.1476,527.2930,3518700
2026-07-06,528.1320,529.5005,525.2652,529.5005,3236900
2026-07-07,531.9178,531.9477,526.5238,527.8623,4489200
2026-07-08,522.7580,523.8767,519.4517,522.1886,3575000
2026-07-09,523.0677,524.5660,521.5593,523.6071,3056400
2026-07-10,525.0554,525.8844,521.1597,525.1953,3469400
2026-07-13,525.2552,527.2729,522.3185,523.8867,2723800
2026-07-14,522.7380,526.1342,521.9788,524.1064,3664000
2026-07-15,525.3152,527.1431,523.1176,525.3651,3246900
2026-07-16,526.2241,527.3429,522.4883,524.2463,3173300
2026-07-17,519.2095,524.9248,518.4701,520.3785,4741300
2026-07-20,521.6075,522.9664,516.7315,517.5109,2336600
2026-07-21,519.1995,522.5767,517.6907,521.0779,3240700
2026-07-22,521.1979,523.9356,520.5784,521.0380,3204100
2026-07-23,514.6433,517.7407,514.2936,515.8323,4305100
2026-07-24,516.8515,520.1288,515.8423,518.3303,3328400
2026-07-27,524.2653,524.9048,518.8598,520.8282,3355200
2026-07-28,525.7541,528.0321,523.2361,526.4535,5157900
2026-07-29,522.0272,522.7366,514.3935,514.9830,7369400
2026-07-30,518.4102,521.5475,515.4426,521.0779,3225300
2026-07-31,523.6458,525.1745,518.8198,523.8856,3981100
2026-08-03,529.1113,531.2096,528.2520,530.7799,4328000
2026-08-04,537.4544,541.6410,535.5560,539.9823,6705400
2026-08-05,542.8499,546.2970,542.2004,542.3603,5256700
2026-08-06,543.3495,544.1189,537.2446,537.7441,3651800
2026-08-07,538.2638,539.7725,536.9848,539.1730,2230100
2026-08-10,538.2537,539.5726,537.4344,538.5435,3408900
2026-08-11,539.4627,541.2712,536.4652,536.8349,2826800
2026-08-12,538.5635,538.7433,536.4152,536.7050,3167600
2026-08-13,538.2537,539.5226,535.2462,537.4644,2033100
2026-08-14,536.9648,537.8341,535.7558,536.3553,2089100
2026-08-17,534.0572,535.5359,533.0480,533.7474,2668100
2026-08-18,532.9381,533.8174,531.5793,532.4685,3825700
2026-08-19,534.8865,536.2354,533.1380,533.8274,3062700
2026-08-20,529.9106,531.3395,526.7633,527.0730,2868500
2026-08-21,530.0300,532.9000,529.4300,532.2200,2930169
