date,o,h,l,c,v
2007-04-11,31.7081,31.7202,31.7081,31.7081,1900
2007-04-12,31.7294,31.7294,31.7081,31.7294,6100
2007-04-13,31.7202,31.7506,31.6716,31.6716,3400
2007-04-16,31.6838,31.6838,31.6473,31.6595,7600
2007-04-17,31.6473,31.7233,31.6443,31.6443,28100
2007-04-18,31.6594,31.6837,31.6473,31.6534,6300
2007-04-19,31.6625,31.7749,31.6200,31.7628,47500
2007-04-20,31.7658,31.7658,31.7385,31.7446,4900
2007-04-23,31.7810,31.8023,31.7385,31.7628,1700
2007-04-24,31.7810,31.9998,31.7294,31.9816,398500
2007-04-25,31.9907,32.0302,31.9907,32.0302,16300
2007-04-26,32.0362,32.0879,31.9937,32.0879,48200
2007-04-27,32.0605,32.0879,32.0605,32.0879,8300
2007-04-30,32.0757,32.0970,32.0058,32.0909,15500
2007-05-01,32.0766,32.1254,32.0766,32.0949,8600
2007-05-02,32.1010,32.1132,32.0553,32.0827,4700
2007-05-03,32.1071,32.1406,32.0553,32.0858,17200
2007-05-04,32.1010,32.1284,32.0584,32.1254,4600
2007-05-07,32.0919,32.1223,32.0858,32.1223,4200
2007-05-08,32.1589,32.1619,32.1315,32.1467,16100
2007-05-09,32.1741,32.1772,32.0431,32.0614,9400
2007-05-10,32.2076,32.2412,32.1497,32.1772,17400
2007-05-11,32.1894,32.2320,32.1650,32.1955,12200
2007-05-14,32.2046,32.2077,32.1620,32.1924,11600
2007-05-15,32.2077,32.2777,32.1680,32.1680,39400
2007-05-16,32.2473,32.2564,32.2442,32.2533,78100
2007-05-17,32.2656,32.2777,32.2046,32.2442,14500
2007-05-18,32.2838,32.2838,32.2533,32.2533,5200
2007-05-21,32.2808,32.2869,32.2533,32.2838,14600
2007-05-22,32.3234,32.3265,32.2168,32.2869,10200
2007-05-23,32.2747,32.3326,32.2076,32.2625,22500
2007-05-24,32.3112,32.3112,32.2534,32.2716,17100
2007-05-25,32.2899,32.4423,32.2381,32.3174,7400
2007-05-29,32.2076,32.2137,32.1711,32.1894,4900
2007-05-30,32.2594,32.2808,32.2229,32.2625,4300
2007-05-31,32.2655,32.2655,32.1924,32.2107,6200
2007-06-01,32.2064,32.2125,32.1574,32.2064,13500
2007-06-04,32.2340,32.2401,32.1788,32.2340,21800
2007-06-05,32.2370,32.2370,32.1880,32.1880,4500
2007-06-06,32.1727,32.1911,32.1359,32.1482,74600
2007-06-07,32.0931,32.0931,31.9276,31.9981,12100
2007-06-08,31.9306,31.9490,31.8418,31.9123,17800
2007-06-11,31.8357,31.8878,31.7437,31.8449,2900
2007-06-12,31.7958,31.7989,31.5814,31.6825,67300
2007-06-13,31.7529,31.8081,31.5200,31.7376,24600
2007-06-14,31.6641,31.7622,31.6089,31.7622,18200
2007-06-15,31.7131,31.7682,31.7131,31.7560,13500
2007-06-18,31.8387,31.8387,31.6824,31.7744,14600
2007-06-19,31.8173,31.8173,31.6702,31.8142,19600
2007-06-20,31.8173,31.8173,31.5323,31.5323,16900
2007-06-21,31.5599,31.6916,31.5599,31.5905,13900
2007-06-22,31.6273,31.6702,31.5109,31.6518,27800
2007-06-25,31.6518,31.6641,31.4527,31.4680,29000
2007-06-26,31.5415,31.6181,31.4680,31.5599,43600
2007-06-27,31.4955,31.4986,31.4006,31.4496,6800
2007-06-28,31.4220,31.4496,31.2320,31.2841,9500
2007-06-29,31.2841,31.4067,31.1953,31.1953,14600
2007-07-02,31.3472,31.5229,31.2548,31.4397,19600
2007-07-03,31.4089,31.4089,31.3164,31.3811,11700
2007-07-05,31.3935,31.3965,31.1253,31.2671,14600
2007-07-06,31.2640,31.3750,31.1654,31.3010,8200
2007-07-09,31.2640,31.4335,31.2517,31.3965,8400
2007-07-10,31.2794,31.3626,31.1315,31.3133,19700
2007-07-11,31.3226,31.3257,30.9958,31.0791,17200
2007-07-12,31.1315,31.1715,31.0421,31.1715,8300
2007-07-13,31.2240,31.3041,31.1315,31.3010,5200
2007-07-16,31.2455,31.3811,31.2116,31.3133,17100
2007-07-17,31.3472,31.3503,31.1993,31.3503,10600
2007-07-18,31.3380,31.3380,31.0698,31.1161,15600
2007-07-19,31.1407,31.1500,31.1407,31.1500,6400
2007-07-20,31.1253,31.2301,31.0051,31.0698,18600
2007-07-23,31.0390,31.0420,30.9773,31.0020,9000
2007-07-24,30.9774,30.9804,30.7801,30.8232,44900
2007-07-25,30.7924,30.7924,30.4164,30.5304,28100
2007-07-26,30.3609,30.6691,29.7105,30.0989,43200
2007-07-27,29.8985,29.8985,29.4331,29.5965,44600
2007-07-30,29.8955,29.9047,29.6982,29.8831,24600
2007-07-31,29.8985,30.2684,29.8985,29.9848,34000
2007-08-01,30.0438,30.0438,29.5536,29.9228,33500
2007-08-02,30.0903,30.1958,30.0903,30.0934,28800
2007-08-03,30.2020,30.2020,29.9011,30.0934,20100
2007-08-06,30.6363,30.6363,29.7987,30.0283,30400
2007-08-07,30.7915,30.7915,30.0314,30.2423,68800
2007-08-08,30.7139,31.1793,30.4036,30.5991,30300
2007-08-09,30.5960,30.6891,30.4068,30.5681,12800
2007-08-10,30.4657,30.5185,30.3261,30.5060,18800
2007-08-13,30.7201,30.7294,30.5278,30.7294,21300
2007-08-14,30.8132,30.8132,30.4564,30.4905,12400
2007-08-15,30.5123,30.7263,30.4906,30.6612,9100
2007-08-16,31.0241,31.0241,30.3975,30.6208,15300
2007-08-17,30.7139,31.0241,30.5898,30.9311,30000
2007-08-20,31.0242,31.0242,30.6364,30.6364,49300
2007-08-21,30.7915,30.9776,30.4223,30.4781,33700
2007-08-22,30.5898,30.7759,30.4347,30.7139,52700
2007-08-23,30.7667,30.9621,30.7139,30.9001,59400
2007-08-24,30.9311,30.9776,30.7636,30.9776,11600
2007-08-27,31.0242,31.1793,30.9931,31.1793,11800
2007-08-28,31.1793,31.3034,31.0242,31.0707,55800
2007-08-29,31.0242,31.3034,30.9218,31.1948,18300
2007-08-30,31.2537,31.3468,31.0924,31.2599,42900
2007-08-31,31.4833,31.5454,31.3375,31.5423,11300
2007-09-04,31.8304,31.8304,31.5276,31.7617,13500
2007-09-05,31.7305,31.8023,31.5994,31.7742,14400
2007-09-06,31.6805,31.7586,31.6805,31.7554,16400
2007-09-07,31.8085,31.8085,31.3559,31.3934,50700
2007-09-10,31.6837,31.6837,31.4058,31.5276,10000
2007-09-11,31.6774,31.8397,31.5276,31.7867,24100
2007-09-12,31.8397,31.9958,31.6462,31.9303,32000
2007-09-13,31.9178,31.9178,31.5962,31.8179,10900
2007-09-14,31.8241,32.1332,31.5963,32.1176,33900
2007-09-17,32.1519,32.3080,31.9521,32.2643,20100
2007-09-18,32.3860,32.5764,32.1456,32.4952,31400
2007-09-19,32.5421,33.1196,32.5265,33.1165,85900
2007-09-20,33.1008,33.1008,32.1519,32.3048,410400
2007-09-21,32.7731,32.9011,31.8709,32.3860,105100
2007-09-24,32.0520,32.6045,32.0426,32.6045,45500
2007-09-25,32.1519,32.6825,32.1519,32.6825,167500
2007-09-26,32.6825,32.6825,32.5046,32.5639,25300
2007-09-27,32.6201,32.6357,31.5775,32.4641,49200
2007-09-28,32.6108,32.6139,32.3392,32.4641,46700
2007-10-01,32.8143,32.8237,32.4562,32.5881,50300
2007-10-02,32.2049,32.6635,32.2049,32.6509,72100
2007-10-03,32.6667,32.8143,32.4531,32.4782,35300
2007-10-04,32.6038,32.6509,32.4436,32.6164,17600
2007-10-05,32.6572,32.6667,32.5159,32.6352,22900
2007-10-08,32.7357,32.7891,32.6227,32.7452,18600
2007-10-09,32.7672,32.7734,32.6666,32.7703,14600
2007-10-10,32.8174,32.8174,32.7138,32.7420,21200
2007-10-11,32.8205,32.8237,32.6666,32.7891,22300
2007-10-12,32.7986,32.8551,32.7986,32.8237,73700
2007-10-15,33.0436,33.0436,32.8237,32.9807,24600
2007-10-16,32.8237,32.8802,32.6980,32.8551,60600
2007-10-17,32.6761,32.8708,32.4499,32.4499,15200
2007-10-18,32.7389,32.7452,32.4311,32.4342,13200
2007-10-19,32.4311,32.6478,32.0384,32.2897,40200
2007-10-22,32.2897,32.2897,31.9913,31.9913,64600
2007-10-23,32.0981,32.2583,32.0227,32.2583,27000
2007-10-24,32.2269,32.2740,32.1327,32.2583,22200
2007-10-25,32.3494,32.3494,32.2395,32.3054,16600
2007-10-26,32.2583,32.3808,32.2269,32.3808,10800
2007-10-29,32.5065,32.5096,32.3714,32.4782,19900
2007-10-30,32.4468,32.4468,32.2583,32.4154,10500
2007-10-31,32.5441,32.6666,32.3651,32.6195,12000
2007-11-01,32.4741,32.5341,32.2496,32.4077,29400
2007-11-02,32.4045,32.4077,32.2243,32.3287,32300
2007-11-05,33.5143,33.5143,32.0915,32.3128,13800
2007-11-06,32.3128,32.6132,32.3128,32.4804,34900
2007-11-07,32.1927,32.5974,32.1927,32.4393,11900
2007-11-08,32.5184,32.5184,31.7469,32.0283,121000
2007-11-09,32.1137,32.1706,31.7785,32.1706,38400
2007-11-12,32.5721,32.5721,32.2180,32.2970,41400
2007-11-13,32.5500,32.5500,32.1105,32.1706,15300
2007-11-14,32.4867,32.4867,32.1548,32.2496,7800
2007-11-15,32.2464,32.3571,32.1484,32.2401,15500
2007-11-16,32.5658,32.5658,32.1010,32.2496,18400
2007-11-19,32.4709,32.4709,32.1800,32.2496,16700
2007-11-20,32.1705,32.3729,31.7469,31.9334,26500
2007-11-21,31.8386,31.8386,30.6688,31.3327,139600
2007-11-23,31.3643,31.7754,31.2726,31.2726,3100
2007-11-26,30.9849,31.9334,30.9849,31.6173,69500
2007-11-27,31.7754,32.0852,31.4592,31.6647,25700
2007-11-28,31.4845,31.9967,31.4845,31.9650,11700
2007-11-29,32.1706,32.1706,31.6489,32.1231,20200
2007-11-30,32.2496,32.4077,32.0947,32.2528,34900
2007-12-03,32.7720,32.7720,32.1675,32.5779,31400
2007-12-04,32.7720,32.7720,32.4539,32.4539,16300
2007-12-05,32.3520,32.6129,31.9002,32.0721,270600
2007-12-06,32.3298,32.3743,31.8175,32.3584,33200
2007-12-07,32.0084,32.6098,32.0084,32.3425,27100
2007-12-10,32.0498,32.3393,32.0498,32.2948,23500
2007-12-11,32.5079,32.6066,32.0880,32.2630,30300
2007-12-12,32.6129,33.0106,32.2947,32.4379,29400
2007-12-13,32.3743,32.5429,32.2089,32.4220,44500
2007-12-14,32.6129,32.6129,32.1961,32.4697,15600
2007-12-17,32.6129,32.6129,32.1739,32.2948,18900
2007-12-18,32.2661,32.4538,32.2661,32.3266,53200
2007-12-19,32.1707,32.4857,32.1707,32.4857,24000
2007-12-20,32.2629,32.4379,32.2629,32.4157,31300
2007-12-21,32.6066,32.6066,32.2598,32.5175,37600
2007-12-24,32.4602,32.5366,32.1993,32.4029,66800
2007-12-26,32.3043,32.3584,32.1993,32.2598,48400
2007-12-27,32.3734,32.5077,32.3734,32.4725,22900
2007-12-28,32.4437,32.5141,32.0758,32.1558,88500
2007-12-31,32.0630,32.2326,31.9542,32.2262,38800
2008-01-02,31.8550,32.2837,31.7718,31.8358,61800
2008-01-03,31.8678,31.9798,31.7590,31.7750,64800
2008-01-04,31.9990,32.0118,31.6246,31.7398,48600
2008-01-07,31.8326,31.8326,31.4519,31.5511,177200
2008-01-08,31.8326,31.8326,31.3559,31.3687,42100
2008-01-09,31.5127,31.5127,31.0135,31.0263,51600
2008-01-10,31.0903,31.4103,31.0199,31.2567,154800
2008-01-11,31.3047,31.5159,31.1351,31.3239,71700
2008-01-14,31.2407,31.3783,31.1575,31.2151,20600
2008-01-15,31.3399,31.3399,31.2279,31.2951,20000
2008-01-16,31.3047,31.3239,31.1671,31.2599,20700
2008-01-17,31.1959,31.1959,31.0391,31.0391,31600
2008-01-18,31.1863,31.6599,31.0455,31.2823,84500
2008-01-22,30.9399,31.3111,29.8521,31.0647,192400
2008-01-23,30.9847,31.2247,30.4024,31.1255,59600
2008-01-24,31.1191,31.5159,30.9975,31.5159,62700
2008-01-25,31.3911,31.8358,31.0551,31.5638,43700
2008-01-28,31.5159,31.5159,31.1959,31.4199,44800
2008-01-29,31.2855,31.4679,31.2855,31.4519,39200
2008-01-30,31.4903,31.5927,31.3335,31.5735,27400
2008-01-31,31.4007,31.6374,31.2759,31.6374,76500
2008-02-01,31.7096,31.7289,31.2458,31.6548,83100
2008-02-04,31.3263,31.6903,31.3263,31.6613,44900
2008-02-05,31.5002,31.5002,31.2457,31.4068,66300
2008-02-06,31.4648,31.4744,31.3037,31.3424,101100
2008-02-07,31.2135,31.3424,30.9236,31.2103,58100
2008-02-08,31.0847,31.0847,30.9236,30.9751,80400
2008-02-11,30.6853,30.9913,30.6853,30.7304,74500
2008-02-12,30.6820,31.0170,30.6820,30.8463,85200
2008-02-13,30.9204,30.9429,30.7658,30.7658,60700
2008-02-14,31.1072,31.1072,30.7465,30.9172,48800
2008-02-15,30.8431,30.8431,30.7143,30.8399,49700
2008-02-19,30.8431,30.9237,30.6015,30.6821,102900
2008-02-20,30.8721,30.8721,30.6112,30.7626,65800
2008-02-21,30.8914,30.9236,30.7626,30.8689,55800
2008-02-22,30.9043,30.9494,30.8109,30.9236,48200
2008-02-25,30.8592,31.0621,30.8302,31.0170,81000
2008-02-26,31.0203,31.2296,30.9881,31.2168,80200
2008-02-27,31.2361,31.2393,31.0815,31.2103,75900
2008-02-28,31.0847,31.2232,30.8238,31.1652,61300
2008-02-29,31.0460,31.0718,30.8238,31.0460,72900
2008-03-03,31.1841,31.1841,30.9604,31.0545,53500
2008-03-04,31.0577,31.1063,30.9637,31.0188,29900
2008-03-05,30.9604,31.1225,30.9604,31.1063,73300
2008-03-06,31.1031,31.1031,30.9605,31.0253,21000
2008-03-07,30.8729,30.9605,30.8729,30.9605,44200
2008-03-10,30.9475,30.9766,30.8794,30.8891,26800
2008-03-11,30.8437,31.0253,30.8146,30.9669,36200
2008-03-12,30.8826,30.9637,30.8794,30.9605,53200
2008-03-13,30.8697,30.8697,30.4093,30.7432,80100
2008-03-14,30.7432,30.7984,30.4904,30.5584,37300
2008-03-17,30.4839,30.4839,30.2472,30.4158,55100
2008-03-18,30.6233,31.4435,30.5682,30.8632,46700
2008-03-19,30.9475,30.9864,30.8308,30.8956,75800
2008-03-20,30.8826,31.0415,30.8632,31.0415,55600
2008-03-24,31.1193,31.3170,31.0545,31.2781,104900
2008-03-25,31.2846,31.3657,31.1939,31.3592,90200
2008-03-26,31.3171,31.3722,31.2522,31.2846,149700
2008-03-27,31.3171,31.3171,31.1582,31.1841,97800
2008-03-28,31.1874,31.2003,31.1258,31.2003,46400
2008-03-31,31.1290,31.3495,31.0026,31.3398,246500
2008-04-01,31.2914,31.4807,31.2914,31.4775,988000
2008-04-02,31.4677,31.5427,31.4122,31.4938,92200
2008-04-03,31.5460,31.5460,31.2001,31.4383,98300
2008-04-04,31.4938,32.0584,31.3991,31.5591,142200
2008-04-07,31.5917,31.8300,31.5591,31.8104,117300
2008-04-08,31.7059,31.9181,31.6243,31.9181,85300
2008-04-09,31.6570,31.7222,31.5852,31.6406,79400
2008-04-10,31.6276,32.1498,31.6047,31.7549,176900
2008-04-11,31.6896,31.6994,31.4938,31.5003,59600
2008-04-14,31.5884,31.6243,31.5003,31.6113,54700
2008-04-15,31.5884,31.7222,31.5395,31.6080,59400
2008-04-16,31.7157,31.7940,31.6047,31.7451,84700
2008-04-17,31.7777,31.7777,31.6896,31.7777,61900
2008-04-18,31.9246,31.9997,31.7647,31.9931,123700
2008-04-21,31.9768,31.9768,31.9050,31.9409,70500
2008-04-22,32.0290,32.0878,31.8299,31.9833,77600
2008-04-23,32.1139,32.2085,31.9115,32.1139,103800
2008-04-24,32.1628,32.1628,31.9507,32.1237,114400
2008-04-25,32.2379,32.2770,32.1791,32.2770,87600
2008-04-28,32.3652,32.4729,32.1433,32.4664,595700
2008-04-29,32.4631,32.4631,32.2803,32.3717,144500
2008-04-30,32.3782,32.6230,32.1465,32.4043,113400
2008-05-01,32.5612,33.0930,32.5612,33.0930,428500
2008-05-02,32.9289,32.9519,32.6958,32.7582,133900
2008-05-05,32.6630,32.7253,32.6630,32.7057,121900
2008-05-06,32.5875,32.5875,32.3905,32.4726,121400
2008-05-07,32.5678,32.5711,32.3709,32.4956,65700
2008-05-08,32.5514,32.5579,32.4135,32.4266,59700
2008-05-09,32.4529,32.4956,32.3282,32.4956,73100
2008-05-12,32.4693,32.4726,32.3315,32.4529,91900
2008-05-13,32.4890,32.5087,32.4004,32.4431,59500
2008-05-14,32.4759,32.5415,32.2002,32.3971,153100
2008-05-15,32.5481,32.5777,32.2494,32.4825,146600
2008-05-16,32.4037,32.5415,32.3643,32.5284,79300
2008-05-19,32.6105,32.6860,32.5612,32.6564,58900
2008-05-20,32.6597,32.6597,32.5186,32.5941,49300
2008-05-21,32.6105,32.6105,32.5022,32.5350,97300
2008-05-22,32.4956,32.5744,32.4070,32.4857,51700
2008-05-23,32.3971,32.4332,32.0689,32.2921,401400
2008-05-27,32.2855,32.2855,32.0164,32.1116,65800
2008-05-28,32.0361,32.2790,32.0361,32.2691,73700
2008-05-29,32.2494,32.2986,32.1673,32.2363,76300
2008-05-30,32.2428,32.2428,32.1903,32.2396,53600
2008-06-02,32.2409,32.2673,31.6561,31.9733,374500
2008-06-03,32.1451,32.1451,31.8147,31.9964,80200
2008-06-04,32.0228,32.0228,31.8642,31.9634,46100
2008-06-05,32.0460,32.1120,32.0063,32.1021,49200
2008-06-06,32.0361,32.1715,31.9733,32.0129,43100
2008-06-09,32.1352,32.1682,31.9171,32.1153,47100
2008-06-10,32.0460,32.1319,31.9997,32.1286,52400
2008-06-11,32.2111,32.3697,32.0459,32.1219,66500
2008-06-12,32.0228,32.1616,31.9502,32.0691,41200
2008-06-13,32.0790,32.2112,31.8312,32.2112,58900
2008-06-16,31.9138,32.0691,31.7519,31.7652,61200
2008-06-17,31.7255,31.9799,31.7057,31.8213,87300
2008-06-18,31.8147,31.9964,31.7321,31.8907,67200
2008-06-19,31.7883,31.7883,31.6000,31.6892,86600
2008-06-20,31.6495,31.6760,31.4678,31.5636,40500
2008-06-23,31.5802,31.5967,31.4150,31.4480,37800
2008-06-24,31.4182,31.5933,31.2167,31.3158,176700
2008-06-25,31.2663,31.4315,31.2200,31.4216,92900
2008-06-26,31.1143,31.2531,30.9888,31.1738,96000
2008-06-27,31.0615,31.1209,30.9194,31.0879,58300
2008-06-30,31.0218,31.0879,30.9029,31.0549,84900
2008-07-01,30.7491,31.2714,30.7225,31.0219,957200
2008-07-02,30.9454,31.1051,30.7957,30.9986,81800
2008-07-03,31.0618,31.1317,30.9354,30.9853,41700
2008-07-07,31.1284,31.1284,30.8423,31.0119,102500
2008-07-08,30.9886,31.0086,30.8256,30.9287,170000
2008-07-09,30.8722,31.0053,30.7891,30.8223,79000
2008-07-10,30.7458,30.9687,30.7192,30.8622,99100
2008-07-11,30.7092,30.8755,30.6826,30.8223,310000
2008-07-14,30.9920,30.9920,30.5728,30.7491,41200
2008-07-15,30.5096,30.5395,30.1836,30.2734,149100
2008-07-16,30.3399,30.4630,30.2734,30.3732,25300
2008-07-17,30.5063,30.7891,30.4265,30.4631,41900
2008-07-18,30.6360,30.9521,30.5296,30.9521,48800
2008-07-21,31.1117,31.1683,30.9387,31.1051,49500
2008-07-22,31.0386,31.2348,30.9787,31.2115,103000
2008-07-23,31.1550,31.2482,31.1218,31.1284,193500
2008-07-24,31.2082,31.3513,31.0252,31.2016,64100
2008-07-25,31.1882,31.4477,31.1716,31.2681,188000
2008-07-28,31.0851,31.1816,31.0386,31.1616,75200
2008-07-29,31.1250,31.2149,31.0053,31.1683,65900
2008-07-30,31.0552,31.1849,30.9388,31.1750,103900
2008-07-31,31.0619,31.2382,30.9388,31.2382,82000
2008-08-01,31.0582,31.1822,30.9577,31.0985,25200
2008-08-04,30.9510,30.9845,30.8371,30.8840,75800
2008-08-05,30.9343,31.3933,30.8304,31.1018,70600
2008-08-06,30.9108,30.9410,30.8237,30.8941,44200
2008-08-07,30.8807,30.9108,30.8237,30.8572,42700
2008-08-08,30.8472,30.9175,30.8136,30.9108,62300
2008-08-11,30.7734,30.8740,30.6093,30.8237,49800
2008-08-12,30.8840,30.9812,30.7902,30.9443,95000
2008-08-13,30.9242,30.9912,30.8237,30.9912,47200
2008-08-14,30.9577,30.9912,30.8773,30.9912,58400
2008-08-15,30.9711,31.0716,30.9644,31.0616,39900
2008-08-18,31.0750,31.1554,30.8304,30.9912,91100
2008-08-19,31.0415,31.0750,30.9075,31.0515,101400
2008-08-20,31.0516,31.0985,30.9343,31.0449,30700
2008-08-21,30.9477,31.0247,30.9075,31.0013,103100
2008-08-22,30.9745,31.0750,30.8237,30.8237,58300
2008-08-25,30.8606,30.9979,30.8606,30.9912,60600
2008-08-26,31.0113,31.0113,30.7902,30.8237,259900
2008-08-27,30.9510,30.9510,30.7668,30.8572,68400
2008-08-28,30.9510,30.9644,30.8304,30.9008,74100
2008-08-29,30.9745,31.0214,30.8237,30.9577,59500
2008-09-02,31.1129,31.2107,30.9038,30.9645,57200
2008-09-03,31.0319,31.0657,30.9746,31.0657,50200
2008-09-04,31.2006,31.2006,31.1365,31.2006,46700
2008-09-05,31.1197,31.1770,30.8700,31.1736,62400
2008-09-08,31.4165,31.4165,31.0825,31.1365,59300
2008-09-09,31.2242,31.3389,31.0994,31.2040,168700
2008-09-10,31.1938,31.1938,31.0319,31.0319,61200
2008-09-11,31.0893,31.1466,30.9173,31.0319,101600
2008-09-12,30.9915,31.0421,30.8565,31.0319,121100
2008-09-15,30.9914,30.9914,29.6827,29.8918,377800
2008-09-16,29.3589,29.4837,27.7398,29.2037,283800
2008-09-17,29.0655,29.1430,26.7313,27.4498,283100
2008-09-18,27.9928,29.7502,27.4599,29.6153,226400
2008-09-19,30.0201,31.0488,29.7165,29.9931,77800
2008-09-22,30.0537,30.4248,29.8851,29.9660,34600
2008-09-23,30.2123,30.2730,29.3454,29.6726,64200
2008-09-24,29.6996,30.2528,29.6996,29.9391,57700
2008-09-25,29.9694,29.9694,29.1768,29.1768,73600
2008-09-26,28.8327,29.3252,28.6472,29.0756,50900
2008-09-29,29.0857,29.0857,25.6351,26.7212,174700
2008-09-30,27.8309,27.8748,27.1867,27.6589,113200
2008-10-01,28.0059,28.9821,27.8936,28.8631,991400
2008-10-02,28.8699,28.8699,27.5569,28.1113,230900
2008-10-03,28.3120,28.4923,27.8086,28.0092,51400
2008-10-06,27.3834,27.8086,26.3799,26.9922,134200
2008-10-07,27.0466,28.1215,26.4955,26.5364,240800
2008-10-08,26.0635,26.6010,25.2471,25.4274,157800
2008-10-09,25.5805,26.6214,24.8355,24.8355,113800
2008-10-10,24.2776,24.2776,21.7570,23.1789,274300
2008-10-13,23.9987,26.0227,23.9681,26.0227,230000
2008-10-14,26.6180,26.9854,25.6825,26.1928,372300
2008-10-15,25.8492,25.8492,24.4511,25.0498,374900
2008-10-16,25.2811,25.2845,23.8116,24.1008,167400
2008-10-17,23.9851,24.0973,23.6415,23.8116,120700
2008-10-20,24.3389,24.4239,23.8116,24.2879,1460200
2008-10-21,24.2266,24.7947,23.9681,24.1484,398300
2008-10-22,24.3831,24.3831,23.9034,23.9477,113300
2008-10-23,23.9477,24.4545,23.8456,24.3525,157700
2008-10-24,23.9477,24.0837,23.4919,23.7436,155600
2008-10-27,23.8252,23.9409,22.5360,22.5360,1313600
2008-10-28,23.0258,23.3694,22.7911,22.7911,158600
2008-10-29,22.9306,24.1518,22.9306,23.8286,318700
2008-10-30,24.1348,24.4818,23.9817,24.4818,169900
2008-10-31,24.3559,24.5804,24.3525,24.4920,126500
2008-11-03,24.8182,24.8182,24.6259,24.6911,168900
2008-11-04,24.9968,24.9968,24.6431,24.9694,430300
2008-11-05,24.9968,25.1480,24.7289,24.7633,392100
2008-11-06,24.3889,24.9007,24.3855,24.7633,198100
2008-11-07,24.9453,25.0518,24.7289,25.0209,221000
2008-11-10,25.0896,25.2167,24.7289,25.0243,148600
2008-11-11,25.2750,25.2750,24.7461,24.9797,107100
2008-11-12,24.9659,24.9659,24.5710,24.6259,129400
2008-11-13,24.4267,24.6808,24.2721,24.4954,211900
2008-11-14,24.5160,24.5160,24.0420,24.1966,115200
2008-11-17,24.1966,24.3649,23.7363,23.8222,157200
2008-11-18,23.6986,23.8497,23.2177,23.3208,174700
2008-11-19,23.0254,23.2761,22.3453,22.5239,174100
2008-11-20,22.3316,22.4415,21.4661,21.7752,606400
2008-11-21,22.2973,22.4175,21.7099,21.9916,238500
2008-11-24,22.3797,22.5617,21.9916,22.0912,232500
2008-11-25,22.6132,22.6132,21.9023,22.3213,313500
2008-11-26,22.6888,22.8537,22.3591,22.8399,256400
2008-11-28,22.4552,22.8502,22.4552,22.7541,420700
2008-12-01,22.6006,22.7915,22.1008,22.2848,409700
2008-12-02,22.6562,22.6562,22.3021,22.5243,501700
2008-12-03,22.4930,22.5382,22.3577,22.5277,247800
2008-12-04,22.5312,22.5624,22.2743,22.3958,214200
2008-12-05,22.2570,22.4062,22.0418,22.4062,485500
2008-12-08,22.4063,22.6944,22.1459,22.6666,703700
2008-12-09,22.6354,22.6805,22.3889,22.4965,631800
2008-12-10,22.5833,22.6076,22.2153,22.4791,379100
2008-12-11,22.3993,22.5624,22.3056,22.3056,914500
2008-12-12,22.3368,22.6666,22.2327,22.6145,320000
2008-12-15,22.3611,22.7846,22.3611,22.4965,611300
2008-12-16,22.9130,22.9200,22.4236,22.9130,523700
2008-12-17,23.0415,23.6385,22.7707,23.4997,1671500
2008-12-18,23.8537,25.1519,23.6350,24.8638,2134800
2008-12-19,24.6417,24.7319,24.3431,24.6972,1174700
2008-12-22,24.7632,25.8114,24.5757,25.6865,1764700
2008-12-23,25.8184,26.1343,25.6205,26.0614,1220400
2008-12-24,25.9225,26.2072,25.5060,25.6518,787700
2008-12-26,25.6830,26.1516,25.3498,26.1412,1291200
2008-12-29,26.3034,26.4922,26.0412,26.3174,1020000
2008-12-30,26.6215,26.6215,26.1496,26.3978,530100
2008-12-31,26.4048,26.6180,26.2405,26.5691,707400
2009-01-02,26.4187,26.7228,26.4187,26.4852,673600
2009-01-05,26.3628,28.6174,26.3453,27.7645,1907500
2009-01-06,28.0302,28.1770,27.7960,27.9987,2267000
2009-01-07,27.9428,28.0896,27.1773,27.4919,1748100
2009-01-08,27.3730,27.3730,26.8661,27.0934,972100
2009-01-09,27.5653,27.5653,27.1074,27.4919,826600
2009-01-12,27.6107,27.6491,26.6389,26.8941,867700
2009-01-13,27.1982,27.1982,26.5026,26.7963,613500
2009-01-14,26.4083,26.6355,25.7546,26.4537,1006000
2009-01-15,26.2545,26.4013,26.0482,26.3488,1122500
2009-01-16,26.2999,26.6075,25.7931,26.5621,574800
2009-01-20,26.2195,26.4013,25.8735,26.1077,544100
2009-01-21,26.1531,26.2300,25.7546,26.1111,534200
2009-01-22,26.1706,26.1706,25.7826,26.0412,454800
2009-01-23,25.8035,25.9818,25.3072,25.6253,1556100
2009-01-26,25.7896,25.9504,25.5414,25.6917,573600
2009-01-27,25.9259,26.0203,25.7162,25.9294,637500
2009-01-28,26.1950,26.8697,26.1356,26.8487,1549400
2009-01-29,26.5481,26.6914,26.0482,26.1810,685200
2009-01-30,26.4222,26.4222,26.0797,26.2999,469800
2009-02-02,26.0856,26.2021,25.5630,25.7396,1037900
2009-02-03,25.9408,25.9549,25.6018,25.7854,642100
2009-02-04,25.9443,25.9761,25.7184,25.7643,891500
2009-02-05,25.8914,26.0432,25.4324,25.5524,836600
2009-02-06,25.7396,26.0715,25.6336,26.0679,830900
2009-02-09,26.0220,26.3363,25.9726,26.2692,831400
2009-02-10,26.3221,26.3292,25.9585,26.0962,831000
2009-02-11,26.2162,26.2480,25.9867,26.0362,592100
2009-02-12,25.8066,25.9549,25.7184,25.9549,509200
2009-02-13,26.0114,26.0573,25.8102,26.0573,299100
2009-02-17,26.0503,26.0714,25.2805,25.3935,1521100
2009-02-18,25.5348,25.5877,24.5391,25.2417,1414600
2009-02-19,25.3582,25.5418,25.2523,25.3688,385300
2009-02-20,24.7827,25.1287,24.5497,24.9981,647700
2009-02-23,25.0052,25.3123,24.1013,24.3696,884500
2009-02-24,24.4720,24.8922,24.3625,24.7156,647300
2009-02-25,24.7721,24.7721,24.4332,24.5956,567600
2009-02-26,24.6274,24.6697,23.8788,24.1083,603200
2009-02-27,24.0130,24.1683,23.6564,23.7447,824700
2009-03-02,23.6729,23.8442,23.1269,23.2518,993600
2009-03-03,23.4516,23.6622,23.1626,23.3446,752700
2009-03-04,23.4266,23.7157,23.1304,23.3410,572900
2009-03-05,23.3232,23.3410,22.2132,22.2346,1117900
2009-03-06,22.3774,22.7486,22.0812,22.1276,1216800
2009-03-09,22.2418,22.4238,21.9491,21.9991,645100
2009-03-10,22.2525,23.1661,22.2525,23.0876,1111400
2009-03-11,23.3624,23.5373,23.1768,23.4552,769500
2009-03-12,23.4659,23.8549,23.3838,23.8442,762800
2009-03-13,23.9192,23.9513,23.7336,23.8978,632300
2009-03-16,23.9727,24.2083,23.9334,24.0334,514600
2009-03-17,24.0191,24.0548,23.7050,23.8978,460100
2009-03-18,23.9013,24.4902,23.7621,24.4474,611000
2009-03-19,24.4331,24.4902,24.0013,24.2332,711800
2009-03-20,24.2654,24.4045,24.1012,24.1868,394900
2009-03-23,24.4866,24.6972,24.1369,24.6865,461200
2009-03-24,24.6508,24.7900,24.4938,24.7329,425000
2009-03-25,24.7650,25.0006,24.7650,24.8649,800700
2009-03-26,25.0220,25.2575,24.8864,25.2504,660200
2009-03-27,25.1969,25.1969,24.5937,24.9934,1157900
2009-03-30,24.8578,24.8578,23.8228,23.8228,1299900
2009-03-31,24.3189,24.5437,24.0905,24.1976,632700
2009-04-01,24.4417,24.5356,24.1672,24.2358,654300
2009-04-02,24.5754,25.1533,24.3478,25.1171,1469600
2009-04-03,25.1785,25.5722,25.1027,25.4711,1355600
2009-04-06,25.3266,25.6048,25.0846,25.3880,648200
2009-04-07,25.3158,25.3158,24.9654,25.0955,459900
2009-04-08,24.8499,25.5000,24.8499,25.3917,721600
2009-04-09,25.6445,26.2043,25.6445,26.1140,1123800
2009-04-13,25.8070,26.1790,25.6445,26.0960,801800
2009-04-14,26.0924,26.0924,25.8287,25.9623,617000
2009-04-15,26.0851,26.1863,25.8865,26.1827,501700
2009-04-16,26.2621,26.8472,26.2477,26.5980,1109500
2009-04-17,26.6883,27.3601,26.5475,27.1795,683000
2009-04-20,26.9556,27.0712,26.1429,26.1863,1003100
2009-04-21,26.1538,26.6558,25.8359,26.4824,264800
2009-04-22,26.3777,26.7858,26.0490,26.6089,715200
2009-04-23,26.6233,26.7280,26.4644,26.5800,701300
2009-04-24,26.7244,27.0315,26.6197,26.9917,522500
2009-04-27,26.8003,26.9159,26.6594,26.7786,813400
2009-04-28,26.6919,27.0387,26.4933,26.8364,460200
2009-04-29,27.0856,27.3782,27.0387,27.3348,1167900
2009-04-30,27.5660,27.6274,27.2879,27.5479,919500
2009-05-01,27.5811,27.6975,27.1588,27.5046,609400
2009-05-04,27.6248,27.6466,27.3008,27.4391,1043400
2009-05-05,27.4464,27.6793,27.4282,27.6757,799800
2009-05-06,27.7849,27.9524,27.5010,27.9050,738600
2009-05-07,28.2290,28.2691,27.2243,27.4464,1546800
2009-05-08,27.8213,28.0652,27.7412,27.9378,1375800
2009-05-11,27.8723,27.9451,27.4536,27.7922,531000
2009-05-12,27.6648,27.9014,27.5556,27.9014,682300
2009-05-13,27.8395,27.8541,27.4828,27.5374,1118700
2009-05-14,27.4864,27.5301,27.0787,27.2462,966300
2009-05-15,27.2462,27.2608,26.6019,26.8640,1007100
2009-05-18,27.0605,27.4610,26.9987,27.4355,831000
2009-05-19,27.4646,27.7121,27.2498,27.6175,902800
2009-05-20,27.7048,28.0980,27.6175,28.0252,1158400
2009-05-21,27.9160,28.0033,27.6648,27.6648,1274700
2009-05-22,27.7849,28.1708,27.6757,28.0470,762300
2009-05-26,27.9596,28.1344,27.8031,27.9742,855100
2009-05-27,28.1526,28.2145,28.0252,28.0252,757300
2009-05-28,28.2072,28.2836,28.0252,28.1235,583900
2009-05-29,28.3164,28.4547,28.1926,28.3346,621200
2009-06-01,28.5789,29.0161,28.5789,29.0051,1293700
2009-06-02,28.8985,28.9242,28.6303,28.9206,782200
2009-06-03,28.9940,29.0014,28.6597,28.7552,776100
2009-06-04,28.6634,28.9132,28.6634,28.8434,638100
2009-06-05,29.0198,29.0198,28.7699,28.9353,704400
2009-06-08,29.0124,29.1153,28.7736,28.9867,593000
2009-06-09,28.8801,29.1079,28.8801,29.0418,559600
2009-06-10,29.1226,29.2071,28.9205,29.0785,636700
2009-06-11,29.0712,29.3761,29.0712,29.1446,524400
2009-06-12,29.2475,29.3430,29.1446,29.2953,566000
2009-06-15,29.2622,29.2843,28.8324,28.8618,574500
2009-06-16,29.0198,29.1079,28.3915,28.5863,1180400
2009-06-17,28.5789,28.7552,28.2960,28.4209,1240800
2009-06-18,28.3070,28.7332,28.3070,28.6928,766200
2009-06-19,28.5495,28.7626,28.5495,28.7222,667900
2009-06-22,28.6854,28.6854,28.1050,28.3327,1096700
2009-06-23,28.2372,28.5605,28.2372,28.3805,582200
2009-06-24,28.4687,28.7663,28.3805,28.5238,576400
2009-06-25,28.6156,28.8177,28.5128,28.7956,647900
2009-06-26,28.7810,28.7993,28.5789,28.7883,495900
2009-06-29,28.8177,29.1483,28.8066,29.1483,647700
2009-06-30,29.2071,29.3357,29.1043,29.2843,538900
2009-07-01,29.3825,29.4789,29.2120,29.3566,922100
2009-07-02,29.2602,29.2713,28.8116,28.8449,651200
2009-07-06,28.7411,28.9339,28.4037,28.4148,794500
2009-07-07,28.5965,28.6670,28.0182,28.0182,886300
2009-07-08,28.0330,28.5075,28.0107,28.1887,1382300
2009-07-09,28.4111,28.6892,28.2480,28.5928,544900
2009-07-10,28.5298,28.8820,28.2258,28.3741,393700
2009-07-13,28.6262,28.6262,28.2814,28.4371,521500
2009-07-14,28.4000,28.6966,28.3592,28.5483,506600
2009-07-15,28.6966,29.1786,28.6521,29.1786,1040200
2009-07-16,29.1155,29.2898,28.9190,29.2675,515600
2009-07-17,29.2268,29.2973,29.1601,29.2935,597100
2009-07-20,29.3751,29.7385,29.3751,29.7014,784700
2009-07-21,29.7867,29.9757,29.5902,29.8460,938600
2009-07-22,29.8089,29.9424,29.6606,29.8830,483000
2009-07-23,30.0313,30.3242,29.8163,30.1871,750700
2009-07-24,30.3280,30.4058,29.9312,30.3650,639300
2009-07-27,30.4651,30.5096,30.2612,30.4206,512700
2009-07-28,30.4540,30.5578,30.3280,30.4540,591800
2009-07-29,30.5652,30.6839,30.4244,30.5578,627900
2009-07-30,30.7172,31.1102,30.6431,30.8099,976900
2009-07-31,31.0509,31.3846,30.9137,31.3105,740700
2009-08-03,31.3213,31.4784,31.2914,31.3699,880400
2009-08-04,31.5195,31.5344,31.0409,31.3026,615100
2009-08-05,31.2353,31.3998,30.9624,31.2017,756000
2009-08-06,31.2989,31.3325,30.8838,30.9549,619500
2009-08-07,31.1157,31.4484,30.9549,31.1718,711300
2009-08-10,31.2690,31.3213,31.0558,31.3138,527800
2009-08-11,31.3138,31.4260,31.1231,31.2390,623000
2009-08-12,31.1381,31.2727,31.0334,31.1605,491400
2009-08-13,31.1605,31.1642,30.6894,30.7642,825300
2009-08-14,30.8913,30.8913,30.5660,30.6109,585500
2009-08-17,30.4314,30.5286,29.7734,29.8631,1160800
2009-08-18,30.1173,30.4314,29.9117,30.3791,639200
2009-08-19,30.3380,30.5025,30.0987,30.5025,501700
2009-08-20,30.5324,30.5997,30.3828,30.4090,601200
2009-08-21,30.5473,30.8240,30.4800,30.8240,570400
2009-08-24,30.8390,30.8465,30.5548,30.6632,874600
2009-08-25,30.8016,30.8016,30.5847,30.6595,565000
2009-08-26,30.7866,30.8278,30.6483,30.7791,476100
2009-08-27,30.8652,30.8988,30.6146,30.6221,968500
2009-08-28,30.8465,30.8465,30.7044,30.7754,595800
2009-08-31,30.8091,30.8464,30.6670,30.7791,498500
2009-09-01,30.8029,30.8029,30.3956,30.4899,742300
2009-09-02,30.4899,30.5050,30.2071,30.3278,698800
2009-09-03,30.4296,30.5766,30.3391,30.5238,486000
2009-09-04,30.6143,30.8896,30.5427,30.7576,667000
2009-09-08,30.8972,31.1951,30.8595,31.1951,974200
2009-09-09,31.1084,31.2253,30.8293,30.9010,1454000
2009-09-10,31.0631,31.3950,30.9311,31.3799,695600
2009-09-11,31.5081,31.7306,31.4025,31.6778,607200
2009-09-14,31.7042,31.7344,31.4930,31.7155,579300
2009-09-15,31.8174,31.9493,31.7231,31.9418,1289500
2009-09-16,32.1756,32.3642,32.0738,32.3529,1143900
2009-09-17,32.3529,32.4094,32.1153,32.4094,733400
2009-09-18,32.3265,32.4547,32.0021,32.3189,565700
2009-09-21,32.2435,32.3378,32.0285,32.3378,510600
2009-09-22,32.4396,32.4811,32.2435,32.3001,413400
2009-09-23,32.3943,32.5678,32.3566,32.3981,464900
2009-09-24,32.5452,32.6169,32.3227,32.4585,774000
2009-09-25,32.4698,32.5753,32.2246,32.3529,454800
2009-09-28,32.4886,32.6357,32.1907,32.6093,455200
2009-09-29,32.6017,32.6168,32.5037,32.5716,693000
2009-09-30,32.5641,32.6923,32.4094,32.5641,688000
2009-10-01,32.4557,32.4747,31.7067,31.7067,3014800
2009-10-02,31.5736,31.7903,31.1781,31.7181,1694100
2009-10-05,31.8131,32.1439,31.7675,32.1439,556200
2009-10-06,32.2390,32.3834,32.0146,32.0336,813300
2009-10-07,31.9842,32.3492,31.9842,32.2694,637400
2009-10-08,32.2694,32.4785,32.2694,32.4747,824700
2009-10-09,32.3606,32.6002,32.2998,32.6002,680100
2009-10-12,32.6496,32.6534,32.5279,32.5926,354200
2009-10-13,32.6496,32.6496,32.3910,32.5850,295500
2009-10-14,32.6990,32.7446,32.5926,32.7142,749900
2009-10-15,32.7257,32.7371,32.6040,32.7066,382100
2009-10-16,32.7256,32.7332,32.5469,32.7028,443100
2009-10-19,32.7637,32.8017,32.6800,32.7105,534700
2009-10-20,32.7485,32.8625,32.7028,32.7713,419300
2009-10-21,32.8245,33.0526,32.7560,32.8283,869100
2009-10-22,32.9538,33.0792,32.8777,33.0792,646200
2009-10-23,33.1553,33.1553,32.9310,33.0222,420200
2009-10-26,32.9500,33.0944,32.9348,33.0412,779800
2009-10-27,33.0412,33.0412,32.7180,32.7827,1527900
2009-10-28,32.8435,32.8815,32.2390,32.2428,1266000
2009-10-29,32.3873,32.8701,32.3378,32.6952,1350500
2009-10-30,32.6990,32.7789,32.2694,32.3873,1466000
2009-11-02,32.5609,32.8063,32.4536,32.6414,1437000
2009-11-03,32.4306,32.8101,32.4306,32.7143,1135400
2009-11-04,32.9328,32.9711,32.7028,32.7641,687800
2009-11-05,32.8293,32.8408,32.6798,32.7910,506800
2009-11-06,32.7679,32.8370,32.7296,32.8216,547700
2009-11-09,32.8906,32.9635,32.8561,32.9519,571400
2009-11-10,32.9213,32.9635,32.8408,32.9405,667800
2009-11-11,32.9558,33.0478,32.9251,32.9596,509500
2009-11-12,33.0056,33.0133,32.8753,32.9980,619900
2009-11-13,32.9290,33.0670,32.8753,32.9328,491100
2009-11-16,33.0976,33.2203,32.9903,33.0861,714900
2009-11-17,33.1552,33.1552,33.0286,33.0785,438400
2009-11-18,33.1092,33.1399,32.9942,32.9942,630200
2009-11-19,33.0478,33.0862,32.9213,33.0632,679700
2009-11-20,33.0248,33.1015,32.9711,33.0555,544200
2009-11-23,33.0785,33.1130,33.0095,33.0210,428600
2009-11-24,33.0708,33.0862,32.9903,33.0402,526800
2009-11-25,33.0670,33.2203,33.0516,33.0555,548900
2009-11-27,32.7258,32.9136,32.6069,32.8255,570000
2009-11-30,32.8178,33.0095,32.8178,32.9328,674100
2009-12-01,33.0533,33.1460,32.9606,33.0958,749100
2009-12-02,33.0958,33.1962,33.0571,33.1305,537400
2009-12-03,33.1846,33.3120,33.1575,33.1730,489600
2009-12-04,33.2927,33.4279,33.2927,33.3082,532000
2009-12-07,33.3429,33.3815,33.2734,33.3506,397200
2009-12-08,33.3468,33.4047,33.2850,33.3893,359000
2009-12-09,33.4124,33.4549,33.3777,33.3893,357000
2009-12-10,33.4511,33.5553,33.4472,33.5553,401000
2009-12-11,33.5978,33.6210,33.5360,33.5746,444100
2009-12-14,33.5978,33.8913,33.5978,33.8450,1132700
2009-12-15,33.8295,33.8681,33.6982,33.8102,417600
2009-12-16,33.8875,33.9029,33.7175,33.8875,621100
2009-12-17,33.8295,33.8990,33.7870,33.8681,350200
2009-12-18,33.8990,33.9183,33.8334,33.8488,281600
2009-12-21,33.9106,33.9608,33.8488,33.9492,646800
2009-12-22,33.9840,34.0303,33.9338,34.0226,432500
2009-12-23,34.0419,34.1578,34.0303,34.1037,440100
2009-12-24,34.1346,34.2814,34.0998,34.2311,188800
2009-12-28,34.2659,34.2929,34.0805,34.1307,532400
2009-12-29,34.1502,34.1696,33.9364,33.9480,494600
2009-12-30,34.0141,34.1230,33.9869,34.0919,421600
2009-12-31,34.1463,34.1696,34.0452,34.1463,346000
2010-01-04,34.2085,34.4145,34.2085,34.4145,1316800
2010-01-05,34.5000,34.6283,34.3717,34.5778,733000
2010-01-06,34.6128,34.6983,34.5972,34.6672,715700
2010-01-07,34.7449,34.8421,34.6400,34.8071,956000
2010-01-08,34.8149,34.9121,34.7954,34.8615,711400
2010-01-11,34.7916,34.8732,34.7838,34.8305,895800
2010-01-12,34.7916,35.0987,34.6166,34.6516,1133900
2010-01-13,34.6361,34.7605,34.6361,34.7294,868900
2010-01-14,34.7683,34.7838,34.6789,34.7683,394600
2010-01-15,34.7994,34.7994,34.5933,34.6283,835300
2010-01-19,34.5972,34.6750,34.5856,34.6439,796900
2010-01-20,34.6555,34.6789,34.5428,34.5933,588500
2010-01-21,34.6594,34.6594,34.0530,34.0530,1416800
2010-01-22,34.2046,34.2240,33.6682,33.7304,1394400
2010-01-25,33.9130,33.9908,33.7226,33.7809,711300
2010-01-26,33.8975,33.9869,33.7809,33.8236,576000
2010-01-27,33.8042,33.9830,33.7886,33.8353,876500
2010-01-28,33.8625,33.9131,33.6448,33.6915,833700
2010-01-29,33.9247,33.9247,33.5165,33.5204,1357000
2010-02-01,33.6705,33.7997,33.5529,33.6822,924700
2010-02-02,33.7958,33.9290,33.6901,33.7841,1238500
2010-02-03,33.8467,33.9682,33.7762,33.9564,641200
2010-02-04,33.8076,33.8272,33.4472,33.4746,1762600
2010-02-05,33.4276,33.4276,32.6911,33.2787,3261500
2010-02-08,33.2200,33.3492,33.0593,33.1338,1202400
2010-02-09,33.2435,33.3179,33.0868,33.2004,853800
2010-02-10,33.1808,33.2670,32.7499,32.7538,1463200
2010-02-11,32.8713,33.0711,32.6676,32.8870,1157700
2010-02-12,32.8909,32.9732,32.6637,32.8674,743100
2010-02-16,32.7773,33.3061,32.7773,33.1925,1061300
2010-02-17,33.3649,33.4824,33.3492,33.4472,1400200
2010-02-18,33.4903,33.8428,33.4903,33.7645,1153400
2010-02-19,33.8350,33.9956,33.8076,33.9917,1485600
2010-02-22,34.0387,34.1053,33.9682,34.0348,1596200
2010-02-23,34.0896,34.1210,33.6705,33.7880,1014900
2010-02-24,33.9133,34.0740,33.8272,33.9173,1047000
2010-02-25,33.7997,33.9447,33.6901,33.9212,503400
2010-02-26,33.9839,34.1680,33.9486,34.1484,697900
2010-03-01,34.2139,34.2494,34.1389,34.1744,1468800
2010-03-02,34.2889,34.4152,34.2139,34.3955,1291800
2010-03-03,34.4467,34.4862,34.3718,34.4310,986800
2010-03-04,34.5060,34.5060,34.3678,34.4586,641100
2010-03-05,34.5691,34.6678,34.4507,34.6638,975800
2010-03-08,34.7191,34.7704,34.6481,34.6717,937900
2010-03-09,34.6599,34.8217,34.6520,34.8217,630800
2010-03-10,34.7388,34.8493,34.7309,34.8335,640200
2010-03-11,34.7980,34.8296,34.7388,34.8020,488500
2010-03-12,34.8059,34.8770,34.7901,34.8099,636700
2010-03-15,34.8138,34.8296,34.7033,34.7704,471400
2010-03-16,34.8178,34.9204,34.7270,34.8888,923300
2010-03-17,34.9164,34.9835,34.8651,34.8888,918300
2010-03-18,34.9203,34.9835,34.8927,34.9401,637200
2010-03-19,34.7664,34.9677,34.7191,34.7664,674600
2010-03-22,34.7112,34.9362,34.6559,34.9322,759000
2010-03-23,34.9361,34.9677,34.8612,34.9283,699200
2010-03-24,34.9204,34.9638,34.8690,34.9085,430800
2010-03-25,34.9835,35.0506,34.9322,34.9914,1005200
2010-03-26,34.9756,35.0072,34.9283,34.9796,1312500
2010-03-29,35.0230,35.0309,35.0072,35.0230,546200
2010-03-30,35.0269,35.0743,34.9519,34.9875,605600
2010-03-31,34.9559,34.9677,34.6559,34.8770,1255400
2010-04-01,34.9278,34.9915,34.7927,34.7927,773100
2010-04-05,34.8523,34.9835,34.7569,34.7768,930200
2010-04-06,34.7966,35.0233,34.7728,35.0034,679100
2010-04-07,34.9557,35.0869,34.9517,35.0551,859000
2010-04-08,35.0312,35.1306,34.9954,35.1147,736100
2010-04-09,35.1108,35.2181,35.0949,35.1664,679800
2010-04-12,35.2102,35.2539,35.1664,35.1744,443300
2010-04-13,35.2459,35.3175,35.2459,35.2698,1162900
2010-04-14,35.3494,35.3971,35.3096,35.3653,857700
2010-04-15,35.3971,35.5760,35.3573,35.4607,1251000
2010-04-16,35.4488,35.5283,35.0312,35.1744,1334100
2010-04-19,35.0949,35.1863,35.0114,35.1068,757200
2010-04-20,35.2539,35.9180,35.1943,35.4845,1299400
2010-04-21,35.5243,35.5522,35.4249,35.4885,553100
2010-04-22,35.4766,35.4766,35.3016,35.3851,250700
2010-04-23,35.3891,35.6277,35.3374,35.6158,676000
2010-04-26,35.5482,35.6674,35.5482,35.6158,440100
2010-04-27,35.6157,35.6794,35.1386,35.1664,1220700
2010-04-28,35.3096,35.3573,35.1903,35.1903,988000
2010-04-29,35.3533,35.4806,35.3454,35.4329,812200
2010-04-30,35.3732,35.5959,35.3732,35.5482,809800
2010-05-03,35.5642,35.6803,35.5441,35.5441,639000
2010-05-04,35.4681,35.4961,35.1677,35.1797,786100
2010-05-05,34.9434,34.9835,34.4828,34.6991,2567500
2010-05-06,34.5549,34.6470,31.6233,33.8380,6587300
2010-05-07,33.8220,34.0903,33.0450,33.8340,2584000
2010-05-10,34.7992,35.0035,34.2866,34.4668,1670100
2010-05-11,34.3106,34.7952,34.2746,34.4268,1524400
2010-05-12,34.6430,34.8553,34.6150,34.8473,1031200
2010-05-13,34.8793,34.9434,34.6310,34.6310,1151600
2010-05-14,34.5269,34.6270,34.1865,34.4308,1050700
2010-05-17,34.4228,34.5189,34.0904,34.3867,1120800
2010-05-18,34.5710,34.6270,34.2065,34.3146,1067400
2010-05-19,34.2065,34.3026,33.7459,34.1144,1565100
2010-05-20,33.5977,33.5977,32.5725,33.0971,3092800
2010-05-21,32.6366,33.8020,32.6125,33.7620,1815000
2010-05-24,33.6818,34.1224,33.6378,33.8140,1266200
2010-05-25,33.3214,33.7739,32.8448,33.7739,1507500
2010-05-26,33.8981,34.0623,33.3174,33.3695,1738300
2010-05-27,33.6978,33.9942,33.6978,33.8300,828500
2010-05-28,33.9582,33.9782,33.7699,33.8861,1253900
2010-06-01,33.7420,34.0407,33.6452,33.7259,770300
2010-06-02,33.8712,33.9559,33.7783,33.8994,1414500
2010-06-03,33.9882,34.0609,33.7824,33.9115,877200
2010-06-04,33.7017,33.9599,33.6290,33.7218,1439000
2010-06-07,33.6855,34.0084,33.4878,33.4878,992900
2010-06-08,33.7057,33.7057,33.3142,33.5402,1085200
2010-06-09,33.6169,33.6774,33.4999,33.6129,1081900
2010-06-10,33.7420,33.9559,33.6452,33.9559,588200
2010-06-11,33.7743,34.0124,33.7339,34.0043,468300
2010-06-14,34.0407,34.1819,34.0003,34.0487,843100
2010-06-15,34.1617,34.4765,34.1254,34.3796,1387200
2010-06-16,34.2989,34.4321,34.2223,34.4079,1877200
2010-06-17,34.5048,34.6823,34.4483,34.6662,1097000
2010-06-18,34.6985,34.8397,34.6783,34.8155,734300
2010-06-21,35.0173,35.0375,34.8962,34.9406,1094400
2010-06-22,34.9083,34.9487,34.5532,34.6904,1011000
2010-06-23,34.7186,34.7429,34.4200,34.6662,882300
2010-06-24,34.5936,34.6137,34.3837,34.4281,613600
2010-06-25,34.5572,34.6016,34.4039,34.5855,536500
2010-06-28,34.6339,34.7873,34.5734,34.6622,682200
2010-06-29,34.5330,34.5370,34.1133,34.3151,1354400
2010-06-30,34.2425,34.3514,34.1052,34.2626,1111300
2010-07-01,34.3370,34.4427,33.9305,34.4265,2044000
2010-07-02,34.3777,34.6175,34.3533,34.4346,880400
2010-07-06,34.6419,34.7232,34.4996,34.7070,1176600
2010-07-07,34.7110,35.1583,34.6379,35.1257,1173900
2010-07-08,35.2314,35.3046,35.0119,35.2883,1525200
2010-07-09,35.2883,35.2883,35.1541,35.2070,778800
2010-07-12,35.2517,35.2558,34.9062,35.1785,786500
2010-07-13,35.2680,35.5119,35.1745,35.4510,1464900
2010-07-14,35.3900,35.4753,35.3209,35.4184,640400
2010-07-15,35.3534,35.4916,35.3371,35.4713,565900
2010-07-16,35.4469,35.4550,35.1582,35.2558,1215300
2010-07-19,35.3615,35.4591,35.2599,35.3737,556000
2010-07-20,35.3696,35.8412,35.3127,35.6583,2442800
2010-07-21,35.8087,35.9551,35.5201,35.6420,1376100
2010-07-22,35.7558,35.9632,35.7558,35.9591,809300
2010-07-23,35.9347,36.1218,35.7925,36.1218,985400
2010-07-26,36.1014,36.1665,35.9673,36.1380,887200
2010-07-27,36.1787,36.2234,35.9713,36.0892,887100
2010-07-28,36.1340,36.1624,35.9876,36.0120,603100
2010-07-29,36.1339,36.1543,36.0120,36.1218,628800
2010-07-30,36.0201,36.1299,35.9185,36.0283,1038700
2010-08-02,36.1793,36.2448,36.1015,36.2161,1021600
2010-08-03,36.0892,36.2775,36.0565,36.2161,1705900
2010-08-04,36.2570,36.2611,36.1383,36.1956,1844200
2010-08-05,36.1588,36.1875,36.0810,36.1793,708100
2010-08-06,36.1588,36.1793,35.9664,36.1711,830300
2010-08-09,36.2612,36.2612,36.0565,36.1056,1266200
2010-08-10,36.1138,36.1425,35.9992,36.0933,1271500
2010-08-11,35.8518,35.8969,35.5694,35.6226,1558600
2010-08-12,35.4671,35.6677,35.2829,35.4998,1261600
2010-08-13,35.5981,35.7454,35.4671,35.6554,776300
2010-08-16,35.6063,35.8027,35.6022,35.7004,1087600
2010-08-17,35.8355,35.9296,35.8027,35.8355,860800
2010-08-18,35.8559,35.9214,35.8150,35.8969,717000
2010-08-19,35.8969,35.9419,35.7249,35.8232,882800
2010-08-20,35.8232,35.9255,35.7986,35.9091,557700
2010-08-23,35.9378,35.9419,35.8437,35.9091,633300
2010-08-24,35.8191,35.8437,35.7127,35.7209,1000800
2010-08-25,35.6922,35.7413,35.5244,35.6718,788400
2010-08-26,35.7004,35.7904,35.5285,35.6226,1012400
2010-08-27,35.6922,35.7863,35.5735,35.6185,1302000
2010-08-30,35.6226,35.7863,35.6226,35.6840,620800
2010-08-31,35.6922,35.7659,35.6513,35.6718,1154800
2010-09-01,35.8305,36.0572,35.8222,36.0572,1697900
2010-09-02,36.0819,36.1190,36.0077,36.1149,603900
2010-09-03,36.1685,36.2221,36.0655,36.2221,999600
2010-09-07,36.1479,36.1727,36.0119,36.1685,883500
2010-09-08,36.1685,36.2221,36.1397,36.1768,835500
2010-09-09,36.3334,36.3334,36.2098,36.3211,789300
2010-09-10,36.3747,36.4324,36.2881,36.4159,957600
2010-09-13,36.5190,36.6179,36.4654,36.6056,1103500
2010-09-14,36.6014,36.6014,36.4942,36.5973,658700
2010-09-15,36.4736,36.5849,36.4736,36.5643,570800
2010-09-16,36.5849,36.6509,36.5478,36.6261,751400
2010-09-17,36.7127,36.7127,36.6509,36.6921,922800
2010-09-20,36.7333,36.7828,36.7127,36.7498,631900
2010-09-21,36.7870,36.7870,36.6385,36.6880,810900
2010-09-22,36.7333,36.7333,36.5354,36.5396,832700
2010-09-23,36.4860,36.4942,36.3829,36.4448,758800
2010-09-24,36.4983,36.6467,36.4983,36.5890,917200
2010-09-27,36.6632,36.7251,36.6261,36.6509,615900
2010-09-28,36.7581,36.7581,36.6097,36.7045,1038800
2010-09-29,36.7746,36.8611,36.7375,36.7911,826600
2010-09-30,36.8900,36.9972,36.7869,36.9766,2290800
2010-10-01,37.0210,37.0708,36.9297,37.0251,837800
2010-10-04,37.0500,37.0500,36.8882,36.8965,2490600
2010-10-05,37.0376,37.0666,36.9588,37.0293,993500
2010-10-06,37.0251,37.0708,36.9546,36.9961,1990200
2010-10-07,37.0791,37.1413,36.9878,37.0708,1371700
2010-10-08,37.1247,37.2160,37.0832,37.1953,1524800
2010-10-11,37.2077,37.3032,37.1953,37.2741,644900
2010-10-12,37.2534,37.3281,37.2119,37.2409,855200
2010-10-13,37.3198,37.4526,37.2741,37.3654,880300
2010-10-14,37.3986,37.4028,37.1621,37.1870,994400
2010-10-15,37.2617,37.3488,37.2409,37.2824,524200
2010-10-18,37.3281,37.3903,37.2326,37.2326,516300
2010-10-19,37.2617,37.3281,37.2160,37.2285,601800
2010-10-20,37.2741,37.3571,37.1994,37.3447,965600
2010-10-21,37.3862,37.3986,37.2866,37.2866,521000
2010-10-22,37.3779,37.4650,37.3530,37.4567,418000
2010-10-25,37.5439,37.6684,37.5356,37.6020,1051500
2010-10-26,37.5937,37.6684,37.5771,37.6601,568100
2010-10-27,37.6393,37.6808,37.5687,37.6185,910700
2010-10-28,37.7181,37.7223,37.5770,37.6393,1078600
2010-10-29,37.6849,37.7223,37.6227,37.6559,898000
2010-11-01,37.7232,37.7649,37.5769,37.5853,921400
2010-11-02,37.6814,37.7733,37.6271,37.7691,859800
2010-11-03,37.7858,37.9320,37.7399,37.8944,1301600
2010-11-04,38.0448,38.4208,38.0407,38.3874,1495800
2010-11-05,38.3414,38.3874,38.2328,38.3456,1281500
2010-11-08,38.3080,38.3456,38.2036,38.2328,1178800
2010-11-09,38.3039,38.3039,38.0574,38.1242,705400
2010-11-10,38.1201,38.1201,37.7984,37.8109,1250800
2010-11-11,37.7816,37.8192,37.5185,37.6605,1051000
2010-11-12,37.6563,37.7023,37.5227,37.5227,1088500
2010-11-15,37.6689,37.6814,37.4266,37.4516,1071300
2010-11-16,37.4224,37.4725,36.9670,37.0381,1674100
2010-11-17,37.2845,37.3347,37.1801,37.2260,1827000
2010-11-18,37.5226,37.6981,37.4224,37.6981,1197000
2010-11-19,37.5978,37.6856,37.5310,37.6856,592000
2010-11-22,37.4976,37.5770,37.4057,37.4224,424600
2010-11-23,37.3388,37.3388,36.8960,36.9085,1975700
2010-11-24,37.0005,37.1885,37.0005,37.1300,690700
2010-11-26,37.0840,37.1258,36.9754,36.9963,365000
2010-11-29,36.9754,37.1884,36.9629,37.0924,598300
2010-11-30,37.0088,37.2302,36.9378,37.1759,1459300
2010-12-01,37.4190,37.5325,37.3391,37.5199,1710800
2010-12-02,37.5367,37.5620,37.4274,37.5409,775600
2010-12-03,37.5115,37.6166,37.4947,37.6040,1621000
2010-12-06,37.6040,37.6040,37.5241,37.5830,776300
2010-12-07,37.7722,37.8101,37.7092,37.7764,946300
2010-12-08,37.7344,37.8479,37.5998,37.6545,1216200
2010-12-09,37.7091,37.7091,37.5704,37.5746,457200
2010-12-10,37.6376,37.6839,37.5577,37.5914,613100
2010-12-13,37.5956,37.6671,37.3517,37.4021,1176600
2010-12-14,37.5956,37.5956,37.3769,37.5872,1366900
2010-12-15,37.5956,37.5956,37.3895,37.4400,566500
2010-12-16,37.3853,37.5788,37.3349,37.5788,498600
2010-12-17,37.5746,37.6503,37.5241,37.6335,989700
2010-12-20,37.6923,37.7007,37.6377,37.7007,587700
2010-12-21,37.7680,37.8017,37.7049,37.7806,785400
2010-12-22,37.7848,37.9068,37.7512,37.8858,803000
2010-12-23,37.9110,37.9530,37.8984,37.9236,560500
2010-12-27,37.9825,37.9993,37.8984,37.9531,590800
2010-12-28,38.0364,38.0491,37.8968,37.9772,575100
2010-12-29,38.0238,38.1169,37.9730,38.1042,535700
2010-12-30,38.1507,38.1507,38.0745,38.1465,335400
2010-12-31,38.1464,38.2226,38.1126,38.2142,715700
2011-01-03,38.2142,38.3920,38.2057,38.2438,1448800
2011-01-04,38.3285,38.4216,38.2946,38.4174,1077800
2011-01-05,38.3623,38.5189,38.3581,38.5147,2537800
2011-01-06,38.5316,38.5655,38.3835,38.5613,2046600
2011-01-07,38.5655,38.5655,38.3877,38.4131,917900
2011-01-10,38.3496,38.4004,38.3327,38.3835,517400
2011-01-11,38.4766,38.5528,38.4512,38.5316,493300
2011-01-12,38.5358,38.6543,38.5358,38.6120,609600
2011-01-13,38.6163,38.7051,38.5866,38.6036,1563900
2011-01-14,38.6628,38.6840,38.6163,38.6670,912500
2011-01-18,38.7263,38.7263,38.6205,38.6628,1186800
2011-01-19,38.6290,38.6798,38.5401,38.5443,1073200
2011-01-20,38.5443,38.5697,38.4131,38.4681,766000
2011-01-21,38.5062,38.6586,38.5062,38.6247,681100
2011-01-24,38.6374,38.7052,38.6374,38.6798,697300
2011-01-25,38.6967,38.7390,38.6544,38.7390,686400
2011-01-26,38.7856,38.8194,38.7390,38.8194,985500
2011-01-27,38.8406,38.8745,38.8067,38.8702,679400
2011-01-28,38.8871,38.8914,38.6290,38.6374,2015100
2011-01-31,38.7390,38.8448,38.6671,38.8448,1183200
2011-02-01,38.8955,38.9551,38.8529,38.9210,944600
2011-02-02,38.9722,38.9807,38.9211,38.9637,550400
2011-02-03,38.9679,39.0020,38.8785,38.9637,1240800
2011-02-04,39.0616,39.1426,38.9849,39.1340,1667600
2011-02-07,39.1937,39.2107,39.1000,39.2065,2260600
2011-02-08,39.2405,39.2576,39.1894,39.2491,2632400
2011-02-09,39.2491,39.2491,39.0275,39.0275,936900
2011-02-10,39.0191,39.1511,38.9765,39.0702,801800
2011-02-11,39.1341,39.1681,39.0318,39.1681,586700
2011-02-14,39.1298,39.1979,39.1298,39.1979,660000
2011-02-15,39.2150,39.2150,39.0915,39.1213,1109100
2011-02-16,39.1937,39.2277,39.1340,39.1340,1378100
2011-02-17,39.1894,39.2320,39.1724,39.2235,658800
2011-02-18,39.2661,39.3471,39.2363,39.3428,870300
2011-02-22,39.2704,39.2917,39.0148,39.0191,1305600
2011-02-23,39.0318,39.1170,39.0148,39.0574,1062700
2011-02-24,39.1255,39.1511,39.0659,39.0872,857300
2011-02-25,39.1085,39.2235,39.0957,39.2065,1907800
2011-02-28,39.2491,39.4152,39.1809,39.4024,4044100
2011-03-01,39.4234,39.4277,39.2991,39.3420,1692100
2011-03-02,39.3291,39.3848,39.3077,39.3763,1271400
2011-03-03,39.3977,39.5306,39.3977,39.5177,1615300
2011-03-04,39.5177,39.5263,39.4063,39.4363,1057200
2011-03-07,39.4920,39.4963,39.4020,39.4448,1086800
2011-03-08,39.4363,39.4620,39.3977,39.4106,971400
2011-03-09,39.4191,39.4405,39.2862,39.2991,1241700
2011-03-10,39.3248,39.3505,39.0805,39.0933,1098400
2011-03-11,39.0548,39.1576,39.0333,39.0848,1023500
2011-03-14,39.0462,39.1191,38.9047,38.9262,1643400
2011-03-15,38.5361,38.7890,38.3647,38.7247,1598300
2011-03-16,38.7333,38.8447,38.4589,38.4847,2882900
2011-03-17,38.6733,38.9047,38.6733,38.9004,1634200
2011-03-18,39.0676,39.2091,39.0162,39.0848,1300400
2011-03-21,39.2177,39.3420,39.1834,39.3248,943800
2011-03-22,39.2734,39.3634,39.2348,39.3463,2285400
2011-03-23,39.3034,39.3591,39.2348,39.2991,749400
2011-03-24,39.3334,39.3720,39.2862,39.3334,923100
2011-03-25,39.3677,39.3763,39.3334,39.3463,478500
2011-03-28,39.3934,39.3934,39.3034,39.3591,844000
2011-03-29,39.3077,39.3977,39.2991,39.3806,1010700
2011-03-30,39.4148,39.4620,39.3291,39.4405,1868800
2011-03-31,39.4491,39.4491,39.3806,39.4191,924100
2011-04-01,39.4191,39.4795,39.3717,39.3717,1322400
2011-04-04,39.4407,39.6219,39.4019,39.6132,3254100
2011-04-05,39.5270,39.6434,39.5270,39.5701,1338100
2011-04-06,39.6434,39.6736,39.6132,39.6564,835300
2011-04-07,39.6520,39.7124,39.6477,39.6952,1156700
2011-04-08,39.7211,39.7340,39.6434,39.6952,1168900
2011-04-11,39.7167,39.7556,39.6520,39.6564,1045900
2011-04-12,39.6736,39.6736,39.5183,39.5313,940100
2011-04-13,39.6262,39.7211,39.6089,39.7211,1128100
2011-04-14,39.6822,39.6909,39.5270,39.5615,1538700
2011-04-15,39.6175,39.6391,39.5787,39.6132,658300
2011-04-18,39.5528,39.5528,39.4321,39.4752,1736400
2011-04-19,39.5270,39.6219,39.5140,39.6132,1020800
2011-04-20,39.6822,39.7815,39.6434,39.7642,716400
2011-04-21,39.8203,39.8677,39.7297,39.8591,632000
2011-04-25,39.8764,39.8764,39.8117,39.8160,978700
2011-04-26,39.8763,39.9065,39.8246,39.9065,575400
2011-04-27,39.8936,39.9324,39.8893,39.9324,738800
2011-04-28,39.9324,39.9669,39.9195,39.9540,697600
2011-04-29,40.0101,40.0489,39.9756,40.0489,799000
2011-05-02,40.0632,40.1109,40.0198,40.0285,848700
2011-05-03,40.1109,40.1153,39.9720,40.0371,977700
2011-05-04,40.0936,40.0936,39.9807,40.0241,959400
2011-05-05,40.0241,40.0241,39.8375,39.8592,1300000
2011-05-06,39.9764,40.1240,39.9764,40.0632,968900
2011-05-09,40.0979,40.1500,40.0545,40.1153,620500
2011-05-10,40.0719,40.2021,40.0719,40.2021,723600
2011-05-11,40.2281,40.2455,40.0892,40.1413,595200
2011-05-12,40.1326,40.1804,40.0415,40.1804,1129800
2011-05-13,40.1891,40.1891,40.0155,40.0155,1053400
2011-05-16,40.0415,40.1327,40.0415,40.0936,540400
2011-05-17,40.0892,40.1847,39.9764,40.1630,1674000
2011-05-18,40.1370,40.2151,40.1153,40.2108,813000
2011-05-19,40.2194,40.2194,40.1500,40.1934,715900
2011-05-20,40.1934,40.1934,40.1066,40.1630,538900
2011-05-23,40.0415,40.0806,39.9634,39.9721,1204800
2011-05-24,40.0632,40.0892,39.8983,39.9070,808100
2011-05-25,39.9417,39.9504,39.8853,39.9070,1407900
2011-05-26,39.9157,39.9287,39.8723,39.8723,787900
2011-05-27,39.9069,40.0414,39.8852,39.9937,1225700
2011-05-31,40.1023,40.1283,40.0415,40.1023,1848000
2011-06-01,40.0700,40.1267,39.8036,39.8691,2091600
2011-06-02,39.8953,39.9127,39.8254,39.8429,1177000
2011-06-03,39.7206,39.7730,39.6595,39.6856,1141100
2011-06-06,39.7119,39.7424,39.5503,39.5896,1660100
2011-06-07,39.6944,39.7075,39.5372,39.5590,995500
2011-06-08,39.5459,39.5547,39.3625,39.3713,1642600
2011-06-09,39.3931,39.4935,39.3538,39.3974,1480700
2011-06-10,39.4193,39.4542,39.0569,39.1398,3870000
2011-06-13,39.1922,39.2970,38.9913,38.9913,2015400
2011-06-14,39.2883,39.3101,39.2140,39.2359,1253000
2011-06-15,39.1180,39.2359,39.0263,39.0699,1319400
2011-06-16,39.0437,39.1704,38.2664,38.3756,7149900
2011-06-17,38.8167,38.9433,38.5590,38.7992,3486900
2011-06-20,38.8429,39.1136,38.8385,39.0699,1555600
2011-06-21,39.1354,39.3363,39.1092,39.3319,2212000
2011-06-22,39.2577,39.3188,39.0437,39.0481,1667400
2011-06-23,38.9739,39.3014,38.7905,39.2577,2999800
2011-06-24,39.3232,39.3232,39.0088,39.0699,1416400
2011-06-27,39.0874,39.1267,39.0219,39.0612,1137600
2011-06-28,39.1704,39.2184,39.1354,39.2184,1477500
2011-06-29,39.3451,39.6289,39.2796,39.6071,1752700
2011-06-30,39.6071,40.0001,39.6071,39.8734,2514300
2011-07-01,40.1644,40.1908,39.9227,40.0853,1749800
2011-07-05,40.0193,40.1424,39.9534,40.1380,2253200
2011-07-06,39.9886,40.1600,39.9578,40.1556,1969400
2011-07-07,40.2479,40.3138,40.1292,40.3138,2662100
2011-07-08,40.0633,40.2215,40.0545,40.2039,1771000
2011-07-11,39.9974,40.0501,39.7952,39.8084,1967100
2011-07-12,39.7820,39.8436,39.6941,39.6985,1407200
2011-07-13,39.8172,40.0237,39.7908,40.0061,1056800
2011-07-14,39.9359,40.2127,39.9095,39.9842,823300
2011-07-15,40.0677,40.0677,39.9446,39.9710,688800
2011-07-18,39.8831,39.9930,39.7776,39.9007,2103500
2011-07-19,39.8963,40.0941,39.8655,40.0809,894100
2011-07-20,40.1732,40.1732,40.0809,40.1160,878500
2011-07-21,40.1907,40.3314,40.1468,40.3094,936300
2011-07-22,40.2567,40.3709,40.2303,40.3621,670000
2011-07-25,40.2347,40.3182,40.1424,40.1468,1050600
2011-07-26,40.1864,40.2743,40.1380,40.2303,570200
2011-07-27,40.2215,40.2479,39.9139,39.9139,1158100
2011-07-28,39.9578,40.0721,39.9183,39.9754,689700
2011-07-29,39.7644,40.0281,39.7337,40.0149,1199100
2011-08-01,40.1436,40.2409,39.9049,40.1038,907000
2011-08-02,40.0110,40.0154,39.6042,39.6086,1286700
2011-08-03,39.6219,39.7766,39.2681,39.5865,2361600
2011-08-04,39.3521,39.5069,38.4280,38.4457,3396500
2011-08-05,38.6624,38.9675,37.4111,38.4059,4671900
2011-08-08,37.0839,37.9638,36.4030,36.7699,6491600
2011-08-09,37.2519,37.8930,36.7213,37.8930,5124100
2011-08-10,37.6498,37.7117,37.0927,37.2519,3395000
2011-08-11,36.9910,37.9859,36.9910,37.9284,2916900
2011-08-12,38.0168,38.1185,37.5968,37.7515,2273600
2011-08-15,38.0124,38.4192,37.8842,38.3662,3280700
2011-08-16,38.2600,38.3705,38.0787,38.1229,2712000
2011-08-17,38.3042,38.5474,38.2910,38.5430,1668900
2011-08-18,38.1053,38.1274,37.6322,38.0743,2342700
2011-08-19,37.7029,38.2822,37.6233,37.7427,1879400
2011-08-22,38.0257,38.1848,37.7383,37.7869,1681100
2011-08-23,37.7073,38.1318,37.4509,38.0699,2588800
2011-08-24,37.8046,38.0522,37.6675,37.8975,2550900
2011-08-25,38.1229,38.2291,37.5835,37.5924,1678800
2011-08-26,37.6056,38.0478,37.2740,37.9726,1629000
2011-08-29,38.2335,38.4015,38.1053,38.3573,2082100
2011-08-30,38.2954,38.4501,38.2423,38.4280,1774500
2011-08-31,38.8171,39.0780,38.7199,38.9233,3213700
2011-09-01,38.9335,38.9869,38.8178,38.8979,1624000
2011-09-02,38.5241,38.9646,38.5241,38.7154,1814600
2011-09-06,38.1636,38.4039,38.0568,38.2571,3004100
2011-09-07,38.5330,38.6086,38.3194,38.4440,916900
2011-09-08,38.5196,38.6487,38.4440,38.5641,1533100
2011-09-09,38.5152,38.6264,38.1058,38.2170,1978400
2011-09-12,37.9634,38.0301,37.7409,37.8877,2110000
2011-09-13,37.9767,38.2704,37.8877,38.1770,2331900
2011-09-14,38.3016,38.5196,38.1191,38.4306,1648300
2011-09-15,38.5196,38.6976,38.4351,38.6887,1534000
2011-09-16,38.7822,38.7822,38.5374,38.6665,1217200
2011-09-19,38.5997,38.6843,38.4395,38.6086,1251000
2011-09-20,38.6798,38.7510,38.5241,38.6709,1509100
2011-09-21,38.6709,38.7510,38.3327,38.3372,2524900
2011-09-22,37.9011,38.0568,37.7275,37.8165,2295700
2011-09-23,37.7053,38.1013,37.6919,37.9189,2251300
2011-09-26,37.9990,38.4395,37.8299,38.0613,2451400
2011-09-27,38.2882,38.2882,38.0479,38.1058,3481300
2011-09-28,38.0835,38.0924,37.6074,37.6786,2696800
2011-09-29,37.8254,37.9500,37.5406,37.6074,1643100
2011-09-30,37.3715,37.3715,36.8153,36.8598,2510700
2011-10-03,36.6931,36.9350,36.4154,36.4154,2560600
2011-10-04,36.1064,36.3617,34.8925,36.3035,4870500
2011-10-05,36.4737,36.7782,36.1601,36.7469,2563800
2011-10-06,36.8589,37.3202,36.6842,37.3157,2317200
2011-10-07,37.5263,37.5352,37.0291,37.3471,2686900
2011-10-10,37.7950,38.1534,37.5666,38.1489,2014300
2011-10-11,38.0862,38.0862,37.7055,37.7278,2278800
2011-10-12,37.9697,38.6461,37.8129,38.6057,4223000
2011-10-13,38.4490,38.5296,38.1220,38.4445,3361300
2011-10-14,38.6595,38.7267,38.5206,38.7132,2760400
2011-10-17,38.5296,38.5520,38.3997,38.4893,1904100
2011-10-18,38.4848,38.7804,38.2653,38.6953,2890000
2011-10-19,38.7670,39.0671,38.5475,38.5699,3574500
2011-10-20,38.6998,38.9148,38.6102,38.9103,1759800
2011-10-21,39.1701,39.3896,39.0805,39.3806,2405600
2011-10-24,39.4165,40.5273,39.3493,40.4467,5630300
2011-10-25,40.0480,40.2362,39.7121,39.7300,4506500
2011-10-26,40.0883,40.0883,39.6180,39.9002,2839500
2011-10-27,40.6437,40.9483,40.3123,40.4870,5132100
2011-10-28,40.3840,40.4019,40.2406,40.3661,2820700
2011-10-31,40.1600,40.1645,39.9540,39.9898,2972600
2011-11-01,39.4383,39.7041,39.0869,39.2761,3132800
2011-11-02,39.4834,39.7312,39.4068,39.6501,1812500
2011-11-03,39.9610,40.0961,39.7041,40.0421,1409900
2011-11-04,39.8213,40.0375,39.6816,40.0015,3759500
2011-11-07,39.9790,40.0060,39.6591,39.8663,1756000
2011-11-08,39.9880,40.0195,39.7988,39.9565,1823800
2011-11-09,39.5194,39.6366,39.1094,39.1094,2151500
2011-11-10,39.4563,39.5194,39.1409,39.1499,2487700
2011-11-11,39.3797,39.6996,39.3482,39.6681,1270200
2011-11-14,39.5960,39.5960,39.1995,39.4022,1603100
2011-11-15,39.3392,39.3797,39.1544,39.2986,1450000
2011-11-16,39.1860,39.2536,38.9066,38.9156,1788500
2011-11-17,38.9787,39.0959,38.5372,38.7264,2131700
2011-11-18,38.8751,38.8886,38.6543,38.6993,2226100
2011-11-21,38.6543,38.7129,38.2173,38.2623,3219000
2011-11-22,38.2533,38.3614,37.9334,37.9694,4123400
2011-11-23,37.8523,37.9379,37.2305,37.2846,4483000
2011-11-25,37.3927,37.7081,37.1855,37.2846,1476200
2011-11-28,38.0866,38.2623,37.8568,38.1181,2455000
2011-11-29,38.2623,38.3660,38.1272,38.3660,2010300
2011-11-30,38.8841,39.0553,38.7805,39.0193,2944100
2011-12-01,38.9961,39.2319,38.9236,39.1911,2442000
2011-12-02,39.3090,39.4496,39.1911,39.4133,2664700
2011-12-05,39.6491,39.7398,39.5040,39.6355,2719200
2011-12-06,39.6174,39.8395,39.5085,39.8123,2355600
2011-12-07,39.7126,39.7579,39.5357,39.6854,1740600
2011-12-08,39.6264,39.6854,39.4224,39.4269,1994200
2011-12-09,39.4949,39.7896,39.4496,39.7670,1355900
2011-12-12,39.6219,39.6219,39.4722,39.5539,1772000
2011-12-13,39.6808,39.7715,39.3906,39.4042,1742400
2011-12-14,39.4178,39.4405,39.2093,39.3362,1317700
2011-12-15,39.6038,39.6083,39.4178,39.4768,1562200
2011-12-16,39.5630,39.6809,39.4496,39.6627,1383900
2011-12-19,39.6944,39.8804,39.6083,39.6128,2268000
2011-12-20,39.8758,40.1388,39.8395,40.1071,1957100
2011-12-21,39.9982,40.2204,39.9484,40.2204,1792300
2011-12-22,40.1887,40.4290,40.1116,40.3746,1885800
2011-12-23,40.3519,40.5877,40.2975,40.5605,1255200
2011-12-27,40.6130,40.7361,40.5080,40.7224,2282000
2011-12-28,40.7863,40.8228,40.4898,40.5309,1899200
2011-12-29,40.6449,40.8000,40.5354,40.7726,1558600
2011-12-30,40.7681,40.8958,40.7179,40.7955,1553400
2012-01-03,40.9734,41.0509,40.8046,40.9277,3118800
2012-01-04,40.9186,40.9232,40.6495,40.8593,3010000
2012-01-05,40.8456,40.8639,40.5947,40.6814,2579700
2012-01-06,40.7772,40.7772,40.4852,40.5537,1916400
2012-01-09,40.5583,40.7042,40.5583,40.6084,2157800
2012-01-10,40.7818,40.8183,40.6905,40.7498,2318000
2012-01-11,40.7225,40.7498,40.6175,40.7088,1191100
2012-01-12,40.7088,40.8000,40.6176,40.6540,1558100
2012-01-13,40.6312,40.6586,40.3940,40.6084,1929400
2012-01-17,40.7726,40.7726,40.6267,40.6905,4144200
2012-01-18,40.6951,40.8091,40.5764,40.8045,2725800
2012-01-19,40.9277,40.9870,40.8091,40.8639,2953000
2012-01-20,40.8775,40.9368,40.8456,40.8639,2037500
2012-01-23,40.9506,41.0646,40.9004,41.0053,1680100
2012-01-24,41.0053,41.1330,40.9277,41.1102,2863800
2012-01-25,41.1923,41.5116,41.0190,41.4706,3882800
2012-01-26,41.6485,41.7306,41.4752,41.5710,6487500
2012-01-27,41.5162,41.5938,41.4204,41.4204,2431100
2012-01-30,41.2653,41.3885,41.2151,41.2881,2553000
2012-01-31,41.3976,41.4524,41.2973,41.3931,2864400
2012-02-01,41.4146,41.6164,41.4146,41.4696,4284200
2012-02-02,41.5568,41.5705,41.4742,41.4971,2079600
2012-02-03,41.8458,41.8550,41.5522,41.6164,2312900
2012-02-06,41.5797,41.6348,41.5155,41.6256,2270500
2012-02-07,41.6485,41.7403,41.5935,41.7082,2467000
2012-02-08,41.7632,41.7862,41.6577,41.7449,3336000
2012-02-09,41.7724,41.7862,41.5935,41.7632,3258700
2012-02-10,41.5522,41.5706,41.4008,41.4008,2909600
2012-02-13,41.5155,41.6164,41.4375,41.5201,2193100
2012-02-14,41.4972,41.5843,41.4651,41.5201,3000100
2012-02-15,41.5293,41.6394,41.3779,41.3871,1986600
2012-02-16,41.3871,41.5705,41.2815,41.5614,2514100
2012-02-17,41.6715,41.6807,41.4926,41.5477,2402700
2012-02-21,41.5981,41.7861,41.5843,41.7036,2265100
2012-02-22,41.7586,41.8596,41.7311,41.8366,3570600
2012-02-23,41.8642,42.0844,41.8367,41.9880,3212300
2012-02-24,41.9972,42.1348,41.9651,42.1164,1795500
2012-02-27,42.0155,42.1807,42.0155,42.1256,1608100
2012-02-28,42.1577,42.2586,42.1348,42.2082,2813200
2012-02-29,42.2495,42.3229,42.0981,42.2632,3085800
2012-03-01,42.2896,42.3772,42.2203,42.3357,3802800
2012-03-02,42.3265,42.3265,42.1465,42.1604,1709000
2012-03-05,42.1973,42.2111,41.9204,41.9250,2333700
2012-03-06,41.7774,41.8697,41.3667,41.3667,5792700
2012-03-07,41.4959,41.5328,41.3621,41.4821,5840700
2012-03-08,41.6436,41.8143,41.5467,41.8051,2249700
2012-03-09,41.8466,41.9619,41.8189,41.8512,2531300
2012-03-12,41.8143,41.8604,41.7589,41.8512,2153000
2012-03-13,41.9804,42.1557,41.8789,42.1557,2890700
2012-03-14,42.1327,42.1511,41.8374,42.0496,2928800
2012-03-15,42.0819,42.0819,41.8697,41.9066,1726800
2012-03-16,41.9481,41.9896,41.6666,41.7543,3570300
2012-03-19,41.7543,41.9250,41.6805,41.9112,2283900
2012-03-20,41.8789,41.9527,41.8097,41.8789,2756600
2012-03-21,41.9573,41.9573,41.7358,41.7451,3280100
2012-03-22,41.7359,41.8881,41.7266,41.8466,3500900
2012-03-23,41.8327,41.8743,41.7128,41.7589,3465200
2012-03-26,41.8143,42.0173,41.7912,42.0127,2081200
2012-03-27,41.9943,42.1327,41.9620,42.0865,4196700
2012-03-28,42.1050,42.1050,41.8835,41.9481,2803700
2012-03-29,41.9066,41.9666,41.8051,41.9435,2158600
2012-03-30,41.9758,42.0219,41.8004,41.8604,4020300
2012-04-02,41.9463,41.9974,41.8720,41.9324,5883800
2012-04-03,41.9231,42.0206,41.8906,41.8952,4099700
2012-04-04,41.7653,41.8256,41.6817,41.7421,2297600
2012-04-05,41.7189,41.7328,41.5889,41.6399,3658900
2012-04-09,41.5610,41.5796,41.3800,41.4264,2692500
2012-04-10,41.4403,41.5146,41.1850,41.2221,4471100
2012-04-11,41.4264,41.4960,41.3475,41.4728,2003700
2012-04-12,41.5099,41.8767,41.4728,41.8442,2753500
2012-04-13,41.8302,41.8720,41.6817,41.7095,2767400
2012-04-16,41.7977,41.8581,41.6445,41.7745,3804300
2012-04-17,41.8999,42.0067,41.8488,41.9556,2787400
2012-04-18,41.8906,41.9927,41.8674,41.9417,3322600
2012-04-19,41.9277,42.0066,41.8163,41.8627,2597800
2012-04-20,41.9927,41.9927,41.8303,41.9277,2241500
2012-04-23,41.7884,41.8534,41.7095,41.8395,2850700
2012-04-24,41.8860,41.9370,41.8256,41.9370,2049300
2012-04-25,42.0438,42.2434,41.9927,42.2434,3351000
2012-04-26,42.2434,42.3084,42.2248,42.2713,2641100
2012-04-27,42.3084,42.3130,42.1970,42.2527,2413000
2012-04-30,42.2573,42.3455,42.1506,42.3362,3989000
2012-05-01,42.4105,42.5599,42.3545,42.3685,3624600
2012-05-02,42.3218,42.5645,42.2938,42.5318,2040700
2012-05-03,42.5739,42.5972,42.4572,42.5038,1871900
2012-05-04,42.4525,42.5179,42.3871,42.4198,2381400
2012-05-07,42.4058,42.5925,42.2984,42.4898,1906100
2012-05-08,42.4291,42.5132,42.3498,42.4805,1688900
2012-05-09,42.3731,42.4151,42.2191,42.3311,3146800
2012-05-10,42.4712,42.4945,42.2564,42.2845,3354000
2012-05-11,42.2658,42.5505,42.2378,42.3918,2765200
2012-05-14,42.2471,42.2798,42.0137,42.0790,4544000
2012-05-15,42.0604,42.0977,41.8736,41.8736,5242100
2012-05-16,41.9250,42.0370,41.4488,41.4628,6224400
2012-05-17,41.4628,41.4675,40.7859,40.8886,8867800
2012-05-18,41.0847,41.2154,40.8373,40.8886,6525600
2012-05-21,40.9353,41.3415,40.9307,41.3134,4276900
2012-05-22,41.4348,41.5982,41.2574,41.3088,3675300
2012-05-23,41.2154,41.3975,41.0567,41.2668,4320900
2012-05-24,41.1967,41.3835,41.1967,41.2761,2183000
2012-05-25,41.3461,41.3788,41.1221,41.1454,1651500
2012-05-29,41.3275,41.6636,41.2901,41.5982,4380300
2012-05-30,41.4208,41.4582,41.3275,41.4115,2543300
2012-05-31,41.4535,41.4535,40.9633,40.9727,10706100
2012-06-01,40.6683,40.9407,40.5650,40.6166,5945600
2012-06-04,40.6495,40.7951,40.5979,40.6495,3125700
2012-06-05,40.6495,41.0441,40.6072,40.9079,2970100
2012-06-06,41.0957,41.3541,41.0112,41.3447,2334800
2012-06-07,41.5701,41.6829,41.3541,41.4997,5454300
2012-06-08,41.4903,41.7580,41.4245,41.6594,3738100
2012-06-11,41.7581,41.8003,41.3823,41.3870,5266700
2012-06-12,41.5279,41.7205,41.4574,41.6782,3648400
2012-06-13,41.6171,41.7674,41.4574,41.5561,3527200
2012-06-14,41.5655,41.9178,41.5373,41.8661,3874100
2012-06-15,41.8050,41.9835,41.8050,41.9413,2683200
2012-06-18,41.8473,41.9647,41.8050,41.9553,3628200
2012-06-19,42.1291,42.3264,41.9647,42.2512,2809100
2012-06-20,42.3593,42.4345,42.1902,42.4157,3719000
2012-06-21,42.4626,42.6035,42.0023,42.0681,4843700
2012-06-22,42.2137,42.4063,42.2043,42.3546,3211700
2012-06-25,42.1855,42.2982,42.1197,42.2888,3385600
2012-06-26,42.3264,42.3311,42.1151,42.2278,2357900
2012-06-27,42.3029,42.4908,42.3029,42.4814,1918000
2012-06-28,42.3640,42.5049,42.3123,42.4767,3068700
2012-06-29,42.7351,42.8807,42.6411,42.8807,3394900
2012-07-02,42.8939,42.9270,42.7050,42.9270,3810700
2012-07-03,42.9647,43.1112,42.9080,43.0828,1987500
2012-07-05,42.9884,43.1821,42.8561,43.0876,2221300
2012-07-06,42.8655,43.0498,42.8467,43.0309,2612400
2012-07-09,42.9836,43.1017,42.9364,43.0450,1916600
2012-07-10,43.0828,43.1490,42.7994,42.8561,1832600
2012-07-11,42.9222,43.0262,42.8183,42.9931,3188700
2012-07-12,42.9553,42.9695,42.7333,42.8986,1989100
2012-07-13,42.9459,43.0498,42.8750,43.0309,2316400
2012-07-16,42.8419,43.0026,42.8278,42.8656,2178900
2012-07-17,42.9884,43.0781,42.8419,43.0687,4036500
2012-07-18,43.0498,43.2482,43.0309,43.2482,3958600
2012-07-19,43.2293,43.4088,43.2151,43.3568,4718200
2012-07-20,43.2293,43.2765,43.0970,43.1537,2733500
2012-07-23,42.9128,43.1254,42.7899,43.0828,4561700
2012-07-24,43.0451,43.0640,42.7853,42.8183,3447700
2012-07-25,42.9364,42.9553,42.7239,42.7286,2891000
2012-07-26,42.9364,43.1868,42.9081,43.1679,4330900
2012-07-27,43.1632,43.4324,43.1632,43.4230,5556800
2012-07-30,43.4135,43.4372,43.2954,43.4230,3889700
2012-07-31,43.4371,43.4560,43.2435,43.3190,3530800
2012-08-01,43.4212,43.5542,43.2977,43.5542,3598100
2012-08-02,43.4449,43.5067,43.2977,43.3784,4516600
2012-08-03,43.5114,43.6539,43.4972,43.5589,4602000
2012-08-06,43.5352,43.6967,43.5304,43.5304,2864400
2012-08-07,43.6159,43.6539,43.3974,43.4449,3680600
2012-08-08,43.5019,43.5637,43.4544,43.4734,3162100
2012-08-09,43.5210,43.5400,43.4070,43.4782,2975600
2012-08-10,43.4259,43.5019,43.3737,43.4402,1533600
2012-08-13,43.4212,43.4640,43.3452,43.4640,2007800
2012-08-14,43.4639,43.6017,43.4497,43.5304,2381000
2012-08-15,43.5732,43.5732,43.3214,43.3214,2580400
2012-08-16,43.3879,43.5019,43.2644,43.4829,2914300
2012-08-17,43.4592,43.5352,43.4117,43.4829,2222000
2012-08-20,43.4924,43.5589,43.4212,43.5352,2333200
2012-08-21,43.5732,43.6349,43.5589,43.6302,2531200
2012-08-22,43.5874,43.6397,43.5494,43.5874,1889100
2012-08-23,43.5922,43.6302,43.5162,43.5780,1141700
2012-08-24,43.5922,43.7774,43.5542,43.7727,2082100
2012-08-27,43.7584,43.8059,43.6634,43.7394,1883600
2012-08-28,43.7347,43.7727,43.6777,43.7014,1795700
2012-08-29,43.7632,43.7822,43.7014,43.7632,1617600
2012-08-30,43.7395,43.7870,43.7014,43.7442,2022400
2012-08-31,43.8202,43.8915,43.7442,43.8582,1801800
2012-09-04,43.8811,43.8811,43.7331,43.8572,3921500
2012-09-05,43.9002,43.9050,43.8286,43.8620,1541000
2012-09-06,43.8764,44.1247,43.8764,44.1200,3306000
2012-09-07,44.1820,44.2298,44.1199,44.1963,3403300
2012-09-10,44.1725,44.2824,44.0961,44.1247,2138600
2012-09-11,44.1487,44.4257,44.1487,44.4257,4400300
2012-09-12,44.4830,44.5689,44.4591,44.5594,1957400
2012-09-13,44.5785,44.8555,44.5451,44.8460,5946800
2012-09-14,44.8507,44.9176,44.7600,44.8412,3467200
2012-09-17,44.7934,44.8890,44.7552,44.8030,3075500
2012-09-18,44.8173,44.8603,44.7170,44.8221,4099400
2012-09-19,44.8699,44.8699,44.7648,44.7648,3306500
2012-09-20,44.7218,44.7266,44.5499,44.5546,2122200
2012-09-21,44.6454,44.6454,44.4352,44.4925,3121700
2012-09-24,44.4304,44.4782,44.3922,44.4352,1867200
2012-09-25,44.4448,44.4687,44.0054,44.0388,5726800
2012-09-26,44.0292,44.0388,43.6949,43.8191,6554200
2012-09-27,44.0292,44.2967,43.9432,44.2967,3882600
2012-09-28,44.2585,44.2632,44.0817,44.0865,3668200
2012-10-01,44.3050,44.3050,43.9833,44.0121,5386700
2012-10-02,44.0985,44.1609,44.0025,44.1225,3151900
2012-10-03,44.1609,44.3434,44.1321,44.2330,3201000
2012-10-04,44.2858,44.4490,44.2618,44.4202,1847200
2012-10-05,44.5499,44.5547,44.3098,44.3962,2513500
2012-10-08,44.3002,44.3674,44.2666,44.3338,1143300
2012-10-09,44.4202,44.4202,44.1994,44.2090,5777300
2012-10-10,44.2474,44.2762,44.0793,44.1033,5431800
2012-10-11,44.2714,44.3530,44.2330,44.3434,2811000
2012-10-12,44.3866,44.5402,44.3242,44.4202,3696800
2012-10-15,44.5403,44.6411,44.4538,44.6219,2378500
2012-10-16,44.6843,44.8140,44.6267,44.7852,3536300
2012-10-17,44.8476,44.9244,44.7996,44.8860,2971500
2012-10-18,44.8236,44.9100,44.7996,44.8620,1676300
2012-10-19,44.8332,44.8572,44.5979,44.6363,2041200
2012-10-22,44.6555,44.7467,44.6171,44.6459,3021700
2012-10-23,44.5115,44.5643,44.4154,44.4778,3916900
2012-10-24,44.5787,44.5931,44.4154,44.4394,4332900
2012-10-25,44.6171,44.6363,44.4634,44.5114,2005600
2012-10-26,44.5259,44.5547,44.3098,44.4058,4591800
2012-10-31,44.4058,44.4971,44.3866,44.4586,2914100
2012-11-01,44.2618,44.4779,44.2042,44.4346,2092300
2012-11-02,44.4923,44.5355,44.3626,44.3722,2829300
2012-11-05,44.3674,44.4586,44.2282,44.3002,3361700
2012-11-06,44.3818,44.4250,44.3050,44.3674,1409000
2012-11-07,44.2954,44.3050,44.0793,44.1033,3698200
2012-11-08,44.1561,44.2522,43.9353,43.9593,5829400
2012-11-09,43.8296,44.0217,43.8152,43.8824,3953900
2012-11-12,43.9305,43.9689,43.8488,43.8968,2066000
2012-11-13,43.8296,43.8776,43.7288,43.7960,4347400
2012-11-14,43.9161,43.9353,43.5223,43.5559,5017500
2012-11-15,43.4791,43.6568,43.2583,43.5368,6989700
2012-11-16,43.5799,43.6952,43.4695,43.6616,4730200
2012-11-19,43.8056,44.2330,43.7960,44.2138,9498500
2012-11-20,44.2138,44.2618,44.0985,44.2186,4010400
2012-11-21,44.1753,44.2858,44.1609,44.2041,2984700
2012-11-23,44.2954,44.3866,44.2282,44.3530,1041100
2012-11-26,44.3242,44.3626,44.1802,44.3626,2160700
2012-11-27,44.3002,44.4490,44.3002,44.4058,4194100
2012-11-28,44.3722,44.5307,44.2906,44.4154,6528000
2012-11-29,44.5259,44.6315,44.4635,44.6123,3870500
2012-11-30,44.6075,44.7276,44.5931,44.6795,3276200
2012-12-03,44.8239,44.9059,44.7273,44.9059,5444400
2012-12-04,44.8866,44.9735,44.8190,44.9059,3121100
2012-12-05,45.0218,45.0314,44.8190,44.9783,4580900
2012-12-06,44.9639,45.0797,44.9639,45.0604,2261500
2012-12-07,45.1086,45.1328,44.9687,44.9928,2294400
2012-12-10,45.1328,45.1328,44.9735,45.0314,2140700
2012-12-11,45.1473,45.2342,45.0604,45.0749,3206300
2012-12-12,45.1569,45.2776,45.1038,45.2100,3305600
2012-12-13,45.1811,45.2776,45.0363,45.0507,4898700
2012-12-14,45.0652,45.1328,45.0169,45.0169,2741400
2012-12-17,45.0459,45.2293,45.0459,45.1907,2195600
2012-12-18,45.2631,45.2824,45.1714,45.2148,3409800
2012-12-19,45.2486,45.2486,45.1666,45.1666,2566400
2012-12-20,45.1811,45.3307,45.1762,45.3259,3191200
2012-12-21,45.1038,45.2197,45.1038,45.1955,3187900
2012-12-24,45.0990,45.1569,44.9832,45.0314,1221400
2012-12-26,45.1358,45.2037,45.0338,45.1406,2257200
2012-12-27,45.1600,45.2328,45.0824,45.2328,2332600
2012-12-28,45.1406,45.2522,45.0678,45.1115,2426100
2012-12-31,45.1212,45.3299,45.1018,45.3056,2918500
2013-01-02,45.6551,45.7327,45.5240,45.7327,3975200
2013-01-03,45.6599,45.7618,45.5629,45.5920,3950700
2013-01-04,45.6114,45.6599,45.5386,45.6211,2968000
2013-01-07,45.6308,45.6648,45.5386,45.6599,4137300
2013-01-08,45.6696,45.6793,45.5871,45.6259,2179100
2013-01-09,45.7376,45.7376,45.6260,45.7133,2183900
2013-01-10,45.7812,45.8055,45.7181,45.7909,1684300
2013-01-11,45.7667,45.8735,45.7230,45.8735,1982600
2013-01-14,45.8395,45.8492,45.7279,45.8104,2182400
2013-01-15,45.7279,45.8249,45.7036,45.8201,2136000
2013-01-16,45.7570,45.8152,45.7036,45.7424,3272700
2013-01-17,45.8249,45.9171,45.7715,45.9074,6058900
2013-01-18,45.8831,45.9705,45.8540,45.9705,2836800
2013-01-22,45.9366,46.0434,45.8832,45.9997,2295200
2013-01-23,45.9657,46.0045,45.9365,45.9463,2227900
2013-01-24,45.9948,46.0725,45.9560,46.0482,3175400
2013-01-25,46.0919,46.0919,45.9996,46.0336,2525100
2013-01-28,45.9948,46.0287,45.9560,46.0093,2331000
2013-01-29,45.9657,45.9851,45.8832,45.9317,1514300
2013-01-30,45.8395,45.8686,45.5677,45.6017,6595600
2013-01-31,45.5871,45.6745,45.4367,45.4609,5963700
2013-02-01,45.6410,45.7483,45.6019,45.6117,5713000
2013-02-04,45.5190,45.5726,45.3823,45.4214,3878000
2013-02-05,45.4946,45.5727,45.4751,45.5239,2590900
2013-02-06,45.4556,45.5190,45.4068,45.4556,2850500
2013-02-07,45.4311,45.4409,45.2848,45.3677,4071400
2013-02-08,45.3385,45.4263,45.3336,45.3775,3220400
2013-02-11,45.3239,45.4166,45.3092,45.3726,3146100
2013-02-12,45.3385,45.5532,45.3336,45.5288,3490600
2013-02-13,45.5825,45.6117,45.4605,45.5971,3672200
2013-02-14,45.4995,45.6458,45.4995,45.5775,2731800
2013-02-15,45.6019,45.6995,45.5043,45.5824,2483000
2013-02-19,45.6215,45.6654,45.5775,45.6263,3074300
2013-02-20,45.6605,45.7288,45.5727,45.5824,3830300
2013-02-21,45.5824,45.6654,45.5239,45.6312,7185300
2013-02-22,45.6849,45.7435,45.6263,45.7435,3367000
2013-02-25,45.7581,45.8313,45.5971,45.6020,5259300
2013-02-26,45.6898,45.8264,45.6068,45.8264,4075600
2013-02-27,45.7922,45.9386,45.7434,45.9045,3681600
2013-02-28,45.8996,45.9288,45.8361,45.8849,3822000
2013-03-01,45.8633,46.1086,45.8584,45.9762,4833200
2013-03-04,45.9419,46.0154,45.9222,45.9811,2222500
2013-03-05,46.0105,46.1233,46.0105,46.0743,3733400
2013-03-06,46.1283,46.1430,46.0351,46.0449,2118000
2013-03-07,46.0890,46.1136,46.0645,46.1136,2124900
2013-03-08,46.1969,46.2067,46.0743,46.1675,2464100
2013-03-11,46.1528,46.1871,46.1136,46.1381,2782800
2013-03-12,46.1086,46.1626,46.0939,46.1185,1526200
2013-03-13,46.1626,46.1969,46.0890,46.1282,1431200
2013-03-14,46.1970,46.3049,46.1479,46.3049,2954100
2013-03-15,46.2362,46.3098,46.2117,46.3000,2024300
2013-03-18,46.1136,46.3392,46.1136,46.3098,3000600
2013-03-19,46.3343,46.3736,46.2166,46.2313,3742800
2013-03-20,46.2755,46.4079,46.2706,46.3834,2553200
2013-03-21,46.2951,46.3883,46.2215,46.3000,3532400
2013-03-22,46.3000,46.3392,46.2362,46.2656,2201500
2013-03-25,46.2607,46.3294,46.1871,46.1969,2131700
2013-03-26,46.3049,46.3098,46.2362,46.2803,1169400
2013-03-27,46.2067,46.2558,46.1969,46.2018,2195100
2013-03-28,46.2313,46.2999,46.1920,46.2852,1959100
2013-04-01,46.2694,46.3976,46.1807,46.3681,3823000
2013-04-02,46.3287,46.4421,46.3139,46.3336,2528700
2013-04-03,46.3484,46.3780,46.2448,46.3336,2773100
2013-04-04,46.3138,46.4272,46.2892,46.3188,3040600
2013-04-05,46.2399,46.3632,46.1955,46.3632,2243800
2013-04-08,46.3878,46.4273,46.3286,46.4125,2346800
2013-04-09,46.4519,46.5604,46.4125,46.5604,2985400
2013-04-10,46.5259,46.7281,46.5259,46.7083,2932600
2013-04-11,46.7231,46.7429,46.6689,46.7083,2676200
2013-04-12,46.6689,46.7527,46.6245,46.7231,2040900
2013-04-15,46.7232,46.7232,46.4174,46.4273,3910600
2013-04-16,46.5555,46.7527,46.5111,46.7478,4138300
2013-04-17,46.6541,46.6837,46.5505,46.6738,5778600
2013-04-18,46.6541,46.6837,46.5801,46.5999,2476900
2013-04-19,46.6492,46.6788,46.5653,46.5752,2474800
2013-04-22,46.6936,46.7922,46.6147,46.6837,3641900
2013-04-23,46.7330,46.8711,46.7330,46.8661,2217400
2013-04-24,46.8908,46.9746,46.8514,46.9500,3872600
2013-04-25,46.9549,47.1028,46.9155,47.0782,2453100
2013-04-26,47.0733,47.0831,47.0092,47.0289,2679000
2013-04-29,47.0387,47.1374,47.0338,47.1176,1785300
2013-04-30,47.1571,47.2656,47.1176,47.2656,2953100
2013-05-01,47.2448,47.3538,47.1655,47.1754,4812400
2013-05-02,47.3240,47.4876,47.2596,47.4777,3368200
2013-05-03,47.5569,47.6362,47.5024,47.5520,2407400
2013-05-06,47.5322,47.6016,47.5124,47.5817,1458700
2013-05-07,47.6313,47.6461,47.5322,47.5470,2590900
2013-05-08,47.5817,47.7205,47.5817,47.7155,3801200
2013-05-09,47.6709,47.7155,47.5718,47.5768,1644900
2013-05-10,47.5966,47.5966,47.3042,47.3290,4654400
2013-05-13,47.2794,47.3240,47.1308,47.1357,2710000
2013-05-14,47.1754,47.3043,47.1308,47.1853,4473900
2013-05-15,47.1853,47.2447,47.1209,47.1902,3179800
2013-05-16,47.2200,47.3934,47.1655,47.3042,6036800
2013-05-17,47.3736,47.3884,47.2447,47.3042,4313300
2013-05-20,47.3042,47.3934,47.2547,47.3538,2086200
2013-05-21,47.3538,47.4628,47.3439,47.4430,4666500
2013-05-22,47.4331,47.5123,47.1258,47.1506,5243800
2013-05-23,47.0763,47.0862,46.9227,47.0218,3294400
2013-05-24,46.9524,46.9722,46.9127,46.9326,3420400
2013-05-28,47.0911,47.0911,46.7343,46.7591,3486700
2013-05-29,46.6006,46.7096,46.3577,46.5708,10958100
2013-05-30,46.5807,46.7591,46.4271,46.6650,5462100
2013-05-31,46.5659,46.6353,46.0356,46.0456,6809400
2013-06-03,46.0152,46.0849,45.7263,46.0052,14320900
2013-06-04,46.0749,46.3489,45.9205,46.0052,7927000
2013-06-05,45.9205,45.9454,45.5469,45.6067,10309200
2013-06-06,45.5271,46.1198,45.4872,45.9654,11849800
2013-06-07,46.0451,46.3091,45.9255,45.9952,8879800
2013-06-10,45.9952,46.1197,45.8657,45.9006,7678000
2013-06-11,45.6167,45.9454,45.4722,45.6167,9065200
2013-06-12,45.7910,45.8857,45.6416,45.6516,9193300
2013-06-13,45.6516,46.2344,45.6516,46.1746,7526400
2013-06-14,46.2144,46.2941,46.0998,46.2294,3909200
2013-06-17,46.2891,46.5481,46.2244,46.2244,3830700
2013-06-18,46.2044,46.3788,46.2044,46.3389,3609700
2013-06-19,46.2991,46.4585,45.6366,45.6466,7971700
2013-06-20,45.3726,45.6167,44.9691,45.1983,11094000
2013-06-21,45.3328,45.3826,44.8894,44.9044,9245400
2013-06-24,44.5557,44.8297,43.9680,44.3515,12116100
2013-06-25,44.5806,44.9841,44.5806,44.9841,6233300
2013-06-26,45.1783,45.4174,45.1136,45.3576,5527200
2013-06-27,45.5270,45.7960,45.5270,45.5769,5578600
2013-06-28,45.4772,45.4872,45.0638,45.2680,6112000
2013-07-01,45.3532,45.5635,45.3181,45.5134,5213400
2013-07-02,45.4633,45.5935,45.2430,45.3732,3799800
2013-07-03,45.2129,45.4984,45.2079,45.4783,1679600
2013-07-05,45.2630,45.2880,44.8824,44.9926,3312600
2013-07-08,45.1128,45.6135,45.0677,45.6135,5638400
2013-07-09,45.6185,45.6636,45.5034,45.6386,6127700
2013-07-10,45.6586,45.8389,45.6085,45.8188,6529900
2013-07-11,46.1594,46.4047,46.0692,46.3947,5865400
2013-07-12,46.2745,46.4047,46.1944,46.3496,5788300
2013-07-15,46.4047,46.6150,46.3497,46.5449,6791500
2013-07-16,46.6150,46.6150,46.3046,46.4297,3292100
2013-07-17,46.5850,46.8304,46.5700,46.7703,8660500
2013-07-18,46.8203,47.0707,46.7903,47.0507,6825000
2013-07-19,47.0457,47.0557,46.9555,47.0206,2603100
2013-07-22,47.0357,47.0758,46.9456,47.0557,3888200
2013-07-23,47.0156,47.0607,46.9055,46.9405,2483700
2013-07-24,46.8404,46.8905,46.3997,46.5449,5249800
2013-07-25,46.3246,46.5099,46.2896,46.4398,5995400
2013-07-26,46.3096,46.4598,46.2645,46.4598,4213600
2013-07-29,46.3697,46.4348,46.2795,46.3596,3850100
2013-07-30,46.3295,46.5048,46.3295,46.4247,4239400
2013-07-31,46.3146,46.5749,46.2094,46.5599,4076500
2013-08-01,46.5061,46.5917,46.0985,46.1186,4616600
2013-08-02,46.2746,46.4256,46.1991,46.4004,4309400
2013-08-05,46.3853,46.3853,46.1438,46.1639,2231000
2013-08-06,46.2595,46.2595,45.9727,46.1186,3398800
2013-08-07,46.0180,46.0633,45.9375,45.9727,2253300
2013-08-08,46.0029,46.0885,45.9828,46.0734,2857100
2013-08-09,46.0079,46.1287,45.8520,46.0784,1765600
2013-08-12,46.0130,46.1538,46.0029,46.0381,3840800
2013-08-13,46.0331,46.0784,45.9425,46.0381,2290500
2013-08-14,46.0080,46.0381,45.9224,45.9476,4605800
2013-08-15,45.7915,45.8368,45.6657,45.7110,6446100
2013-08-16,45.7765,45.8419,45.4997,45.5550,6922400
2013-08-19,45.5752,45.6054,45.1877,45.2531,6536300
2013-08-20,45.4393,45.7211,45.4292,45.6708,4208300
2013-08-21,45.6255,45.6809,45.4745,45.5047,3098100
2013-08-22,45.5752,45.7513,45.5349,45.7513,4049900
2013-08-23,45.7412,45.9727,45.7161,45.9425,3370400
2013-08-26,45.9526,45.9878,45.8570,45.9476,2365400
2013-08-27,45.8167,45.8570,45.6456,45.6507,3578500
2013-08-28,45.6708,45.8368,45.6204,45.8217,3860600
2013-08-29,45.7463,46.0431,45.7010,46.0079,4012900
2013-08-30,46.0281,46.0884,45.8872,45.9677,2486900
2013-09-03,46.0031,46.1245,45.6844,45.7249,9986800
2013-09-04,45.7957,45.9525,45.7856,45.8969,3507400
2013-09-05,45.8159,45.8564,45.6641,45.6641,3622300
2013-09-06,45.9272,46.0840,45.7400,45.8159,4713800
2013-09-09,45.8969,46.0335,45.8868,45.9323,4227400
2013-09-10,45.9727,46.0992,45.9677,46.0941,5287100
2013-09-11,46.0284,46.1650,45.9829,46.1549,3514200
2013-09-12,46.1296,46.1903,46.0840,46.0992,3594500
2013-09-13,46.1548,46.1953,46.0233,46.0638,2789300
2013-09-16,46.3926,46.4432,46.2611,46.3167,4331300
2013-09-17,46.3724,46.5292,46.3420,46.4685,5978600
2013-09-18,46.4584,46.9845,46.3926,46.9136,7476300
2013-09-19,47.0401,47.0401,46.7417,46.7771,5821100
2013-09-20,46.7619,46.7872,46.6809,46.7214,4033900
2013-09-23,46.7163,46.7720,46.6506,46.7163,6564600
2013-09-24,46.6759,46.7467,46.5697,46.6152,7947700
2013-09-25,46.6101,46.6708,46.5140,46.5342,3535700
2013-09-26,46.5950,46.6051,46.4230,46.5090,4751200
2013-09-27,46.4735,46.5090,46.3420,46.4584,6779700
2013-09-30,46.3319,46.5140,46.2864,46.3268,6248900
2013-10-01,46.3395,46.5378,46.2887,46.5276,5743900
2013-10-02,46.4920,46.5480,46.3853,46.5480,2765700
2013-10-03,46.5886,46.6090,46.4768,46.5785,3169700
2013-10-04,46.5632,46.7004,46.5327,46.6598,2048300
2013-10-07,46.4920,46.6445,46.4920,46.5378,2391700
2013-10-08,46.6395,46.6954,46.5073,46.5175,2944700
2013-10-09,46.6547,46.6547,46.5175,46.5581,2973700
2013-10-10,46.6750,46.8174,46.6750,46.7716,2899500
2013-10-11,46.8478,46.8885,46.7716,46.8580,3293900
2013-10-14,46.7665,46.9750,46.7665,46.9292,1003900
2013-10-15,46.9699,46.9699,46.7920,46.9140,2310100
2013-10-16,46.9343,47.1681,46.9292,47.1631,6949700
2013-10-17,47.1478,47.4020,47.1376,47.3918,7277900
2013-10-18,47.4172,47.5290,47.4019,47.4884,2873800
2013-10-21,47.5036,47.5087,47.3816,47.3816,2471400
2013-10-22,47.4680,47.5849,47.4579,47.5239,5488400
2013-10-23,47.5646,47.5748,47.4375,47.5646,2434200
2013-10-24,47.5799,47.6256,47.5087,47.5799,2284400
2013-10-25,47.6002,47.6307,47.5545,47.5951,2026000
2013-10-28,47.6053,47.6307,47.5697,47.5850,1697900
2013-10-29,47.5748,47.6765,47.5646,47.6612,1864600
2013-10-30,47.6612,47.6968,47.4325,47.4681,3691100
2013-10-31,47.4985,47.5494,47.3867,47.4935,5846500
2013-11-01,47.5037,47.6365,47.4015,47.4117,7882000
2013-11-04,47.5445,47.5445,47.4679,47.4934,2025500
2013-11-05,47.4628,47.4628,47.3658,47.3658,2770300
2013-11-06,47.4475,47.5088,47.4117,47.5037,4936700
2013-11-07,47.5548,47.5752,47.4628,47.5343,4802700
2013-11-08,47.3453,47.4832,47.3300,47.4526,4191100
2013-11-11,47.4730,47.4730,47.2636,47.2738,1607600
2013-11-12,47.2789,47.2942,47.1819,47.2074,2148900
2013-11-13,47.1819,47.3913,47.1563,47.3862,2795100
2013-11-14,47.3760,47.5292,47.3249,47.5241,4216800
2013-11-15,47.5343,47.5956,47.4833,47.5956,2990600
2013-11-18,47.6211,47.6314,47.4168,47.4577,3694600
2013-11-19,47.4424,47.5088,47.3964,47.4373,1415800
2013-11-20,47.4168,47.5394,47.3351,47.3913,2470600
2013-11-21,47.4169,47.5548,47.3811,47.5548,1895800
2013-11-22,47.5343,47.6058,47.4986,47.5905,1649200
2013-11-25,47.6058,47.6773,47.5343,47.6620,2813900
2013-11-26,47.6161,47.7233,47.5803,47.6978,2835300
2013-11-27,47.8306,47.8306,47.6569,47.6671,1845300
2013-11-29,47.6722,47.7335,47.6620,47.7182,958700
2013-12-02,47.6771,47.7490,47.6566,47.7336,5748100
2013-12-03,47.6618,47.7336,47.6104,47.6874,2710300
2013-12-04,47.6053,47.6669,47.4975,47.5642,3076100
2013-12-05,47.5642,47.6104,47.4975,47.5283,5354700
2013-12-06,47.6463,47.7233,47.5540,47.6617,2487900
2013-12-09,47.7593,47.8619,47.6823,47.8363,4313000
2013-12-10,47.8363,47.8568,47.7798,47.8363,1473200
2013-12-11,47.8363,47.8363,47.6259,47.6926,3586600
2013-12-12,47.6977,47.7387,47.6053,47.6053,4268800
2013-12-13,47.6618,47.7182,47.6258,47.6823,3523200
2013-12-16,47.6669,47.7541,47.6669,47.7233,3108500
2013-12-17,47.7747,47.7747,47.6720,47.7285,2799900
2013-12-18,47.7336,47.8773,47.6053,47.8106,4893500
2013-12-19,47.7336,47.7798,47.6874,47.7593,5775500
2013-12-20,47.7593,47.7901,47.6977,47.7901,12743900
2013-12-23,47.7798,47.9030,47.7388,47.8260,5525100
2013-12-24,47.7849,47.8414,47.7849,47.8003,1281600
2013-12-26,47.7730,47.8555,47.7730,47.8452,1577400
2013-12-27,47.8607,47.8607,47.7936,47.8400,1357300
2013-12-30,47.8555,47.9071,47.8039,47.8813,1888600
2013-12-31,47.8968,47.9536,47.8555,47.9123,2413400
2014-01-02,47.9020,48.0000,47.8246,47.9948,7412500
2014-01-03,47.9690,48.0309,47.9432,47.9793,1903300
2014-01-06,48.0515,48.0928,48.0051,48.0825,2622700
2014-01-07,48.0928,48.1341,48.0567,48.0825,3953000
2014-01-08,48.0825,48.1238,48.0361,48.0515,4540500
2014-01-09,48.1031,48.1289,48.0722,48.1237,3036600
2014-01-10,48.1857,48.2682,48.1547,48.2682,2423900
2014-01-13,48.2579,48.2888,48.1857,48.2166,4716600
2014-01-14,48.2218,48.3249,48.2218,48.2888,2636100
2014-01-15,48.3353,48.3869,48.2889,48.3869,1797400
2014-01-16,48.3817,48.4023,48.3507,48.3662,1269800
2014-01-17,48.4023,48.4333,48.3456,48.3765,2192300
2014-01-21,48.4384,48.4642,48.3972,48.4384,2056000
2014-01-22,48.4539,48.4591,48.3507,48.3662,3235400
2014-01-23,48.3765,48.3920,48.2733,48.3043,4989500
2014-01-24,48.2115,48.2166,47.9690,47.9845,7575400
2014-01-27,48.0515,48.0876,47.9484,47.9690,5482900
2014-01-28,48.0309,48.2218,47.9948,48.1805,5393600
2014-01-29,48.1032,48.1083,48.0258,48.0361,5781700
2014-01-30,48.1289,48.1960,48.0825,48.1186,3940200
2014-01-31,48.0412,48.1650,48.0361,48.1031,7756900
2014-02-03,48.2234,48.2234,47.8502,47.9590,16150600
2014-02-04,48.0834,48.1094,47.9953,48.0160,5246900
2014-02-05,48.0160,48.0575,47.9694,48.0160,3893000
2014-02-06,48.0990,48.1975,48.0368,48.1871,3426100
2014-02-07,48.2441,48.4308,48.2441,48.4308,5193300
2014-02-10,48.4308,48.4930,48.3738,48.4619,5199700
2014-02-11,48.4878,48.6018,48.4411,48.5448,3950800
2014-02-12,48.5604,48.5863,48.4515,48.4671,2432100
2014-02-13,48.4412,48.6174,48.4412,48.6070,3078400
2014-02-14,48.5759,48.7055,48.5707,48.6848,2158700
2014-02-18,48.6381,48.7781,48.6381,48.7522,3734700
2014-02-19,48.7884,48.8299,48.6174,48.6277,7273600
2014-02-20,48.6744,48.7781,48.6641,48.7781,3756900
2014-02-21,48.7833,48.8507,48.7833,48.8196,2574600
2014-02-24,48.8611,48.9596,48.8611,48.9284,3531600
2014-02-25,48.9388,49.0011,48.9285,48.9855,2979500
2014-02-26,49.0269,49.0684,48.9907,49.0684,2722100
2014-02-27,49.0684,49.1669,49.0684,49.1617,4377300
2014-02-28,49.1566,49.2603,49.1047,49.2136,3919300
2014-03-03,49.1630,49.2308,49.0276,49.1682,9488700
2014-03-04,49.2881,49.3610,49.2204,49.3454,9313600
2014-03-05,49.3297,49.3350,49.2308,49.2568,4531600
2014-03-06,49.2985,49.3193,49.1630,49.1839,4075500
2014-03-07,49.1318,49.1683,48.9755,48.9963,4552000
2014-03-10,48.9911,49.0172,48.9286,49.0016,1908200
2014-03-11,49.0432,49.0537,48.9391,48.9495,1618500
2014-03-12,48.9599,49.0433,48.9547,49.0328,2595000
2014-03-13,49.0641,49.0641,48.8817,48.9026,4829700
2014-03-14,48.9130,48.9755,48.8348,48.8661,4088200
2014-03-17,48.9234,48.9755,48.8922,48.9338,2943100
2014-03-18,48.9859,49.0901,48.9338,49.0797,2903500
2014-03-19,49.0693,49.1214,48.7307,48.8296,9983600
2014-03-20,48.9182,49.0068,48.7984,48.9963,4872300
2014-03-21,48.9755,49.0536,48.9495,48.9651,6106500
2014-03-24,49.0745,49.0745,48.9494,48.9807,5986100
2014-03-25,49.0172,49.1214,49.0172,49.0797,3468800
2014-03-26,49.1526,49.1526,49.0537,49.0901,3887200
2014-03-27,49.0589,49.0953,49.0068,49.0172,2255400
2014-03-28,49.0901,49.1526,49.0589,49.1005,2732600
2014-03-31,49.2047,49.2256,49.1474,49.1735,2641400
2014-04-01,49.2285,49.2651,49.1866,49.2651,4514900
2014-04-02,49.2755,49.2755,49.1918,49.2127,2285900
2014-04-03,49.2546,49.2808,49.2232,49.2337,2812400
2014-04-04,49.2965,49.3907,49.2808,49.3489,4555000
2014-04-07,49.3436,49.3593,49.2389,49.2441,1520900
2014-04-08,49.2807,49.3593,49.2441,49.3593,2804400
2014-04-09,49.3593,49.4431,49.3070,49.4378,4383400
2014-04-10,49.4640,49.4640,49.2965,49.2965,3226900
2014-04-11,49.3174,49.3174,49.0819,49.0871,7228500
2014-04-14,49.1185,49.2755,49.1185,49.2441,3355800
2014-04-15,49.3174,49.3174,49.2023,49.2965,3104900
2014-04-16,49.3174,49.3331,49.2546,49.3227,3450100
2014-04-17,49.2965,49.3331,49.2546,49.2651,2443800
2014-04-21,49.3279,49.3488,49.2546,49.2651,1682200
2014-04-22,49.3331,49.3436,49.2651,49.3174,2442800
2014-04-23,49.3279,49.4326,49.3069,49.3331,1591300
2014-04-24,49.3331,49.4116,49.2808,49.3436,1021700
2014-04-25,49.3645,49.3698,49.2860,49.3279,1195400
2014-04-28,49.3384,49.3593,49.2703,49.3174,1903900
2014-04-29,49.3907,49.4011,49.3017,49.3907,1775300
2014-04-30,49.3907,49.4221,49.3070,49.3802,4393100
2014-05-01,49.4292,49.4502,49.3293,49.3293,7322200
2014-05-02,49.4449,49.4449,49.3345,49.4449,2146000
2014-05-05,49.3029,49.4659,49.2924,49.4239,3541300
2014-05-06,49.5027,49.5027,49.4133,49.4344,2567800
2014-05-07,49.4712,49.5605,49.4501,49.5080,1578600
2014-05-08,49.5658,49.5868,49.4712,49.4975,4522400
2014-05-09,49.5080,49.5816,49.4975,49.5448,1736600
2014-05-12,49.6237,49.6237,49.5396,49.5974,1123000
2014-05-13,49.5658,49.7499,49.5553,49.6762,1933600
2014-05-14,49.6342,49.7341,49.6289,49.7025,1721400
2014-05-15,49.7393,49.7393,49.6026,49.6552,4240700
2014-05-16,49.6868,49.7656,49.6237,49.7551,3185000
2014-05-19,49.7393,49.8708,49.6920,49.8287,7351000
2014-05-20,49.8287,49.8340,49.7604,49.7656,4217800
2014-05-21,49.8077,49.8287,49.6868,49.7604,2925900
2014-05-22,49.7709,49.8077,49.7341,49.7972,1950900
2014-05-23,49.7709,49.8655,49.7709,49.8130,2289100
2014-05-27,49.8287,49.8708,49.8024,49.8602,4384700
2014-05-28,49.8708,49.8971,49.8497,49.8760,3904400
2014-05-29,49.8971,49.9497,49.8655,49.9234,4734800
2014-05-30,49.9391,49.9865,49.9128,49.9759,4445800
2014-06-02,50.0441,50.0441,49.8117,49.8170,5722500
2014-06-03,49.8645,49.8751,49.8117,49.8223,2978300
2014-06-04,49.8117,49.8592,49.7853,49.8223,2527200
2014-06-05,49.8698,49.9596,49.8223,49.9437,2034100
2014-06-06,49.9648,50.1286,49.9595,50.0863,3059100
2014-06-09,50.1603,50.1656,50.0599,50.1444,2906800
2014-06-10,50.0494,50.1761,50.0494,50.1180,2091000
2014-06-11,50.1127,50.1339,50.0599,50.1233,1699500
2014-06-12,50.0758,50.1392,50.0758,50.0916,1354000
2014-06-13,50.1656,50.1656,50.0863,50.1497,1276500
2014-06-16,50.1339,50.1761,50.1180,50.1233,1869500
2014-06-17,50.1180,50.1761,50.0599,50.0863,7251700
2014-06-18,50.0916,50.3399,50.0916,50.3135,4284800
2014-06-19,50.3187,50.3398,50.2553,50.3029,2882500
2014-06-20,50.3134,50.3874,50.3029,50.3504,2372300
2014-06-23,50.3557,50.4032,50.3293,50.3451,1551000
2014-06-24,50.3187,50.3927,50.3029,50.3029,1839300
2014-06-25,50.3346,50.3874,50.3082,50.3768,2385000
2014-06-26,50.3557,50.3821,50.2817,50.3240,1806400
2014-06-27,50.3398,50.3504,50.2765,50.3240,1702700
2014-06-30,50.2342,50.3451,50.2342,50.2817,2647600
2014-07-01,50.3587,50.4118,50.2791,50.2950,3472700
2014-07-02,50.3268,50.3958,50.2950,50.3268,2819400
2014-07-03,50.3216,50.3481,50.2367,50.2526,2776100
2014-07-07,50.2367,50.2897,50.2102,50.2155,1941300
2014-07-08,50.2579,50.2791,50.2154,50.2260,2035300
2014-07-09,50.2632,50.2897,50.1730,50.1889,3945400
2014-07-10,50.1518,50.1518,50.0192,50.0351,6011600
2014-07-11,50.0404,50.1465,50.0404,50.1199,2071400
2014-07-14,50.2897,50.2897,50.0988,50.1041,2632700
2014-07-15,50.1094,50.1359,50.0192,50.0245,2888400
2014-07-16,50.0828,50.0828,49.9343,49.9449,4264900
2014-07-17,49.9237,49.9396,49.5895,49.5948,5767800
2014-07-18,49.7433,49.8547,49.6797,49.8017,1994800
2014-07-21,49.7857,49.8017,49.6690,49.7168,3111700
2014-07-22,49.7433,49.8653,49.7380,49.7857,3707100
2014-07-23,49.8441,49.9078,49.8282,49.8812,1995900
2014-07-24,49.9025,50.0192,49.8600,49.9714,3089100
2014-07-25,49.9608,49.9873,49.8706,49.8865,3072300
2014-07-28,49.8706,49.8865,49.7274,49.7380,5355100
2014-07-29,49.7698,49.8653,49.6584,49.6690,3877100
2014-07-30,49.7221,49.7433,49.3879,49.4622,5415100
2014-07-31,49.2447,49.3189,49.0378,49.0590,7460000
2014-08-01,49.0649,49.2194,48.6705,49.0542,10942000
2014-08-04,49.0649,49.3686,49.0489,49.3527,7020400
2014-08-05,49.3580,49.3687,49.1821,49.2567,3612500
2014-08-06,49.2354,49.4219,49.2194,49.3740,4167700
2014-08-07,49.4006,49.5392,49.3900,49.4059,3833900
2014-08-08,49.2993,49.5978,49.2993,49.5605,3426300
2014-08-11,49.6298,49.8270,49.5605,49.7950,6908300
2014-08-12,49.8163,49.8643,49.7364,49.7844,4231700
2014-08-13,49.9123,49.9389,49.8110,49.9283,4960200
2014-08-14,49.9496,50.0775,49.9442,50.0242,4246600
2014-08-15,50.1095,50.1574,50.0295,50.1255,6051300
2014-08-18,50.1361,50.2800,50.1041,50.2694,5112800
2014-08-19,50.2960,50.3013,50.2267,50.2534,2747200
2014-08-20,50.2694,50.3546,50.1894,50.2907,2470000
2014-08-21,50.2907,50.3440,50.2800,50.2907,1869100
2014-08-22,50.2853,50.3173,50.1468,50.1681,3065500
2014-08-25,50.2374,50.3013,50.1414,50.2747,1958000
2014-08-26,50.2747,50.3493,50.2640,50.3120,1562400
2014-08-27,50.3493,50.3546,50.2587,50.2640,3685200
2014-08-28,50.2480,50.3067,50.1681,50.1894,1815400
2014-08-29,50.2267,50.2480,50.1628,50.2267,2046000
2014-09-02,50.2053,50.3178,50.1946,50.2856,4484800
2014-09-03,50.2856,50.2856,50.1517,50.1571,3200200
2014-09-04,50.1839,50.2053,49.9322,49.9911,4754500
2014-09-05,49.9965,50.0340,49.9269,49.9323,4752700
2014-09-08,49.9215,49.9804,49.8359,49.8840,2549200
2014-09-09,49.8680,49.8680,49.6378,49.6538,4647900
2014-09-10,49.6592,49.6967,49.5521,49.6753,3290600
2014-09-11,49.6217,49.7074,49.5682,49.6753,2822400
2014-09-12,49.6324,49.6860,49.5360,49.6164,5372500
2014-09-15,49.6592,49.6646,49.5093,49.5253,3592400
2014-09-16,49.4986,49.7181,49.4879,49.6271,5132200
2014-09-17,49.7234,49.8412,49.6645,49.7877,4399300
2014-09-18,49.7823,49.8359,49.7448,49.8037,3640300
2014-09-19,49.8466,49.8947,49.8037,49.8787,6000600
2014-09-22,49.8787,49.9215,49.7448,49.7877,4355300
2014-09-23,49.6806,49.7502,49.4932,49.5361,3573100
2014-09-24,49.5253,49.5253,49.2898,49.3861,6342700
2014-09-25,49.3111,49.3111,48.9899,49.0488,7348000
2014-09-26,48.8400,49.1131,48.6955,49.0167,11842500
2014-09-29,48.7437,48.9203,48.6633,48.9150,6289400
2014-09-30,49.0649,49.2737,49.0167,49.2308,6905400
2014-10-01,49.3336,49.4142,49.2099,49.2852,9996600
2014-10-02,49.2636,49.4034,49.1453,49.3819,6197300
2014-10-03,49.5218,49.6992,49.4519,49.5486,6371600
2014-10-06,49.6293,49.7046,49.5433,49.6024,4213800
2014-10-07,49.5379,49.5809,49.3658,49.4142,4994200
2014-10-08,49.4034,49.6723,49.3228,49.6508,7589400
2014-10-09,49.5487,49.5917,49.0755,49.1239,7177500
2014-10-10,49.0271,49.0970,48.6668,48.7260,14239800
2014-10-13,48.6883,48.9088,48.4732,48.4840,7908500
2014-10-14,48.6614,48.8066,48.5109,48.6453,11695300
2014-10-15,48.5055,48.6560,47.9678,48.6560,11711300
2014-10-16,48.3872,48.9841,48.3119,48.9303,12623100
2014-10-17,49.3282,49.5970,49.1454,49.3443,13575900
2014-10-20,49.3766,49.7369,49.3228,49.6992,7331400
2014-10-21,49.8013,50.1132,49.8013,50.1024,7453700
2014-10-22,50.0917,50.1132,49.7100,49.7745,8363900
2014-10-23,49.9358,51.0381,49.7422,49.7530,9482300
2014-10-24,49.7100,49.9627,49.7100,49.8928,5764300
2014-10-27,49.8605,49.8713,49.6508,49.6884,4911400
2014-10-28,49.7583,49.8497,49.6723,49.7691,6024200
2014-10-29,49.8067,49.8336,49.5809,49.7315,5320700
2014-10-30,49.7368,51.0542,49.6777,49.7100,3341700
2014-10-31,49.9035,49.9035,49.7368,49.7530,5065400
2014-11-03,49.8037,49.9603,49.7821,49.8577,4936200
2014-11-04,49.8415,49.8415,49.6633,49.7011,5886200
2014-11-05,49.7713,49.7821,49.6363,49.6903,4399300
2014-11-06,49.7281,49.8307,49.7227,49.8199,3747700
2014-11-07,49.8199,49.8901,49.7605,49.8685,3456300
2014-11-10,49.8524,49.9118,49.8416,49.8902,2680400
2014-11-11,49.8901,50.0198,49.8199,50.0035,2730700
2014-11-12,49.9442,49.9604,49.8253,49.8415,3218900
2014-11-13,49.8901,49.8901,49.5769,49.6363,5081300
2014-11-14,49.5823,49.6525,49.3663,49.3879,7868000
2014-11-17,49.4257,49.5067,49.3339,49.3825,5213700
2014-11-18,49.3663,49.4473,49.2799,49.2853,5227200
2014-11-19,49.1989,49.2853,49.0693,49.2745,7733300
2014-11-20,49.1449,49.3069,49.1017,49.2799,3274300
2014-11-21,49.4797,49.6903,49.4311,49.5499,7983000
2014-11-24,49.6147,49.6525,49.4851,49.5445,4569100
2014-11-25,49.5229,49.6579,49.5013,49.6255,4878500
2014-11-26,49.6579,49.7551,49.6309,49.6903,3055800
2014-11-28,49.4635,49.4959,49.1665,49.2151,5290500
2014-12-01,49.1917,49.1917,48.6872,48.7197,12432400
2014-12-02,48.8554,49.0019,48.7577,48.9856,6821200
2014-12-03,49.0019,49.1049,48.9368,49.0670,7627000
2014-12-04,49.0235,49.0995,48.9910,49.0344,4581600
2014-12-05,48.9693,49.0398,48.8499,48.9964,5237400
2014-12-08,48.8988,48.9368,48.6655,48.7469,6770800
2014-12-09,48.4539,48.7631,48.4105,48.7197,9702100
2014-12-10,48.4864,48.5570,47.9710,48.1609,15409400
2014-12-11,48.0796,48.2369,47.6998,47.9873,12053000
2014-12-12,47.6347,47.7106,47.2549,47.3363,11563300
2014-12-15,47.4394,47.5262,46.9077,47.3092,14114000
2014-12-16,46.8968,47.5587,46.7232,47.1410,14875500
2014-12-17,47.1789,48.2748,47.1409,48.1012,16864000
2014-12-18,48.8282,48.9964,48.1338,48.4864,16638700
2014-12-19,48.6221,48.9964,48.5678,48.9530,9952800
2014-12-22,48.9096,48.9910,48.6655,48.8337,6622400
2014-12-23,48.9585,49.0507,48.8011,49.0073,5314400
2014-12-24,49.0269,49.2013,48.9942,49.1740,2285700
2014-12-26,49.2285,49.3103,48.9833,49.0215,1815500
2014-12-29,49.0487,49.1685,48.8907,49.0487,4717100
2014-12-30,48.9125,49.0160,48.8525,48.9506,3624300
2014-12-31,48.9724,49.0378,48.7327,48.8199,4185400
2015-01-02,48.8689,48.9997,48.7599,48.8199,3271900
2015-01-05,48.5474,48.6237,48.3022,48.3676,7523100
2015-01-06,48.2750,48.4711,48.1333,48.1824,9489700
2015-01-07,48.5584,48.6455,48.4221,48.4821,8353100
2015-01-08,48.6618,48.9452,48.4820,48.8471,8388600
2015-01-09,48.8852,49.1141,48.6945,49.0923,6766700
2015-01-12,49.1304,49.1304,48.8417,49.0324,8698500
2015-01-13,49.0378,49.1631,48.7872,49.0324,7738700
2015-01-14,48.7708,48.9506,48.6837,48.9179,7415500
2015-01-15,49.0269,49.0269,48.6073,48.6182,7061300
2015-01-16,48.6782,48.8743,48.6727,48.8035,7685500
2015-01-20,48.9506,48.9506,48.6346,48.7163,5915300
2015-01-21,48.6891,48.9888,48.6564,48.9779,6110700
2015-01-22,49.0487,49.1304,48.9179,49.0432,6940100
2015-01-23,49.0432,49.1141,48.9997,49.0432,5134500
2015-01-26,49.0759,49.3048,48.9996,49.2666,8252300
2015-01-27,49.0814,49.2721,49.0432,49.2285,8771100
2015-01-28,49.2612,49.3102,49.0432,49.1249,5622400
2015-01-29,49.2231,49.3211,49.1195,49.2994,4923200
2015-01-30,49.2448,49.2993,49.1413,49.1631,6383000
2015-02-02,49.2534,49.3518,49.1713,49.3518,4120600
2015-02-03,49.4449,49.6910,49.4011,49.6309,11682400
2015-02-04,49.5871,49.5871,49.4011,49.4230,8333900
2015-02-05,49.5378,49.7184,49.4558,49.7129,10172500
2015-02-06,49.8223,49.8278,49.6637,49.7512,6076700
2015-02-09,49.7184,49.7786,49.6199,49.6309,4672800
2015-02-10,49.7293,49.8004,49.7239,49.8004,6846600
2015-02-11,49.7731,49.8004,49.6910,49.7840,5688000
2015-02-12,49.8606,49.8606,49.7512,49.7786,3185400
2015-02-13,49.7895,49.8880,49.7512,49.8497,4676600
2015-02-17,49.9153,49.9372,49.8005,49.8169,6624200
2015-02-18,49.8661,49.9974,49.8059,49.9865,4744400
2015-02-19,49.9317,49.9591,49.8606,49.8716,2964800
2015-02-20,49.8661,50.0138,49.8278,50.0083,5470600
2015-02-23,50.0302,50.0466,49.9318,50.0466,4165700
2015-02-24,50.0357,50.1123,49.9974,50.0959,3689300
2015-02-25,50.1287,50.2764,50.0959,50.2600,9048500
2015-02-26,50.2436,50.3147,50.1889,50.2491,7928200
2015-02-27,50.2764,50.3038,50.2272,50.2600,4521800
2015-03-02,50.3056,50.3276,50.1627,50.2506,6933000
2015-03-03,50.1737,50.2177,50.0638,50.1078,10032000
2015-03-04,50.0254,50.0858,49.9869,50.0144,7832800
2015-03-05,50.0913,50.1078,50.0199,50.1078,6412500
2015-03-06,49.9705,49.9814,49.7397,49.7891,9271900
2015-03-09,49.8496,49.8551,49.6573,49.6848,9607500
2015-03-10,49.6023,49.6353,49.3935,49.4924,12447300
2015-03-11,49.6408,49.7012,49.4870,49.6298,9214800
2015-03-12,49.7781,49.8001,49.6463,49.7287,4469900
2015-03-13,49.6463,49.6683,49.4320,49.5584,6184500
2015-03-16,49.5968,49.6353,49.4760,49.5089,4772600
2015-03-17,49.3826,49.4595,49.1683,49.2617,13059600
2015-03-18,49.2617,49.7067,49.1683,49.7012,11633900
2015-03-19,49.5419,49.6463,49.2727,49.3057,9226000
2015-03-20,49.5034,49.7122,49.4320,49.6902,9127300
2015-03-23,49.6847,49.7452,49.6188,49.7287,5459200
2015-03-24,49.7122,49.8441,49.6957,49.8056,6767200
2015-03-25,49.8386,49.9045,49.6683,49.6738,5364600
2015-03-26,49.7287,49.7397,49.5749,49.6683,4876400
2015-03-27,49.6627,49.7561,49.6408,49.7067,3822000
2015-03-30,49.7287,49.8826,49.7232,49.8441,4197700
2015-03-31,49.8276,49.9100,49.7562,49.7837,4498400
2015-04-01,49.8642,49.9084,49.7262,49.8863,9298200
2015-04-02,49.9249,49.9967,49.8642,49.9249,4774400
2015-04-06,49.8808,50.1181,49.8808,50.0519,5020700
2015-04-07,50.0960,50.3333,50.0519,50.3168,8659800
2015-04-08,50.3388,50.3885,50.2285,50.3057,7151900
2015-04-09,50.3278,50.3665,50.2230,50.2561,3415700
2015-04-10,50.2505,50.3775,50.2505,50.3720,3012700
2015-04-13,50.3720,50.3996,50.2671,50.2781,2866600
2015-04-14,50.2947,50.3334,50.1843,50.3002,2830000
2015-04-15,50.3554,50.5320,50.3389,50.4989,4438300
2015-04-16,50.4658,50.4658,50.3720,50.3940,5285400
2015-04-17,50.3554,50.3554,50.2229,50.2395,3901300
2015-04-20,50.3554,50.4326,50.2836,50.3499,3641000
2015-04-21,50.4879,50.4879,50.3554,50.3830,3730700
2015-04-22,50.4603,50.4658,50.3223,50.3333,4031100
2015-04-23,50.3664,50.4216,50.2671,50.3168,4755200
2015-04-24,50.3278,50.4106,50.3278,50.3996,4221400
2015-04-27,50.4713,50.4934,50.3720,50.4161,5049600
2015-04-28,50.3775,50.3941,50.3168,50.3389,4697400
2015-04-29,50.2229,50.3333,50.1788,50.2450,8152700
2015-04-30,50.2230,50.2671,50.1181,50.2174,11463800
2015-05-01,50.2574,50.3405,50.2296,50.3294,8053700
2015-05-04,50.4181,50.4292,50.2518,50.3183,6683700
2015-05-05,50.2740,50.3239,50.1631,50.2518,12736900
2015-05-06,50.2518,50.2740,50.0689,50.1021,13677500
2015-05-07,50.0578,50.2130,50.0412,50.0966,8676400
2015-05-08,50.3682,50.4902,50.3350,50.4902,10319600
2015-05-11,50.4514,50.4791,50.1576,50.1742,5499200
2015-05-12,50.0910,50.2962,50.0522,50.1686,6569200
2015-05-13,50.2352,50.3183,50.0744,50.0966,4349000
2015-05-14,50.2185,50.3738,50.2185,50.3405,5147100
2015-05-15,50.3904,50.4902,50.3405,50.4514,8939400
2015-05-18,50.4458,50.4458,50.3073,50.3682,2843700
2015-05-19,50.3793,50.3793,50.2463,50.2906,4743200
2015-05-20,50.2962,50.3682,50.2296,50.2296,2841700
2015-05-21,50.2241,50.3516,50.2241,50.3017,3709300
2015-05-22,50.2962,50.3627,50.2740,50.3405,3716900
2015-05-26,50.2629,50.3294,50.2296,50.2352,3951500
2015-05-27,50.3239,50.3904,50.2684,50.3461,3737800
2015-05-28,50.3405,50.3516,50.2740,50.3239,5440700
2015-05-29,50.3128,50.4292,50.3128,50.3960,4764000
2015-06-01,50.4750,50.5418,50.3692,50.4806,9372600
2015-06-02,50.5307,50.5307,50.3024,50.3859,5203700
2015-06-03,50.3302,50.3636,50.0796,50.1131,9532700
2015-06-04,50.0741,50.1186,49.9516,49.9516,11381700
2015-06-05,49.8291,49.9070,49.7400,49.8013,7747600
2015-06-08,49.8458,49.8959,49.7456,49.8013,6487800
2015-06-09,49.7901,49.8013,49.6509,49.7177,11416200
2015-06-10,49.7289,49.8235,49.7010,49.7846,5187500
2015-06-11,49.8180,49.8903,49.7678,49.8848,5202100
2015-06-12,49.7901,49.8458,49.6899,49.7010,5713500
2015-06-15,49.5952,49.6788,49.4505,49.4672,12726200
2015-06-16,49.4505,49.7456,49.4505,49.7456,5249800
2015-06-17,49.6676,49.7790,49.5229,49.7010,5660400
2015-06-18,49.7177,49.9405,49.7177,49.8848,6869900
2015-06-19,49.9794,49.9794,49.8124,49.9126,12585700
2015-06-22,50.0518,50.1075,49.9126,50.0129,5035400
2015-06-23,49.9850,50.0017,49.9126,49.9794,3474800
2015-06-24,49.9460,49.9962,49.8458,49.8458,2636900
2015-06-25,49.8737,49.9126,49.6955,49.6955,5176700
2015-06-26,49.6955,49.7344,49.5284,49.5507,6683200
2015-06-29,49.3614,49.4449,49.2055,49.2110,10156900
2015-06-30,49.4226,49.4783,49.3224,49.4449,4912700
2015-07-01,49.6714,49.6714,49.4197,49.4533,13614700
2015-07-02,49.5819,49.6938,49.5092,49.6379,5586300
2015-07-06,49.5428,49.6379,49.4477,49.4757,4719100
2015-07-07,49.4030,49.5707,49.2911,49.5148,8406300
2015-07-08,49.3135,49.4533,49.2520,49.2687,5744800
2015-07-09,49.4701,49.6267,49.3806,49.3806,6291000
2015-07-10,49.5484,49.7050,49.5316,49.6658,7097900
2015-07-13,49.7274,49.7441,49.6211,49.7106,6119200
2015-07-14,49.6323,49.6826,49.5763,49.6602,6354100
2015-07-15,49.6546,49.7217,49.5819,49.6602,5983300
2015-07-16,49.7162,49.7945,49.7106,49.7385,7523600
2015-07-17,49.7721,49.7721,49.5540,49.6043,7788400
2015-07-20,49.5819,49.5875,49.3694,49.3750,6740400
2015-07-21,49.3358,49.3974,49.2799,49.2855,4904800
2015-07-22,49.1457,49.1792,48.9499,48.9667,10578500
2015-07-23,48.9499,49.0562,48.9387,48.9387,4918400
2015-07-24,48.9387,48.9667,48.7709,48.7989,4702900
2015-07-27,48.6647,48.8101,48.5528,48.5920,11061700
2015-07-28,48.6423,48.9108,48.6199,48.8549,10471000
2015-07-29,48.8548,49.1792,48.8548,49.1401,8839500
2015-07-30,49.1121,49.3135,49.1121,49.2855,6127600
2015-07-31,49.2240,49.3526,49.1848,49.2016,5936500
2015-08-03,49.2106,49.2162,49.0870,49.1095,5416900
2015-08-04,49.1600,49.2330,49.1263,49.1375,3691400
2015-08-05,49.2387,49.2893,49.0645,49.0701,7778300
2015-08-06,49.0084,49.0645,48.8567,48.8679,10794800
2015-08-07,48.7948,48.8173,48.6993,48.7162,5483500
2015-08-10,48.7499,48.8623,48.7274,48.8567,3234500
2015-08-11,48.6712,48.7106,48.5757,48.6319,4598600
2015-08-12,48.4634,48.5870,48.3398,48.5645,6371900
2015-08-13,48.5252,48.5645,48.4746,48.5027,7422100
2015-08-14,48.4802,48.6038,48.4746,48.5308,3437900
2015-08-17,48.4802,48.6038,48.4296,48.5308,4153600
2015-08-18,48.4690,48.5420,48.4184,48.4690,5471300
2015-08-19,48.4353,48.5701,48.3285,48.4240,7208500
2015-08-20,48.2611,48.3004,48.1206,48.1881,11099100
2015-08-21,48.0532,48.1768,47.9633,48.0139,13158600
2015-08-24,47.0869,47.9689,46.8734,47.6206,19116200
2015-08-25,48.0701,48.1431,47.7049,47.7161,18194700
2015-08-26,47.9015,48.2049,47.8622,48.1150,10654800
2015-08-27,48.2386,48.5701,48.2386,48.4746,12772100
2015-08-28,48.4409,48.5982,48.3510,48.5195,9100000
2015-08-31,48.4521,48.4858,48.1656,48.4521,5408800
2015-09-01,48.3635,48.4030,48.2168,48.2958,4739100
2015-09-02,48.4933,48.5103,48.3522,48.4933,5259700
2015-09-03,48.5328,48.6626,48.4538,48.5611,8779000
2015-09-04,48.4538,48.5724,48.4482,48.5103,4671000
2015-09-08,48.7303,48.7811,48.6683,48.7755,5450300
2015-09-09,48.8714,48.8827,48.6683,48.7134,4914800
2015-09-10,48.6908,48.8714,48.6908,48.8319,4744100
2015-09-11,48.6175,48.8432,48.5949,48.8150,4834900
2015-09-14,48.7360,48.7811,48.6570,48.7304,4383100
2015-09-15,48.6739,48.7642,48.6457,48.7190,4247800
2015-09-16,48.5498,48.6626,48.4990,48.5441,5026700
2015-09-17,48.5385,48.7642,48.4482,48.5836,6576800
2015-09-18,48.4425,48.5611,48.3579,48.4482,10827600
2015-09-21,48.4538,48.4764,48.3127,48.3579,7579000
2015-09-22,48.1660,48.3579,47.9459,48.0080,7366900
2015-09-23,47.9967,48.0305,47.8895,47.9233,7686000
2015-09-24,47.8274,47.8274,47.6017,47.6863,9167500
2015-09-25,47.7428,47.8331,47.4267,47.4437,8384200
2015-09-28,47.2179,47.4154,46.6818,46.7156,12416300
2015-09-29,46.6762,46.8906,46.6310,46.7100,11417600
2015-09-30,46.9132,47.0317,46.7439,47.0035,14539800
2015-10-01,46.9229,46.9966,46.6791,46.7018,12179800
2015-10-02,46.4353,46.7642,46.3049,46.7472,14060200
2015-10-05,46.9910,47.3312,46.9570,47.3086,13531400
2015-10-06,47.3369,47.6204,47.2688,47.5694,13985800
2015-10-07,47.8302,48.1024,47.7452,48.0571,18000700
2015-10-08,47.9833,48.2725,47.8926,48.2555,9466900
2015-10-09,48.3292,48.5390,48.1875,48.2612,9900600
2015-10-12,48.3009,48.3406,48.1024,48.1705,3867000
2015-10-13,48.0797,48.1705,47.9890,48.0571,7772600
2015-10-14,48.0627,48.1705,47.9947,48.0230,7748100
2015-10-15,48.0967,48.1705,47.9777,48.1364,8049200
2015-10-16,48.1478,48.3633,48.1364,48.3576,5978200
2015-10-19,48.2839,48.5220,48.2442,48.4880,10347000
2015-10-20,48.4143,48.5901,48.3632,48.5334,10294800
2015-10-21,48.5674,48.6354,48.3462,48.4823,14332200
2015-10-22,48.5277,48.5844,48.4313,48.4993,11805100
2015-10-23,48.7092,48.8169,48.5277,48.6695,13201700
2015-10-26,48.7262,48.7318,48.5844,48.6184,9354100
2015-10-27,48.5787,48.5844,48.3916,48.4597,5585800
2015-10-28,48.4596,48.6014,48.3689,48.5901,8637000
2015-10-29,48.4540,48.5844,48.4426,48.4653,6064500
2015-10-30,48.4994,48.6298,48.4200,48.5220,8803100
2015-11-02,48.5243,48.6952,48.4844,48.6724,5476000
2015-11-03,48.6268,48.7521,48.6268,48.7237,5873700
2015-11-04,48.7465,48.7465,48.5585,48.5813,6082100
2015-11-05,48.5642,48.6154,48.3876,48.3933,8529600
2015-11-06,48.2053,48.2452,48.0458,48.1597,8207700
2015-11-09,48.0572,48.1028,47.9262,47.9603,10127900
2015-11-10,47.9091,47.9603,47.7780,47.8521,9673000
2015-11-11,47.8749,47.9091,47.7097,47.7382,3943900
2015-11-12,47.5502,47.6698,47.4078,47.4192,11570600
2015-11-13,47.4419,47.4875,47.2767,47.2824,7487900
2015-11-16,47.2312,47.5331,47.1742,47.5046,8228200
2015-11-17,47.6242,47.7040,47.4932,47.5388,9106400
2015-11-18,47.5103,47.6584,47.5103,47.6299,7479000
2015-11-19,47.4704,47.5616,47.1970,47.2027,9428300
2015-11-20,47.2140,47.4020,47.1742,47.1913,9763700
2015-11-23,47.1343,47.2197,47.1058,47.1514,5138900
2015-11-24,47.0831,47.2312,47.0375,47.2141,9529200
2015-11-25,47.1913,47.2767,47.1913,47.2653,7132500
2015-11-27,47.2938,47.3679,47.2482,47.3394,2259900
2015-11-30,47.3394,47.3679,47.2767,47.3109,5356300
2015-12-01,47.4243,47.6704,47.3956,47.6475,9849200
2015-12-02,47.6131,47.7620,47.5273,47.5502,11871300
2015-12-03,47.4643,47.5845,47.3498,47.4242,15290200
2015-12-04,47.3956,47.4700,47.2239,47.3155,14027900
2015-12-07,47.1266,47.2239,46.9491,46.9835,11989900
2015-12-08,46.6114,46.7202,46.3424,46.3996,25199100
2015-12-09,46.3996,46.7660,46.3939,46.6400,16703900
2015-12-10,46.5198,46.6916,46.3653,46.4454,14206800
2015-12-11,46.1020,46.1020,45.0029,45.5181,54233300
2015-12-14,45.4494,45.5124,44.7682,45.1231,38540500
2015-12-15,45.6784,46.0505,45.6555,45.8616,36337800
2015-12-16,46.0161,46.3023,45.8272,46.2107,30575300
2015-12-17,46.1936,46.2565,45.6784,45.6956,17345300
2015-12-18,45.5410,45.6727,45.4151,45.5239,23548900
2015-12-21,45.6212,45.7356,45.2605,45.3807,14468700
2015-12-22,45.4494,45.9417,45.4265,45.9302,12569500
2015-12-23,46.0848,46.3023,46.0333,46.2222,12824900
2015-12-24,46.2360,46.4374,46.1899,46.3165,5284300
2015-12-28,46.1727,46.1784,45.9655,46.0403,7151600
2015-12-29,46.1267,46.3396,46.1209,46.3051,7485500
2015-12-30,46.2475,46.4029,46.1382,46.3396,13145300
2015-12-31,46.3108,46.5410,46.2590,46.3684,7935200
2016-01-04,46.0404,46.1267,45.8447,46.0922,14787700
2016-01-05,46.2302,46.3396,46.0749,46.1784,11491300
2016-01-06,45.9943,46.2245,45.9943,46.1784,11320100
2016-01-07,45.8447,46.0346,45.8159,45.8792,11004700
2016-01-08,46.0576,46.1612,45.7469,45.7584,17902100
2016-01-11,45.9540,46.0058,45.6375,45.6893,16917700
2016-01-12,45.9713,46.0058,45.6318,45.7354,15217700
2016-01-13,45.7699,45.8159,45.1657,45.2290,20352700
2016-01-14,45.2635,45.4822,45.0448,45.4304,18572700
2016-01-15,44.6938,45.2750,44.5500,44.8319,27309900
2016-01-19,44.8550,44.9585,44.5327,44.6766,15975700
2016-01-20,44.3256,44.5500,43.6293,44.3774,25973500
2016-01-21,44.3774,44.8607,44.1932,44.6766,20065800
2016-01-22,45.1139,45.4131,45.0218,45.3613,17653100
2016-01-25,45.2233,45.3096,44.9010,44.9125,16448400
2016-01-26,45.0909,45.3383,44.9873,45.3153,12010900
2016-01-27,45.2980,45.5052,45.1024,45.2462,14563000
2016-01-28,45.5225,45.6260,45.3095,45.4764,14622600
2016-01-29,45.5743,45.7181,45.5340,45.6260,14218700
2016-02-01,45.5457,45.5630,45.2854,45.3548,8865500
2016-02-02,45.1351,45.2334,45.0078,45.0310,15442100
2016-02-03,45.1698,45.3375,44.8922,45.2507,15465200
2016-02-04,45.2334,45.3317,45.0657,45.1062,8989700
2016-02-05,45.1004,45.1004,44.6898,44.7592,14632300
2016-02-08,44.3949,44.4122,44.1115,44.2387,15649900
2016-02-09,44.0017,44.2735,43.8744,44.0711,18685000
2016-02-10,44.1867,44.3717,43.9207,44.0074,13086000
2016-02-11,43.5737,43.8744,43.4234,43.7125,22158200
2016-02-12,43.8686,44.4064,43.8166,44.3660,17751500
2016-02-16,44.4180,44.5452,44.3486,44.4064,14106000
2016-02-17,44.6319,44.8690,44.5915,44.7707,16353000
2016-02-18,44.9327,44.9616,44.7823,44.8112,13247300
2016-02-19,44.6146,44.9211,44.5568,44.8980,12879900
2016-02-22,45.1293,45.3085,45.0772,45.2854,13826600
2016-02-23,45.1408,45.2681,44.9558,45.1929,16809700
2016-02-24,44.8517,45.3201,44.7939,45.2681,13622100
2016-02-25,45.2970,45.5283,45.1408,45.5109,10699100
2016-02-26,45.6555,45.8579,45.6035,45.8175,12060200
2016-02-29,45.8463,46.3379,45.8348,46.3090,23746800
2016-03-01,46.4073,47.0932,46.2387,47.0409,24023200
2016-03-02,46.7967,46.8607,46.6340,46.7212,14987400
2016-03-03,46.6630,47.0118,46.5003,46.8781,12018400
2016-03-04,46.9595,47.2269,46.7967,47.0118,18029900
2016-03-07,46.9013,47.0874,46.8955,47.0699,12656200
2016-03-08,46.9653,47.0002,46.7153,46.7386,17813700
2016-03-09,46.8258,46.9130,46.7153,46.8548,7699600
2016-03-10,47.1223,47.1978,46.8258,47.1804,18167000
2016-03-11,47.5059,47.8198,47.4594,47.7501,18662700
2016-03-14,47.5989,47.7036,47.3955,47.6164,12512400
2016-03-15,47.3199,47.3664,47.1513,47.1746,16442600
2016-03-16,47.0467,47.6629,46.9827,47.4885,21567100
2016-03-17,47.5990,47.8722,47.5059,47.7908,18423000
2016-03-18,47.8431,48.0233,47.8315,47.9012,12922000
2016-03-21,47.8954,47.9361,47.7501,47.8489,12653600
2016-03-22,47.7501,47.8140,47.6571,47.7210,8941200
2016-03-23,47.7094,47.7094,47.4827,47.5001,11354200
2016-03-24,47.1572,47.3722,47.1339,47.2909,13497800
2016-03-28,47.2385,47.3373,47.0525,47.0757,11298900
2016-03-29,46.9362,47.2734,46.9014,47.2560,11348400
2016-03-30,47.3432,47.5001,47.3141,47.4246,11796400
2016-03-31,47.3722,47.6106,47.3664,47.4885,9436700
2016-04-01,47.2952,47.6047,47.1900,47.5229,10822400
2016-04-04,47.4587,47.6047,47.3536,47.4061,9269700
2016-04-05,47.2017,47.3477,47.1784,47.2309,13254500
2016-04-06,47.3127,47.6690,47.2952,47.6281,13935000
2016-04-07,47.4354,47.5463,47.3419,47.3945,11306100
2016-04-08,47.6456,47.6807,47.5522,47.6106,7953000
2016-04-11,47.6865,47.8091,47.6690,47.6748,8126900
2016-04-12,47.7566,47.9727,47.7274,47.9552,11772800
2016-04-13,48.0719,48.3698,48.0719,48.2705,13596100
2016-04-14,48.2705,48.3172,48.1829,48.2530,10758400
2016-04-15,48.1654,48.2238,48.1245,48.1771,7857300
2016-04-18,47.9843,48.4574,47.9668,48.4516,9211400
2016-04-19,48.5626,48.7144,48.5217,48.6560,11623600
2016-04-20,48.6969,48.8838,48.6034,48.7494,10128800
2016-04-21,48.8079,48.8254,48.5742,48.5976,13349500
2016-04-22,48.6385,48.7378,48.5976,48.7086,10982300
2016-04-25,48.6209,48.6910,48.5041,48.5217,8972400
2016-04-26,48.6443,48.6910,48.5684,48.6852,8291000
2016-04-27,48.7319,49.0064,48.7144,48.9714,10505400
2016-04-28,48.9597,49.0824,48.8546,48.8896,9229000
2016-04-29,48.8429,49.0064,48.6794,48.9714,20284700
2016-05-02,48.9197,49.0077,48.8669,48.9901,11420700
2016-05-03,48.8141,48.8259,48.6029,48.6733,18449200
2016-05-04,48.5853,48.6146,48.4680,48.4914,17645200
2016-05-05,48.6440,48.6499,48.4269,48.4504,18782100
2016-05-06,48.2450,48.5267,48.2333,48.4210,16204400
2016-05-09,48.3448,48.4562,48.2744,48.3330,11622800
2016-05-10,48.3624,48.7555,48.3624,48.7437,11420700
2016-05-11,48.7437,48.9080,48.6557,48.7085,20692000
2016-05-12,48.8376,48.8376,48.6733,48.7848,11312400
2016-05-13,48.7379,48.8024,48.5442,48.5677,11332400
2016-05-16,48.6557,48.8611,48.6205,48.8376,12981700
2016-05-17,48.7555,48.8845,48.7027,48.7379,7489900
2016-05-18,48.7555,48.8904,48.6088,48.7437,16612500
2016-05-19,48.5736,48.6440,48.4562,48.6088,20290200
2016-05-20,48.6146,48.7907,48.6146,48.7789,10556700
2016-05-23,48.7672,49.0488,48.6733,48.7907,10457400
2016-05-24,48.9139,49.0840,48.8787,49.0840,10838400
2016-05-25,49.1837,49.2365,49.1368,49.1603,15119600
2016-05-26,49.2483,49.2483,49.0136,49.0195,12269000
2016-05-27,49.0429,49.1016,49.0077,49.1016,6225600
2016-05-31,49.1368,49.2072,49.0019,49.0547,11994100
2016-06-01,48.9262,49.1561,48.8731,49.1325,16488600
2016-06-02,49.0500,49.1738,48.9969,49.1443,12118900
2016-06-03,49.1915,49.2622,49.0677,49.2327,13093000
2016-06-06,49.3919,49.4803,49.2976,49.4508,16126200
2016-06-07,49.5098,49.7279,49.4803,49.6690,18423500
2016-06-08,49.7338,49.8753,49.7279,49.8576,14652800
2016-06-09,49.8576,49.8576,49.6041,49.6631,11188300
2016-06-10,49.4626,49.5334,49.3212,49.4214,15259900
2016-06-13,49.2268,49.4096,49.0912,49.0912,17257900
2016-06-14,49.0087,49.0735,48.7964,48.9261,20578800
2016-06-15,49.0854,49.1561,48.9144,48.9498,14202800
2016-06-16,48.8436,49.0205,48.6078,48.9792,19195500
2016-06-17,48.9851,49.1266,48.9674,49.0087,16113800
2016-06-20,49.3624,49.5039,49.2445,49.2976,13368400
2016-06-21,49.3860,49.5098,49.3035,49.4862,12141800
2016-06-22,49.5157,49.5924,49.4568,49.5334,10759500
2016-06-23,49.7515,49.8989,49.7102,49.8989,9920200
2016-06-24,48.9262,49.6395,48.8731,49.0794,31416700
2016-06-27,48.9321,48.9674,48.3484,48.3720,27244200
2016-06-28,48.8318,48.9969,48.7493,48.9792,13910300
2016-06-29,49.2740,49.6985,49.2504,49.5982,23604300
2016-06-30,49.5570,49.9933,49.4862,49.9343,26304600
2016-07-01,49.9325,50.1694,49.9029,50.0332,16343000
2016-07-05,49.9325,49.9325,49.6659,49.7489,12078200
2016-07-06,49.6837,49.9740,49.6067,49.9681,9607000
2016-07-07,49.9799,50.1102,49.9029,50.0332,13058100
2016-07-08,50.2405,50.7262,50.2227,50.6966,21395600
2016-07-11,50.7262,50.8921,50.7025,50.7262,18313500
2016-07-12,50.9750,51.1290,50.8565,50.8684,16074300
2016-07-13,50.8624,50.8802,50.6492,50.7203,13040300
2016-07-14,50.8802,50.8861,50.7025,50.8210,7764400
2016-07-15,50.8506,50.9039,50.7025,50.7203,9163800
2016-07-18,50.7499,50.9039,50.7203,50.8920,7447200
2016-07-19,50.7795,50.8624,50.6670,50.7558,7349700
2016-07-20,50.8269,50.9335,50.7321,50.8861,7247500
2016-07-21,50.8091,50.9868,50.7854,50.8151,11265000
2016-07-22,50.8269,51.0935,50.7795,51.0401,10523500
2016-07-25,50.9928,50.9928,50.7499,50.7973,14768400
2016-07-26,50.7617,50.7914,50.5722,50.6018,14292600
2016-07-27,50.6907,50.7736,50.5485,50.7558,11730800
2016-07-28,50.6492,50.6492,50.4893,50.5426,17968100
2016-07-29,50.4538,50.6018,50.3412,50.5900,15202400
2016-08-01,50.5561,50.5620,50.2645,50.3062,18335300
2016-08-02,50.2883,50.3419,50.1515,50.2348,21959800
2016-08-03,50.2764,50.5084,50.2467,50.4608,13733700
2016-08-04,50.6453,50.8476,50.5739,50.7821,11832000
2016-08-05,50.9487,51.0380,50.8773,50.8952,12314900
2016-08-08,50.9904,51.1273,50.9309,51.1035,10800900
2016-08-09,51.1332,51.3176,51.1213,51.2819,13772300
2016-08-10,51.2938,51.3176,51.1689,51.1867,7250400
2016-08-11,51.2700,51.3831,51.2284,51.3117,6732600
2016-08-12,51.2820,51.3653,51.2403,51.3534,3996500
2016-08-15,51.4604,51.5378,51.3652,51.5080,9396400
2016-08-16,51.5259,51.5259,51.3771,51.4009,8104400
2016-08-17,51.4366,51.4961,51.3593,51.4723,14139600
2016-08-18,51.5140,51.6746,51.4783,51.6746,8582700
2016-08-19,51.6092,51.6508,51.4961,51.5199,7474000
2016-08-22,51.4664,51.5021,51.3533,51.4366,5364700
2016-08-23,51.5675,51.6568,51.5199,51.6092,7476400
2016-08-24,51.6032,51.6330,51.4604,51.4664,6655300
2016-08-25,51.4961,51.6270,51.4842,51.5616,7482800
2016-08-26,51.5318,51.7758,51.4128,51.5021,10544900
2016-08-29,51.5794,51.7877,51.5616,51.7579,10038500
2016-08-30,51.7579,51.8472,51.6389,51.7877,16157400
2016-08-31,51.7460,51.7817,51.5378,51.5854,16985000
2016-09-01,51.6278,51.7055,51.4605,51.6875,14952700
2016-09-02,51.8429,52.0043,51.7593,51.9266,13540100
2016-09-06,51.9087,51.9923,51.8967,51.9863,12662000
2016-09-07,51.9565,51.9923,51.8071,51.8429,8245100
2016-09-08,51.8489,51.8788,51.7413,51.7473,8430700
2016-09-09,51.5980,51.7234,51.2335,51.2514,25087600
2016-09-12,51.1498,51.5262,51.1199,51.4306,17718300
2016-09-13,51.3052,51.3709,50.9526,51.0363,21907200
2016-09-14,51.1079,51.2753,50.9645,51.0243,14257700
2016-09-15,51.0900,51.3470,51.0542,51.3231,9964800
2016-09-16,51.2573,51.3470,51.1378,51.3350,8396600
2016-09-19,51.3709,51.4306,51.2813,51.3649,9855500
2016-09-20,51.3888,51.4486,51.2215,51.3051,8705600
2016-09-21,51.3350,51.7593,51.3171,51.7294,17484300
2016-09-22,51.9027,52.0640,51.8131,51.9027,11813600
2016-09-23,51.8668,51.9684,51.8071,51.8429,13122600
2016-09-26,51.7294,51.7951,51.5740,51.6158,6590500
2016-09-27,51.5442,51.7712,51.4665,51.7653,8516500
2016-09-28,51.8549,52.1238,51.6696,52.1118,11149300
2016-09-29,52.0879,52.0999,51.7234,51.9146,13425800
2016-09-30,51.9864,52.1597,51.9744,52.1417,12158000
2016-10-03,52.1093,52.1633,52.0073,52.1093,10708800
2016-10-04,52.1813,52.2173,51.9532,52.0193,11057500
2016-10-05,52.1993,52.2113,52.0733,52.1573,9424500
2016-10-06,52.1993,52.2113,52.0553,52.1873,9455200
2016-10-07,52.2114,52.3314,52.0613,52.3074,10824200
2016-10-10,52.3434,52.5174,52.3074,52.4574,4182300
2016-10-11,52.3794,52.3854,52.0793,52.1633,8855400
2016-10-12,52.1393,52.2353,52.0553,52.1453,7915300
2016-10-13,51.9832,52.0793,51.8752,52.0133,10614800
2016-10-14,52.1633,52.2053,52.0613,52.1333,6766300
2016-10-17,52.1213,52.2113,52.0433,52.0613,7790000
2016-10-18,52.2474,52.2894,52.1093,52.2714,8404600
2016-10-19,52.3134,52.4514,52.3013,52.4214,9874300
2016-10-20,52.4214,52.4634,52.3254,52.4274,12558000
2016-10-21,52.3254,52.4874,52.2593,52.4394,8332900
2016-10-24,52.5054,52.5534,52.3854,52.4694,7200800
2016-10-25,52.4154,52.4694,52.3554,52.4394,6906500
2016-10-26,52.3073,52.4274,52.2113,52.2293,13813300
2016-10-27,52.2713,52.2953,51.9472,52.0373,19333100
2016-10-28,51.9772,52.0133,51.7432,51.7852,19745600
2016-10-31,51.7732,51.8032,51.5751,51.6292,21174600
2016-11-01,51.6569,51.6569,51.2288,51.4278,26184000
2016-11-02,51.3433,51.3916,51.1384,51.1986,19593600
2016-11-03,51.3072,51.3856,51.1685,51.2107,12699700
2016-11-04,51.3011,51.3976,51.1926,51.2348,10970400
2016-11-07,51.6991,51.9824,51.6629,51.9523,14416200
2016-11-08,51.7111,51.9281,51.6930,51.8377,20370600
2016-11-09,51.5182,51.8498,51.4278,51.4760,24858900
2016-11-10,51.3675,51.3675,50.7706,50.8007,33213300
2016-11-11,50.6380,50.7646,50.1918,50.3245,16442900
2016-11-14,50.1918,50.7585,50.1858,50.6982,21036000
2016-11-15,50.9575,51.4338,50.9575,51.3675,17888600
2016-11-16,51.1504,51.2469,51.0841,51.1625,11965700
2016-11-17,51.1565,51.3012,51.0238,51.0238,12017600
2016-11-18,51.1324,51.2107,50.9334,51.0238,17781800
2016-11-21,51.1564,51.4579,51.1504,51.4338,11581600
2016-11-22,51.5182,51.8679,51.5001,51.8136,16648100
2016-11-23,51.4217,51.6629,51.4157,51.6207,10662900
2016-11-25,51.6508,51.7051,51.6086,51.6870,2009600
2016-11-28,51.6207,51.8498,51.5303,51.6810,16897400
2016-11-29,51.5483,51.6689,51.5061,51.6147,9164000
2016-11-30,51.6689,51.7292,51.5062,51.6388,15211300
2016-12-01,51.6454,51.6697,51.3971,51.3971,18249400
2016-12-02,51.5183,51.7121,51.4638,51.7060,9360400
2016-12-05,51.7302,51.8816,51.7060,51.8392,9782100
2016-12-06,51.9180,52.1178,51.8695,52.0996,16090600
2016-12-07,52.1663,52.4448,52.1239,52.3601,20886400
2016-12-08,52.3055,52.3843,52.1602,52.3540,10782100
2016-12-09,52.3298,52.4570,52.2995,52.3782,6463400
2016-12-12,52.4751,52.4933,52.2511,52.3056,8457100
2016-12-13,52.4993,52.5902,52.4206,52.4327,10739200
2016-12-14,52.4327,52.5902,51.9906,52.0391,15672400
2016-12-15,51.9543,52.1662,51.9300,52.0633,11221700
2016-12-16,52.2087,52.2389,52.0996,52.1118,15722200
2016-12-19,52.1542,52.3116,52.1420,52.2450,5897900
2016-12-20,52.2632,52.3722,52.1966,52.3177,11072400
2016-12-21,52.2934,52.4569,52.2813,52.4085,17461400
2016-12-22,52.4182,52.5215,52.3575,52.5215,8507600
2016-12-23,52.5397,52.6248,52.5033,52.6187,4230500
2016-12-27,52.5519,52.6552,52.5276,52.5701,5840600
2016-12-28,52.6430,52.6430,52.4729,52.4972,6961200
2016-12-29,52.5397,52.5883,52.4850,52.5701,3794300
2016-12-30,52.6066,52.6795,52.4850,52.5883,7513400
2017-01-03,52.7888,52.8314,52.6795,52.8071,14050100
2017-01-04,52.8618,53.0987,52.8618,53.0927,11912400
2017-01-05,53.0197,53.1169,52.9833,53.0137,10458600
2017-01-06,52.9590,53.0319,52.8861,53.0015,6836400
2017-01-09,52.9894,53.0319,52.8922,52.9894,6648800
2017-01-10,53.0501,53.1230,52.9711,52.9954,11777000
2017-01-11,53.0137,53.0562,52.9286,53.0258,11914200
2017-01-12,53.0136,53.0440,52.9407,53.0379,12512300
2017-01-13,53.0198,53.1048,52.9225,53.0562,8861000
2017-01-17,53.0197,53.0380,52.9529,53.0015,8633000
2017-01-18,52.9833,53.0501,52.9225,53.0501,12715500
2017-01-19,53.0137,53.0441,52.8253,52.8800,10703200
2017-01-20,52.8982,52.9954,52.8435,52.9833,9262000
2017-01-23,52.9407,52.9954,52.8861,52.9833,13561300
2017-01-24,52.9529,53.0562,52.9286,53.0198,7490500
2017-01-25,53.1048,53.2081,53.0684,53.2081,8953900
2017-01-26,53.1656,53.2203,53.1109,53.1838,7443900
2017-01-27,53.1413,53.2810,53.1352,53.2324,7888100
2017-01-30,53.1534,53.1899,53.0501,53.1230,7637600
2017-01-31,53.0987,53.1169,52.9711,53.0683,12249400
2017-02-01,53.2160,53.2954,53.0635,53.2649,12489400
2017-02-02,53.2587,53.3198,53.1794,53.2954,10886200
2017-02-03,53.4113,53.4479,53.3564,53.3869,12674000
2017-02-06,53.3991,53.4174,53.3076,53.3503,7004900
2017-02-07,53.4113,53.4113,53.2648,53.2709,11170100
2017-02-08,53.2710,53.3137,53.1672,53.3076,11107300
2017-02-09,53.3076,53.4236,53.3076,53.3808,7292600
2017-02-10,53.4113,53.4296,53.3381,53.4174,5471800
2017-02-13,53.4602,53.5334,53.4541,53.4968,7477200
2017-02-14,53.4907,53.5578,53.3808,53.5334,8785000
2017-02-15,53.4785,53.5639,53.4418,53.5517,10582800
2017-02-16,53.4968,53.7531,53.4052,53.5090,8917800
2017-02-17,53.4540,53.5761,53.4052,53.5639,6247300
2017-02-21,53.5639,53.7409,53.5639,53.7409,10437800
2017-02-22,53.7103,53.7775,53.6676,53.7653,10963600
2017-02-23,53.8812,53.8873,53.7531,53.8141,8150200
2017-02-24,53.7714,53.9301,53.7409,53.8568,8390200
2017-02-27,53.8568,53.9240,53.8202,53.9240,5693300
2017-02-28,53.8874,53.9301,53.8508,53.8813,5868400
2017-03-01,54.0492,54.1289,54.0492,54.0798,10612100
2017-03-02,54.0921,54.0921,53.9082,53.9082,9193000
2017-03-03,53.9511,53.9940,53.8285,53.9327,15059300
2017-03-06,53.8469,53.8714,53.7489,53.7611,17066300
2017-03-07,53.6508,53.6937,53.3995,53.4117,17023100
2017-03-08,53.2830,53.3688,53.0501,53.0562,22433500
2017-03-09,52.9459,53.1543,52.8356,52.9152,21260700
2017-03-10,53.2524,53.2524,52.7620,52.8969,20643900
2017-03-13,52.9459,53.0072,52.7865,52.9398,13512300
2017-03-14,52.7865,52.8417,52.7068,52.7804,12808500
2017-03-15,52.9581,53.5098,52.9091,53.5098,19654600
2017-03-16,53.6324,53.6508,53.3443,53.3566,15807500
2017-03-17,53.4792,53.4792,53.3504,53.3750,9984500
2017-03-20,53.3688,53.3688,53.2707,53.2707,12220600
2017-03-21,53.3749,53.4301,52.8846,52.8907,16918200
2017-03-22,52.8601,53.0623,52.7252,53.0194,14054600
2017-03-23,52.9765,53.1727,52.9398,53.0378,10618900
2017-03-24,53.0807,53.2401,53.0807,53.2217,8920800
2017-03-27,53.0317,53.1911,52.9582,53.1666,7788700
2017-03-28,53.1420,53.4792,53.1420,53.4608,16871700
2017-03-29,53.4976,53.6630,53.4608,53.5711,12266300
2017-03-30,53.6937,53.8347,53.6140,53.8224,16367900
2017-03-31,53.7733,53.8775,53.7488,53.8040,11778400
2017-04-03,53.8366,53.8428,53.6950,53.7751,20664400
2017-04-04,53.7813,53.8551,53.7320,53.7936,8473900
2017-04-05,53.8797,53.9905,53.7197,53.7505,11102300
2017-04-06,53.7997,53.8736,53.7381,53.8182,7234500
2017-04-07,53.8921,53.9351,53.7936,53.7936,5457800
2017-04-10,53.8797,53.9351,53.8305,53.8674,7996900
2017-04-11,53.9043,53.9043,53.7012,53.7628,8005800
2017-04-12,53.7997,53.9228,53.7505,53.7997,8723800
2017-04-13,53.7813,53.8551,53.6520,53.6889,10446700
2017-04-17,53.7566,53.8612,53.6950,53.8489,7158700
2017-04-18,53.8428,53.8982,53.6950,53.8366,9062800
2017-04-19,53.8674,53.9844,53.7566,53.7874,8643200
2017-04-20,53.8490,53.9782,53.8243,53.9659,7766000
2017-04-21,53.9475,53.9905,53.8551,53.9228,11328200
2017-04-24,54.1444,54.1813,54.0951,54.1752,8904700
2017-04-25,54.2121,54.2921,54.1875,54.2737,12493400
2017-04-26,54.2244,54.3106,54.2121,54.2244,7269000
2017-04-27,54.2244,54.2675,54.1752,54.2614,6897900
2017-04-28,54.2675,54.3168,54.2121,54.2429,7542800
2017-05-01,54.2460,54.3078,54.2151,54.2707,10336000
2017-05-02,54.3325,54.3387,54.2522,54.2893,10792800
2017-05-03,54.3326,54.3696,54.2769,54.3387,7413400
2017-05-04,54.3016,54.3016,53.9987,54.0482,20562500
2017-05-05,54.0482,54.1903,54.0172,54.1409,14935200
2017-05-08,54.1595,54.2337,54.1162,54.2027,8199200
2017-05-09,54.2769,54.3078,54.1595,54.1656,10810000
2017-05-10,54.3078,54.4253,54.2336,54.4005,10824900
2017-05-11,54.3634,54.4252,54.2954,54.4067,8461400
2017-05-12,54.4376,54.4438,54.3449,54.3882,8929900
2017-05-15,54.4747,54.5551,54.4685,54.5118,10690200
2017-05-16,54.5675,54.6169,54.5118,54.5922,12638900
2017-05-17,54.4129,54.4624,54.3202,54.3511,14055700
2017-05-18,54.1904,54.4994,54.1718,54.4129,10731800
2017-05-19,54.5056,54.5922,54.4809,54.5118,15998800
2017-05-22,54.6231,54.6787,54.5674,54.6787,7181800
2017-05-23,54.7034,54.7034,54.6169,54.6725,6998400
2017-05-24,54.7096,54.7776,54.6478,54.7653,8533600
2017-05-25,54.7652,54.8642,54.7034,54.7220,7985500
2017-05-26,54.7096,54.7653,54.7096,54.7529,2909500
2017-05-30,54.7467,54.8333,54.7220,54.8085,5371100
2017-05-31,54.8147,54.8333,54.7282,54.8024,13758400
2017-06-01,54.8564,55.0054,54.8129,54.9619,19189300
2017-06-02,54.9743,55.0426,54.9433,54.9929,9491600
2017-06-05,54.9743,55.0302,54.9184,54.9433,10384400
2017-06-06,54.9309,54.9495,54.8253,54.8564,14386500
2017-06-07,54.9060,54.9060,54.6763,54.7446,13329000
2017-06-08,54.7570,54.8439,54.6515,54.7881,14208300
2017-06-09,54.8440,54.9122,54.7570,54.8315,10414900
2017-06-12,54.8502,54.9681,54.8129,54.9247,9900000
2017-06-13,54.9495,55.0302,54.9433,55.0240,8640400
2017-06-14,55.0923,55.0985,54.9557,55.0302,8850700
2017-06-15,54.8936,54.9122,54.7074,54.8191,10860500
2017-06-16,54.8688,54.8688,54.7136,54.7260,11996100
2017-06-19,54.8316,54.9123,54.8129,54.8936,6398400
2017-06-20,54.7260,54.7694,54.6949,54.7012,18318500
2017-06-21,54.7074,54.7322,54.3349,54.3845,26728100
2017-06-22,54.4404,54.5583,54.4031,54.5335,18699400
2017-06-23,54.5584,54.7695,54.5522,54.7571,11337700
2017-06-26,54.7446,54.8564,54.7260,54.8315,9504500
2017-06-27,54.8315,54.8440,54.6205,54.6577,15293300
2017-06-28,54.7632,54.9060,54.7012,54.8812,9755500
2017-06-29,54.7943,54.8750,54.6701,54.7446,14548400
2017-06-30,54.8191,54.9309,54.7633,54.8750,8202000
2017-07-03,54.8731,55.0228,54.7921,54.8482,13882000
2017-07-05,54.8856,54.9355,54.7671,54.8045,16269100
2017-07-06,54.7858,54.7983,54.5801,54.6674,15424700
2017-07-07,54.6237,54.6861,54.5240,54.6175,15731200
2017-07-10,54.6175,54.7048,54.5988,54.6798,12286600
2017-07-11,54.6798,54.6923,54.5676,54.6424,9261400
2017-07-12,54.8606,54.9978,54.7858,54.9978,17979900
2017-07-13,55.0041,55.0664,54.9479,55.0415,11744600
2017-07-14,55.0789,55.2223,55.0228,55.1974,12626700
2017-07-17,55.2098,55.2348,55.1662,55.2161,10158100
2017-07-18,55.2036,55.2659,55.1599,55.2410,9221100
2017-07-19,55.2971,55.3844,55.2597,55.3345,8250900
2017-07-20,55.3906,55.3969,55.2846,55.3657,11827800
2017-07-21,55.3532,55.3595,55.2722,55.3220,8771700
2017-07-24,55.3096,55.3657,55.2722,55.3657,4707500
2017-07-25,55.4093,55.4343,55.3594,55.3906,7292900
2017-07-26,55.4717,55.5153,55.4031,55.4717,7279800
2017-07-27,55.4654,55.4904,55.3719,55.4280,11624500
2017-07-28,55.3969,55.4343,55.3470,55.4343,4945300
2017-07-31,55.3657,55.4842,55.3595,55.4343,9779900
2017-08-01,55.4768,55.5206,55.4518,55.4893,14946800
2017-08-02,55.4894,55.5457,55.4643,55.5019,7422700
2017-08-03,55.4518,55.5082,55.3579,55.3955,9548300
2017-08-04,55.3955,55.4205,55.3516,55.4080,6451600
2017-08-07,55.4079,55.4079,55.3453,55.3829,5204700
2017-08-08,55.3579,55.4080,55.0887,55.1450,18534700
2017-08-09,55.0323,55.0824,54.8946,54.9321,15001700
2017-08-10,54.8195,54.8695,54.5377,54.5815,24749700
2017-08-11,54.7005,54.7569,54.6316,54.6755,17434300
2017-08-14,54.8382,55.0574,54.8382,54.9635,12566000
2017-08-15,54.9697,55.0260,54.9259,54.9822,6830500
2017-08-16,55.0261,55.0762,54.9697,54.9885,11716100
2017-08-17,54.9196,54.9697,54.6504,54.6817,14112300
2017-08-18,54.7756,54.9009,54.6504,54.7631,14324400
2017-08-21,54.8320,54.8508,54.7506,54.8195,7763400
2017-08-22,54.8696,55.0949,54.8383,55.0449,12982200
2017-08-23,54.9509,55.0762,54.9134,55.0511,6449500
2017-08-24,55.0762,55.1388,55.0198,55.1325,8480100
2017-08-25,55.1200,55.2515,55.1012,55.2327,6622800
2017-08-28,55.2640,55.2640,55.1826,55.2389,5161700
2017-08-29,55.1012,55.1889,55.0887,55.1701,8991600
2017-08-30,55.1888,55.3454,55.1826,55.3203,13431100
2017-08-31,55.3579,55.4768,55.3579,55.4706,12705200
2017-09-01,55.4203,55.5460,55.4203,55.5272,10535700
2017-09-05,55.4895,55.4895,55.3008,55.4014,9560500
2017-09-06,55.4706,55.5020,55.3511,55.3637,9023300
2017-09-07,55.4517,55.4517,55.3637,55.3700,8784000
2017-09-08,55.3637,55.3637,55.1940,55.1940,7688700
2017-09-11,55.2882,55.4454,55.2317,55.3700,8047600
2017-09-12,55.3951,55.4454,55.3574,55.4391,4752800
2017-09-13,55.3888,55.4706,55.3574,55.4580,11725900
2017-09-14,55.4329,55.5586,55.4266,55.5335,9554600
2017-09-15,55.5020,55.5963,55.4769,55.5837,8248000
2017-09-18,55.5649,55.5900,55.5272,55.5586,7442200
2017-09-19,55.5774,55.6214,55.5271,55.6151,7208300
2017-09-20,55.6278,55.6592,55.5272,55.6089,10087200
2017-09-21,55.6278,55.6340,55.5272,55.5397,6932300
2017-09-22,55.5335,55.5963,55.5146,55.5963,7570500
2017-09-25,55.5775,55.6404,55.5523,55.6278,4326200
2017-09-26,55.6780,55.7535,55.6655,55.6969,8816500
2017-09-27,55.6969,55.7409,55.6340,55.7220,7490100
2017-09-28,55.7220,55.7472,55.6906,55.7220,5934000
2017-09-29,55.7661,55.8038,55.7032,55.8038,8906900
2017-10-02,55.7186,55.8070,55.7060,55.7754,13097600
2017-10-03,55.7754,55.8827,55.7754,55.8764,5928800
2017-10-04,55.8575,55.8764,55.7880,55.8196,5832400
2017-10-05,55.8133,55.8890,55.8133,55.8890,5967900
2017-10-06,55.8385,55.8638,55.7754,55.8070,5847400
2017-10-09,55.8322,55.8511,55.7943,55.8133,3278400
2017-10-10,55.8890,55.8890,55.8070,55.8575,8786500
2017-10-11,55.8575,55.8575,55.7880,55.8006,7948700
2017-10-12,55.8069,55.8069,55.7375,55.7375,6181100
2017-10-13,55.8133,55.8259,55.7312,55.7628,3941200
2017-10-16,55.8006,55.8069,55.7312,55.7943,6060300
2017-10-17,55.7943,55.9079,55.7943,55.8764,7468100
2017-10-18,55.8953,55.9648,55.8827,55.9332,7974400
2017-10-19,55.8575,55.9648,55.8322,55.9395,7270600
2017-10-20,55.9711,56.0153,55.9395,55.9900,7107000
2017-10-23,55.9963,56.0216,55.9269,55.9269,7227200
2017-10-24,55.9458,55.9900,55.9206,55.9269,7103700
2017-10-25,55.8890,55.8890,55.6933,55.7691,16817000
2017-10-26,55.8259,55.8448,55.6744,55.6996,10649800
2017-10-27,55.7438,55.8638,55.6996,55.8511,13720000
2017-10-30,55.7438,55.8764,55.7438,55.8385,5954500
2017-10-31,55.8638,55.8764,55.8322,55.8511,7198400
2017-11-01,55.8993,55.9120,55.7916,55.7979,9505500
2017-11-02,55.7916,55.8359,55.7218,55.7662,6096800
2017-11-03,55.7979,55.8360,55.7028,55.7726,7003200
2017-11-06,55.7408,55.8106,55.7155,55.7789,12262400
2017-11-07,55.7662,55.7725,55.6014,55.6204,11805400
2017-11-08,55.6204,55.6204,55.3478,55.3732,18120000
2017-11-09,55.2400,55.2400,54.9738,55.1006,38343500
2017-11-10,55.1133,55.2654,55.0752,55.2210,24521600
2017-11-13,55.1767,55.2527,55.1703,55.1830,16280500
2017-11-14,55.1006,55.1259,54.9104,54.9484,13870600
2017-11-15,54.8090,54.9991,54.6568,54.9484,25382000
2017-11-16,55.2274,55.5317,55.1767,55.4873,30075200
2017-11-17,55.3795,55.4746,55.3668,55.4492,15942100
2017-11-20,55.4809,55.5507,55.4239,55.4619,8930300
2017-11-21,55.5126,55.6014,55.5126,55.5760,10102400
2017-11-22,55.6077,55.7028,55.5950,55.6648,9473800
2017-11-24,55.7028,55.7345,55.6774,55.7028,3126500
2017-11-27,55.7028,55.7028,55.4936,55.5316,10645400
2017-11-28,55.5570,55.7155,55.5506,55.7028,10403700
2017-11-29,55.6711,55.7091,55.5823,55.6331,11806200
2017-11-30,55.6521,55.7535,55.6457,55.6457,17981500
2017-12-01,55.6534,55.7043,55.3733,55.6279,15485800
2017-12-04,55.7044,55.7744,55.5898,55.6089,14801700
2017-12-05,55.6407,55.6725,55.5643,55.5770,9347600
2017-12-06,55.5706,55.6470,55.5133,55.5260,10081700
2017-12-07,55.5515,55.5833,55.4942,55.5515,8955900
2017-12-08,55.5961,55.6216,55.5579,55.6089,9100400
2017-12-11,55.6088,55.6343,55.5706,55.6216,11847900
2017-12-12,55.6725,55.6725,55.5897,55.5961,8846700
2017-12-13,55.6216,55.6725,55.5961,55.6279,7495000
2017-12-14,55.6025,55.6407,55.4306,55.5133,19337000
2017-12-15,55.5770,55.6024,55.5133,55.5197,14223900
2017-12-18,55.5388,55.6343,55.5324,55.5770,11735200
2017-12-19,55.5770,55.6088,55.4433,55.4624,10985000
2017-12-20,55.5133,55.5515,55.4433,55.5070,11857400
2017-12-21,55.5715,55.6099,55.5332,55.5651,11195700
2017-12-22,55.5971,55.6610,55.5588,55.6163,11136900
2017-12-26,55.5779,55.6994,55.5715,55.6994,5798900
2017-12-27,55.6674,55.7505,55.6674,55.7250,5625500
2017-12-28,55.7377,55.7505,55.6802,55.6994,6116500
2017-12-29,55.7058,55.8144,55.6674,55.7825,5116800
2018-01-02,55.8080,55.8464,55.7761,55.8336,7223500
2018-01-03,55.8336,56.1149,55.8336,56.1021,20557100
2018-01-04,56.1405,56.2491,56.1085,56.1980,13610900
2018-01-05,56.2364,56.2619,56.1788,56.2364,9851600
2018-01-08,56.2300,56.2748,56.1661,56.1917,9804000
2018-01-09,56.2492,56.2492,56.0062,56.0190,13550400
2018-01-10,55.9359,55.9743,55.7889,55.8975,33182000
2018-01-11,55.9487,56.0893,55.9103,56.0829,12911500
2018-01-12,55.9934,56.0702,55.9679,55.9871,12088500
2018-01-16,56.0254,56.0829,55.9039,55.9551,18474100
2018-01-17,55.9743,56.0574,55.9487,55.9615,16340400
2018-01-18,55.9359,55.9743,55.8720,55.9039,16134900
2018-01-19,55.8976,55.9679,55.8656,55.9615,14401800
2018-01-22,55.9295,56.0318,55.9295,56.0126,16674700
2018-01-23,56.0509,56.1916,56.0190,56.1788,11600300
2018-01-24,56.1277,56.1788,56.0318,56.0957,10746300
2018-01-25,56.1916,56.1916,56.0062,56.0574,11039300
2018-01-26,56.0765,56.1532,56.0190,56.1021,7164100
2018-01-29,56.0190,56.0510,55.8912,55.9039,19590800
2018-01-30,55.9039,55.9103,55.7058,55.7121,18469300
2018-01-31,55.8080,55.8847,55.7505,55.8080,12692800
2018-02-01,55.7605,55.8440,55.6707,55.7028,17920000
2018-02-02,55.5616,55.6065,55.3048,55.3497,24787000
2018-02-05,55.2919,55.5359,54.9389,55.0416,28071300
2018-02-06,54.8939,55.4396,54.8939,55.3754,33924300
2018-02-07,55.4524,55.6065,55.1186,55.1699,24298100
2018-02-08,55.1507,55.2085,54.6820,54.6885,25419300
2018-02-09,54.7462,54.8361,53.9695,54.5344,47230300
2018-02-12,54.6949,54.9902,54.6693,54.9068,23448100
2018-02-13,54.7719,54.8361,54.6371,54.7334,14679900
2018-02-14,54.5601,54.8490,54.5023,54.8297,19332400
2018-02-15,54.9581,55.2727,54.9581,55.2727,21931600
2018-02-16,55.2662,55.5359,55.2534,55.4973,29195600
2018-02-20,55.3369,55.4524,55.2791,55.3048,22740600
2018-02-21,55.3626,55.4524,55.0416,55.0544,15656700
2018-02-22,55.0801,55.2983,55.0415,55.0929,14626900
2018-02-23,55.1378,55.4781,55.0993,55.4588,15919500
2018-02-26,55.4974,55.6450,55.4589,55.5551,10996300
2018-02-27,55.5166,55.5295,55.3369,55.4075,13840900
2018-02-28,55.4717,55.5166,55.2855,55.3240,8751000
2018-03-01,55.3698,55.3827,54.9573,54.9573,24974200
2018-03-02,54.9895,55.2924,54.9702,55.2666,18767600
2018-03-05,55.1506,55.3053,55.1506,55.2666,9000200
2018-03-06,55.3182,55.3956,55.2280,55.3440,14462900
2018-03-07,55.2795,55.3053,55.1700,55.2087,8195200
2018-03-08,55.2731,55.2989,55.1764,55.2731,10201800
2018-03-09,55.3375,55.5116,55.2860,55.4729,8942600
2018-03-12,55.4278,55.4729,55.2924,55.3827,10126500
2018-03-13,55.3827,55.4536,55.1764,55.2087,19020400
2018-03-14,55.2538,55.2860,55.1184,55.1442,10802500
2018-03-15,55.1378,55.2667,55.1056,55.1829,8647900
2018-03-16,55.1958,55.3054,55.1636,55.2989,11006000
2018-03-19,55.2086,55.2280,55.0088,55.0733,14298800
2018-03-20,55.0604,55.2022,55.0604,55.1829,14317800
2018-03-21,55.1571,55.3053,55.1184,55.2022,8643700
2018-03-22,55.0733,55.1507,54.8606,54.8735,15972300
2018-03-23,54.9702,55.0347,54.6673,54.7317,21847400
2018-03-26,55.0089,55.0991,54.8671,55.0862,12454200
2018-03-27,55.0926,55.1893,54.9186,55.0346,12661500
2018-03-28,55.0153,55.0669,54.9122,55.0089,14642900
2018-03-29,55.0991,55.2344,55.0346,55.1958,10299600
2018-04-02,55.0851,55.1822,54.9363,54.9816,18902700
2018-04-03,55.0786,55.1433,54.9363,55.1369,12994100
2018-04-04,54.9427,55.2922,54.9427,55.2598,9677200
2018-04-05,55.2857,55.3828,55.2728,55.3051,10152000
2018-04-06,55.2728,55.3310,55.1174,55.1822,12680800
2018-04-09,55.2986,55.4022,55.2728,55.3892,9043200
2018-04-10,55.4605,55.6158,55.4475,55.5899,11434100
2018-04-11,55.5705,55.6546,55.5316,55.6093,7675500
2018-04-12,55.6740,55.8229,55.6352,55.8099,23692600
2018-04-13,55.8487,55.9199,55.8099,55.8423,16213400
2018-04-16,55.9070,55.9846,55.8358,55.9264,10781600
2018-04-17,56.0105,56.0817,55.9329,55.9523,15577600
2018-04-18,55.9911,56.0105,55.8746,55.8940,13745600
2018-04-19,55.7905,55.8099,55.6481,55.7193,19345500
2018-04-20,55.6869,55.7128,55.5704,55.5834,17693500
2018-04-23,55.5446,55.5510,55.3828,55.4345,15971100
2018-04-24,55.4540,55.5058,55.2534,55.3246,17872600
2018-04-25,55.2728,55.3569,55.1627,55.3310,15078400
2018-04-26,55.3763,55.5640,55.3440,55.5252,17479700
2018-04-27,55.5705,55.6028,55.4022,55.4993,7014700
2018-04-30,55.4604,55.5575,55.4540,55.4604,12473000
2018-05-01,55.4234,55.5014,55.3584,55.5014,18707700
2018-05-02,55.5014,55.5989,55.4494,55.4819,12057000
2018-05-03,55.5014,55.5014,55.3844,55.4754,21626200
2018-05-04,55.3779,55.5339,55.3454,55.5144,14862100
2018-05-07,55.5209,55.5858,55.5014,55.5663,23063900
2018-05-08,55.5339,55.5469,55.4429,55.4819,13693500
2018-05-09,55.4689,55.5924,55.4624,55.5729,10476200
2018-05-10,55.6119,55.7549,55.5989,55.7354,13375800
2018-05-11,55.7354,55.7874,55.6509,55.7159,8505100
2018-05-14,55.7094,55.7743,55.6119,55.7289,14695800
2018-05-15,55.6054,55.6314,55.4169,55.4559,20008800
2018-05-16,55.4819,55.5469,55.4299,55.5274,13028100
2018-05-17,55.4624,55.6053,55.4624,55.5598,13198300
2018-05-18,55.4689,55.5404,55.4559,55.5014,14241600
2018-05-21,55.4949,55.6119,55.4949,55.5794,7000400
2018-05-22,55.6054,55.6509,55.5729,55.6184,6220700
2018-05-23,55.5534,55.6639,55.4949,55.6639,13053100
2018-05-24,55.5794,55.7094,55.5794,55.6964,12468600
2018-05-25,55.6183,55.6573,55.5404,55.6053,12895700
2018-05-29,55.4819,55.5014,55.3454,55.3714,13519800
2018-05-30,55.4299,55.5599,55.4299,55.5404,15145000
2018-05-31,55.5599,55.5664,55.4754,55.4884,17391000
2018-06-01,55.5889,55.6411,55.5563,55.6150,12891000
2018-06-04,55.6673,55.7652,55.6412,55.7326,13830900
2018-06-05,55.7326,55.8305,55.6869,55.7979,10614100
2018-06-06,55.7587,55.9545,55.7391,55.9349,6920900
2018-06-07,55.9023,55.9937,55.8501,55.9545,13764400
2018-06-08,55.8827,55.9675,55.8631,55.9218,9784000
2018-06-11,55.9480,56.0459,55.9415,56.0263,10429300
2018-06-12,56.0329,56.1243,55.9937,56.0720,12432400
2018-06-13,56.0851,56.1765,56.0329,56.0916,9958900
2018-06-14,56.1960,56.2679,56.1634,56.2548,13954300
2018-06-15,56.2157,56.2483,56.1373,56.2222,16303700
2018-06-18,56.1765,56.2287,56.1308,56.2157,11512000
2018-06-19,56.1047,56.1634,56.0590,56.1373,12543200
2018-06-20,56.1961,56.2287,56.1634,56.1961,10422800
2018-06-21,56.1895,56.1895,56.0590,56.0786,8132500
2018-06-22,56.1700,56.2026,56.0655,56.0851,7385200
2018-06-25,55.9937,56.0198,55.9023,55.9545,13975400
2018-06-26,55.9545,55.9676,55.8827,55.9480,7503900
2018-06-27,55.9154,55.9545,55.7978,55.8305,13119200
2018-06-28,55.7195,55.7587,55.5955,55.6738,13829300
2018-06-29,55.7456,55.8305,55.5301,55.5432,17450500
2018-07-02,55.5045,55.6095,55.4783,55.5963,22438600
2018-07-03,55.6357,55.7144,55.5701,55.6029,10098600
2018-07-05,55.6750,55.8259,55.6685,55.8128,12729400
2018-07-06,55.8259,55.9570,55.8193,55.9570,9640300
2018-07-09,55.9832,56.0947,55.9767,56.0423,11517200
2018-07-10,56.0685,56.1210,56.0423,56.0488,7531700
2018-07-11,55.9964,56.0357,55.9374,55.9636,14111200
2018-07-12,56.0554,56.1669,56.0292,56.1406,10327300
2018-07-13,56.1865,56.2128,56.1406,56.1406,9860300
2018-07-16,56.1472,56.1538,56.0751,56.1013,7963100
2018-07-17,56.0620,56.1669,56.0357,56.1210,10721000
2018-07-18,56.1407,56.1866,56.0882,56.1472,12838600
2018-07-19,56.1144,56.1603,56.0620,56.1210,6907300
2018-07-20,56.1472,56.1931,56.1210,56.1472,9329000
2018-07-23,56.1800,56.1931,56.1275,56.1275,7459200
2018-07-24,56.1341,56.2849,56.1341,56.2456,11803700
2018-07-25,56.2587,56.3636,56.2128,56.3505,11342300
2018-07-26,56.3570,56.4029,56.3308,56.3570,9233600
2018-07-27,56.3636,56.3833,56.2718,56.3374,10811200
2018-07-30,56.3570,56.4029,56.2980,56.3570,8400500
2018-07-31,56.4620,56.4947,56.4292,56.4751,10709500
2018-08-01,56.4797,56.5587,56.4204,56.5258,23297900
2018-08-02,56.4797,56.5653,56.4533,56.5587,10989200
2018-08-03,56.5456,56.6312,56.5390,56.6048,6940500
2018-08-06,56.5522,56.7102,56.5522,56.7102,7521900
2018-08-07,56.5521,56.7892,56.5521,56.7365,8408200
2018-08-08,56.7233,56.7497,56.6904,56.7036,10103600
2018-08-09,56.7102,56.7299,56.6377,56.6641,6354700
2018-08-10,56.5719,56.6443,56.5192,56.5653,9473300
2018-08-13,56.6114,56.6114,56.4863,56.5258,10479000
2018-08-14,56.5587,56.6443,56.5455,56.6245,9767700
2018-08-15,56.5521,56.5719,56.4599,56.5258,14684800
2018-08-16,56.5784,56.6311,56.5455,56.5982,14931800
2018-08-17,56.5719,56.6838,56.5719,56.6641,15280900
2018-08-20,56.6970,56.7366,56.6575,56.6905,8174900
2018-08-21,56.7102,56.8287,56.6970,56.7761,9281400
2018-08-22,56.7695,56.8222,56.7695,56.7958,8297400
2018-08-23,56.7958,56.8485,56.7629,56.7892,7751800
2018-08-24,56.8221,56.9078,56.8024,56.8880,7458500
2018-08-27,56.9012,56.9407,56.8814,56.9078,5581700
2018-08-28,56.8814,56.9078,56.8485,56.8814,8175300
2018-08-29,56.8617,56.8946,56.8222,56.8485,7403700
2018-08-30,56.8551,56.8683,56.7826,56.8024,8481700
2018-08-31,56.8287,56.9144,56.8222,56.8748,9569300
2018-09-04,56.8094,56.8358,56.6969,56.7565,16029000
2018-09-05,56.7498,56.7697,56.6771,56.6969,13369200
2018-09-06,56.7499,56.7697,56.6969,56.7432,13137500
2018-09-07,56.6374,56.7300,56.6374,56.6837,12374700
2018-09-10,56.7498,56.8094,56.7300,56.7961,6997900
2018-09-11,56.7234,56.8689,56.7234,56.8093,17897800
2018-09-12,56.8292,56.9813,56.8292,56.9416,14041900
2018-09-13,56.9946,57.0871,56.9946,57.0475,10375800
2018-09-14,57.0409,57.1401,57.0343,57.1004,12945000
2018-09-17,57.0872,57.1004,57.0343,57.0607,13279900
2018-09-18,57.0740,57.1203,57.0409,57.0541,19882300
2018-09-19,57.0408,57.0739,56.9350,56.9482,14471100
2018-09-20,56.9615,57.0276,56.8358,57.0276,15360100
2018-09-21,57.0276,57.0673,57.0144,57.0409,10966700
2018-09-24,57.0144,57.0475,56.9350,57.0144,10229400
2018-09-25,56.9681,57.0012,56.9417,56.9681,13240400
2018-09-26,57.0078,57.1070,56.9945,57.0276,19504800
2018-09-27,57.0871,57.1467,57.0607,57.1334,7996600
2018-09-28,57.1136,57.1930,57.0673,57.1731,17085200
2018-10-01,57.2455,57.3385,57.2322,57.3385,22566000
2018-10-02,57.3120,57.3386,57.2588,57.2921,13577600
2018-10-03,57.3253,57.3452,57.0795,57.1393,17930600
2018-10-04,57.0197,57.0728,56.8602,56.9267,24935100
2018-10-05,56.9067,56.9200,56.6742,56.6742,25063300
2018-10-08,56.7074,56.7140,56.5280,56.5479,12869500
2018-10-09,56.5679,56.6808,56.5546,56.6343,19488500
2018-10-10,56.5480,56.5480,56.2158,56.2290,25204700
2018-10-11,56.3619,56.4748,56.1892,56.2755,37665300
2018-10-12,56.5479,56.6144,56.4350,56.5745,31877600
2018-10-15,56.5280,56.6011,56.5014,56.5346,16658500
2018-10-16,56.6410,56.7406,56.6343,56.7273,18955700
2018-10-17,56.6476,56.7140,56.5678,56.6143,18739400
2018-10-18,56.5745,56.6011,56.3752,56.3752,28653800
2018-10-19,56.5081,56.5214,56.3752,56.4084,20606400
2018-10-22,56.5413,56.5745,56.3885,56.4350,15049900
2018-10-23,56.2423,56.4084,56.1759,56.3818,20873200
2018-10-24,56.3951,56.4217,56.0828,56.1028,23827800
2018-10-25,56.2157,56.2556,56.0961,56.2157,29513700
2018-10-26,56.0164,56.1626,55.9234,55.9633,27424100
2018-10-29,56.0762,56.1028,55.8370,55.9101,23379400
2018-10-30,55.9234,56.0430,55.8038,56.0430,24105300
2018-10-31,56.1094,56.2024,56.0430,56.0430,23047900
2018-11-01,56.1465,56.3602,56.0864,56.3001,33115700
2018-11-02,56.3668,56.4403,56.1799,56.2667,19675800
2018-11-05,56.2667,56.3802,56.2400,56.3134,12299600
2018-11-06,56.3601,56.4603,56.3401,56.4603,14675500
2018-11-07,56.5137,56.8008,56.5137,56.7875,26155500
2018-11-08,56.6539,56.8075,56.6339,56.6473,20677500
2018-11-09,56.5338,56.5404,56.2734,56.3268,20869300
2018-11-12,56.3067,56.3601,55.9595,55.9795,22319600
2018-11-13,55.9929,56.0997,55.8393,55.8861,22907600
2018-11-14,55.9595,56.0797,55.6457,55.7792,44747700
2018-11-15,55.5455,55.7659,55.4120,55.7659,32332600
2018-11-16,55.5255,55.6190,55.4187,55.5990,64912800
2018-11-19,55.4521,55.5789,55.3519,55.4254,36567300
2018-11-20,55.2718,55.3986,55.2184,55.2517,21901900
2018-11-21,55.5322,55.6457,55.4654,55.5322,16560400
2018-11-23,55.3052,55.3519,55.2250,55.2250,9708100
2018-11-26,55.4387,55.5122,55.3586,55.4855,19807100
2018-11-27,55.3786,55.4654,55.3319,55.4587,14370700
2018-11-28,55.4921,55.9328,55.4587,55.9194,23513100
2018-11-29,55.8126,56.0129,55.7792,55.9328,17927900
2018-11-30,55.7926,55.9128,55.7859,55.8193,15081000
2018-12-03,56.1050,56.2257,56.0044,56.2056,27052900
2018-12-04,56.0916,56.1453,55.8032,55.8569,32066500
2018-12-06,55.5684,55.7294,55.4812,55.6623,27661900
2018-12-07,55.8435,55.9307,55.5551,55.5551,28901200
2018-12-10,55.5483,55.6422,55.3739,55.5953,23434700
2018-12-11,55.7898,55.8435,55.6490,55.6959,19243900
2018-12-12,55.8837,56.0647,55.8635,55.8769,17571500
2018-12-13,56.0044,56.0715,55.9575,56.0111,15859200
2018-12-14,55.9172,55.9910,55.7361,55.7764,16397600
2018-12-17,55.7294,55.7764,55.3672,55.4142,24124900
2018-12-18,55.5025,55.5496,55.1925,55.3138,25284300
2018-12-19,55.3407,55.4351,54.7477,54.8151,32062700
2018-12-20,54.6331,54.7140,53.9188,54.3366,68796100
2018-12-21,54.3097,54.5388,53.9794,54.0671,56295000
2018-12-24,54.0670,54.1479,53.6627,53.6627,18853600
2018-12-26,53.7301,54.5658,53.6088,54.5658,25010300
2018-12-27,54.2423,54.5657,54.1681,54.5320,31806100
2018-12-28,54.5792,54.8016,54.4849,54.6129,30106400
2018-12-31,54.7140,54.8084,54.6466,54.6534,14153600
2019-01-02,54.3973,54.6601,54.3501,54.5792,26977400
2019-01-03,54.5253,54.6938,54.4377,54.6062,32776600
2019-01-04,55.0375,55.5968,54.9701,55.5227,38754000
2019-01-07,55.6507,56.0618,55.6440,56.0618,38127600
2019-01-08,56.1966,56.4325,56.1090,56.4257,30795000
2019-01-09,56.5066,56.6144,56.4662,56.4931,40909400
2019-01-10,56.3785,56.7492,56.3044,56.7155,50520000
2019-01-11,56.4864,56.5942,56.4594,56.5335,19793300
2019-01-14,56.3853,56.4527,56.3044,56.3516,20137700
2019-01-15,56.3516,56.5672,56.3044,56.5403,24799000
2019-01-16,56.6144,56.7020,56.5807,56.6279,26508100
2019-01-17,56.5672,56.8031,56.5335,56.7829,24574400
2019-01-18,56.8907,57.0592,56.8705,56.9446,36236400
2019-01-22,56.8300,56.8368,56.4931,56.5672,25504200
2019-01-23,56.6481,56.7627,56.5201,56.6818,18529400
2019-01-24,56.6616,56.7559,56.5672,56.7425,17875500
2019-01-25,56.8503,56.9379,56.8368,56.8840,16775200
2019-01-28,56.7357,56.8301,56.6548,56.7964,14694100
2019-01-29,56.8435,56.8435,56.6279,56.7627,18717000
2019-01-30,56.8368,57.3018,56.8301,57.2142,25993500
2019-01-31,57.2007,57.4433,57.2007,57.3557,27070400
2019-02-01,57.3144,57.3821,57.2332,57.3279,24749900
2019-02-04,57.3347,57.4972,57.2805,57.4633,15968400
2019-02-05,57.5039,57.7274,57.4972,57.6664,33188300
2019-02-06,57.6190,57.6867,57.5581,57.6123,25936800
2019-02-07,57.4295,57.4769,57.3144,57.4160,27119400
2019-02-08,57.3482,57.4159,57.2602,57.4024,16728100
2019-02-11,57.3889,57.4566,57.3415,57.4295,10051800
2019-02-12,57.5988,57.7274,57.5920,57.7071,20174000
2019-02-13,57.7409,57.7545,57.5784,57.6258,25088400
2019-02-14,57.5310,57.6935,57.4498,57.6326,19406700
2019-02-15,57.7341,57.8560,57.7341,57.8154,24052000
2019-02-19,57.7477,57.8695,57.7206,57.8357,11317700
2019-02-20,57.8560,57.9169,57.7680,57.8830,9925700
2019-02-21,57.8492,57.9034,57.7815,57.8289,15479800
2019-02-22,57.8966,57.9982,57.8763,57.9440,12330300
2019-02-25,58.0252,58.1065,57.9643,57.9914,13698200
2019-02-26,58.0320,58.1336,57.9982,58.0659,16049300
2019-02-27,58.0862,58.1268,58.0388,58.0862,14818900
2019-02-28,58.0726,58.1065,58.0185,58.0523,21340600
2019-03-01,58.1761,58.2509,58.1421,58.2169,26455300
2019-03-04,58.2849,58.3121,58.0333,58.1285,16034400
2019-03-05,58.1285,58.1353,58.0469,58.1013,14510100
2019-03-06,58.0741,58.0877,57.9789,58.0061,16806400
2019-03-07,58.0265,58.0333,57.8565,57.9653,28101100
2019-03-08,57.7884,57.8836,57.6728,57.8700,21043400
2019-03-11,57.8497,58.0673,57.8361,58.0605,17922400
2019-03-12,58.0129,58.1965,57.9993,58.1625,20180500
2019-03-13,58.1965,58.3257,58.1829,58.3189,24524800
2019-03-14,58.2917,58.3665,58.2645,58.2781,12342500
2019-03-15,58.3189,58.4005,58.3121,58.3325,21775300
2019-03-18,58.3393,58.3665,58.2577,58.3121,10498900
2019-03-19,58.3529,58.4549,58.3121,58.3461,14067200
2019-03-20,58.3529,58.6861,58.2441,58.5977,31184400
2019-03-21,58.5229,58.6589,58.5093,58.5841,16400700
2019-03-22,58.4957,58.5161,58.3121,58.3733,27030400
2019-03-25,58.3325,58.4209,58.2441,58.3529,23592100
2019-03-26,58.4481,58.5841,58.4073,58.4957,18762700
2019-03-27,58.5297,58.6453,58.4005,58.5365,16706700
2019-03-28,58.5433,58.6521,58.5093,58.6521,19706700
2019-03-29,58.6997,58.8425,58.6861,58.8017,22358900
2019-04-01,58.8830,58.9308,58.7737,58.7874,21353900
2019-04-02,58.8010,58.8352,58.6986,58.8147,15129300
2019-04-03,58.8762,58.9513,58.8079,58.8352,13746500
2019-04-04,58.8420,58.9308,58.8284,58.9240,14435700
2019-04-05,58.9854,59.0810,58.9718,59.0332,14227000
2019-04-08,59.0059,59.0196,58.9513,58.9991,11472100
2019-04-09,58.9650,59.0264,58.9240,58.9581,19118700
2019-04-10,59.0333,59.2177,59.0333,59.2177,16767000
2019-04-11,59.2109,59.3270,59.1835,59.3065,20976100
2019-04-12,59.3748,59.4294,59.2791,59.3952,17442800
2019-04-15,59.3884,59.3884,59.3065,59.3543,13940000
2019-04-16,59.3952,59.4021,59.2996,59.3201,11543800
2019-04-17,59.3816,59.3816,59.1699,59.1767,11818600
2019-04-18,59.2791,59.2791,59.1357,59.2040,15295500
2019-04-22,59.1630,59.1904,59.0947,59.1016,24591400
2019-04-23,59.1767,59.3406,59.1425,59.3065,15094100
2019-04-24,59.3201,59.3201,59.2177,59.2245,11938800
2019-04-25,59.2176,59.2928,59.1288,59.2518,14369000
2019-04-26,59.3201,59.4089,59.3201,59.4021,11937200
2019-04-29,59.3884,59.4226,59.3747,59.3747,7601200
2019-04-30,59.4021,59.4499,59.3679,59.3816,11168100
2019-05-01,59.3925,59.5846,59.1799,59.1868,24574300
2019-05-02,59.2348,59.3171,59.1114,59.2280,24936600
2019-05-03,59.3446,59.3994,59.3103,59.3789,18522700
2019-05-06,59.1113,59.4131,58.9879,59.4063,18893700
2019-05-07,59.2622,59.2965,58.9536,59.0496,30266300
2019-05-08,59.0565,59.1937,59.0085,59.0702,27527500
2019-05-09,58.9810,59.0290,58.7684,58.9810,30890400
2019-05-10,58.9604,59.2005,58.8164,59.1456,33782400
2019-05-13,58.7684,58.8301,58.5901,58.6038,34801600
2019-05-14,58.7204,58.8713,58.6655,58.7341,18128500
2019-05-15,58.6381,58.8233,58.6038,58.7890,19543700
2019-05-16,58.8713,59.0633,58.8507,58.9673,29384100
2019-05-17,58.8439,59.0565,58.8439,58.9467,27089400
2019-05-20,58.9330,59.0427,58.8370,58.8918,15780000
2019-05-21,58.9811,59.0908,58.9811,59.0771,15004300
2019-05-22,59.0428,59.1251,58.9673,59.1251,14976200
2019-05-23,58.9605,58.9810,58.7615,58.8301,18333400
2019-05-24,58.8987,58.9673,58.7410,58.7478,17611600
2019-05-28,58.8164,58.8645,58.6381,58.6930,20544600
2019-05-29,58.6175,58.6587,58.4735,58.5352,25441900
2019-05-30,58.6381,58.7478,58.6038,58.6586,20311900
2019-05-31,58.4666,58.5352,58.2196,58.2334,34947400
2019-06-03,58.3271,58.4167,58.2031,58.3271,58940600
2019-06-04,58.5063,58.9197,58.5063,58.9128,34113300
2019-06-05,58.9679,59.0644,58.8646,59.0506,28368700
2019-06-06,59.0368,59.2297,58.9610,59.1746,23538600
2019-06-07,59.2573,59.4020,58.6785,59.3262,29934000
2019-06-10,59.4365,59.4916,59.3813,59.4158,17482200
2019-06-11,59.6087,59.7121,59.4089,59.4985,34293700
2019-06-12,59.4847,59.4985,59.3469,59.3607,18195500
2019-06-13,59.4640,59.5398,59.4296,59.4985,19438500
2019-06-14,59.4778,59.5053,59.4089,59.4571,8842000
2019-06-17,59.4227,59.4571,59.3400,59.3675,10554000
2019-06-18,59.6500,59.7879,59.6294,59.7810,22540400
2019-06-19,59.7396,60.0773,59.6363,60.0635,28212600
2019-06-20,60.2426,60.3942,60.1461,60.3666,48362000
2019-06-21,60.2082,60.2564,60.1737,60.1737,22467800
2019-06-24,60.1737,60.2013,60.1393,60.1668,13764100
2019-06-25,60.1599,60.1599,59.8705,59.9119,26173600
2019-06-26,60.0291,60.0566,59.8637,59.8844,19554600
2019-06-27,59.9877,60.0842,59.9601,60.0497,12995100
2019-06-28,60.0841,60.1186,60.0497,60.0703,14690800
2019-07-01,60.3029,60.3929,60.0745,60.0883,26036100
2019-07-02,60.1299,60.2545,60.1022,60.2199,20683200
2019-07-03,60.2475,60.4829,60.2337,60.4482,16237900
2019-07-05,60.2683,60.2752,60.1091,60.2060,17591400
2019-07-08,60.1783,60.1783,60.0814,60.0883,16679400
2019-07-09,60.0468,60.0745,60.0053,60.0192,19189100
2019-07-10,60.1645,60.2683,60.1368,60.1852,24497000
2019-07-11,60.2199,60.2199,59.9845,60.0676,19191200
2019-07-12,60.0676,60.1714,60.0191,60.1645,21291200
2019-07-15,60.1507,60.2614,60.1161,60.2060,10735200
2019-07-16,60.1991,60.1991,60.0261,60.0814,20147200
2019-07-17,60.1299,60.1299,59.9984,60.0053,9361300
2019-07-18,60.0122,60.0468,59.8738,60.0330,17236600
2019-07-19,60.0330,60.0607,59.9084,59.9292,14771000
2019-07-22,59.9984,60.1299,59.9707,60.1299,12852800
2019-07-23,60.1783,60.2545,60.1091,60.2337,14051800
2019-07-24,60.2199,60.2891,60.2060,60.2822,12713700
2019-07-25,60.3167,60.3167,60.1506,60.1991,14272500
2019-07-26,60.2960,60.3444,60.2683,60.3306,8512700
2019-07-29,60.3167,60.3236,60.1852,60.2406,14731800
2019-07-30,60.1437,60.2752,60.1022,60.2683,13794100
2019-07-31,60.3167,60.3929,59.9223,60.1645,23449700
2019-08-01,60.1554,60.4612,60.1137,60.1346,28839000
2019-08-02,60.1137,60.1137,59.8983,60.0442,23559600
2019-08-05,59.6828,59.6828,59.3214,59.4187,47727900
2019-08-06,59.6828,59.8566,59.5438,59.8010,28695000
2019-08-07,59.5577,59.8636,59.3909,59.7940,38028500
2019-08-08,59.8079,60.0651,59.8079,60.0303,27074700
2019-08-09,59.9261,60.0164,59.8288,59.9469,19090800
2019-08-12,59.7801,59.8705,59.6898,59.7384,17466700
2019-08-13,59.7315,60.0581,59.6898,60.0025,30078600
2019-08-14,59.7315,59.7523,59.4257,59.4674,29745300
2019-08-15,59.5716,59.7037,59.5299,59.6411,27296500
2019-08-16,59.7315,59.8636,59.7315,59.8427,15780200
2019-08-19,59.9539,60.0234,59.9261,60.0164,13603000
2019-08-20,60.0443,60.0999,59.9470,60.0651,16126800
2019-08-21,60.2180,60.3640,60.1763,60.3223,18334300
2019-08-22,60.4265,60.4891,60.2945,60.4335,20677200
2019-08-23,60.3222,60.5655,60.1068,60.1554,30340300
2019-08-26,60.3431,60.4544,60.2875,60.4544,14187800
2019-08-27,60.5725,60.5933,60.3223,60.4265,14722700
2019-08-28,60.4126,60.6003,60.3918,60.5725,13576000
2019-08-29,60.7045,60.7532,60.6003,60.6350,16271400
2019-08-30,60.7323,60.7393,60.4474,60.5794,14413600
2019-09-03,60.5313,60.5313,60.3009,60.4056,20561500
2019-09-04,60.5103,60.5522,60.4405,60.5313,13526700
2019-09-05,60.5871,60.8175,60.5732,60.7686,23399100
2019-09-06,60.8524,60.9361,60.7546,60.8244,25162700
2019-09-09,60.8593,60.9082,60.7407,60.8872,17484200
2019-09-10,60.8942,60.9431,60.7965,60.9222,14055800
2019-09-11,60.8873,60.9361,60.8454,60.9152,13999200
2019-09-12,60.9640,61.0268,60.9012,60.9501,23246400
2019-09-13,60.8454,60.9431,60.8035,60.8384,34407300
2019-09-16,60.9361,61.0617,60.8523,61.0548,23020800
2019-09-17,61.0757,61.0966,60.9640,61.0896,14626400
2019-09-18,61.0478,61.1036,60.8593,61.0548,15913800
2019-09-19,61.0198,61.1036,60.9570,60.9849,13327000
2019-09-20,61.0059,61.0827,60.9640,61.0618,23298400
2019-09-23,61.0129,61.0827,60.9989,61.0338,15456800
2019-09-24,61.0896,61.0966,60.8733,60.9501,21934200
2019-09-25,60.9012,60.9291,60.7476,60.8872,15142100
2019-09-26,60.8872,60.9082,60.7546,60.8454,13873100
2019-09-27,60.8384,60.8872,60.7267,60.7756,13419200
2019-09-30,60.7686,60.8454,60.7407,60.8454,21827700
2019-10-01,60.8594,60.8734,60.6561,60.7052,27665700
2019-10-02,60.6702,60.6772,60.2987,60.3478,33789500
2019-10-03,60.3548,60.4389,60.0955,60.3828,30387800
2019-10-04,60.4599,60.5791,60.4109,60.5720,17588600
2019-10-07,60.5300,60.6141,60.4459,60.5230,14542500
2019-10-08,60.4599,60.4949,60.2987,60.2987,15471500
2019-10-09,60.4599,60.5370,60.4459,60.4809,11351300
2019-10-10,60.4949,60.6071,60.4809,60.5580,11092800
2019-10-11,60.7192,60.8524,60.6702,60.8104,18661400
2019-10-14,60.8103,60.8804,60.7543,60.8524,9842600
2019-10-15,60.8594,61.0206,60.8314,60.9855,26321500
2019-10-16,60.9645,60.9785,60.9295,60.9365,11813000
2019-10-17,60.9785,61.0416,60.9715,61.0206,14814300
2019-10-18,61.0206,61.0626,60.9435,61.0346,21363700
2019-10-21,61.0837,61.0907,61.0486,61.0557,10090400
2019-10-22,61.0977,61.0977,61.0276,61.0696,15464300
2019-10-23,61.0766,61.1327,61.0346,61.1257,9097500
2019-10-24,61.1537,61.1958,61.0906,61.1958,14832800
2019-10-25,61.1818,61.2658,61.1818,61.2448,11593600
2019-10-28,61.2519,61.2799,61.2238,61.2378,10646500
2019-10-29,61.2308,61.2518,61.1117,61.1257,10655700
2019-10-30,61.1607,61.1678,60.9715,61.0486,24566400
2019-10-31,61.0346,61.0416,60.8243,60.8383,24576400
2019-11-01,60.9376,61.1628,60.9305,61.0994,23894100
2019-11-04,61.2121,61.2613,61.1839,61.2261,14135800
2019-11-05,61.2754,61.2824,61.0994,61.1628,21946800
2019-11-06,61.1628,61.1628,61.0713,61.0924,8976900
2019-11-07,61.1839,61.2120,61.0502,61.0643,15077600
2019-11-08,61.0572,61.1417,60.9728,61.1206,11692800
2019-11-11,61.0642,61.1135,61.0009,61.0854,4933600
2019-11-12,61.0502,61.1487,61.0361,61.0994,14690200
2019-11-13,61.0361,61.0643,61.0009,61.0361,15333600
2019-11-14,61.0432,61.0854,60.9798,61.0009,14965100
2019-11-15,61.0643,61.1910,61.0572,61.1839,12996200
2019-11-18,61.1346,61.1557,61.0783,61.1065,13135800
2019-11-19,61.0431,61.0502,60.8883,60.8883,20175500
2019-11-20,60.8531,60.9305,60.7546,60.7616,22566100
2019-11-21,60.8250,60.8390,60.7124,60.7757,17853800
2019-11-22,60.8672,61.0080,60.8039,61.0080,20394800
2019-11-25,61.0220,61.1839,61.0220,61.1698,16885300
2019-11-26,61.1910,61.2402,61.1558,61.2402,11469400
2019-11-27,61.2191,61.3317,61.1909,61.3176,11814700
2019-11-29,61.3036,61.3036,61.1769,61.1839,11519500
2019-12-02,61.2058,61.2058,61.0080,61.1422,20966400
2019-12-03,61.0009,61.0928,60.9303,61.0574,29757200
2019-12-04,61.0857,61.2623,61.0857,61.2411,12406800
2019-12-05,61.2835,61.3330,61.1705,61.3330,18158900
2019-12-06,61.4319,61.4743,61.3612,61.4177,16094700
2019-12-09,61.3965,61.4672,61.3965,61.4177,18034300
2019-12-10,61.4177,61.5732,61.3965,61.5661,15117100
2019-12-11,61.5803,61.7074,61.5308,61.6933,14127500
2019-12-12,61.7216,61.8982,61.7004,61.8346,18958100
2019-12-13,61.8558,61.9264,61.8205,61.8982,18088100
2019-12-16,61.9901,62.0537,61.9618,62.0183,17517400
2019-12-17,62.0253,62.2090,62.0253,62.2090,18650700
2019-12-18,62.2373,62.3503,62.2161,62.3221,31575700
2019-12-19,62.3320,62.3462,62.1973,62.2895,29429300
2019-12-20,62.3604,62.3887,62.1831,62.1973,31918800
2019-12-23,62.2185,62.2540,62.2044,62.2256,9720200
2019-12-24,62.2399,62.2753,62.2044,62.2753,4854900
2019-12-26,62.3533,62.3888,62.3178,62.3675,11382700
2019-12-27,62.4100,62.4100,62.3178,62.3391,11627100
2019-12-30,62.3959,62.4100,62.2328,62.2966,12524300
2019-12-31,62.2966,62.3604,62.2611,62.3533,8310800
2020-01-02,62.4668,62.6227,62.4313,62.6157,15756600
2020-01-03,62.4809,62.5944,62.4242,62.5518,17342200
2020-01-06,62.4738,62.5235,62.4313,62.4880,17936900
2020-01-07,62.4951,62.5093,62.4242,62.4313,9640300
2020-01-08,62.4455,62.5589,62.4100,62.4880,16088100
2020-01-09,62.5660,62.6582,62.5164,62.6511,16649500
2020-01-10,62.6582,62.6866,62.6086,62.6724,16182900
2020-01-13,62.6795,62.7149,62.6440,62.6724,17762400
2020-01-14,62.6582,62.7433,62.5944,62.6653,29157100
2020-01-15,62.6795,62.7716,62.6724,62.6795,24637900
2020-01-16,62.7291,62.7716,62.6653,62.7007,22349200
2020-01-17,62.7362,62.7575,62.6511,62.6511,29626700
2020-01-21,62.6369,62.7007,62.5164,62.5164,19724900
2020-01-22,62.6156,62.6582,62.5589,62.6298,17731800
2020-01-23,62.5235,62.5376,62.4100,62.4384,28566200
2020-01-24,62.4455,62.4455,62.1477,62.1760,40838300
2020-01-27,61.8570,61.9562,61.6584,61.7577,41372700
2020-01-28,62.0413,62.3675,61.9633,62.2895,32628300
2020-01-29,62.3746,62.5589,62.2398,62.2540,17308200
2020-01-30,62.0484,62.3320,62.0413,62.3178,20103300
2020-01-31,62.2541,62.2541,61.9633,62.0626,35659700
2020-02-03,62.1808,62.2805,62.0384,62.0526,25754700
2020-02-04,62.3018,62.4371,62.2876,62.4229,25063800
2020-02-05,62.5724,62.7006,62.5439,62.6792,36687700
2020-02-06,62.6578,62.7646,62.5653,62.7290,18329900
2020-02-07,62.6507,62.6934,62.5724,62.6365,12865100
2020-02-10,62.6222,62.7290,62.5724,62.7219,14220000
2020-02-11,62.8501,62.8572,62.7646,62.7646,16821500
2020-02-12,62.8857,62.9854,62.8430,62.9284,26688200
2020-02-13,62.8786,62.9854,62.8643,62.9498,13297900
2020-02-14,62.9712,63.0068,62.9071,62.9427,11398800
2020-02-18,62.9070,62.9427,62.7646,62.8145,26635300
2020-02-19,62.8786,62.9213,62.8358,62.8430,18547500
2020-02-20,62.8857,62.9711,62.7006,62.9498,31277000
2020-02-21,62.8999,62.9284,62.7718,62.8928,23027000
2020-02-24,62.3018,62.3730,62.0882,62.2164,57828300
2020-02-25,62.4870,62.5226,61.7251,61.7821,68418000
2020-02-26,61.8959,62.1238,61.6610,61.8461,69233800
2020-02-27,61.3264,61.7251,60.8920,61.0131,72596300
2020-02-28,60.3010,61.3406,60.3010,61.2623,97472600
2020-03-02,61.2480,61.7915,60.9547,61.7271,72357700
2020-03-03,61.7772,62.3565,61.3195,61.4625,58721000
2020-03-04,61.9775,62.3350,61.9274,62.3064,52664700
2020-03-05,61.7629,61.8702,61.3982,61.5198,62455700
2020-03-06,60.4541,60.9905,60.1394,60.8260,69860600
2020-03-09,56.9569,59.7103,56.9569,58.2085,73609600
2020-03-10,59.0881,59.2669,58.0225,59.1024,57598000
2020-03-11,58.1084,58.4230,57.3574,57.8151,60006600
2020-03-12,54.6254,57.3932,54.5182,55.5051,82926400
2020-03-13,57.3073,57.4146,55.8841,57.2501,69164600
2020-03-16,54.1534,55.5337,53.1378,54.1033,43080100
2020-03-17,54.0318,55.5695,53.3739,54.6111,68569400
2020-03-18,52.8160,53.4597,51.4286,52.2009,54289800
2020-03-19,51.3928,51.9721,50.6132,51.0280,45706300
2020-03-20,51.0710,51.5931,49.6406,49.8838,55796500
2020-03-23,50.0983,50.1484,48.2889,49.0828,48862100
2020-03-24,50.1269,51.4572,49.9911,51.1067,51304000
2020-03-25,51.6717,54.0461,51.5502,52.5443,45692600
2020-03-26,52.9304,54.9472,52.7087,54.9472,41965200
2020-03-27,53.9531,56.0486,53.8959,55.0903,66536800
2020-03-30,55.1404,55.8126,54.8114,55.5623,35016900
2020-03-31,55.3334,55.5766,55.0545,55.1189,31103400
2020-04-01,54.0371,54.1018,53.4549,53.6059,36859100
2020-04-02,53.4549,54.8422,53.3543,54.0228,31824800
2020-04-03,53.9078,54.0515,52.7002,52.8655,39986200
2020-04-06,53.9509,54.3103,53.7712,54.1521,32347800
2020-04-07,54.9356,55.1440,54.0802,54.1521,35120800
2020-04-08,54.5978,55.7981,54.4037,55.5609,46291400
2020-04-09,58.9176,60.4126,58.5726,59.1979,88846900
2020-04-13,58.8026,58.8817,57.8035,58.3498,40390500
2020-04-14,58.8745,59.0039,58.1988,58.5942,37632800
2020-04-15,57.6813,58.1557,57.4729,58.0479,34367500
2020-04-16,57.9041,58.0407,57.4513,57.9904,25821900
2020-04-17,58.4504,58.5079,58.1126,58.2851,38251800
2020-04-20,57.7100,58.0694,57.3003,57.4082,24676200
2020-04-21,56.7541,56.8260,56.2438,56.3588,42335600
2020-04-22,56.9697,57.0488,56.6678,56.8547,15720900
2020-04-23,56.9625,57.2572,56.5888,56.8260,23896700
2020-04-24,56.8691,56.9482,56.1791,56.2941,37915200
2020-04-27,56.5672,56.7325,56.4307,56.5241,20550700
2020-04-28,56.8332,56.8691,56.3803,56.6966,23927600
2020-04-29,57.0919,57.7604,56.9769,57.6957,34838300
2020-04-30,57.3938,57.9041,57.1638,57.8107,34636000
2020-05-01,57.2901,57.4345,56.7630,56.8135,31859400
2020-05-04,56.7051,56.9507,56.4669,56.7340,20400900
2020-05-05,56.9146,57.2251,56.9146,57.2251,26484200
2020-05-06,57.2828,57.3550,56.8785,56.9001,18823300
2020-05-07,57.1890,57.5572,57.0229,57.0445,19581700
2020-05-08,57.2828,57.5933,57.2395,57.5861,21770400
2020-05-11,57.4634,57.5645,57.2901,57.3262,14285100
2020-05-12,57.7016,57.7666,57.2540,57.2540,25332700
2020-05-13,57.2973,57.3478,56.8568,56.9507,29962000
2020-05-14,56.6546,56.9723,56.3080,56.7557,30429100
2020-05-15,56.5896,56.9290,56.4452,56.8351,34133400
2020-05-18,57.7378,57.8822,57.5211,57.8389,31900200
2020-05-19,57.7955,58.0771,57.6872,57.9111,18536500
2020-05-20,58.2143,58.6692,58.1638,58.5248,36053700
2020-05-21,58.5104,58.6548,58.3443,58.5104,23307300
2020-05-22,58.4526,58.7270,58.3515,58.6548,11311900
2020-05-26,59.0881,59.3263,58.6187,59.0953,27673800
2020-05-27,59.5141,59.5357,58.9653,59.2180,24905000
2020-05-28,59.3047,59.6080,59.1675,59.2758,23282500
2020-05-29,59.2469,59.6585,59.1241,59.5141,32189000
2020-06-01,59.3988,59.9860,59.3118,59.9642,46987000
2020-06-02,60.0585,60.5877,59.8918,60.5587,35930900
2020-06-03,60.8051,61.1675,60.7326,60.8413,35991000
2020-06-04,60.7761,60.8776,60.5442,60.6529,36405800
2020-06-05,61.3053,61.6388,61.1821,61.2256,35306500
2020-06-08,61.3706,61.3851,61.1458,61.2981,20493100
2020-06-09,60.9719,61.0009,60.5877,60.8196,28412400
2020-06-10,60.7399,61.0516,60.3557,60.7326,36663100
2020-06-11,59.8627,59.8917,59.0581,59.1741,48794500
2020-06-12,59.9787,60.0730,59.3336,59.7613,36156800
2020-06-15,59.3698,60.7326,59.2393,60.3412,39432300
2020-06-16,61.0734,61.1313,60.3919,60.5877,40976300
2020-06-17,60.5442,60.6167,60.2760,60.3050,17066700
2020-06-18,60.1382,60.3195,60.0440,60.2832,22223600
2020-06-19,60.3992,60.4354,59.9570,60.0802,32037600
2020-06-22,60.0730,60.1890,59.9425,60.0367,21536000
2020-06-23,60.2470,60.2687,60.0875,60.1237,17438000
2020-06-24,59.9352,60.0077,59.1088,59.5075,43720600
2020-06-25,59.3481,59.5655,59.0726,59.5293,31159700
2020-06-26,59.4496,59.4496,58.8841,58.9639,33705800
2020-06-29,59.0363,59.0436,58.3404,58.6304,76540200
2020-06-30,58.8261,59.2973,58.7754,59.1668,40554300
2020-07-01,59.2637,59.5257,59.2637,59.3510,28799100
2020-07-02,59.8679,60.0645,59.6714,59.7878,30623300
2020-07-06,60.1445,60.2319,59.9916,60.2173,22888200
2020-07-07,60.1518,60.3047,59.7878,59.8169,22408000
2020-07-08,59.7878,60.0571,59.7805,59.9770,21155700
2020-07-09,59.9771,60.0280,59.5694,59.8460,21655600
2020-07-10,59.7441,60.0863,59.6786,60.0499,17903400
2020-07-13,60.2755,60.3556,59.7150,59.7223,20039400
2020-07-14,59.7222,60.2609,59.7222,60.2318,31929700
2020-07-15,60.5958,60.6468,60.3556,60.5740,21291300
2020-07-16,60.5376,60.6395,60.4794,60.6323,17570400
2020-07-17,60.7706,60.8215,60.5740,60.7997,22863700
2020-07-20,60.8506,61.1928,60.7924,61.1636,16701600
2020-07-21,61.3675,61.5713,61.3456,61.4475,22331600
2020-07-22,61.5131,61.6004,61.3966,61.5713,15251400
2020-07-23,61.5641,61.6005,61.1273,61.5277,28434900
2020-07-24,61.3966,61.6587,61.3675,61.5859,14977500
2020-07-27,61.6805,61.7460,61.5204,61.7315,12931500
2020-07-28,61.6732,61.7315,61.5131,61.5713,14862900
2020-07-29,61.7606,61.9571,61.6587,61.9134,18012800
2020-07-30,61.7169,62.0736,61.6878,62.0445,54812400
2020-07-31,62.0226,62.1682,61.8043,62.1610,28623100
2020-08-03,62.1471,62.2055,62.0155,62.1763,17480600
2020-08-04,62.1032,62.1763,61.9790,62.1544,17120700
2020-08-05,62.1690,62.2933,62.1325,62.2640,14566000
2020-08-06,62.2640,62.4175,62.1982,62.4029,13258600
2020-08-07,62.3810,62.3810,62.1617,62.2494,14289900
2020-08-10,62.3152,62.3444,62.1325,62.2786,13708700
2020-08-11,62.3079,62.3225,61.6866,61.7159,20535400
2020-08-12,61.9863,62.1398,61.7305,61.7305,18003400
2020-08-13,61.7451,61.9863,61.5039,61.5624,28444900
2020-08-14,61.5478,61.6135,61.3358,61.4527,14072300
2020-08-17,61.5112,61.8474,61.4673,61.8182,13756500
2020-08-18,61.8474,61.9571,61.6939,61.9132,24900300
2020-08-19,61.8840,61.9717,61.6647,61.7378,18738300
2020-08-20,61.6355,61.9424,61.6282,61.9424,19912800
2020-08-21,61.9424,61.9863,61.8547,61.9351,17570600
2020-08-24,62.0521,62.2494,62.0448,62.2202,16058100
2020-08-25,62.2275,62.3298,62.0594,62.2859,24018600
2020-08-26,62.2933,62.3956,62.2494,62.2786,16243100
2020-08-27,62.3591,62.3810,62.0521,62.1837,19861800
2020-08-28,62.2201,62.3225,62.1909,62.2348,14418500
2020-08-31,62.2202,62.2933,62.1179,62.1471,21473800
2020-09-01,62.1625,62.5441,62.1111,62.4853,22774200
2020-09-02,62.5221,62.6615,62.3386,62.5588,15878600
2020-09-03,62.4487,62.4633,61.9130,62.1698,34169800
2020-09-04,62.2285,62.3313,61.6268,62.0011,36087300
2020-09-08,61.7442,61.9424,61.5755,61.6562,34967600
2020-09-09,61.9203,62.1845,61.8249,62.1405,32976800
2020-09-10,62.2359,62.2506,61.8249,61.8470,32866300
2020-09-11,61.8910,62.0011,61.7149,61.9717,20807100
2020-09-14,62.0965,62.1552,61.8396,61.9057,28958000
2020-09-15,62.0451,62.1698,61.9643,62.0744,22176900
2020-09-16,62.1185,62.3679,62.0157,62.0744,26951200
2020-09-17,61.8690,62.1258,61.8103,62.0084,25752400
2020-09-18,62.1331,62.1478,61.8249,61.8543,29891800
2020-09-21,61.5901,61.6635,61.1865,61.3553,42968900
2020-09-22,61.4287,61.6048,61.2892,61.5681,41396800
2020-09-23,61.6268,61.6268,60.8783,60.9443,39577800
2020-09-24,60.8123,61.1572,60.5848,60.9810,38755800
2020-09-25,60.9076,61.0250,60.7315,60.8709,36032200
2020-09-28,61.1865,61.3626,61.0471,61.2672,20277000
2020-09-29,61.3186,61.3553,61.1205,61.3186,20243400
2020-09-30,61.3186,61.6635,61.3113,61.5681,28797600
2020-10-01,61.7649,61.8238,61.6764,61.7796,31098000
2020-10-02,61.3743,61.8091,61.3743,61.7796,26284300
2020-10-05,61.8975,62.2586,61.8459,62.2439,27394000
2020-10-06,62.2586,62.4576,62.0670,62.1039,37848500
2020-10-07,62.2881,62.3692,62.2512,62.3249,20968200
2020-10-08,62.5239,62.5313,62.3765,62.4650,18738800
2020-10-09,62.5608,62.6639,62.4650,62.6050,21287800
2020-10-12,62.8040,62.9882,62.7377,62.9219,10503400
2020-10-13,62.7597,62.8334,62.5902,62.6418,25183100
2020-10-14,62.6123,62.6566,62.4355,62.4871,31620600
2020-10-15,62.2365,62.4797,62.1407,62.4429,32232100
2020-10-16,62.5387,62.5976,62.2881,62.3692,27456900
2020-10-19,62.4944,62.5386,62.1259,62.1481,20998100
2020-10-20,62.2586,62.4723,62.2512,62.3692,27650700
2020-10-21,62.3618,62.4945,62.2955,62.3618,26901600
2020-10-22,62.3545,62.5240,62.2365,62.4724,28977800
2020-10-23,62.5682,62.5829,62.3987,62.5461,20734700
2020-10-26,62.3176,62.3618,61.9712,61.9933,50102400
2020-10-27,62.0375,62.1554,61.9933,62.0228,30880900
2020-10-28,61.6175,61.6986,61.3964,61.5069,45794300
2020-10-29,61.4627,61.7133,61.3669,61.6838,37112600
2020-10-30,61.6322,61.8459,61.4848,61.8164,36801700
2020-11-02,62.0081,62.0599,61.7935,61.9637,25665400
2020-11-03,62.0896,62.4967,62.0896,62.4967,39777600
2020-11-04,62.6817,63.2145,62.6594,63.0813,57673400
2020-11-05,63.3848,63.5624,63.2220,63.3034,55079000
2020-11-06,63.3256,63.3404,62.9925,63.0813,25953400
2020-11-09,64.3025,64.3173,63.5328,63.5624,59347100
2020-11-10,63.4884,63.6956,61.7121,63.4736,39295700
2020-11-11,63.5920,63.5994,63.3774,63.4514,14416200
2020-11-12,63.3922,63.3922,63.0221,63.0221,43300100
2020-11-13,63.0961,63.3034,63.0887,63.2368,20277100
2020-11-16,63.5772,63.6216,63.4218,63.5920,28350400
2020-11-17,63.4884,63.7327,63.4440,63.6142,23747100
2020-11-18,63.6808,63.7548,63.4736,63.4958,22098900
2020-11-19,63.4366,63.7549,63.3922,63.7104,21704200
2020-11-20,63.5920,63.6661,63.5402,63.5920,48530200
2020-11-23,63.7549,63.8067,63.6216,63.6882,23790600
2020-11-24,63.8881,64.0361,63.8067,63.8807,26080100
2020-11-25,63.8733,63.9621,63.7919,63.8511,26510900
2020-11-27,63.9695,64.0213,63.9399,63.9547,7338500
2020-11-30,63.9695,63.9695,63.7623,63.8881,24256900
2020-12-01,64.0894,64.1935,64.0374,64.0523,26256700
2020-12-02,64.0671,64.3124,64.0151,64.2306,23705000
2020-12-03,64.2901,64.4238,64.2306,64.2678,20748400
2020-12-04,64.4016,64.5725,64.2901,64.5353,19362000
2020-12-07,64.4981,64.5279,64.4090,64.5056,17811300
2020-12-08,64.4758,64.5353,64.4238,64.4535,21408300
2020-12-09,64.5353,64.5353,64.2678,64.3569,36608500
2020-12-10,64.2604,64.5576,64.2455,64.4759,24251500
2020-12-11,64.4387,64.5427,64.3049,64.4090,17699600
2020-12-14,64.5204,64.5576,64.3495,64.4238,20705200
2020-12-15,64.5353,64.6467,64.4089,64.6244,25052800
2020-12-16,64.6022,64.6244,64.3495,64.5278,42386700
2020-12-17,64.6092,64.6763,64.5495,64.6241,23911400
2020-12-18,64.6540,64.7062,64.5793,64.6763,26741200
2020-12-21,64.4525,64.5793,64.3331,64.4450,30308300
2020-12-22,64.4898,64.5719,64.4301,64.5271,21975100
2020-12-23,64.6316,64.8479,64.6166,64.8181,15913900
2020-12-24,64.8778,64.9524,64.8703,64.9524,7327300
2020-12-28,65.0495,65.0868,64.9450,65.0345,22575500
2020-12-29,65.1464,65.1464,64.9450,64.9524,22893000
2020-12-30,64.9748,65.1240,64.9748,65.0867,21080100
2020-12-31,65.0718,65.1688,65.0420,65.1390,12059900
2021-01-04,65.2136,65.2136,64.8181,65.0047,34528300
2021-01-05,64.9300,65.1016,64.9002,65.0270,33725500
2021-01-06,64.9822,65.1688,64.8927,64.9076,37148100
2021-01-07,65.0494,65.1912,65.0121,65.0942,25868200
2021-01-08,65.1763,65.1986,65.0196,65.1912,27403600
2021-01-11,64.9300,65.0419,64.8330,64.8405,26608000
2021-01-12,64.8330,64.9673,64.7584,64.9226,41746100
2021-01-13,64.9002,65.1464,64.8778,65.1166,47710300
2021-01-14,65.1166,65.1986,65.0793,65.1016,25484800
2021-01-15,65.0195,65.1165,64.9524,64.9972,48134800
2021-01-19,65.1762,65.1986,65.0270,65.1837,24270500
2021-01-20,65.3777,65.3777,65.1912,65.3031,24534700
2021-01-21,65.2658,65.3404,65.1986,65.2658,20451400
2021-01-22,65.1240,65.2061,65.0494,65.1390,26615900
2021-01-25,65.1389,65.1688,64.9375,65.1539,28718200
2021-01-26,65.1315,65.1613,65.0494,65.0569,39103500
2021-01-27,64.9300,65.0793,64.7733,64.8703,46378600
2021-01-28,65.0345,65.2807,65.0195,65.0643,38836200
2021-01-29,65.0121,65.1912,64.8330,64.8927,46095900
2021-02-01,65.0110,65.1309,64.8987,65.1009,35620700
2021-02-02,65.2657,65.3480,65.2207,65.2582,29522300
2021-02-03,65.3031,65.4229,65.2806,65.3106,31911000
2021-02-04,65.4154,65.5053,65.3855,65.4454,21181100
2021-02-05,65.6251,65.6401,65.5128,65.5428,21653100
2021-02-08,65.5952,65.7375,65.5727,65.7375,16590100
2021-02-09,65.6401,65.7000,65.5802,65.6176,14404300
2021-02-10,65.6177,65.6626,65.5053,65.6027,20469400
2021-02-11,65.6326,65.6626,65.5577,65.6326,17047200
2021-02-12,65.5652,65.7450,65.5652,65.7375,17800100
2021-02-16,65.7000,65.7075,65.5802,65.6326,22264400
2021-02-17,65.4978,65.6102,65.4754,65.6102,20276700
2021-02-18,65.5053,65.5952,65.4454,65.5203,26366700
2021-02-19,65.6251,65.6251,65.5128,65.5278,28124800
2021-02-22,65.4304,65.4978,65.3256,65.3256,25455400
2021-02-23,65.2956,65.5353,65.1608,65.4829,29015900
2021-02-24,65.3855,65.5502,65.3256,65.5502,21791800
2021-02-25,65.4005,65.4679,64.8538,64.9287,59413400
2021-02-26,65.0635,65.0934,64.7115,64.7339,46615300
2021-03-01,65.1375,65.5058,65.0549,65.4607,48014200
2021-03-02,65.4983,65.5058,65.3330,65.3630,23988500
2021-03-03,65.2653,65.3179,65.1300,65.1526,30197000
2021-03-04,65.1977,65.3480,64.6941,64.9046,49020300
2021-03-05,65.0023,65.1751,64.7017,65.1000,46950100
2021-03-08,65.0624,65.1150,64.6114,64.6265,39868700
2021-03-09,64.7993,64.9722,64.6941,64.7167,31441100
2021-03-10,64.7994,65.0098,64.7467,64.9196,23776600
2021-03-11,65.0699,65.2803,65.0699,65.1601,27728500
2021-03-12,65.0549,65.0849,64.9121,64.9797,21842000
2021-03-15,64.9346,65.0474,64.8670,64.9872,14719400
2021-03-16,64.9572,65.0023,64.7693,64.8369,22931400
2021-03-17,64.7092,65.1225,64.6641,64.9271,28345800
2021-03-18,64.6791,64.7617,64.4160,64.4311,37150300
2021-03-19,64.5288,64.7467,64.3710,64.6791,47467800
2021-03-22,64.7843,65.0248,64.7467,64.9121,32979500
2021-03-23,64.8970,65.0098,64.8219,64.9797,24705800
2021-03-24,65.0399,65.2353,65.0173,65.0173,31374500
2021-03-25,64.9722,65.1300,64.9045,65.1300,24070300
2021-03-26,65.2052,65.3329,65.0624,65.3254,25948000
2021-03-29,65.2803,65.3856,65.1601,65.3630,17447500
2021-03-30,65.2578,65.2953,65.1901,65.2052,19622100
2021-03-31,65.2803,65.5434,65.2728,65.5208,41604700
2021-04-01,65.5842,65.6596,65.4937,65.6596,30806600
2021-04-05,65.6671,65.7425,65.6370,65.6897,20758300
2021-04-06,65.7048,65.8330,65.7048,65.8028,15367900
2021-04-07,65.8180,65.8481,65.7350,65.7803,15645400
2021-04-08,65.8556,65.8783,65.7878,65.8028,11052100
2021-04-09,65.7199,65.7652,65.6822,65.7576,17413100
2021-04-12,65.6822,65.7124,65.6219,65.6897,15464500
2021-04-13,65.6143,65.7576,65.5389,65.7350,20643500
2021-04-14,65.7501,65.8255,65.6747,65.7049,17992800
2021-04-15,65.8556,65.9688,65.8104,65.9688,20944400
2021-04-16,65.9839,66.0065,65.8330,65.8330,32509300
2021-04-19,65.7576,65.8255,65.6973,65.7275,23904900
2021-04-20,65.6521,65.7124,65.5766,65.6143,22901000
2021-04-21,65.5842,65.8330,65.5766,65.8330,19527000
2021-04-22,65.8481,65.8557,65.6973,65.7124,18506500
2021-04-23,65.7576,65.9461,65.7501,65.8858,14388700
2021-04-26,65.8934,65.9688,65.8255,65.8557,12746100
2021-04-27,65.8933,65.8933,65.7652,65.7652,17660600
2021-04-28,65.7878,65.9461,65.7350,65.8934,14795000
2021-04-29,66.0216,66.0216,65.8707,65.9688,17152900
2021-04-30,65.8858,65.9763,65.8707,65.9386,23367500
2021-05-03,66.0022,66.0779,65.9568,65.9644,15782400
2021-05-04,65.9113,65.9416,65.8054,65.9265,23089700
2021-05-05,65.9719,66.0703,65.9568,66.0551,13676300
2021-05-06,66.0475,66.0854,65.9416,66.0324,23110100
2021-05-07,66.0930,66.1384,66.0022,66.0778,17872700
2021-05-10,66.1005,66.1156,65.9265,65.9265,16580800
2021-05-11,65.7525,65.8962,65.6844,65.8584,28683600
2021-05-12,65.7676,65.8130,65.5406,65.5406,31630100
2021-05-13,65.6541,65.8281,65.6465,65.7751,28689600
2021-05-14,65.8659,65.9870,65.8432,65.9870,22550800
2021-05-17,65.9795,65.9871,65.8206,65.8660,13545000
2021-05-18,65.9568,65.9568,65.6995,65.7071,16447500
2021-05-19,65.5255,65.7071,65.5028,65.5331,34701000
2021-05-20,65.5860,66.0854,65.5860,65.8130,28013700
2021-05-21,65.8887,65.9265,65.7676,65.9114,36466200
2021-05-24,65.9643,66.0627,65.9038,65.9870,24277800
2021-05-25,66.0249,66.0400,65.9341,65.9946,15466600
2021-05-26,65.9492,66.0325,65.9492,66.0173,14354900
2021-05-27,66.1156,66.1156,65.9794,65.9870,12682100
2021-05-28,66.0552,66.0930,65.9644,65.9644,15464100
2021-06-01,66.0941,66.1701,66.0486,66.1625,22655300
2021-06-02,66.1625,66.2536,66.1397,66.2460,13698300
2021-06-03,66.0714,66.2232,66.0410,66.1093,16701800
2021-06-04,66.2232,66.2839,66.1776,66.2536,26829200
2021-06-07,66.2688,66.3143,66.2460,66.2764,9189800
2021-06-08,66.3826,66.3826,66.2839,66.3219,10983900
2021-06-09,66.4054,66.4206,66.3523,66.3751,13232200
2021-06-10,66.4282,66.5497,66.3978,66.4965,15290000
2021-06-11,66.5421,66.5724,66.4662,66.5193,12559600
2021-06-14,66.4965,66.4965,66.4054,66.4586,19408600
2021-06-15,66.4130,66.4813,66.3826,66.4510,16037000
2021-06-16,66.4510,66.4814,66.2460,66.3599,21267200
2021-06-17,66.3978,66.4282,66.3371,66.4054,21099000
2021-06-18,66.3067,66.3902,66.2688,66.3751,35134500
2021-06-21,66.4434,66.5041,66.3902,66.5041,21265000
2021-06-22,66.4814,66.5497,66.4434,66.5497,14604400
2021-06-23,66.5269,66.6180,66.4813,66.4813,16583100
2021-06-24,66.6104,66.6863,66.5800,66.6863,12722300
2021-06-25,66.6939,66.7698,66.6787,66.7546,16175000
2021-06-28,66.7850,66.7850,66.7015,66.7470,16019300
2021-06-29,66.7622,66.8306,66.7546,66.8306,12728000
2021-06-30,66.7850,66.8609,66.7774,66.8382,26093500
2021-07-01,66.9006,66.9692,66.8854,66.9692,31932400
2021-07-02,66.9996,67.0834,66.9692,67.0758,11464800
2021-07-06,67.0758,67.0910,66.9844,67.0377,17784300
2021-07-07,67.0987,67.1063,66.9768,67.0606,11463700
2021-07-08,66.8854,66.9768,66.8549,66.9158,21936400
2021-07-09,66.9387,67.0453,66.9311,67.0301,17698100
2021-07-12,67.0301,67.0453,66.9463,67.0073,17546700
2021-07-13,66.9692,66.9996,66.8016,66.8092,26938600
2021-07-14,66.8854,66.9387,66.8321,66.9158,16100200
2021-07-15,66.8549,66.8930,66.8168,66.8701,16384800
2021-07-16,66.9082,66.9082,66.7559,66.7787,17820400
2021-07-19,66.6188,66.6416,66.2532,66.3293,54224700
2021-07-20,66.3903,66.6721,66.3293,66.6645,26941300
2021-07-21,66.7102,66.8473,66.6949,66.8244,18522600
2021-07-22,66.8320,66.9158,66.7635,66.8625,17110500
2021-07-23,66.9387,67.0225,66.9006,66.9921,19441000
2021-07-26,66.9692,67.0072,66.8625,66.8930,15282700
2021-07-27,66.8016,66.8549,66.6950,66.8016,19919000
2021-07-28,66.8777,66.9158,66.7787,66.8549,15129200
2021-07-29,66.9006,67.0301,66.9006,66.9996,18675000
2021-07-30,66.9768,67.0072,66.9082,66.9082,21062100
2021-08-02,66.9946,67.0099,66.7424,66.7424,27274400
2021-08-03,66.7806,66.8341,66.6966,66.8188,16058700
2021-08-04,66.7653,66.8035,66.6965,66.6965,17113300
2021-08-05,66.7348,66.8800,66.7348,66.8494,15465700
2021-08-06,66.8112,66.8799,66.7653,66.7729,12923200
2021-08-09,66.7424,66.7577,66.6202,66.6202,10788700
2021-08-10,66.6278,66.6354,66.4597,66.4673,31522900
2021-08-11,66.5132,66.6049,66.4902,66.5743,15834400
2021-08-12,66.5743,66.7042,66.5514,66.6889,14127800
2021-08-13,66.7118,66.8341,66.7118,66.8341,10016800
2021-08-16,66.8188,66.8570,66.7500,66.8570,12598100
2021-08-17,66.7806,66.7883,66.6354,66.7042,18468400
2021-08-18,66.7118,66.7806,66.5513,66.5513,12147600
2021-08-19,66.4826,66.6354,66.4444,66.5437,20026700
2021-08-20,66.5590,66.7348,66.5514,66.7042,16784100
2021-08-23,66.7959,66.9334,66.7959,66.9105,21933100
2021-08-24,66.9258,67.0175,66.9029,67.0022,20828100
2021-08-25,67.0175,67.1092,66.9869,67.0710,19085400
2021-08-26,67.0634,67.0710,66.9258,67.0328,17676100
2021-08-27,67.0557,67.2391,67.0404,67.2162,18519700
2021-08-30,67.2315,67.3232,67.2162,67.3003,11640000
2021-08-31,67.2926,67.3232,67.2238,67.3155,19163900
2021-09-01,67.3347,67.4420,67.3193,67.3730,22973500
2021-09-02,67.4573,67.4727,67.4037,67.4573,16521300
2021-09-03,67.4267,67.4880,67.3730,67.4650,6491000
2021-09-07,67.4497,67.4497,67.2810,67.2887,11728800
2021-09-08,67.2964,67.3884,67.2350,67.3654,13020900
2021-09-09,67.3577,67.4420,67.3500,67.4267,23024700
2021-09-10,67.5187,67.5263,67.3194,67.3270,16112600
2021-09-13,67.4190,67.5033,67.3730,67.4957,17136900
2021-09-14,67.5187,67.5493,67.4344,67.4650,20108000
2021-09-15,67.4727,67.5647,67.4650,67.5647,17069500
2021-09-16,67.5416,67.5646,67.4190,67.5416,13859700
2021-09-17,67.5187,67.5263,67.4343,67.4573,38948500
2021-09-20,67.1507,67.3117,67.1124,67.2197,49641000
2021-09-21,67.3270,67.3654,67.2120,67.3347,27304200
2021-09-22,67.4343,67.5187,67.3424,67.4573,24344800
2021-09-23,67.4957,67.5800,67.4267,67.4880,27590300
2021-09-24,67.4267,67.4727,67.3500,67.3884,21713200
2021-09-27,67.2734,67.3730,67.2504,67.3270,17652900
2021-09-28,67.1967,67.2274,66.9821,67.0204,35515900
2021-09-29,67.0970,67.2350,67.0817,67.1430,19783400
2021-09-30,67.1814,67.2121,66.9821,67.0664,41680700
2021-10-01,67.1810,67.2810,67.0195,67.2272,30062800
2021-10-04,67.1810,67.2041,66.9733,66.9887,24726400
2021-10-05,67.0580,67.0810,66.9349,66.9580,22347700
2021-10-06,66.8118,66.9426,66.7349,66.9195,28905900
2021-10-07,67.0118,67.1425,66.8810,66.9272,29054000
2021-10-08,66.9118,66.9503,66.7272,66.7272,28064300
2021-10-11,66.7272,66.7656,66.5195,66.5195,16068400
2021-10-12,66.6042,66.7349,66.5888,66.6426,32922200
2021-10-13,66.6811,66.8195,66.5734,66.8195,29370400
2021-10-14,66.9502,67.2040,66.9425,67.1964,26937000
2021-10-15,67.2118,67.2118,67.0426,67.0810,29782900
2021-10-18,66.9272,67.0502,66.9041,67.0502,20338400
2021-10-19,67.0502,67.1041,67.0041,67.0964,26103300
2021-10-20,67.1041,67.1349,67.0579,67.1195,19720100
2021-10-21,67.1041,67.1349,66.9041,66.9503,19273600
2021-10-22,66.9272,66.9580,66.7580,66.7888,20734400
2021-10-25,66.8657,66.9734,66.7349,66.9041,20230000
2021-10-26,67.0041,67.0656,66.9195,66.9195,19617200
2021-10-27,66.9887,67.0118,66.8580,66.8656,18521300
2021-10-28,66.8964,67.0349,66.8964,67.0349,16374700
2021-10-29,66.9272,66.9503,66.8580,66.8580,26521600
2021-11-01,66.9174,66.9560,66.7785,66.7862,29987000
2021-11-02,66.7862,67.0022,66.7862,66.9482,26441600
2021-11-03,66.9019,67.0948,66.8865,67.0794,22984200
2021-11-04,67.1411,67.5578,67.1257,67.2569,28989800
2021-11-05,67.3572,67.5269,67.3186,67.5115,27595000
2021-11-08,67.5809,67.5963,67.3880,67.4266,11957900
2021-11-09,67.4266,67.4806,67.3417,67.4806,13732600
2021-11-10,67.3957,67.3957,67.0794,67.1025,30438400
2021-11-11,67.1488,67.1566,66.9868,66.9868,10086100
2021-11-12,67.0640,67.1643,67.0023,67.0100,26392400
2021-11-15,67.0563,67.0640,66.9174,66.9328,17057100
2021-11-16,66.9482,67.0254,66.9251,66.9637,14302000
2021-11-17,66.9868,67.0022,66.8942,66.8942,17919200
2021-11-18,66.9791,66.9791,66.8402,66.8402,23421300
2021-11-19,66.8402,66.9482,66.7862,66.7862,45282700
2021-11-22,66.8479,66.8711,66.5239,66.5316,26266000
2021-11-23,66.5316,66.6396,66.3773,66.4390,33967100
2021-11-24,66.3541,66.4390,66.1690,66.4236,31158800
2021-11-26,66.0532,66.0610,65.8449,65.9452,36123400
2021-11-29,66.2076,66.4545,66.1690,66.3542,31728900
2021-11-30,66.3233,66.4081,65.9838,66.0764,35465700
2021-12-01,66.3953,66.5269,66.0470,66.0857,41845200
2021-12-02,66.1244,66.6198,66.1166,66.5734,42383500
2021-12-03,66.6121,66.6508,66.4418,66.5734,47368800
2021-12-06,66.5966,66.9449,66.5733,66.8675,28211300
2021-12-07,67.1230,67.4016,67.0688,67.2236,42893500
2021-12-08,67.1772,67.2468,67.0998,67.2081,26598200
2021-12-09,67.1926,67.1926,66.9062,66.9062,24939100
2021-12-10,67.0069,67.0843,66.9836,67.0610,20247200
2021-12-13,67.0610,67.1230,67.0069,67.0610,17125800
2021-12-14,66.9604,67.0301,66.8288,66.9449,20310500
2021-12-15,66.9372,67.2236,66.8288,67.2004,31699000
2021-12-16,67.2284,67.2905,67.1041,67.1507,27374000
2021-12-17,67.0808,67.1973,66.9643,67.0885,27248200
2021-12-20,66.9021,67.0264,66.8710,66.9720,27560400
2021-12-21,67.0652,67.3371,67.0652,67.3293,24390500
2021-12-22,67.3060,67.5235,67.2983,67.5080,17433300
2021-12-23,67.5469,67.7410,67.5313,67.7022,15612100
2021-12-27,67.7100,67.8265,67.6789,67.7721,13396700
2021-12-28,67.7488,67.7643,67.6400,67.7410,17150700
2021-12-29,67.6944,67.7177,67.6167,67.6323,16760300
2021-12-30,67.6555,67.6555,67.5701,67.6012,12326100
2021-12-31,67.6245,67.6711,67.5624,67.5857,11505300
2022-01-03,67.5157,67.5546,67.3914,67.5546,35368400
2022-01-04,67.5779,67.5779,67.3215,67.3837,33609900
2022-01-05,67.3759,67.4070,66.8633,66.8633,44808500
2022-01-06,66.8788,67.0497,66.8400,66.8710,42823200
2022-01-07,66.8710,66.8788,66.6924,66.7001,34630100
2022-01-10,66.6147,66.7701,66.3118,66.7545,52621800
2022-01-11,66.7933,67.0652,66.6069,67.0652,32513100
2022-01-12,67.1662,67.2050,67.0652,67.1740,24621400
2022-01-13,67.1584,67.1895,66.9099,66.9332,31699700
2022-01-14,66.8866,66.9798,66.8011,66.8710,31046200
2022-01-18,66.6769,66.6846,66.4982,66.5448,46331500
2022-01-19,66.6613,66.7701,66.4594,66.4827,31390200
2022-01-20,66.6069,66.7778,66.3428,66.3584,38217700
2022-01-21,66.3584,66.4904,66.2807,66.3661,57098000
2022-01-24,66.1719,66.3428,65.8457,66.2962,79230800
2022-01-25,66.0943,66.2496,65.9467,66.1020,43642700
2022-01-26,66.3894,66.7001,65.7913,65.8768,63574900
2022-01-27,66.0399,66.1176,65.4418,65.5894,47351000
2022-01-28,65.4418,65.7836,65.2088,65.7758,51496700
2022-01-31,65.6360,65.8923,65.4185,65.7913,78932100
2022-02-01,65.9901,66.0915,65.7719,66.0525,42377300
2022-02-02,66.1850,66.2318,65.9589,66.1538,29261500
2022-02-03,65.8498,65.9044,65.5536,65.5614,44760800
2022-02-04,65.2963,65.4054,64.8597,65.3041,65508300
2022-02-07,65.1248,65.3743,65.0313,65.2574,37620700
2022-02-08,65.3119,65.3665,65.1560,65.1872,39549000
2022-02-09,65.4366,65.5770,65.4366,65.5302,37641800
2022-02-10,65.1248,65.3509,64.6571,64.6649,57751400
2022-02-11,64.8832,64.8988,64.2751,64.4388,58997100
2022-02-14,64.4310,64.5713,64.0958,64.3297,36550200
2022-02-15,64.5012,64.5558,64.3609,64.4388,32724800
2022-02-16,64.3998,64.8442,64.3452,64.7974,38996000
2022-02-17,64.6805,64.6805,64.4778,64.5246,30755200
2022-02-18,64.4622,64.6961,64.4076,64.6181,43848800
2022-02-22,64.5791,64.7428,64.3842,64.4700,37004300
2022-02-23,64.5869,64.6337,64.3375,64.3531,36545400
2022-02-24,63.8541,64.8442,63.7918,64.8130,56132500
2022-02-25,64.8754,65.1950,64.8754,65.1794,44118800
2022-02-28,64.8754,65.3899,64.8754,65.2262,54006400
2022-03-01,65.2786,65.4429,64.9030,65.0439,43268500
2022-03-02,65.0047,65.2238,64.8952,65.2003,41489200
2022-03-03,65.3177,65.3334,64.3240,65.0048,23594200
2022-03-04,64.8952,64.8952,64.5353,64.5822,32141100
2022-03-07,64.4648,64.4805,63.9641,64.0189,43675900
2022-03-08,64.0658,64.2301,63.7685,63.7919,57474500
2022-03-09,64.1676,64.4101,64.0424,64.3240,31143000
2022-03-10,63.9719,64.0580,63.7059,63.7841,46408900
2022-03-11,63.8702,63.8858,63.2677,63.3225,40097000
2022-03-14,63.2599,63.2755,62.5009,62.5714,61536700
2022-03-15,62.6965,63.1894,62.6730,63.0408,57385300
2022-03-16,63.3460,63.9563,63.0252,63.9250,66254800
2022-03-17,63.9797,64.3944,63.9641,64.3631,48573700
2022-03-18,64.2379,64.5822,64.1206,64.5744,59780500
2022-03-21,64.4649,64.5118,63.7059,63.8311,62364300
2022-03-22,63.8937,64.2145,63.7685,64.1597,40148600
2022-03-23,64.0502,64.1675,63.8389,63.9563,36294900
2022-03-24,63.9484,64.1128,63.7841,64.0893,18435800
2022-03-25,64.0971,64.0971,63.5807,63.6277,36497500
2022-03-28,63.5963,64.0423,63.5807,64.0267,26886100
2022-03-29,64.3162,64.8326,64.2771,64.8169,49781100
2022-03-30,64.6448,64.7074,64.4648,64.6213,43905200
2022-03-31,64.6996,64.7309,64.3710,64.3866,40717600
2022-04-01,64.2876,64.4447,64.1462,64.3819,31316100
2022-04-04,64.4369,64.8768,64.4212,64.8690,32710900
2022-04-05,64.7276,64.7904,64.0048,64.0284,51886400
2022-04-06,63.5884,63.9498,63.3920,63.5256,67118000
2022-04-07,63.5884,63.6670,63.4156,63.4234,42831400
2022-04-08,63.2270,63.4234,63.0306,63.0385,42177200
2022-04-11,62.8342,62.9049,62.5200,62.6064,42293400
2022-04-12,63.0385,63.3370,62.9049,63.0856,38031000
2022-04-13,63.1956,63.5413,63.1485,63.4627,31635500
2022-04-14,63.4627,63.5491,62.8735,63.0385,45130400
2022-04-18,62.9756,63.1328,62.8499,62.9363,20864100
2022-04-19,62.8185,62.9992,62.7400,62.8814,29920800
2022-04-20,63.0699,63.1956,62.9756,63.0778,25769700
2022-04-21,63.2349,63.2742,62.5907,62.6457,38695100
2022-04-22,62.5671,62.5828,62.1979,62.2686,28243000
2022-04-25,62.3786,62.8499,62.2764,62.7949,35914500
2022-04-26,62.7714,62.7714,62.4178,62.4257,31171600
2022-04-27,62.4335,62.5907,62.0564,62.1193,37598600
2022-04-28,62.2528,62.5592,62.0172,62.4650,30808800
2022-04-29,62.1743,62.2607,61.6558,61.6951,35697100
2022-05-02,61.6438,61.7542,61.3835,61.6990,38674400
2022-05-03,61.8331,62.1170,61.7936,62.0224,42665700
2022-05-04,62.0303,62.8189,61.5807,62.6533,55154900
2022-05-05,62.2826,62.3220,61.3677,61.5412,53807900
2022-05-06,61.2258,61.5176,61.0523,61.1943,39256900
2022-05-09,60.8314,60.9734,60.5081,60.5475,38442700
2022-05-10,61.0365,61.1469,60.6027,60.8946,48419700
2022-05-11,60.7289,61.1154,60.5239,60.5318,42473500
2022-05-12,60.4608,60.7132,60.2557,60.5081,49069700
2022-05-13,60.7131,60.7762,60.2793,60.5790,49084400
2022-05-16,60.6027,60.6974,60.3898,60.4923,33300100
2022-05-17,60.6185,60.6264,60.2872,60.4371,41666500
2022-05-18,60.1059,60.1374,59.8693,59.9402,47647800
2022-05-19,59.9008,60.4687,59.8377,60.3425,53929100
2022-05-20,60.5554,60.5712,60.1216,60.3030,56691000
2022-05-23,60.4450,60.6185,60.3977,60.5397,29917100
2022-05-24,60.3977,60.9340,60.3740,60.9024,42246500
2022-05-25,60.9734,61.8646,60.9419,61.8252,56661500
2022-05-26,62.0539,62.7164,61.8883,62.6849,64773400
2022-05-27,62.9372,63.2448,62.7874,63.2448,52813100
2022-05-31,62.8899,62.9846,62.5587,62.7007,68424700
2022-06-01,62.7299,62.9041,62.3499,62.4686,87646100
2022-06-02,62.4845,62.7379,62.3024,62.7299,34752500
2022-06-03,62.4449,62.4449,62.1678,62.2628,36008000
2022-06-06,62.3736,62.3895,61.7244,61.7957,35756100
2022-06-07,61.5898,62.0095,61.5423,61.9382,31499900
2022-06-08,61.7877,61.8115,61.3285,61.4077,25361600
2022-06-09,61.1702,61.3681,60.7981,60.9169,49468700
2022-06-10,60.3310,60.3468,59.6026,59.8797,59907000
2022-06-13,58.7871,58.8346,57.7103,57.8766,122714600
2022-06-14,58.1536,58.7712,57.8369,58.2566,62818600
2022-06-15,58.7475,59.6896,58.6208,59.3888,70628200
2022-06-16,58.5099,58.7079,57.9715,58.4466,61583400
2022-06-17,58.5812,59.0404,58.4387,58.6287,49281000
2022-06-21,58.9850,59.1196,58.5337,58.5891,45924600
2022-06-22,58.4862,58.7870,58.4387,58.5733,38204800
2022-06-23,58.7395,59.0483,58.6525,58.9929,30961800
2022-06-24,59.1829,59.6659,59.0562,59.4125,38198600
2022-06-27,59.4600,59.4600,59.0483,59.0483,25658200
2022-06-28,59.1354,59.2146,58.3912,58.3991,39303800
2022-06-29,58.3674,58.4228,58.1378,58.3120,36806800
2022-06-30,58.0586,58.4545,57.8449,58.2803,45139900
2022-07-01,58.4545,59.0351,58.4147,58.8362,38849300
2022-07-05,58.4625,58.8362,58.0807,58.7806,38316200
2022-07-06,58.6852,58.8522,58.4704,58.5579,44706000
2022-07-07,58.9237,59.5520,58.8760,59.5122,44430400
2022-07-08,59.2975,59.6157,59.1385,59.5600,31230300
2022-07-11,59.4884,59.5838,59.2100,59.2259,28213700
2022-07-12,59.2975,59.5679,59.2498,59.4645,24036500
2022-07-13,58.8522,59.5838,58.7885,59.4009,46874900
2022-07-14,58.9158,59.3532,58.5420,59.2896,53953100
2022-07-15,59.4645,60.0451,59.4566,60.0451,48360800
2022-07-18,60.1962,60.2201,59.4009,59.4645,33302800
2022-07-19,59.6793,60.3950,59.6793,60.2519,31028200
2022-07-20,60.4905,60.9358,60.3473,60.5143,82881900
2022-07-21,60.4586,61.2857,60.3871,61.2301,52282000
2022-07-22,61.3255,61.6675,60.9597,61.1505,51055800
2022-07-25,61.1983,61.3096,60.9597,61.1346,26032000
2022-07-26,60.9358,61.0074,60.6654,60.7052,24151200
2022-07-27,60.9756,61.6118,60.9756,61.3732,35075700
2022-07-28,61.6675,62.0493,61.4210,62.0015,42335900
2022-07-29,62.0015,62.3117,61.8345,62.1844,33606800
2022-08-01,61.9880,62.3393,61.8843,62.2036,31595600
2022-08-02,62.0918,62.1637,61.8763,61.9162,40604400
2022-08-03,62.0998,62.4751,61.9322,62.4591,35660900
2022-08-04,62.5469,62.6347,62.3633,62.6268,24386400
2022-08-05,61.8763,62.3633,61.7884,62.3074,31006700
2022-08-08,62.5469,62.7944,62.3154,62.3633,19465600
2022-08-09,62.2196,62.2435,61.8763,61.9002,24675700
2022-08-10,62.6906,62.8902,62.5868,62.8264,38121800
2022-08-11,63.2335,63.3294,62.3793,62.4671,37778700
2022-08-12,62.6907,63.0500,62.5070,63.0260,16912300
2022-08-15,62.9301,63.0739,62.7944,62.9142,18441100
2022-08-16,62.8583,62.8583,62.4830,62.6188,22963200
2022-08-17,62.1797,62.3074,61.9481,61.9721,28774600
2022-08-18,62.1238,62.1797,62.0040,62.0679,19089300
2022-08-19,61.7405,61.7725,61.3014,61.4371,45428900
2022-08-22,60.9661,60.9980,60.6867,60.7425,42014200
2022-08-23,60.7585,60.9980,60.5429,60.8942,33240000
2022-08-24,60.8703,61.0779,60.8064,60.9661,16917400
2022-08-25,61.1418,61.5889,61.0380,61.5410,20080000
2022-08-26,61.5729,61.5729,60.4711,60.5270,34460600
2022-08-29,60.1597,60.4950,60.0878,60.2954,28020200
2022-08-30,60.3593,60.4072,59.6407,59.8324,66233900
2022-08-31,59.8563,59.9761,59.4891,59.5050,39161800
2022-09-01,59.3333,59.7024,59.0605,59.6623,38499700
2022-09-02,60.1758,60.2319,59.5580,59.6221,22364500
2022-09-06,59.6221,59.6863,59.2531,59.4617,28820900
2022-09-07,59.5419,60.3282,59.5259,60.3202,26853200
2022-09-08,60.0955,60.6171,59.9993,60.5850,26928000
2022-09-09,60.8818,61.1145,60.6812,60.8257,29526800
2022-09-12,61.0423,61.1627,60.7936,61.0102,30276100
2022-09-13,60.1597,60.3122,59.5981,59.6221,47111300
2022-09-14,59.6623,60.1036,59.6221,59.7104,29672400
2022-09-15,59.6061,59.7264,59.3012,59.3333,46282300
2022-09-16,58.9722,59.5339,58.8679,59.5339,56479900
2022-09-19,59.3012,59.7666,59.2450,59.7585,26891900
2022-09-20,59.3895,59.4296,59.1086,59.1488,32769500
2022-09-21,59.2932,59.5660,58.6995,58.9723,37851300
2022-09-22,58.7717,58.8840,58.4106,58.6192,48278100
2022-09-23,58.2180,58.3544,57.6724,57.8730,53312000
2022-09-26,57.7046,57.9132,57.1750,57.1911,42287400
2022-09-27,57.6805,57.7046,56.8862,57.0707,45295500
2022-09-28,57.5040,58.1619,57.3194,58.0897,48935800
2022-09-29,57.7126,57.7447,57.2232,57.5441,38068800
2022-09-30,57.5521,57.9934,57.2713,57.2793,42928700
2022-10-03,57.7316,58.1590,57.6188,58.0300,48967900
2022-10-04,58.7798,59.2878,58.6750,59.2798,45901300
2022-10-05,58.7960,59.1830,58.5460,59.0459,47833500
2022-10-06,58.9814,59.2314,58.7798,58.8685,37196000
2022-10-07,58.5137,58.6750,58.1348,58.1509,33983000
2022-10-10,58.1106,58.1429,57.1834,57.4414,37759700
2022-10-11,57.5543,58.0703,57.4817,57.6188,46344600
2022-10-12,57.5785,57.9332,57.5785,57.7155,32784800
2022-10-13,56.8205,57.9816,56.7641,57.8445,48832500
2022-10-14,58.2074,58.3525,57.5140,57.6591,37152100
2022-10-17,58.1751,58.5379,58.1670,58.3686,33820000
2022-10-18,58.9653,59.1104,58.5218,58.7799,37648400
2022-10-19,58.3767,58.5702,58.0381,58.2154,33194000
2022-10-20,58.2235,58.6589,57.8365,57.8929,47281100
2022-10-21,57.7236,58.5218,57.6994,58.4493,60211200
2022-10-24,58.5057,58.6428,58.1832,58.4896,29551200
2022-10-25,58.6347,59.0620,58.6186,59.0540,37459200
2022-10-26,58.9088,59.4329,58.8201,59.2152,50552100
2022-10-27,59.3604,59.7797,59.1507,59.6506,49481500
2022-10-28,59.8684,60.2231,59.7635,60.1103,123446800
2022-10-31,59.8039,59.8119,59.1991,59.2072,60269700
2022-11-01,59.8466,59.8547,59.2558,59.5633,39586700
2022-11-02,59.5390,60.1299,58.9886,59.0210,50659500
2022-11-03,58.4140,58.7944,58.1874,58.6002,37507100
2022-11-04,58.9806,59.2558,58.6002,59.0049,39849100
2022-11-07,59.1263,59.1748,58.8268,58.9968,24913000
2022-11-08,59.0453,59.1425,58.7539,58.9401,39489200
2022-11-09,58.7620,58.8753,58.1307,58.2359,45728900
2022-11-10,59.8790,60.1137,59.4581,60.0490,67165700
2022-11-11,60.0732,60.4537,59.8385,60.2594,20934800
2022-11-14,60.0975,60.1299,59.7899,59.8142,37932800
2022-11-15,60.4132,60.4617,59.9518,60.3403,50673700
2022-11-16,60.2918,60.3565,60.1461,60.2108,31124900
2022-11-17,59.7414,60.0328,59.6766,59.9518,34338000
2022-11-18,60.2675,60.2675,59.9114,60.0813,31663800
2022-11-21,60.0166,60.1785,59.9114,60.0571,19070500
2022-11-22,60.1704,60.5346,60.1056,60.4941,24572500
2022-11-23,60.4456,60.9474,60.4294,60.8341,30316300
2022-11-25,60.8260,60.8503,60.6236,60.7127,9465900
2022-11-28,60.5427,60.6479,60.0490,60.0732,31668900
2022-11-29,60.0732,60.3808,59.9599,60.3322,27162300
2022-11-30,60.3808,61.2630,60.2108,61.2388,41702100
2022-12-01,61.4249,61.4981,61.1079,61.4655,42134200
2022-12-02,60.9535,61.4412,60.9535,61.4168,27535800
2022-12-05,61.1892,61.2055,60.7096,60.8315,29736500
2022-12-06,60.8559,60.9616,60.4983,60.6121,24976800
2022-12-07,60.5958,61.0185,60.5958,60.9454,24614200
2022-12-08,61.0185,61.0754,60.7990,60.9941,23839500
2022-12-09,60.8153,61.2217,60.8153,60.9941,20687300
2022-12-12,61.1404,61.2867,61.0429,61.2298,22415700
2022-12-13,62.2702,62.3434,61.5224,61.8638,45923300
2022-12-14,61.7826,61.9451,61.1404,61.5143,57177300
2022-12-15,61.2087,61.3721,60.9799,61.2823,41666500
2022-12-16,60.9309,61.1270,60.8002,60.9554,38197100
2022-12-19,60.7185,60.8410,60.5142,60.6449,24135100
2022-12-20,60.3426,60.6204,60.2119,60.4897,32917800
2022-12-21,60.7920,61.1189,60.7430,61.0045,23211500
2022-12-22,60.7675,60.8655,60.3998,60.6286,26893700
2022-12-23,60.5305,60.8329,60.4243,60.7838,13196500
2022-12-27,60.7266,60.7675,60.1220,60.1547,22108000
2022-12-28,60.2527,60.3263,59.3131,59.3457,41064800
2022-12-29,59.5827,60.1547,59.4438,60.1138,33378900
2022-12-30,59.9096,60.1955,59.8769,60.1629,15170300
2023-01-03,60.5551,60.6204,60.1874,60.2772,28787700
2023-01-04,60.6776,61.0044,60.4570,60.9717,37120100
2023-01-05,60.7593,60.9064,60.6122,60.8492,35142000
2023-01-06,61.1760,61.9196,61.0371,61.7153,60041200
2023-01-09,61.8951,62.0667,61.8052,61.9359,35806900
2023-01-10,61.9033,61.9931,61.7153,61.8624,35695500
2023-01-11,62.0994,62.3036,61.9768,62.2710,31826700
2023-01-12,62.4262,62.6713,62.1402,62.6223,29404900
2023-01-13,62.3118,62.7285,62.2791,62.6223,26301500
2023-01-17,62.5243,62.5488,62.3363,62.4099,30961200
2023-01-18,62.7939,62.9818,62.4670,62.4834,52989700
2023-01-19,62.2709,62.3690,62.0585,62.1157,50070900
2023-01-20,62.0994,62.2383,61.8788,62.2383,36625400
2023-01-23,62.1811,62.4017,62.0748,62.2301,26764800
2023-01-24,62.1075,62.3036,62.0013,62.2710,27774500
2023-01-25,62.0666,62.3281,62.0013,62.2627,25857700
2023-01-26,62.3935,62.4834,62.1729,62.4180,25512400
2023-01-27,62.3200,62.4017,62.1402,62.2301,35813400
2023-01-30,62.0013,62.1239,61.8706,61.8869,32002000
2023-01-31,62.0503,62.3935,62.0340,62.3690,41006600
2023-02-01,62.3838,63.2048,62.2196,63.0242,46900900
2023-02-02,63.4840,63.5004,63.2787,63.3855,56399900
2023-02-03,62.8928,63.1063,62.6712,62.7204,39682300
2023-02-06,62.4495,62.4823,62.2278,62.3181,40944200
2023-02-07,62.2606,62.6958,62.2196,62.5398,37101300
2023-02-08,62.4495,62.5316,62.1457,62.2771,34066600
2023-02-09,62.4905,62.4905,61.8173,61.8747,42581900
2023-02-10,61.6038,61.7844,61.3246,61.3985,65905000
2023-02-13,61.4396,61.7598,61.3739,61.5545,38741300
2023-02-14,61.4396,61.7352,61.1768,61.5709,54193600
2023-02-15,61.3492,61.4806,61.2343,61.4724,44897600
2023-02-16,61.2015,61.2425,60.9469,60.9798,89945400
2023-02-17,60.8813,61.3164,60.6514,61.2179,75910300
2023-02-21,60.6349,60.7827,60.0273,60.2737,98782400
2023-02-22,60.4297,60.9141,60.4297,60.6678,70093300
2023-02-23,60.9469,61.3575,60.8648,61.2672,47908100
2023-02-24,60.7581,61.0208,60.6924,60.8977,47576500
2023-02-27,61.1850,61.3903,61.0701,61.3082,40292000
2023-02-28,61.2836,61.2836,61.1029,61.1933,32999000
2023-03-01,61.1933,61.2098,60.8711,61.0198,45341400
2023-03-02,60.6976,61.1685,60.6976,61.0941,37886100
2023-03-03,61.3667,61.7963,61.2676,61.7219,50123300
2023-03-06,61.8623,61.9449,61.6724,61.7219,33430800
2023-03-07,61.7302,61.7632,61.2758,61.2841,40222100
2023-03-08,61.3254,61.4245,60.8711,60.9950,54303900
2023-03-09,61.0528,61.3089,60.5902,60.6563,52669500
2023-03-10,60.6976,61.0858,60.4415,60.6646,81516000
2023-03-13,60.4581,61.1106,60.1607,60.3342,78478100
2023-03-14,60.8711,61.0528,60.5242,60.7720,66395600
2023-03-15,60.1442,60.6315,59.9790,60.5737,81454700
2023-03-16,60.4085,61.0859,60.3176,60.9702,63386700
2023-03-17,60.6646,60.9455,60.4994,60.6068,55132200
2023-03-20,60.4911,60.7637,60.3589,60.4415,38540800
2023-03-21,60.8381,61.1933,60.7141,61.1024,38203400
2023-03-22,61.1106,61.7797,60.8876,61.1602,55263500
2023-03-23,61.1520,61.4328,60.7307,60.9207,54660900
2023-03-24,60.6729,60.8711,60.6233,60.7968,44225600
2023-03-27,60.9206,61.0115,60.6480,60.6480,30905100
2023-03-28,60.5324,60.6894,60.4168,60.6150,38277200
2023-03-29,60.8381,61.3832,60.8381,61.3750,44457300
2023-03-30,61.5154,61.7467,61.3502,61.7384,37130200
2023-03-31,61.9284,62.4901,61.9119,62.4075,54218900
2023-04-03,62.3511,62.4839,62.2100,62.3594,43302900
2023-04-04,62.3594,62.4507,62.1104,62.1768,46144300
2023-04-05,62.1353,62.1934,61.7536,61.8283,37633900
2023-04-06,61.7288,62.2018,61.6458,62.1022,35719600
2023-04-10,61.8864,62.0773,61.7454,62.0441,29083900
2023-04-11,62.0441,62.3179,61.9943,62.1768,28875100
2023-04-12,62.4922,62.5503,62.1105,62.1603,41457600
2023-04-13,62.2681,62.7494,62.2681,62.5834,95864000
2023-04-14,62.5669,62.6913,62.3013,62.4673,43767600
2023-04-17,62.2930,62.3677,62.0773,62.3013,26391100
2023-04-18,62.4507,62.5337,62.2184,62.3428,28030700
2023-04-19,62.0939,62.2266,62.0524,62.0939,26979400
2023-04-20,61.9445,62.1354,61.8615,62.0358,30203900
2023-04-21,62.1354,62.2598,61.9777,62.2266,33061800
2023-04-24,62.2598,62.4507,62.1934,62.4009,24661600
2023-04-25,62.3677,62.4839,62.2432,62.3013,34575300
2023-04-26,62.2847,62.3262,61.9694,62.0607,33762700
2023-04-27,62.1768,62.4424,62.0690,62.2681,39687600
2023-04-28,62.2847,62.6333,62.2847,62.5337,33821100
2023-05-01,62.4470,62.5053,62.1136,62.2470,37748300
2023-05-02,62.2470,62.2886,61.9803,62.1886,39045300
2023-05-03,62.2553,62.5387,62.1386,62.1553,33178300
2023-05-04,61.9886,62.0136,61.7469,61.9720,45207600
2023-05-05,62.1553,62.3887,62.0720,62.3053,31591500
2023-05-08,62.2553,62.2553,61.9886,62.1303,18367400
2023-05-09,61.9636,62.0720,61.8969,61.9720,21732900
2023-05-10,62.3136,62.4387,62.1136,62.3470,35392700
2023-05-11,62.2886,62.3136,62.1803,62.2470,25265500
2023-05-12,62.2386,62.3303,61.9053,62.0219,27553200
2023-05-15,62.0303,62.0803,61.9220,62.0053,19764500
2023-05-16,61.8886,61.9053,61.5136,61.5719,40998700
2023-05-17,61.6386,61.9553,61.6136,61.7386,38534100
2023-05-18,61.5553,61.8303,61.5136,61.7719,29129200
2023-05-19,61.8303,61.9720,61.7303,61.8386,36044900
2023-05-22,61.8553,62.2303,61.8553,62.1136,34897700
2023-05-23,61.9970,62.0720,61.7303,61.7886,32415500
2023-05-24,61.6136,61.6886,61.2302,61.3552,38083200
2023-05-25,61.5803,61.5969,61.2969,61.3136,21457900
2023-05-26,61.3802,61.7636,61.3552,61.6886,23547600
2023-05-30,61.9636,61.9636,61.7469,61.9553,27482600
2023-05-31,61.7886,61.8803,61.6302,61.7636,43393600
2023-06-01,61.7996,62.2267,61.7829,62.1346,42425700
2023-06-02,62.3523,62.6119,62.2183,62.4528,49950900
2023-06-05,62.4025,62.4276,62.2518,62.4025,24080200
2023-06-06,62.3439,62.5198,62.2350,62.5030,23006600
2023-06-07,62.5533,62.6286,62.0843,62.1597,32340900
2023-06-08,62.1597,62.5867,62.1597,62.5532,33987800
2023-06-09,62.6035,62.6872,62.5449,62.5700,27016700
2023-06-12,62.6286,62.6370,62.3690,62.5030,30629500
2023-06-13,62.6621,62.7542,62.4863,62.5784,39425900
2023-06-14,62.6370,62.7961,62.3104,62.6035,32864600
2023-06-15,62.6872,62.9301,62.6537,62.9050,42412300
2023-06-16,62.8798,62.8966,62.7207,62.7459,47560800
2023-06-20,62.6454,62.7459,62.5784,62.5784,31930500
2023-06-21,62.4528,62.5533,62.2937,62.4193,39751900
2023-06-22,62.2769,62.3691,62.2183,62.2351,31504700
2023-06-23,62.1429,62.1848,61.9671,62.1262,33811100
2023-06-26,62.1346,62.2434,62.0425,62.1597,36111900
2023-06-27,62.2267,62.4277,62.2099,62.3690,31707600
2023-06-28,62.3607,62.7291,62.3188,62.7291,35679600
2023-06-29,62.5030,62.5700,62.3272,62.5616,41712000
2023-06-30,62.7710,63.0054,62.7123,62.8631,35842000
2023-07-03,62.8740,62.8825,62.7393,62.7646,13046500
2023-07-05,62.7394,62.7562,62.4699,62.5710,37947100
2023-07-06,62.1163,62.1837,61.9479,62.1163,52251100
2023-07-07,62.0995,62.5793,62.0742,62.1752,42269100
2023-07-10,62.2342,62.5541,62.2258,62.4868,45752200
2023-07-11,62.6467,62.8235,62.5457,62.8235,32000700
2023-07-12,63.2192,63.4045,63.1603,63.3119,42820700
2023-07-13,63.5644,63.7581,63.4886,63.6907,33954200
2023-07-14,63.6234,63.6739,63.1856,63.2277,36081800
2023-07-17,63.1940,63.4465,63.1435,63.3455,28836600
2023-07-18,63.3960,63.6065,63.3708,63.5223,25990800
2023-07-19,63.6402,63.6907,63.5307,63.5728,26794800
2023-07-20,63.3202,63.3960,63.1266,63.2950,27028500
2023-07-21,63.3118,63.5560,63.3118,63.4550,37447800
2023-07-24,63.5055,63.5981,63.3287,63.3455,20925500
2023-07-25,63.2782,63.3708,63.1940,63.3034,30067600
2023-07-26,63.2782,63.6149,63.2445,63.5560,33068400
2023-07-27,63.6739,63.7244,62.9161,63.0508,48675800
2023-07-28,63.3203,63.4634,63.2697,63.4129,27588400
2023-07-31,63.4971,63.6486,63.4634,63.5644,30744800
2023-08-01,63.4105,63.4105,63.1736,63.2497,34529700
2023-08-02,62.9790,63.0382,62.8183,62.9790,37500500
2023-08-03,62.7760,62.9029,62.6745,62.7760,30348000
2023-08-04,63.1482,63.3935,63.0805,63.1482,37411900
2023-08-07,63.2667,63.3005,63.1059,63.2667,19412600
2023-08-08,63.2243,63.4443,63.1567,63.4020,32545600
2023-08-09,63.4105,63.4866,63.2751,63.4105,27569200
2023-08-10,63.4527,63.7404,63.2243,63.3935,43697200
2023-08-11,63.1736,63.3259,63.0890,63.3005,23329000
2023-08-14,63.1905,63.3851,63.0805,63.2920,28545100
2023-08-15,63.1229,63.2667,63.0636,63.0890,32968600
2023-08-16,63.0636,63.2328,62.8944,62.8944,31759400
2023-08-17,62.9283,62.9536,62.4799,62.6322,38546600
2023-08-18,62.5053,62.8691,62.4799,62.6745,44130500
2023-08-21,62.6660,62.7168,62.4630,62.6576,30768700
2023-08-22,62.7929,62.8183,62.6407,62.6914,18135400
2023-08-23,62.9367,63.2920,62.9367,63.1990,33378000
2023-08-24,63.2074,63.2074,62.7845,62.8521,34336100
2023-08-25,62.8691,63.1905,62.8183,63.1144,31149300
2023-08-28,63.3597,63.3851,63.1821,63.3512,21461600
2023-08-29,63.2836,63.7488,63.2582,63.7488,42178200
2023-08-30,63.7488,63.8503,63.6642,63.7234,29458200
2023-08-31,63.6727,63.7657,63.5796,63.6812,30824500
2023-09-01,63.9030,63.9455,63.6140,63.8010,33213100
2023-09-05,63.7075,63.7075,63.3336,63.3845,29500600
2023-09-06,63.3250,63.3590,63.1041,63.2316,30797500
2023-09-07,63.1296,63.4780,63.1296,63.4440,28757400
2023-09-08,63.5715,63.6395,63.3675,63.4185,26389100
2023-09-11,63.5035,63.5290,63.3760,63.5290,29159400
2023-09-12,63.3675,63.5375,63.3675,63.4270,21668500
2023-09-13,63.4015,63.6650,63.4015,63.5970,27498900
2023-09-14,63.6650,63.7415,63.5970,63.6735,29575900
2023-09-15,63.4865,63.6140,63.4355,63.4355,41636900
2023-09-18,63.3590,63.5460,63.3590,63.4780,19549700
2023-09-19,63.3420,63.4355,63.2400,63.2825,33937200
2023-09-20,63.4270,63.5375,63.2231,63.2316,26715100
2023-09-21,62.9766,63.0276,62.7811,62.7811,43327300
2023-09-22,62.9086,63.1211,62.8831,62.8916,36657300
2023-09-25,62.7301,62.9171,62.6621,62.8066,30197500
2023-09-26,62.7556,62.7981,62.4922,62.5346,39193000
2023-09-27,62.7131,62.7641,62.3392,62.4497,45532200
2023-09-28,62.3392,62.7726,62.3052,62.7471,45776600
2023-09-29,63.0106,63.0701,62.6451,62.6536,51698300
2023-10-02,62.4529,62.5725,62.1966,62.2735,69255900
2023-10-03,62.0257,62.1966,61.6156,61.6412,77754200
2023-10-04,61.7865,62.0513,61.6156,61.9573,138971500
2023-10-05,61.9146,62.0940,61.8548,62.0171,56138500
2023-10-06,61.7694,62.2137,61.5985,62.1026,52741500
2023-10-09,62.1111,62.5725,62.1111,62.5639,27277200
2023-10-10,62.4016,62.7434,62.3247,62.5469,50761600
2023-10-11,62.6665,62.7434,62.2649,62.5383,53330500
2023-10-12,62.5127,62.5127,62.0171,62.2051,60368000
2023-10-13,62.3760,62.5725,62.0940,62.1538,54191200
2023-10-16,62.1282,62.2905,62.0855,62.1367,39352900
2023-10-17,61.8719,62.0342,61.7608,61.8463,50948700
2023-10-18,61.7779,61.9061,61.5045,61.5472,58306500
2023-10-19,61.5472,61.8548,61.3251,61.3251,70971900
2023-10-20,61.3935,61.5900,61.3593,61.4533,64845500
2023-10-23,61.3166,61.8719,61.2397,61.7010,47508700
2023-10-24,61.8634,62.0428,61.7950,62.0171,46427900
2023-10-25,61.8634,61.9146,61.6156,61.6840,42518300
2023-10-26,61.6925,62.0086,61.5985,61.8975,45233400
2023-10-27,61.9573,62.0342,61.7096,61.8206,35621800
2023-10-30,61.8121,61.9402,61.7437,61.8377,29094000
2023-10-31,61.8634,62.1966,61.8377,62.0000,42185900
2023-11-01,62.0842,62.5910,62.0842,62.5910,59313100
2023-11-02,62.9861,63.3812,62.9775,63.2954,68930600
2023-11-03,63.6905,63.9567,63.5616,63.9138,88763600
2023-11-06,63.7677,63.8966,63.5960,63.6561,93899100
2023-11-07,63.6132,63.7420,63.4757,63.6647,50458200
2023-11-08,63.6475,63.7592,63.6131,63.6990,41143500
2023-11-09,63.6045,63.7248,63.2867,63.3039,62856100
2023-11-10,63.4843,63.6475,63.4500,63.6132,35563300
2023-11-13,63.3812,63.6131,63.3812,63.5530,37530100
2023-11-14,64.0942,64.3604,64.0942,64.1972,68210800
2023-11-15,64.0856,64.1714,63.9309,63.9911,44022800
2023-11-16,64.0168,64.1371,63.9481,64.0769,52928200
2023-11-17,64.0856,64.2230,63.9739,64.2230,44272100
2023-11-20,64.1199,64.3776,64.1199,64.2917,30846200
2023-11-21,64.2488,64.3948,64.2488,64.3776,29493900
2023-11-22,64.4635,64.5580,64.3175,64.4893,40866800
2023-11-24,64.4377,64.4463,64.3776,64.4205,8536200
2023-11-27,64.4206,64.5923,64.3604,64.5150,31007400
2023-11-28,64.5065,64.8243,64.4635,64.7985,44031100
2023-11-29,65.0562,65.3139,65.0304,65.1507,48815500
2023-11-30,65.1249,65.1592,64.8329,65.0304,55047100
2023-12-01,64.9648,65.5861,64.8872,65.5688,60321100
2023-12-04,65.1892,65.4480,65.1892,65.4049,33105700
2023-12-05,65.2927,65.5429,65.2927,65.4653,32466500
2023-12-06,65.5429,65.6033,65.4307,65.4739,21297200
2023-12-07,65.5688,65.6983,65.5084,65.5861,27779300
2023-12-08,65.4135,65.4998,65.2927,65.4567,30123200
2023-12-11,65.4049,65.4221,65.2064,65.4135,30141700
2023-12-12,65.3790,65.5861,65.2323,65.5602,29203400
2023-12-13,65.6637,66.5697,65.6292,66.5611,64201300
2023-12-14,66.8811,67.0979,66.7250,66.8551,67220400
2023-12-15,66.7944,67.0719,66.5516,66.7077,36336400
2023-12-18,66.8377,66.8377,66.5342,66.7510,34793600
2023-12-19,66.8291,67.0198,66.8031,66.9418,25269400
2023-12-20,67.0198,67.2366,66.9158,66.9505,38376400
2023-12-21,67.2106,67.3146,67.0458,67.2539,22861400
2023-12-22,67.3667,67.4187,67.1326,67.1759,18048400
2023-12-26,67.2019,67.3146,67.1846,67.3060,12374700
2023-12-27,67.3493,67.7049,67.2973,67.5835,22835300
2023-12-28,67.5488,67.5574,67.2366,67.3667,22648100
2023-12-29,67.3493,67.5141,67.1065,67.1065,36993900
2024-01-02,66.8811,66.9765,66.8030,66.8811,41547100
2024-01-03,66.5256,66.8377,66.3782,66.6990,39495500
2024-01-04,66.6036,66.6816,66.4215,66.4388,32856100
2024-01-05,66.4215,66.7684,66.3782,66.4909,31158500
2024-01-08,66.5082,66.9157,66.5082,66.8637,33479100
2024-01-09,66.7770,67.0458,66.7337,66.9678,25593500
2024-01-10,67.1239,67.1932,67.0111,67.0892,35702800
2024-01-11,67.0718,67.3146,66.9158,67.3060,35947100
2024-01-12,67.3580,67.5661,67.3146,67.3753,31155500
2024-01-16,67.2453,67.2453,66.8811,66.9505,43669900
2024-01-17,66.8377,66.8377,66.5342,66.6643,54160800
2024-01-18,66.7597,66.8117,66.6383,66.8031,34837600
2024-01-19,66.8291,66.9158,66.5776,66.9158,44359700
2024-01-22,66.9244,67.1412,66.9244,66.9678,36758900
2024-01-23,66.9331,66.9851,66.7944,66.8897,24561500
2024-01-24,67.1152,67.1412,66.7944,66.8551,27623300
2024-01-25,67.0892,67.3667,67.0285,67.3667,48268800
2024-01-26,67.3320,67.4360,67.2800,67.3146,26232800
2024-01-29,67.3407,67.4881,67.2626,67.4621,25924900
2024-01-30,67.4621,67.4881,67.2279,67.3753,32486600
2024-01-31,67.3753,67.5488,67.1412,67.1846,55548900
2024-02-01,67.3885,67.6325,67.1968,67.5715,48019300
2024-02-02,67.1445,67.3536,67.1358,67.2665,42727400
2024-02-05,67.0573,67.1096,66.8046,66.9528,51908600
2024-02-06,66.9876,67.2926,66.9876,67.1967,32948200
2024-02-07,67.3362,67.3623,67.1183,67.3101,42954100
2024-02-08,67.2578,67.3624,67.2055,67.2752,25548400
2024-02-09,67.3188,67.4582,67.2229,67.4146,33951400
2024-02-12,67.3885,67.5018,67.2491,67.2665,36249100
2024-02-13,66.8134,66.9266,66.6129,66.7262,69904200
2024-02-14,66.9179,67.0922,66.8656,66.9876,38603100
2024-02-15,67.1009,67.3013,67.0486,67.2229,44319900
2024-02-16,67.0399,67.1096,66.9441,67.0225,50322900
2024-02-20,67.0051,67.2142,66.9441,67.1619,31994100
2024-02-21,67.1532,67.2055,66.9441,67.0399,38674100
2024-02-22,67.2316,67.3711,67.1881,67.3624,45450200
2024-02-23,67.4234,67.5018,67.3536,67.4059,24686900
2024-02-26,67.3798,67.4059,67.1707,67.1881,32795300
2024-02-27,67.2316,67.2752,67.1445,67.2752,30926600
2024-02-28,67.2316,67.3449,67.1881,67.2665,24667600
2024-02-29,67.3624,67.5105,67.3101,67.3885,43322400
2024-03-01,67.4218,67.6672,67.2903,67.6409,39342900
2024-03-04,67.5883,67.6847,67.5094,67.6234,21607300
2024-03-05,67.6234,67.7899,67.5357,67.5708,38076900
2024-03-06,67.7461,67.8425,67.6409,67.7373,34335200
2024-03-07,67.9126,67.9301,67.7636,67.8162,30393000
2024-03-08,67.9126,68.1229,67.8250,67.8337,38317900
2024-03-11,67.7811,67.8600,67.7461,67.8249,27177600
2024-03-12,67.9301,67.9301,67.7110,67.8863,33351700
2024-03-13,67.8337,68.0791,67.8337,67.9126,28482200
2024-03-14,67.8951,67.9301,67.5094,67.5883,46677200
2024-03-15,67.5533,67.6935,67.4481,67.5445,53985300
2024-03-18,67.7198,67.7636,67.6409,67.7022,34649300
2024-03-19,67.6847,67.9915,67.6760,67.9739,41841500
2024-03-20,67.9564,68.2281,67.8950,68.2018,36886700
2024-03-21,68.3157,68.3245,68.0791,68.1667,34693300
2024-03-22,68.1930,68.2631,68.0616,68.0966,26955700
2024-03-25,67.9739,68.0703,67.9564,67.9915,29373100
2024-03-26,68.0703,68.0791,67.8950,67.9126,28522200
2024-03-27,68.0791,68.2719,68.0090,68.2719,28891100
2024-03-28,68.1843,68.2894,68.1142,68.1229,31546700
2024-04-01,68.1361,68.1361,67.8190,67.8454,47857400
2024-04-02,67.6164,67.7485,67.5812,67.7309,45551200
2024-04-03,67.6340,67.8190,67.5724,67.7838,29542300
2024-04-04,67.9247,68.0216,67.6340,67.7309,36056400
2024-04-05,67.6781,67.7662,67.6428,67.6693,30857300
2024-04-08,67.6781,67.8631,67.6340,67.8278,31067800
2024-04-09,67.9336,68.0304,67.8455,67.9688,32219100
2024-04-10,67.5195,67.6164,67.2112,67.3698,76623900
2024-04-11,67.3962,67.4402,67.1319,67.3081,50836000
2024-04-12,67.2817,67.3169,67.1672,67.2729,41441700
2024-04-15,67.3433,67.3433,66.8060,66.8853,55560400
2024-04-16,66.8677,66.8677,66.5858,66.6651,55746100
2024-04-17,66.8501,66.9822,66.6915,66.7532,48158800
2024-04-18,66.7531,66.8500,66.6298,66.8060,40291400
2024-04-19,66.8677,67.0174,66.8589,66.9293,54739500
2024-04-22,67.0703,67.3257,67.0439,67.2993,40772500
2024-04-23,67.3610,67.6164,67.2817,67.5724,43554400
2024-04-24,67.5372,67.5636,67.2729,67.4226,40496500
2024-04-25,67.0174,67.2993,66.8677,67.2817,46371600
2024-04-26,67.2729,67.5283,67.2729,67.4931,34500800
2024-04-29,67.5812,67.6957,67.5371,67.6957,33157800
2024-04-30,67.4755,67.6164,67.2024,67.2024,49937500
2024-05-01,67.2555,67.8577,67.2378,67.5566,71484700
2024-05-02,67.7248,67.9905,67.5920,67.9728,41497900
2024-05-03,68.3182,68.5307,68.1322,68.2562,44204400
2024-05-06,68.3359,68.3890,68.2916,68.3359,29547100
2024-05-07,68.4156,68.4333,68.2119,68.3447,34064000
2024-05-08,68.1765,68.2385,68.1411,68.1853,22959500
2024-05-09,68.1499,68.2385,68.0614,68.2030,24590900
2024-05-10,68.1942,68.2119,68.0171,68.0968,24633800
2024-05-13,68.2385,68.2385,68.0525,68.0791,22109800
2024-05-14,68.1145,68.2119,68.0968,68.1853,27298700
2024-05-15,68.4067,68.5927,68.3536,68.5838,56544400
2024-05-16,68.5927,68.5927,68.4155,68.4244,31749800
2024-05-17,68.3802,68.4598,68.3270,68.4333,31550300
2024-05-20,68.3890,68.4687,68.3624,68.4687,18665000
2024-05-21,68.4244,68.5395,68.4067,68.4156,20295900
2024-05-22,68.3182,68.3536,68.2031,68.2650,31110700
2024-05-23,68.3359,68.3802,67.9994,68.0259,36464700
2024-05-24,68.1322,68.2828,68.0437,68.2650,20488500
2024-05-28,68.3359,68.3536,67.9728,67.9905,27771700
2024-05-29,67.7780,67.8754,67.7603,67.7868,38800000
2024-05-30,67.8577,68.0791,67.8577,68.0614,44210200
2024-05-31,68.1145,68.3182,68.1145,68.3004,45381900
2024-06-03,68.3876,68.5122,68.3609,68.5122,36791300
2024-06-04,68.4321,68.5923,68.4232,68.4766,39230600
2024-06-05,68.6101,68.6990,68.4677,68.6990,29793700
2024-06-06,68.6634,68.6634,68.5389,68.5834,24398300
2024-06-07,68.3165,68.4499,68.2809,68.4054,32498800
2024-06-10,68.3343,68.4766,68.2898,68.4677,24875700
2024-06-11,68.4321,68.5656,68.3698,68.5567,25339600
2024-06-12,69.0282,69.0727,68.8147,68.8325,51775700
2024-06-13,68.9926,68.9926,68.7346,68.8236,38532000
2024-06-14,68.6011,68.6634,68.4588,68.5567,52953300
2024-06-17,68.4499,68.6723,68.3609,68.6012,33165000
2024-06-18,68.6812,68.8681,68.6634,68.8147,46845500
2024-06-20,68.7880,68.8058,68.6278,68.7702,26989000
2024-06-21,68.7613,68.8681,68.6901,68.8503,26857600
2024-06-24,68.8236,68.9570,68.7791,68.7791,28766200
2024-06-25,68.8236,68.8770,68.7524,68.8681,26111600
2024-06-26,68.7346,68.7435,68.6545,68.7168,29282000
2024-06-27,68.6812,68.7969,68.6634,68.7969,29404500
2024-06-28,68.8414,68.9659,68.6278,68.6278,34952000
2024-07-01,68.7486,68.7933,68.5876,68.6144,31113100
2024-07-02,68.6234,68.8201,68.5876,68.8023,30418400
2024-07-03,68.7933,69.0437,68.7933,69.0437,22067300
2024-07-05,69.1153,69.2673,69.0795,69.2494,25941500
2024-07-08,69.2316,69.2942,69.1421,69.2316,26962000
2024-07-09,69.2315,69.2315,69.0706,69.1510,19108500
2024-07-10,69.2315,69.3299,69.1958,69.3120,25361900
2024-07-11,69.5445,69.6161,69.4998,69.5624,44932500
2024-07-12,69.5714,69.7771,69.5714,69.7413,31688100
2024-07-15,69.7950,69.8218,69.6698,69.7502,23235600
2024-07-16,69.8218,70.0544,69.7592,70.0186,41375400
2024-07-17,69.8128,69.9828,69.7860,69.9380,32750400
2024-07-18,69.9738,70.0007,69.7324,69.7950,42513000
2024-07-19,69.8665,69.8755,69.6519,69.7413,36125700
2024-07-22,69.9112,70.0096,69.8576,70.0007,32378800
2024-07-23,69.9917,70.1348,69.9649,70.0096,28826900
2024-07-24,69.9381,70.0364,69.7681,69.7860,37612800
2024-07-25,69.8307,70.0543,69.7950,69.7950,35409000
2024-07-26,70.0901,70.0901,69.9470,70.0186,23683700
2024-07-29,70.1169,70.1527,69.8844,69.9559,28468400
2024-07-30,70.0543,70.0722,69.8665,69.9917,33652100
2024-07-31,70.1795,70.2958,70.0812,70.2421,50714800
2024-08-01,70.2952,70.3941,70.0704,70.0884,51319800
2024-08-02,69.9536,70.0974,69.7738,69.8547,71578700
2024-08-05,68.9017,69.5670,68.8477,69.4231,104456100
2024-08-06,69.6569,69.9536,69.3782,69.6839,60113400
2024-08-07,70.1064,70.1334,69.7737,69.8187,56107800
2024-08-08,70.0345,70.1423,69.9356,70.1064,31528100
2024-08-09,70.1424,70.2053,69.9715,70.0974,29759900
2024-08-12,70.1603,70.1603,70.0075,70.1423,33878400
2024-08-13,70.2233,70.4750,70.2053,70.4660,37310200
2024-08-14,70.4480,70.6188,70.3941,70.5919,36086900
2024-08-15,70.6278,70.6818,70.5289,70.6548,39411300
2024-08-16,70.6188,70.9155,70.6098,70.8795,33682600
2024-08-19,70.8526,71.0234,70.7986,70.9964,29604300
2024-08-20,71.0324,71.0504,70.8166,70.9335,33189300
2024-08-21,71.0054,71.1223,70.9425,71.0953,34266700
2024-08-22,71.0953,71.1043,70.9245,71.0054,29292100
2024-08-23,71.1852,71.3830,71.0953,71.3830,32590900
2024-08-26,71.3740,71.4100,71.2302,71.2392,20460100
2024-08-27,71.1583,71.3560,71.1223,71.2841,22784300
2024-08-28,71.3021,71.3111,71.1852,71.2482,22351600
2024-08-29,71.3201,71.3471,71.2302,71.3201,18353000
2024-08-30,71.4010,71.4010,71.2392,71.3291,27633300
2024-09-03,71.2568,71.3291,71.0490,71.0761,31596800
2024-09-04,71.0581,71.4104,71.0581,71.3381,32371800
2024-09-05,71.4646,71.6181,71.4104,71.5820,44675300
2024-09-06,71.6091,71.7085,71.3562,71.4917,49888900
2024-09-09,71.6091,71.7085,71.5097,71.6633,24823800
2024-09-10,71.6724,71.6995,71.4555,71.5278,38347600
2024-09-11,71.4465,71.6452,71.3381,71.6362,42342700
2024-09-12,71.5910,71.8078,71.5549,71.7356,28515000
2024-09-13,71.8349,71.9795,71.8169,71.9343,31806800
2024-09-16,71.9614,72.1782,71.9434,72.1150,31402400
2024-09-17,72.1782,72.2144,72.0879,72.1331,27423900
2024-09-18,72.1602,72.5215,72.0789,72.1963,39546900
2024-09-19,72.5305,72.5667,72.3499,72.4131,48785900
2024-09-20,72.4131,72.5034,72.2686,72.5034,43626300
2024-09-23,72.4402,72.4583,72.3408,72.3679,29049400
2024-09-24,72.3770,72.4312,72.2685,72.3770,28674500
2024-09-25,72.3408,72.3679,72.2866,72.2957,28899100
2024-09-26,72.4402,72.4402,72.2866,72.4131,32732300
2024-09-27,72.4673,72.6028,72.4492,72.5938,36712700
2024-09-30,72.5667,72.6028,72.4402,72.5396,31551500
2024-10-01,72.6122,72.6213,72.4397,72.5033,45992200
2024-10-02,72.4216,72.5123,72.3399,72.5123,41214300
2024-10-03,72.4216,72.4488,72.2854,72.3399,31147700
2024-10-04,72.3308,72.3580,72.2037,72.2582,40122800
2024-10-07,72.2037,72.2037,71.9404,71.9495,69202500
2024-10-08,72.0494,72.1311,71.9858,72.1220,40947200
2024-10-09,72.1129,72.1492,72.0221,72.0766,42426500
2024-10-10,72.0766,72.0857,71.9404,72.0403,30091700
2024-10-11,72.0221,72.2491,72.0221,72.2309,26970800
2024-10-14,72.2763,72.2854,72.0766,72.2672,12065800
2024-10-15,72.2582,72.3671,72.2400,72.2491,31134400
2024-10-16,72.3489,72.4488,72.3126,72.3762,31626300
2024-10-17,72.4125,72.4397,72.1492,72.2672,46599300
2024-10-18,72.3489,72.4397,72.3036,72.4397,28905600
2024-10-21,72.3126,72.3580,72.0766,72.1492,36341500
2024-10-22,72.1038,72.1311,71.9677,72.0494,35466600
2024-10-23,71.9495,71.9858,71.7771,71.8315,39761500
2024-10-24,71.9858,72.0948,71.9132,72.0403,30163900
2024-10-25,72.1311,72.2128,71.9404,71.9677,35590200
2024-10-28,72.0948,72.1855,72.0584,72.1492,31854500
2024-10-29,71.9404,72.1855,71.9223,72.1674,42992200
2024-10-30,72.1583,72.3036,72.0131,72.0403,28728700
2024-10-31,72.0585,72.0585,71.8406,71.8406,43194600
2024-11-01,72.1006,72.1462,71.8269,71.8451,44045700
2024-11-04,72.1189,72.1645,71.9729,72.0459,27291200
2024-11-05,72.0185,72.2557,72.0185,72.2466,31611900
2024-11-06,72.2740,72.4017,72.1462,72.3743,43173100
2024-11-07,72.3469,72.7119,72.3013,72.6845,51325800
2024-11-08,72.7849,72.8305,72.6845,72.8031,30543400
2024-11-11,72.7940,72.8213,72.7210,72.7210,11008700
2024-11-12,72.6298,72.7119,72.3743,72.4290,44594900
2024-11-13,72.6115,72.6206,72.4199,72.4473,33873600
2024-11-14,72.4929,72.5567,72.2922,72.2922,32749300
2024-11-15,72.2466,72.3287,72.1189,72.2831,33709500
2024-11-18,72.3195,72.4290,72.2466,72.4199,27780900
2024-11-19,72.3651,72.5932,72.3469,72.5294,34523200
2024-11-20,72.5203,72.5294,72.4290,72.5111,19934000
2024-11-21,72.5659,72.6571,72.5020,72.5385,28040000
2024-11-22,72.5294,72.6115,72.4838,72.5203,29564900
2024-11-25,72.7301,72.8487,72.7301,72.7940,35003000
2024-11-26,72.8031,72.8031,72.6024,72.6571,41103500
2024-11-27,72.7210,72.8761,72.7027,72.8761,30239600
2024-11-29,72.9947,73.0494,72.8852,73.0220,25037800
2024-12-02,73.2521,73.2521,72.8855,72.9955,32387400
2024-12-03,73.0596,73.0779,72.9588,72.9955,24868500
2024-12-04,73.0504,73.1696,72.9863,73.1696,22733500
2024-12-05,73.1238,73.1513,73.0505,73.1054,23106300
2024-12-06,73.2154,73.3162,73.1788,73.2246,29931300
2024-12-09,73.2246,73.2613,73.1146,73.1329,22095100
2024-12-10,73.2612,73.2612,73.0779,73.1696,27195200
2024-12-11,73.2612,73.2704,73.1604,73.1879,24730000
2024-12-12,73.1421,73.3071,72.9771,72.9863,29081600
2024-12-13,73.0505,73.0505,72.7480,72.7755,34201100
2024-12-16,72.9038,72.9680,72.8397,72.9130,22269000
2024-12-17,72.7755,72.8580,72.7572,72.7572,29039500
2024-12-18,72.9036,72.9036,71.9917,72.0101,80034500
2024-12-19,72.2680,72.3233,71.9364,71.9364,69005700
2024-12-20,71.8535,72.4707,71.8535,72.3878,63276200
2024-12-23,72.4523,72.4891,72.1943,72.1943,29239400
2024-12-24,72.2220,72.4431,72.1759,72.4246,11926100
2024-12-26,72.3233,72.6089,72.2865,72.6089,18384900
2024-12-27,72.5352,72.5536,72.3417,72.3602,20631800
2024-12-30,72.3878,72.5352,72.3141,72.4615,20659200
2024-12-31,72.5720,72.6273,72.3602,72.4523,18664900
2025-01-02,72.6642,72.7286,72.5168,72.6273,30415400
2025-01-03,72.7655,72.8023,72.7102,72.7378,32611000
2025-01-06,72.9129,72.9497,72.7931,72.8668,32110000
2025-01-07,72.9037,72.9774,72.6089,72.6273,43790200
2025-01-08,72.6365,72.7655,72.5536,72.7194,35304900
2025-01-10,72.5905,72.5905,72.3141,72.3417,37417300
2025-01-13,72.3049,72.3694,72.1944,72.3233,39180700
2025-01-14,72.4891,72.5260,72.3602,72.4154,29581100
2025-01-15,72.9221,73.0603,72.8300,73.0511,53574900
2025-01-16,72.9681,73.1524,72.8852,73.1340,32363000
2025-01-17,73.2261,73.2537,73.1340,73.1984,29546400
2025-01-21,73.3366,73.4195,73.3274,73.3919,32962700
2025-01-22,73.4195,73.4380,73.2537,73.2906,25028500
2025-01-23,73.2537,73.3919,73.1800,73.3827,27434800
2025-01-24,73.4195,73.5393,73.3827,73.4656,23648600
2025-01-27,73.3919,73.5669,73.3366,73.5208,28540600
2025-01-28,73.4840,73.5209,73.3919,73.4932,30439900
2025-01-29,73.4748,73.5393,73.3458,73.4472,20072100
2025-01-30,73.6406,73.6406,73.5024,73.5853,34495300
2025-01-31,73.6038,73.6682,73.3919,73.4379,37101100
2025-02-03,73.2621,73.4472,73.1418,73.3454,29965100
2025-02-04,73.3824,73.5768,73.3177,73.5768,28938600
2025-02-05,73.6045,73.8173,73.6045,73.7711,31834000
2025-02-06,73.7711,73.8359,73.6415,73.6600,24224100
2025-02-07,73.6230,73.6416,73.4195,73.4287,28778200
2025-02-10,73.6045,73.6508,73.5397,73.5768,23382600
2025-02-11,73.5953,73.5953,73.4750,73.5490,24410000
2025-02-12,73.2991,73.5027,73.2436,73.3917,34362700
2025-02-13,73.5027,73.7526,73.4565,73.7248,36149900
2025-02-14,73.8359,73.9284,73.7711,73.8081,26668300
2025-02-18,73.7988,73.8544,73.6971,73.7433,23274200
2025-02-19,73.6971,73.8081,73.6230,73.7989,38958600
2025-02-20,73.7896,73.8636,73.7341,73.8451,25789000
2025-02-21,73.8173,73.9006,73.7063,73.7063,32016500
2025-02-24,73.7248,73.8821,73.6971,73.7989,21029200
2025-02-25,73.9839,74.0117,73.8821,73.9839,30604400
2025-02-26,74.0302,74.1042,74.0024,74.0857,21777500
2025-02-27,74.0765,74.1042,73.9099,73.9469,40521800
2025-02-28,74.0209,74.1505,73.9654,74.1505,44321200
2025-03-03,74.0891,74.1449,73.9218,73.9962,40729100
2025-03-04,73.9218,74.0427,73.7359,73.9869,66274600
2025-03-05,73.8660,74.0798,73.8567,74.0241,32302200
2025-03-06,73.8474,73.9125,73.7079,73.7451,50431500
2025-03-07,73.7730,73.9218,73.7545,73.8660,52828900
2025-03-10,73.7265,73.8009,73.5778,73.5871,57602100
2025-03-11,73.6429,73.6893,73.2617,73.3268,75826700
2025-03-12,73.5034,73.5499,73.3361,73.4104,53763000
2025-03-13,73.3175,73.3268,72.9735,73.0014,81223200
2025-03-14,73.2896,73.4198,73.1780,73.3361,51469800
2025-03-17,73.3454,73.5406,73.3268,73.5127,33954200
2025-03-18,73.4569,73.5127,73.3825,73.3825,40195900
2025-03-19,73.4105,73.9497,73.4105,73.8660,45212700
2025-03-20,73.8102,73.9125,73.6894,73.7637,42977600
2025-03-21,73.6987,73.7358,73.5127,73.6522,35124000
2025-03-24,73.8381,73.9125,73.7730,73.8660,36393500
2025-03-25,73.9125,73.9869,73.8009,73.8288,29075500
2025-03-26,73.8195,73.8381,73.4197,73.5313,51236100
2025-03-27,73.4941,73.5778,73.3826,73.3919,38493100
2025-03-28,73.4383,73.4476,73.1315,73.2617,58896900
2025-03-31,73.0014,73.3733,73.0014,73.3454,47853500
2025-04-01,73.5061,73.5434,73.2725,73.5154,54256000
2025-04-02,73.3753,73.6742,73.3753,73.6649,49072400
2025-04-03,72.9642,73.1324,72.6279,72.7493,116401400
2025-04-04,71.7497,72.2448,71.5068,71.7123,181273300
2025-04-07,70.8808,72.4971,70.6566,71.0957,193374800
2025-04-08,71.9552,72.0580,70.4604,70.7687,106007700
2025-04-09,70.1615,72.7213,70.1428,72.6652,152382200
2025-04-10,72.0019,72.1047,71.1331,71.4788,93884100
2025-04-11,71.2545,72.0953,71.0023,71.6936,71884000
2025-04-14,72.1981,72.3663,71.8805,72.0486,50011400
2025-04-15,72.1607,72.4037,72.1047,72.2448,39790500
2025-04-16,72.2635,72.4223,72.0393,72.2355,52028800
2025-04-17,72.5158,72.6746,72.4317,72.6559,37355500
2025-04-21,72.3943,72.4130,72.0767,72.2262,36078000
2025-04-22,72.4784,72.6932,72.4130,72.5064,33941100
2025-04-23,73.4313,73.5621,72.8427,72.8708,63723400
2025-04-24,73.1323,73.5621,73.0389,73.5247,49007800
2025-04-25,73.4220,73.7490,73.3753,73.5901,47981700
2025-04-28,73.5995,73.6836,73.3846,73.6275,42220700
2025-04-29,73.4780,73.8517,73.4780,73.8237,51198600
2025-04-30,73.4593,73.5341,73.3005,73.4313,69994200
2025-05-01,73.6201,73.7046,73.4510,73.5262,50848600
2025-05-02,73.7140,73.8173,73.5825,73.7515,41354100
2025-05-05,73.6858,73.8454,73.6200,73.7233,39815300
2025-05-06,73.6295,73.7327,73.5543,73.6670,36292600
2025-05-07,73.7703,73.8266,73.5825,73.7327,32676200
2025-05-08,73.8736,73.9675,73.6670,73.7140,32684900
2025-05-09,73.7985,73.9018,73.7515,73.7609,23971200
2025-05-12,74.4088,74.5497,74.2116,74.4934,70558600
2025-05-13,74.5403,74.7281,74.4840,74.6248,52141900
2025-05-14,74.5591,74.5873,74.3149,74.3525,45406500
2025-05-15,74.2398,74.4934,74.2398,74.4934,49301300
2025-05-16,74.5403,74.5873,74.4370,74.5779,30657200
2025-05-19,74.2398,74.5497,74.2304,74.5403,26228800
2025-05-20,74.4370,74.5403,74.3807,74.5027,25933700
2025-05-21,74.2586,74.3901,73.9957,74.0051,54737300
2025-05-22,74.0051,74.2304,73.9487,74.1553,43242700
2025-05-23,73.9581,74.1647,73.9393,74.1365,29598900
2025-05-27,74.4464,74.5966,74.3431,74.5873,33524700
2025-05-28,74.5779,74.5966,74.4182,74.5403,27012900
2025-05-29,74.7093,74.7187,74.5685,74.6530,28616300
2025-05-30,74.6060,74.7281,74.5591,74.7187,28930300
2025-06-02,74.6583,74.7149,74.5168,74.7055,45527200
2025-06-03,74.7621,74.8659,74.6961,74.8471,28458700
2025-06-04,74.8565,75.0169,74.8565,74.9886,41403600
2025-06-05,74.9791,74.9980,74.7904,74.8282,44563900
2025-06-06,74.8942,74.9037,74.7716,74.8187,41300100
2025-06-09,74.7999,74.9414,74.7999,74.8565,30169000
2025-06-10,74.9225,75.0546,74.8470,75.0357,24234400
2025-06-11,75.0923,75.1395,74.9980,75.0169,30114400
2025-06-12,75.0169,75.1018,74.9791,75.1018,28373200
2025-06-13,74.9320,75.0074,74.8187,74.8753,35271000
2025-06-16,75.0263,75.1018,74.9980,75.0263,26225100
2025-06-17,75.0263,75.1395,74.8848,74.9414,27747200
2025-06-18,74.9980,75.2056,74.9414,75.0546,32833500
2025-06-20,75.1207,75.2999,75.0923,75.2905,45845800
2025-06-23,75.2622,75.4320,75.2056,75.4320,32361400
2025-06-24,75.5264,75.6773,75.4792,75.6396,50893200
2025-06-25,75.6490,75.6867,75.5547,75.6207,24156100
2025-06-26,75.7339,75.8471,75.6679,75.8377,28889100
2025-06-27,75.8566,75.9226,75.7622,75.8000,47849500
2025-06-30,75.9792,76.1113,75.9037,76.0924,52885900
2025-07-01,76.0251,76.0915,75.9303,75.9967,45411000
2025-07-02,75.9967,76.1389,75.9114,76.1389,32359500
2025-07-03,76.1199,76.2053,76.0820,76.1863,19750000
2025-07-07,76.1484,76.1578,75.8924,75.9303,37027200
2025-07-08,75.9209,75.9493,75.7787,75.8261,31358900
2025-07-09,75.9683,76.0441,75.9114,76.0346,30277500
2025-07-10,76.0346,76.0441,75.9588,75.9588,28776200
2025-07-11,75.8735,75.8830,75.7692,75.8640,30482200
2025-07-14,75.8450,75.9303,75.8071,75.9209,23716200
2025-07-15,75.9872,75.9967,75.6934,75.6934,37039500
2025-07-16,75.7882,75.9114,75.5986,75.8924,39780100
2025-07-17,75.8735,76.0062,75.8356,75.9683,25703200
2025-07-18,76.0820,76.1389,76.0062,76.0725,27686400
2025-07-21,76.1389,76.2621,76.1389,76.1768,28483300
2025-07-22,76.2527,76.3285,76.1578,76.3095,26017700
2025-07-23,76.3285,76.3569,76.2526,76.3474,26025000
2025-07-24,76.2527,76.3190,76.2242,76.2527,27013700
2025-07-25,76.3095,76.3854,76.2242,76.3000,30123100
2025-07-28,76.3285,76.3285,76.2527,76.2621,22093800
2025-07-29,76.3000,76.3569,76.2621,76.3095,21371800
2025-07-30,76.2621,76.3285,76.0725,76.1484,38392400
2025-07-31,76.2147,76.2906,76.1484,76.1958,41501300
2025-08-01,76.2567,76.3044,76.0281,76.1996,68963100
2025-08-04,76.3044,76.4568,76.2758,76.4568,37539200
2025-08-05,76.4187,76.4473,76.3139,76.4187,29656300
2025-08-06,76.4187,76.5044,76.3520,76.4949,30512900
2025-08-07,76.5140,76.5616,76.3711,76.4187,29405000
2025-08-08,76.4092,76.4568,76.3711,76.4282,24679000
2025-08-11,76.4282,76.4949,76.3806,76.4282,30159800
2025-08-12,76.4759,76.5997,76.4187,76.5997,40846200
2025-08-13,76.6569,76.7998,76.6569,76.7998,35039600
2025-08-14,76.6855,76.6855,76.5521,76.5997,36559900
2025-08-15,76.6664,76.6664,76.5711,76.6569,22754000
2025-08-18,76.6378,76.6855,76.5807,76.5997,25400800
2025-08-19,76.6474,76.6759,76.5616,76.5807,21700500
2025-08-20,76.6093,76.6283,76.5140,76.5521,29704900
2025-08-21,76.4663,76.5045,76.3997,76.4092,35825900
2025-08-22,76.5235,77.0380,76.5045,77.0285,59541500
2025-08-25,76.9618,76.9903,76.8760,76.8760,32714800
2025-08-26,76.9713,77.0761,76.9237,77.0475,33659900
2025-08-27,76.9999,77.1618,76.9999,77.1428,24335000
2025-08-28,77.1428,77.1809,77.0761,77.1809,24203800
2025-08-29,77.1618,77.1618,77.0380,77.0380,35070300
2025-09-02,76.8398,76.9930,76.7728,76.9547,51804000
2025-09-03,76.9739,77.1653,76.9739,77.1653,34283100
2025-09-04,77.2132,77.3855,77.1844,77.3759,37999700
2025-09-05,77.5195,77.6344,77.3855,77.4142,39147800
2025-09-08,77.4908,77.5099,77.3950,77.4142,27003400
2025-09-09,77.3950,77.4238,77.2227,77.3280,36704500
2025-09-10,77.3855,77.4812,77.3376,77.3855,38106100
2025-09-11,77.4525,77.6344,77.4525,77.5769,34221500
2025-09-12,77.5674,77.5674,77.4812,77.5004,25702800
2025-09-15,77.6152,77.7301,77.6056,77.7205,27248800
2025-09-16,77.7397,77.7588,77.6344,77.6631,33075600
2025-09-17,77.7205,77.7684,77.4525,77.5865,35955700
2025-09-18,77.6726,77.7971,77.6056,77.7588,43250000
2025-09-19,77.7780,77.8162,77.6822,77.7875,32042900
2025-09-22,77.7205,77.8545,77.7109,77.8450,26670200
2025-09-23,77.8641,77.8833,77.7301,77.7875,37088500
2025-09-24,77.7780,77.7780,77.6535,77.6822,28124300
2025-09-25,77.5386,77.5482,77.4333,77.4621,33509900
2025-09-26,77.5769,77.6439,77.5003,77.6152,31046800
2025-09-29,77.6918,77.7684,77.6631,77.7492,28558500
2025-09-30,77.7014,77.7397,77.6344,77.7205,54970300
2025-10-01,77.7215,77.9042,77.6926,77.8657,58042600
2025-10-02,77.8465,77.8754,77.7503,77.8369,33348900
2025-10-03,77.8273,77.8465,77.7311,77.7503,35109200
2025-10-06,77.7984,77.8177,77.7407,77.7696,29485100
2025-10-07,77.7984,77.7984,77.6734,77.6830,27672300
2025-10-08,77.7311,77.7503,77.5580,77.5676,34932200
2025-10-09,77.5580,77.5676,77.2406,77.3464,65586700
2025-10-10,77.3945,77.4137,76.8943,76.8943,83840400
2025-10-13,77.1636,77.3752,77.1059,77.3752,31926800
2025-10-14,77.1156,77.5580,77.0482,77.4618,63860100
2025-10-15,77.6349,77.7407,77.5195,77.7119,59802200
2025-10-16,77.7119,77.7311,77.3849,77.4329,75725200
2025-10-17,77.3656,77.6445,77.3560,77.6349,70044200
2025-10-20,77.6830,77.8176,77.6830,77.7888,43762300
2025-10-21,77.7888,77.8465,77.6734,77.6734,45418100
2025-10-22,77.6734,77.7215,77.5195,77.5964,50698600
2025-10-23,77.6157,77.7696,77.6157,77.7696,37962400
2025-10-24,77.9331,77.9908,77.8754,77.9812,39905600
2025-10-27,78.0677,78.2216,78.0292,78.1735,36495000
2025-10-28,78.1735,78.1735,78.0677,78.0966,31591400
2025-10-29,78.0966,78.1254,77.8080,77.8561,51827100
2025-10-30,77.7022,77.8465,77.6734,77.7119,39967300
2025-10-31,77.7984,77.8657,77.6638,77.7119,45044600
2025-11-03,77.7119,77.7215,77.4605,77.4702,54615100
2025-11-04,77.3155,77.5475,77.2962,77.4799,49705000
2025-11-05,77.5185,77.6055,77.4992,77.5572,42273700
2025-11-06,77.6345,77.6539,77.4605,77.5862,46629200
2025-11-07,77.5765,77.6732,77.4218,77.6539,47233800
2025-11-10,77.7699,77.9632,77.7505,77.9149,51875200
2025-11-11,77.9245,78.0405,77.9245,78.0019,17001100
2025-11-12,78.0019,78.0115,77.8085,77.8472,43962900
2025-11-13,77.7409,77.7409,77.4799,77.5282,53631300
2025-11-14,77.4122,77.7215,77.4122,77.5475,40853500
2025-11-17,77.5185,77.5958,77.3735,77.4218,42954200
2025-11-18,77.3542,77.5185,77.3252,77.4412,44098700
2025-11-19,77.4702,77.6249,77.4218,77.4799,33510100
2025-11-20,77.7312,77.8085,77.4315,77.4315,65471200
2025-11-21,77.5862,77.7312,77.4605,77.6925,62331700
2025-11-24,77.7409,77.9149,77.7215,77.9052,38964900
2025-11-25,77.8859,78.2049,77.8569,78.1759,56524800
2025-11-26,78.1372,78.2822,78.0985,78.2532,27454800
2025-11-28,78.3015,78.3692,78.2435,78.2919,29430800
2025-12-01,78.0831,78.2190,78.0636,78.1510,45274800
2025-12-02,78.2190,78.3162,78.1608,78.2967,38842600
2025-12-03,78.2870,78.4618,78.2482,78.3647,35019100
2025-12-04,78.3744,78.4424,78.2482,78.4230,34777400
2025-12-05,78.4036,78.4812,78.3453,78.4230,30486800
2025-12-08,78.3939,78.4133,78.1705,78.2288,43160800
2025-12-09,78.2287,78.2870,78.1219,78.1413,30558800
2025-12-10,78.1122,78.4618,78.1025,78.4036,53052100
2025-12-11,78.4133,78.4327,78.3356,78.3938,44546400
2025-12-12,78.3647,78.3841,78.2093,78.2482,45566100
2025-12-15,78.3453,78.3744,78.2482,78.2870,28983600
2025-12-16,78.2870,78.3453,78.2385,78.3356,27908000
2025-12-17,78.3259,78.3453,78.1899,78.2384,36999700
2025-12-18,78.4521,78.4715,78.3453,78.4521,52680500
2025-12-19,78.4824,78.5214,78.3848,78.4141,34413300
2025-12-22,78.5116,78.5116,78.3458,78.4824,37203900
2025-12-23,78.4238,78.5409,78.4043,78.5409,24341800
2025-12-24,78.5604,78.6873,78.5214,78.6873,10533500
2025-12-26,78.6873,78.7458,78.6385,78.6482,10922900
2025-12-29,78.6092,78.7068,78.5995,78.6775,22012700
2025-12-30,78.6873,78.7946,78.6580,78.7556,20146700
2025-12-31,78.7653,78.7946,78.6775,78.6775,17457100
2026-01-02,78.7653,78.7653,78.6385,78.7165,28403300
2026-01-05,78.7849,78.9507,78.7458,78.9215,38563200
2026-01-06,78.9410,78.9800,78.8629,78.9410,31721500
2026-01-07,78.9995,79.0386,78.8824,78.9215,27022700
2026-01-08,78.8824,78.9898,78.8434,78.9800,33516900
2026-01-09,78.9898,79.0678,78.9898,79.0386,31849200
2026-01-12,78.9507,79.0874,78.9410,79.0776,23983600
2026-01-13,79.1069,79.1166,79.0093,79.0776,27607400
2026-01-14,79.0386,79.0874,78.9703,79.0776,42994000
2026-01-15,79.1361,79.1459,79.0386,79.0776,30412400
2026-01-16,79.1166,79.1361,79.0288,79.1264,52466300
2026-01-20,78.7946,78.9898,78.7165,78.9215,38653400
2026-01-21,79.0190,79.1947,78.9995,79.1557,42023500
2026-01-22,79.2240,79.2728,79.1654,79.2142,35231900
2026-01-23,79.2142,79.2337,79.0776,79.1752,38360500
2026-01-26,79.2240,79.2532,79.1557,79.2142,27027500
2026-01-27,79.2142,79.2532,79.1752,79.2044,22961500
2026-01-28,79.2044,79.2142,79.0678,79.0776,35559200
2026-01-29,79.0874,79.1069,78.9410,79.0678,38201600
2026-01-30,78.9605,79.1654,78.9605,79.1557,59848000
2026-02-02,79.1056,79.2429,79.0762,79.2037,42890700
2026-02-03,79.1939,79.2429,78.9684,79.1547,49372700
2026-02-04,79.1351,79.1547,78.9782,79.0566,42829400
2026-02-05,78.9978,79.0566,78.8899,78.9684,75554200
2026-02-06,79.1056,79.2429,79.0566,79.2429,40915900
2026-02-09,79.1939,79.3508,79.1939,79.3508,33716900
2026-02-10,79.3802,79.4391,79.2723,79.2723,37886100
2026-02-11,79.3312,79.3606,79.1547,79.2625,27272300
2026-02-12,79.3410,79.3998,79.1841,79.2233,48457000
2026-02-13,79.2625,79.3704,79.2527,79.2822,36612400
2026-02-17,79.2527,79.2920,79.1743,79.2429,35682000
2026-02-18,79.2723,79.4096,79.2429,79.3410,33943100
2026-02-19,79.3116,79.3704,79.2625,79.3704,29531000
2026-02-20,79.3606,79.4292,79.3018,79.4292,37959800
2026-02-23,79.3900,79.4390,79.2723,79.3018,33666000
2026-02-24,79.2822,79.3018,79.0860,79.2429,54979900
2026-02-25,79.2527,79.3606,79.2527,79.3508,29428200
2026-02-26,79.3214,79.3704,79.1939,79.2822,54533600
2026-02-27,79.1841,79.2331,79.0860,79.1547,62450000
2026-03-02,78.8926,79.2375,78.8630,79.1093,74327000
2026-03-03,78.7743,79.1389,78.6758,78.9517,118126800
2026-03-04,79.0601,79.2769,79.0305,79.2276,58694100
2026-03-05,79.0995,79.1389,78.8531,78.9123,79841000
2026-03-06,78.5871,78.8334,78.4885,78.5279,82125600
2026-03-09,78.4294,79.0108,78.3801,79.0009,88695000
2026-03-10,78.8827,79.2079,78.8630,78.8728,67499600
2026-03-11,78.8236,78.8729,78.6462,78.6955,59983500
2026-03-12,78.5871,78.5871,78.1633,78.1929,68674300
2026-03-13,78.3703,78.5181,77.9663,78.0451,68652900
2026-03-16,78.3506,78.5082,78.2914,78.2914,57535600
2026-03-17,78.4491,78.6561,78.4097,78.6462,47967800
2026-03-18,78.5280,78.5871,78.2323,78.2422,50281900
2026-03-19,77.8776,78.5378,77.8382,78.4984,103981600
2026-03-20,78.3407,78.3703,77.7002,77.7692,109084800
2026-03-23,78.1436,78.5378,78.0155,78.2816,79015800
2026-03-24,78.0845,78.2520,77.9071,78.0155,71941600
2026-03-25,78.2914,78.4196,78.1929,78.2619,49917700
2026-03-26,78.0944,78.1732,77.6509,77.7692,74979300
2026-03-27,77.6903,77.6903,77.4243,77.5721,68174300
2026-03-30,77.8677,77.9466,77.6115,77.6608,55210700
2026-03-31,78.0057,78.4491,77.9663,78.3998,101521300
2026-04-01,78.5721,78.6811,78.4632,78.5919,69789200
2026-04-02,78.3048,78.8494,78.3048,78.7801,53828200
2026-04-06,78.7306,78.9286,78.7207,78.9187,37098300
2026-04-07,78.8890,78.9583,78.5424,78.9385,47264100
2026-04-08,79.6812,79.7307,79.2455,79.4039,58556400
2026-04-09,79.3643,79.6019,79.2158,79.4930,45207500
2026-04-10,79.5524,79.5524,79.1663,79.1762,33005600
2026-04-13,79.0969,79.4831,79.0969,79.4732,38561400
2026-04-14,79.5524,79.7703,79.5029,79.7109,42038000
2026-04-15,79.6614,79.7010,79.5623,79.6713,47834900
2026-04-16,79.7406,79.7406,79.4732,79.5623,37743400
2026-04-17,79.8099,79.9683,79.7703,79.8594,61651600
2026-04-20,79.8396,79.8792,79.7109,79.7901,21104400
2026-04-21,79.7604,79.7901,79.5227,79.5821,58623500
2026-04-22,79.7109,79.7802,79.6317,79.7109,28004500
2026-04-23,79.6713,79.7604,79.3742,79.5821,49921700
2026-04-24,79.6515,79.7406,79.5128,79.6911,33626300
2026-04-27,79.6515,79.7505,79.6317,79.7208,24643700
2026-04-28,79.5623,79.6416,79.5425,79.6118,36382400
2026-04-29,79.5326,79.5524,79.1960,79.3445,56809400
2026-04-30,79.3940,79.6316,79.3841,79.5920,51626100
2026-05-01,79.6906,79.8598,79.6607,79.6906,43740400
2026-05-04,79.6508,79.6508,79.3223,79.4318,35069300
2026-05-05,79.5214,79.6508,79.5214,79.5512,26357900
2026-05-06,79.7204,79.8697,79.7105,79.7901,38323100
2026-05-07,79.8498,79.8698,79.4915,79.4915,44772900
2026-05-08,79.6408,79.7802,79.6309,79.7702,29715200
2026-05-11,79.7105,79.7802,79.6110,79.6110,34366600
2026-05-12,79.4517,79.5214,79.3322,79.5015,37418900
2026-05-13,79.4716,79.5811,79.4218,79.5413,33257100
2026-05-14,79.6010,79.6806,79.4816,79.4816,27235600
2026-05-15,79.2725,79.3223,79.0934,79.0934,54466000
2026-05-18,79.2626,79.3322,79.0734,79.1730,38596100
2026-05-19,79.0436,79.0834,78.8644,78.9839,42904700
2026-05-20,79.1332,79.5015,79.0336,79.4915,58906300
2026-05-21,79.3820,79.6209,79.2825,79.5313,37584600
2026-05-22,79.6408,79.6508,79.4716,79.5413,22429400
2026-05-26,79.7702,79.8200,79.6707,79.8100,30406100
2026-05-27,79.8001,79.8399,79.7105,79.7603,22523800
2026-05-28,79.7105,79.8996,79.6707,79.8598,32001600
2026-05-29,79.8897,79.9892,79.8399,79.9394,39142200
2026-06-01,79.4218,79.5114,79.2725,79.4716,32671000
2026-06-02,79.4716,79.5313,79.4218,79.5313,25237500
2026-06-03,79.3820,79.4119,79.2626,79.3123,28203400
2026-06-04,79.3820,79.4816,79.3820,79.4616,22697900
2026-06-05,79.3322,79.3522,78.9839,79.0635,46035600
2026-06-08,79.2327,79.2825,79.1133,79.1730,25217800
2026-06-09,79.2526,79.4218,79.0535,79.2526,34705500
2026-06-10,79.1929,79.2725,79.0834,79.1033,30345200
2026-06-11,79.2028,79.6010,79.1531,79.5711,55089500
2026-06-12,79.5711,79.6309,79.4318,79.5711,29873300
2026-06-15,79.7702,79.8001,79.6607,79.6707,32019600
2026-06-16,79.6607,79.7404,79.5910,79.6607,24471900
2026-06-17,79.6209,79.7005,79.3422,79.3621,47184800
2026-06-18,79.6607,79.7005,79.5512,79.6408,41111700
2026-06-22,79.5711,79.6110,79.5015,79.5711,26479500
2026-06-23,79.4616,79.6010,79.4517,79.5015,29811300
2026-06-24,79.5711,79.6209,79.4716,79.4816,38841000
2026-06-25,79.5512,79.6110,79.4517,79.5114,29322400
2026-06-26,79.4517,79.5811,79.4417,79.4616,27647500
2026-06-29,79.5811,79.6607,79.4816,79.6408,37325700
2026-06-30,79.6309,79.6806,79.5512,79.6010,38103900
2026-07-01,79.5600,79.6600,79.5100,79.5900,38152300
2026-07-02,79.7300,79.7900,79.6700,79.7100,26111800
