date,o,h,l,c,v
2007-03-30,15.1774,15.1865,15.1744,15.1744,2000
2007-04-02,15.1926,15.2198,15.1926,15.2077,11700
2007-04-03,15.2077,15.2440,15.2077,15.2440,4800
2007-04-04,15.2380,15.2440,15.2017,15.2017,7200
2007-04-05,15.2198,15.2319,15.2138,15.2228,7000
2007-04-09,15.2380,15.2440,15.2047,15.2350,7200
2007-04-10,15.2440,15.2592,15.2229,15.2471,8400
2007-04-11,15.2561,15.2561,15.2047,15.2198,8100
2007-04-12,15.2259,15.2259,15.2047,15.2107,4200
2007-04-13,15.2047,15.2168,15.1321,15.2077,6900
2007-04-16,15.2228,15.2319,15.1653,15.2017,18400
2007-04-17,15.2138,15.2229,15.1926,15.2168,20300
2007-04-18,15.2138,15.2198,15.2047,15.2138,9200
2007-04-19,15.2198,15.2198,15.1744,15.1805,13900
2007-04-20,15.2077,15.2168,15.1926,15.2168,4800
2007-04-23,15.2138,15.2349,15.1320,15.2047,12400
2007-04-24,15.2259,15.2289,15.2047,15.2138,20100
2007-04-25,15.2077,15.2380,15.1774,15.2047,29300
2007-04-26,15.2017,15.2107,15.1926,15.2077,13400
2007-04-27,15.2410,15.2410,15.2107,15.2259,7700
2007-04-30,15.2349,15.2440,15.2289,15.2289,7400
2007-05-01,15.2365,15.2365,15.2061,15.2213,13400
2007-05-02,15.2304,15.2609,15.2304,15.2609,11800
2007-05-03,15.2822,15.2822,15.2608,15.2730,19600
2007-05-04,15.2791,15.2791,15.2669,15.2700,32900
2007-05-07,15.2852,15.2913,15.2700,15.2791,55400
2007-05-08,15.3004,15.3035,15.2730,15.3004,24400
2007-05-09,15.3248,15.3248,15.2913,15.2913,21100
2007-05-10,15.3095,15.3095,15.2730,15.2730,10200
2007-05-11,15.3095,15.3339,15.3095,15.3309,5500
2007-05-14,15.3856,15.3856,15.3643,15.3643,14200
2007-05-15,15.3735,15.3917,15.3552,15.3582,9400
2007-05-16,15.3552,15.3582,15.2943,15.3187,13100
2007-05-17,15.2943,15.3004,15.2761,15.2913,10700
2007-05-18,15.2821,15.2882,15.2608,15.2761,20300
2007-05-21,15.2548,15.2882,15.2548,15.2882,9800
2007-05-22,15.2822,15.3735,15.2791,15.3095,20500
2007-05-23,15.3095,15.3339,15.3035,15.3095,5500
2007-05-24,15.2913,15.2974,15.2517,15.2852,15100
2007-05-25,15.2487,15.2761,15.2304,15.2578,12400
2007-05-29,15.2700,15.2882,15.2609,15.2609,4500
2007-05-30,15.2761,15.3096,15.2761,15.3004,7600
2007-05-31,15.3065,15.3278,15.2883,15.3217,15200
2007-06-01,15.3856,15.3856,15.2602,15.2602,15400
2007-06-04,15.3184,15.3184,15.2327,15.2419,19200
2007-06-05,15.2694,15.2694,15.1838,15.1960,47000
2007-06-06,15.2388,15.2388,15.1379,15.1532,36200
2007-06-07,15.1318,15.1502,15.0187,15.0187,14900
2007-06-08,15.0034,15.0431,14.9697,15.0431,15200
2007-06-11,15.0492,15.0492,15.0034,15.0278,12700
2007-06-12,15.0003,15.0003,14.9177,14.9177,16400
2007-06-13,14.9697,15.0003,14.9483,14.9881,23200
2007-06-14,15.0492,15.0737,15.0125,15.0431,16700
2007-06-15,15.0890,15.1899,15.0890,15.1899,36400
2007-06-18,15.2205,15.2205,15.1716,15.2022,30600
2007-06-19,15.2450,15.2450,15.1930,15.2144,18500
2007-06-20,15.2541,15.2541,15.1440,15.1440,6000
2007-06-21,15.1318,15.1318,15.0676,15.0921,14600
2007-06-22,15.0859,15.1135,15.0645,15.1135,4300
2007-06-25,15.1349,15.1440,15.0676,15.0890,31200
2007-06-26,15.1073,15.1135,15.0829,15.1043,28500
2007-06-27,15.1043,15.1043,15.0339,15.0982,64200
2007-06-28,15.1349,15.1899,15.1349,15.1440,4200
2007-06-29,15.1838,15.1991,15.1593,15.1746,12700
2007-07-02,15.1977,15.2713,15.1977,15.2468,19100
2007-07-03,15.2621,15.3420,15.2621,15.3205,10400
2007-07-05,15.3481,15.3481,15.2713,15.2990,14200
2007-07-06,15.3051,15.3051,15.2560,15.2683,13900
2007-07-09,15.2744,15.2867,15.2437,15.2805,29700
2007-07-10,15.2161,15.3205,15.1976,15.2161,153100
2007-07-11,15.1884,15.2314,15.1884,15.1915,15200
2007-07-12,15.1884,15.2284,15.1823,15.2284,24800
2007-07-13,15.1577,15.2345,15.1577,15.2253,8000
2007-07-16,15.2007,15.2437,15.2007,15.2099,11400
2007-07-17,15.2314,15.2314,15.1670,15.2007,6100
2007-07-18,15.2007,15.2007,15.1424,15.1670,3500
2007-07-19,15.1485,15.1700,15.1424,15.1547,2900
2007-07-20,15.1117,15.1117,15.0718,15.0871,4400
2007-07-23,15.0871,15.0871,15.0718,15.0718,1300
2007-07-24,15.0104,15.0104,14.8937,14.8937,6800
2007-07-25,14.8507,14.8630,14.7862,14.8047,33400
2007-07-26,14.7064,14.7064,14.6389,14.6389,11900
2007-07-27,14.6450,14.7371,14.6450,14.7126,8600
2007-07-30,14.6634,14.6911,14.5959,14.6757,41100
2007-07-31,14.7647,14.8077,14.7463,14.7678,23800
2007-08-01,14.6944,14.6944,14.6080,14.6296,3800
2007-08-02,14.6543,14.7067,14.6173,14.6759,6900
2007-08-03,14.6697,14.6697,14.5586,14.6203,3400
2007-08-06,14.5093,14.5494,14.4167,14.4568,10200
2007-08-07,14.4445,14.5155,14.4445,14.5124,6300
2007-08-08,14.5679,14.6543,14.5679,14.6543,4400
2007-08-09,14.6234,14.6234,14.5525,14.5741,20300
2007-08-10,14.4383,14.4383,14.3458,14.4229,6300
2007-08-13,14.4969,14.4969,14.3766,14.3921,3200
2007-08-14,14.3458,14.3643,14.2563,14.2563,3300
2007-08-15,14.1113,14.1452,14.0342,14.0342,23800
2007-08-16,13.7905,13.8799,13.5436,13.8768,14600
2007-08-17,14.1175,14.2532,14.0373,14.2440,12600
2007-08-20,14.1915,14.3088,14.1915,14.3088,3400
2007-08-21,14.2872,14.4322,14.2872,14.4322,19900
2007-08-22,14.5586,14.5586,14.4445,14.4476,8800
2007-08-23,14.6543,14.6543,14.5772,14.6049,3400
2007-08-24,14.6203,14.6296,14.5432,14.6296,1700
2007-08-27,14.6111,14.6173,14.5525,14.5957,11700
2007-08-28,14.5895,14.5895,14.5000,14.5031,2800
2007-08-29,14.5000,14.5494,14.5000,14.5494,6900
2007-08-30,14.5556,14.5833,14.5186,14.5186,11500
2007-08-31,14.6234,14.6420,14.6234,14.6389,3800
2007-09-04,14.6630,14.6630,14.6258,14.6320,16800
2007-09-05,14.6290,14.6290,14.5360,14.5639,6000
2007-09-06,14.5701,14.5732,14.5360,14.5639,5000
2007-09-07,14.5422,14.5422,14.5081,14.5298,2500
2007-09-10,14.5329,14.5329,14.4895,14.5205,11800
2007-09-11,14.5174,14.5174,14.4802,14.4802,2600
2007-09-12,14.4275,14.4926,14.3965,14.4337,87800
2007-09-13,14.3810,14.5298,14.3810,14.5174,10300
2007-09-14,14.5298,14.5918,14.5298,14.5918,5900
2007-09-17,14.5732,14.6165,14.5732,14.6165,18900
2007-09-18,14.7219,14.7591,14.6971,14.7591,3400
2007-09-19,14.7994,14.8056,14.7343,14.7343,23000
2007-09-20,14.7219,14.7219,14.5515,14.6165,94400
2007-09-21,14.5670,14.6568,14.5670,14.6537,9900
2007-09-24,14.6754,14.6940,14.6692,14.6940,3700
2007-09-25,14.5608,14.6289,14.5608,14.5824,54000
2007-09-26,14.7033,14.9048,14.3996,14.7343,16600
2007-09-27,14.6320,14.7994,14.4182,14.6630,30800
2007-09-28,14.6940,14.7033,14.6011,14.6011,3500
2007-10-01,14.7063,14.7716,14.5693,14.6533,6800
2007-10-02,14.6285,14.7841,14.5693,14.6129,4600
2007-10-03,14.7685,14.8059,14.6502,14.7934,5800
2007-10-04,14.8059,14.8214,14.6098,14.7374,6400
2007-10-05,14.8276,15.7178,14.7467,14.7996,45100
2007-10-08,14.7530,14.8681,14.7374,14.7747,1900
2007-10-09,14.7654,14.7841,14.6782,14.7529,2000
2007-10-10,14.7529,14.9677,14.7529,14.8494,4400
2007-10-11,14.9552,14.9552,14.7031,14.9023,10500
2007-10-12,14.9615,14.9770,14.9553,14.9770,7600
2007-10-15,14.9926,14.9957,14.9241,14.9241,3500
2007-10-16,14.8774,14.8805,14.8401,14.8650,4800
2007-10-17,14.9335,14.9335,14.7934,14.7934,12900
2007-10-18,14.7747,14.8121,14.7623,14.8027,8800
2007-10-19,14.8027,14.8027,14.6627,14.6938,21200
2007-10-22,14.6316,14.6627,14.5911,14.6160,23800
2007-10-23,14.7312,14.7374,14.6596,14.6596,4600
2007-10-24,14.6876,14.7063,14.5662,14.6658,34200
2007-10-25,14.6565,14.6565,14.5662,14.6004,8200
2007-10-26,14.6969,14.7965,14.6969,14.7965,12000
2007-10-29,14.8370,14.8370,14.7778,14.8245,6700
2007-10-30,14.7778,14.8027,14.7623,14.7685,7700
2007-10-31,14.8027,14.9023,14.7498,14.8650,47000
2007-11-01,14.8047,14.8047,14.5921,14.5921,9900
2007-11-02,14.6202,14.6202,14.4264,14.5233,4900
2007-11-05,14.4108,14.4264,14.3014,14.3389,11800
2007-11-06,14.3420,14.4108,14.3326,14.3420,11300
2007-11-07,14.9328,14.9328,13.9700,13.9700,29400
2007-11-08,14.0701,14.0701,13.7450,13.8825,21300
2007-11-09,13.7731,13.8200,13.6012,13.7731,21000
2007-11-12,13.7449,13.7449,13.4792,13.4792,15600
2007-11-13,13.6355,13.7793,13.6011,13.7606,15100
2007-11-14,13.9138,13.9450,13.8512,13.8512,11900
2007-11-15,13.5042,13.8262,13.5042,13.6012,21400
2007-11-16,13.6918,13.6918,13.4605,13.5042,41100
2007-11-19,13.5543,13.5543,13.1979,13.2385,28700
2007-11-20,13.1885,13.2166,13.0228,13.0510,21300
2007-11-21,12.9697,13.0354,12.9134,13.0041,16100
2007-11-23,13.1010,13.2354,13.0479,13.1823,7400
2007-11-26,13.2823,13.3417,12.9978,12.9978,7900
2007-11-27,12.9978,13.0854,12.9697,13.0666,18100
2007-11-28,13.2542,13.3980,13.2042,13.2292,5900
2007-11-29,13.2354,13.4417,13.2354,13.4417,9600
2007-11-30,13.5761,13.6793,13.5417,13.6793,71700
2007-12-03,13.7258,13.7258,13.6285,13.6693,8400
2007-12-04,13.6442,13.6442,13.5312,13.5531,14900
2007-12-05,13.6285,13.6755,13.5312,13.6661,22200
2007-12-06,13.7728,13.8701,13.7728,13.8262,9000
2007-12-07,13.9266,14.0145,13.9204,13.9360,38900
2007-12-10,13.9204,14.0898,13.8419,13.8419,10500
2007-12-11,13.9266,13.9957,13.4056,13.8074,43600
2007-12-12,13.6598,14.1024,13.5720,13.7414,32700
2007-12-13,13.7320,13.7320,13.5437,13.5563,12200
2007-12-14,13.4464,13.5657,13.4464,13.5343,8400
2007-12-17,13.4213,13.4307,13.0572,13.0572,14800
2007-12-18,13.2455,13.5406,13.0760,13.1168,52500
2007-12-19,13.1325,13.1608,12.9944,13.0384,14900
2007-12-20,12.9756,13.0541,12.9473,12.9819,15400
2007-12-21,12.9536,13.3114,12.6680,13.1011,11100
2007-12-24,13.1168,13.1922,13.1168,13.1922,11800
2007-12-26,13.1765,13.2612,13.1639,13.1890,39600
2007-12-27,13.2465,13.2465,13.0452,13.1379,189400
2007-12-28,12.8024,14.3776,12.8024,14.3776,68900
2007-12-31,14.7929,14.7929,12.7258,13.2593,54700
2008-01-02,13.7226,13.7226,13.2274,13.6427,11100
2008-01-03,13.5022,14.3712,13.5022,13.7546,150500
2008-01-04,13.6363,13.8887,13.5533,13.6427,116100
2008-01-07,13.7098,13.7098,13.5724,13.6683,73700
2008-01-08,13.7961,13.9782,13.6587,13.6587,83600
2008-01-09,13.6587,13.6779,13.5788,13.6779,60400
2008-01-10,13.6363,14.0453,13.6236,14.0197,69600
2008-01-11,14.1571,14.1571,14.0389,14.1156,69900
2008-01-14,14.1987,14.2242,14.1284,14.2178,62600
2008-01-15,14.1699,14.2817,14.0581,14.2019,66400
2008-01-16,14.1667,14.2434,14.1220,14.1731,67800
2008-01-17,14.2210,14.2210,13.8792,13.9111,83100
2008-01-18,13.9111,14.0389,13.8919,13.9654,56200
2008-01-22,13.7450,13.9526,13.6236,13.9367,80800
2008-01-23,13.9175,14.0485,13.8184,14.0421,120900
2008-01-24,14.1092,14.2498,14.0229,14.1859,138200
2008-01-25,14.2466,14.6044,14.2114,14.3009,81700
2008-01-28,14.5182,14.5182,14.2817,14.3137,95700
2008-01-29,14.3712,14.5437,14.3233,14.4606,130200
2008-01-30,14.4479,14.6971,14.4159,14.4990,78100
2008-01-31,14.4798,14.6587,14.4383,14.5501,130600
2008-02-01,14.6242,14.6979,14.6146,14.6883,82300
2008-02-04,15.0891,15.0891,14.5953,14.5953,105200
2008-02-05,14.4542,14.5761,14.4542,14.5633,87100
2008-02-06,14.5408,14.5729,14.5023,14.5055,97000
2008-02-07,14.6274,14.6274,14.4606,14.5216,66400
2008-02-08,14.5280,14.6851,14.4895,14.5216,44000
2008-02-11,14.5504,14.5889,14.5055,14.5087,77100
2008-02-12,14.9512,14.9512,14.4478,14.5472,98500
2008-02-13,14.6178,14.6755,14.4703,14.5504,39600
2008-02-14,14.9609,14.9609,14.4446,14.5152,74800
2008-02-15,14.9897,14.9897,14.4446,14.5184,61400
2008-02-19,15.1244,15.1372,14.5248,14.5921,39500
2008-02-20,15.1147,15.1147,14.4927,14.5793,29400
2008-02-21,14.6691,14.6691,14.4831,14.5889,120900
2008-02-22,14.7524,14.7524,14.5055,14.6242,49900
2008-02-25,14.4318,15.0699,14.4286,14.7396,31200
2008-02-26,15.0538,15.0538,14.4510,14.6274,80600
2008-02-27,14.5536,14.7460,14.5472,14.6883,51400
2008-02-28,14.7460,14.7845,14.5793,14.6787,35500
2008-02-29,14.7428,14.7428,14.3869,14.5344,72400
2008-03-03,14.4993,14.6056,14.4348,14.6024,66400
2008-03-04,14.4864,14.7184,14.0481,14.2608,117100
2008-03-05,14.2060,14.4703,13.5131,13.9482,84000
2008-03-06,13.9321,14.1190,13.7613,13.9224,104700
2008-03-07,14.1319,14.1319,13.7387,13.9127,49600
2008-03-10,13.8579,13.9417,13.4035,13.4776,65800
2008-03-11,13.6775,13.8031,13.3745,13.7387,105200
2008-03-12,13.7774,13.8064,13.6807,13.7129,204000
2008-03-13,13.6098,13.7000,13.4486,13.7000,29500
2008-03-14,14.1158,14.1158,13.4390,13.7258,48500
2008-03-17,13.2424,13.5002,12.8911,13.0522,59800
2008-03-18,12.9008,13.5357,12.9008,13.2456,81400
2008-03-19,13.2005,13.5163,13.2005,13.4293,56300
2008-03-20,13.6420,13.8579,13.4067,13.8193,121000
2008-03-24,14.0448,14.0481,13.7129,13.8708,60700
2008-03-25,13.5389,13.9868,13.5389,13.8612,55000
2008-03-26,13.9224,13.9643,13.7903,13.9224,115200
2008-03-27,14.0159,14.0255,13.8322,13.8612,55800
2008-03-28,13.7290,13.8902,13.7290,13.7580,22900
2008-03-31,13.5969,13.7645,13.5937,13.7065,21600
2008-04-01,13.7343,14.1688,13.7343,13.9743,63600
2008-04-02,13.8381,14.0391,13.8381,14.0391,40200
2008-04-03,14.0326,14.0780,13.9354,14.0780,77100
2008-04-04,14.0488,14.1526,14.0488,14.1429,42200
2008-04-07,14.1234,14.2207,14.0748,14.1007,61700
2008-04-08,14.1364,14.1396,14.0521,14.1169,49500
2008-04-09,14.1915,14.1948,14.0975,14.1461,39700
2008-04-10,14.1364,14.1364,14.0521,14.1267,44500
2008-04-11,14.0391,14.1623,14.0067,14.1007,48300
2008-04-14,14.0910,14.1072,13.9548,13.9743,36900
2008-04-15,14.1818,14.1818,13.9483,13.9840,83000
2008-04-16,14.0456,14.2434,14.0132,14.2401,45300
2008-04-17,14.1688,14.2369,14.1104,14.2369,56000
2008-04-18,14.2920,14.4087,14.2661,14.4023,79500
2008-04-21,14.4152,14.4768,14.3342,14.3666,63400
2008-04-22,14.3504,14.4185,14.3147,14.3698,76000
2008-04-23,14.3958,14.3958,14.2953,14.3115,64700
2008-04-24,14.3471,14.4185,14.2661,14.4023,85800
2008-04-25,14.4379,14.4995,14.3569,14.4995,79000
2008-04-28,14.4995,14.6098,14.4931,14.5579,71200
2008-04-29,14.5903,14.5903,14.5060,14.5125,129100
2008-04-30,14.5871,14.6389,14.5449,14.5741,74700
2008-05-01,14.5920,14.6083,14.4942,14.5757,82500
2008-05-02,15.0255,15.0255,14.5040,14.5888,83900
2008-05-05,14.6377,14.6377,14.4975,14.5953,100800
2008-05-06,14.5953,14.6116,14.4584,14.5529,163800
2008-05-07,14.5855,14.6279,14.4845,14.6083,79700
2008-05-08,14.5040,14.6898,14.4877,14.6865,79300
2008-05-09,14.6735,14.6735,14.5203,14.6214,141300
2008-05-12,14.5399,14.6148,14.3573,14.6018,68300
2008-05-13,14.6377,14.6507,14.5366,14.6083,81000
2008-05-14,14.6670,14.6996,14.5431,14.6572,144500
2008-05-15,14.7028,14.7419,14.6148,14.7354,82500
2008-05-16,14.7843,14.8495,14.6637,14.8495,181300
2008-05-19,14.8788,14.8788,14.6670,14.6931,136100
2008-05-20,14.5953,14.7908,14.5953,14.6931,122800
2008-05-21,14.6931,14.7191,14.5040,14.5301,66300
2008-05-22,14.6735,14.6735,14.3769,14.4454,154000
2008-05-23,14.4845,14.5040,14.3085,14.3965,82700
2008-05-27,14.4356,14.4356,14.3020,14.3671,68100
2008-05-28,14.4063,14.4486,14.3574,14.4486,63200
2008-05-29,14.4942,14.5366,14.3834,14.4421,100700
2008-05-30,14.5203,14.6800,14.4388,14.5203,64700
2008-06-02,14.5518,14.5846,14.3355,14.4928,71700
2008-06-03,14.4928,14.5977,14.2601,14.3420,54900
2008-06-04,14.3060,14.3945,14.0995,14.0995,54400
2008-06-05,14.2372,14.2896,14.0929,14.2896,63300
2008-06-06,14.3060,14.3355,14.1880,14.2404,68500
2008-06-09,14.3060,14.3060,14.0766,14.1585,71000
2008-06-10,14.1749,14.1749,13.8963,14.0864,109100
2008-06-11,14.1028,14.1028,13.6210,13.9094,101500
2008-06-12,13.8832,13.9815,13.8012,13.9291,61800
2008-06-13,13.9291,14.0012,13.8504,13.9913,39000
2008-06-16,14.2208,14.2208,13.9192,14.0831,69200
2008-06-17,14.0667,14.0929,13.9815,14.0667,68000
2008-06-18,14.1552,14.1552,13.8832,13.9782,80900
2008-06-19,14.0634,14.0634,13.8045,13.8439,106600
2008-06-20,13.8275,13.8635,13.6407,13.7455,237500
2008-06-23,13.6472,13.8766,13.3719,13.3785,96500
2008-06-24,13.3719,13.4506,13.1753,13.2867,139200
2008-06-25,13.4014,13.7652,13.2474,13.5063,121500
2008-06-26,13.5948,13.5981,13.1884,13.3162,115900
2008-06-27,13.4244,13.4244,13.0573,13.1523,134400
2008-06-30,13.1556,13.1982,12.9721,13.1458,82100
2008-07-01,13.0021,13.1043,12.5968,12.8110,167100
2008-07-02,12.8604,12.9197,12.6660,12.6693,123300
2008-07-03,12.7748,12.7748,12.4420,12.6825,28400
2008-07-07,12.7715,12.7715,12.4716,12.5507,87700
2008-07-08,12.5869,12.5869,12.3036,12.4617,94000
2008-07-09,12.5112,12.8110,12.4288,12.5474,152200
2008-07-10,12.6001,12.6034,12.2080,12.3233,103500
2008-07-11,12.1948,12.3200,11.6610,11.9279,180900
2008-07-14,11.8653,12.1256,11.0383,11.0778,303200
2008-07-15,10.9790,11.2162,9.8817,10.5111,301500
2008-07-16,10.5473,11.4502,10.5473,11.3348,194400
2008-07-17,11.6610,12.1915,11.4040,11.9279,153700
2008-07-18,12.1882,12.2080,11.3546,12.0927,105800
2008-07-21,12.2410,12.5507,12.1882,12.4288,177800
2008-07-22,12.5177,12.5210,12.1915,12.4650,154600
2008-07-23,12.8505,12.8505,12.4419,12.6331,88600
2008-07-24,12.7517,12.8505,12.4782,12.4782,141300
2008-07-25,12.8472,12.8472,12.2113,12.4716,110900
2008-07-28,12.4980,12.4980,12.1619,12.1685,56800
2008-07-29,12.1685,12.3695,12.1289,12.3695,104000
2008-07-30,12.5309,12.5342,12.3233,12.4815,80200
2008-07-31,12.6298,12.6858,12.4090,12.5375,79300
2008-08-01,12.6992,12.6992,12.3414,12.4971,69100
2008-08-04,12.5203,12.5534,12.2851,12.3646,69800
2008-08-05,12.4871,12.5269,12.2353,12.4143,105900
2008-08-06,12.6727,12.6727,12.3579,12.5037,85400
2008-08-07,12.5170,12.5170,12.3745,12.4408,64500
2008-08-08,12.5137,12.5302,12.4076,12.5269,72200
2008-08-11,12.8814,12.9179,12.4076,12.4805,85200
2008-08-12,12.4275,12.5899,12.2652,12.3414,250600
2008-08-13,12.2287,12.4110,12.1625,12.2817,76800
2008-08-14,12.2983,12.2983,12.0067,12.2884,95300
2008-08-15,12.8151,12.8151,12.2022,12.3281,127800
2008-08-18,12.5236,12.5236,12.0962,12.2055,118300
2008-08-19,12.1890,12.1890,11.9339,11.9902,113500
2008-08-20,12.1161,12.1161,11.9272,11.9968,90200
2008-08-21,12.0962,12.0962,11.8444,11.9869,99500
2008-08-22,12.1061,12.1293,11.9504,12.0962,134100
2008-08-25,12.0598,12.0598,11.9272,12.0399,88300
2008-08-26,12.0465,12.1691,11.9869,12.1061,135400
2008-08-27,12.0564,12.2850,12.0266,12.2850,75000
2008-08-28,12.2453,12.4507,12.2320,12.4408,92900
2008-08-29,12.4242,12.5534,12.4010,12.5534,151400
2008-09-02,12.6230,12.6563,12.4898,12.5398,88500
2008-09-03,12.5997,12.5997,12.4765,12.5064,83800
2008-09-04,12.6064,12.6064,12.3932,12.5131,85300
2008-09-05,12.5298,12.5298,12.3233,12.4698,193000
2008-09-08,12.5198,12.6563,12.0735,12.1368,157800
2008-09-09,12.2200,12.2200,11.4173,11.5639,215100
2008-09-10,11.5539,11.6472,11.1709,11.1775,239600
2008-09-11,11.0776,11.2242,10.7645,10.9677,168500
2008-09-12,10.8711,11.1309,10.8711,11.1176,164600
2008-09-15,10.7246,10.7246,9.9252,10.1750,370900
2008-09-16,9.8786,9.9219,9.2591,9.6121,405500
2008-09-17,9.4456,9.4923,8.3232,8.7862,679900
2008-09-18,9.0526,10.0218,8.6596,9.6987,611500
2008-09-19,10.8278,12.0335,10.3948,10.6746,483700
2008-09-22,10.6580,10.6913,10.1184,10.2250,177500
2008-09-23,10.2250,10.2350,9.6921,10.0485,272500
2008-09-24,10.3449,10.3449,9.9519,10.0385,220500
2008-09-25,10.1017,10.3915,10.0085,10.3915,238200
2008-09-26,9.8286,10.1117,9.6754,10.1117,315600
2008-09-29,10.1051,10.1051,8.4931,8.9593,569000
2008-09-30,9.0992,9.4589,8.8261,9.4589,531900
2008-10-01,9.3952,9.6805,9.1636,9.6670,296800
2008-10-02,9.6335,9.6335,9.2307,9.3985,334200
2008-10-03,9.6100,10.1303,9.4656,9.6670,470000
2008-10-06,9.6637,9.7510,8.7138,9.2307,607800
2008-10-07,9.2340,9.5026,8.1700,8.2908,547000
2008-10-08,8.3748,8.5929,7.7840,8.4184,780500
2008-10-09,8.6332,8.6534,7.2839,7.5859,702600
2008-10-10,7.2704,7.6799,6.3776,7.3174,932300
2008-10-13,7.8880,8.7238,7.8847,8.7238,1126200
2008-10-14,9.4153,9.9658,9.1971,9.4657,1650900
2008-10-15,9.4287,9.8685,9.0763,9.5664,717100
2008-10-16,9.7879,9.8248,8.7943,9.4220,800100
2008-10-17,9.6838,9.6872,9.1468,9.4657,860400
2008-10-20,9.7040,9.9020,9.4321,9.8819,1481700
2008-10-21,9.9490,10.0329,9.7308,9.9557,1145400
2008-10-22,10.0195,10.0698,9.5764,9.8315,1060300
2008-10-23,9.7342,9.7375,9.3985,9.5664,914200
2008-10-24,9.3314,9.6503,9.2072,9.6335,713900
2008-10-27,9.3448,9.6838,9.3146,9.3817,571000
2008-10-28,9.7006,9.7006,9.3515,9.4891,549000
2008-10-29,9.7073,9.7342,9.4321,9.4992,787700
2008-10-30,9.9456,9.9456,9.4522,9.8349,1240900
2008-10-31,9.8684,9.9020,9.7308,9.8684,856800
2008-11-03,10.0018,10.0052,9.7925,9.9714,758700
2008-11-04,10.0356,10.2146,9.9613,10.1639,938400
2008-11-05,10.0964,10.2551,9.6912,9.8229,1048300
2008-11-06,10.0829,10.0829,9.6878,9.9478,579500
2008-11-07,9.9444,10.0862,9.8668,9.9951,590300
2008-11-10,10.1301,10.1639,9.8938,9.9107,586000
2008-11-11,10.0120,10.0221,9.8094,10.0221,765300
2008-11-12,10.0221,10.0221,9.5662,9.6236,660400
2008-11-13,9.9444,9.9444,8.9550,9.5054,699800
2008-11-14,9.6743,9.6743,9.3366,9.5460,500700
2008-11-17,9.3569,9.6236,9.2117,9.4210,606400
2008-11-18,9.1239,9.3805,8.7795,8.9145,1061200
2008-11-19,8.8639,8.9044,7.7057,7.9150,1193100
2008-11-20,7.8542,8.0704,6.8784,7.0979,1459700
2008-11-21,7.4119,7.6922,6.7467,7.3308,1204200
2008-11-24,7.5638,8.3743,7.5638,8.3033,2325900
2008-11-25,8.5701,8.8132,8.3574,8.7997,1869600
2008-11-26,8.7727,9.0597,8.4958,8.9956,1150100
2008-11-28,9.0597,9.1070,8.9483,9.0969,513500
2008-12-01,9.1615,9.1649,8.6344,8.7636,526800
2008-12-02,8.9268,8.9268,8.7806,8.9132,685800
2008-12-03,8.8350,8.9778,8.7092,8.9778,631300
2008-12-04,8.9948,9.0186,8.8044,8.8962,810700
2008-12-05,9.1071,9.1071,8.7092,8.9404,853900
2008-12-08,9.0050,9.3247,9.0050,9.1173,731400
2008-12-09,9.0765,9.3145,8.9880,9.1207,629500
2008-12-10,9.2465,9.2465,8.9880,9.0765,771500
2008-12-11,9.1547,9.1547,8.9778,9.0187,600700
2008-12-12,8.7908,9.0118,8.7568,8.9166,709800
2008-12-15,8.8282,9.0731,8.8282,8.9472,475000
2008-12-16,9.1717,9.1819,8.8486,9.1717,1116800
2008-12-17,9.1615,9.4335,9.1003,9.4165,1327600
2008-12-18,9.4301,9.6784,9.1819,9.4641,1809800
2008-12-19,9.4199,9.6036,9.4131,9.5015,1034000
2008-12-22,9.5458,9.5560,9.3179,9.5390,617700
2008-12-23,9.5117,9.5186,9.3893,9.5117,1084300
2008-12-24,9.3893,9.5322,9.3859,9.4573,351200
2008-12-26,9.5118,9.5832,9.4811,9.5628,663100
2008-12-29,9.7337,9.7371,9.5300,9.6508,806100
2008-12-30,9.7337,9.8856,9.6646,9.8856,1181300
2008-12-31,9.8891,10.0859,9.8649,10.0859,1518800
2009-01-02,10.0479,10.4795,10.0203,10.4726,1952900
2009-01-05,10.5313,10.9387,10.4864,10.8559,3121600
2009-01-06,10.8766,11.2460,10.8766,11.1459,5798900
2009-01-07,11.1010,11.1010,10.6176,10.7937,1783000
2009-01-08,10.7454,10.7557,10.5693,10.7247,2644500
2009-01-09,10.7695,10.8213,10.6521,10.7868,1948100
2009-01-12,10.8766,10.8904,10.4760,10.6349,1091400
2009-01-13,10.6073,10.6073,10.3241,10.4864,1335900
2009-01-14,10.3621,10.3932,9.8683,10.0824,2330100
2009-01-15,9.9305,9.9788,9.1501,9.6646,3053900
2009-01-16,10.0997,10.1066,9.4091,9.5645,2688700
2009-01-20,9.3573,9.3918,8.4872,8.5286,2365600
2009-01-21,8.7945,8.8049,8.1384,8.7151,2580400
2009-01-22,8.5632,8.5735,8.0487,8.1212,2058500
2009-01-23,7.9658,8.2041,7.7863,8.1833,2204600
2009-01-26,8.2213,8.6840,8.1281,8.5804,2014800
2009-01-27,8.7876,8.7876,8.5114,8.6598,1758400
2009-01-28,9.4022,9.4747,9.1156,9.3366,2845000
2009-01-29,9.2503,9.2537,8.9084,9.0258,970900
2009-01-30,9.0535,9.2503,8.8152,8.9084,700200
2009-02-02,8.7516,8.9290,8.5674,8.6543,757600
2009-02-03,8.7064,8.7760,8.3309,8.3761,863100
2009-02-04,8.4039,8.4943,7.9171,7.9971,1449900
2009-02-05,7.9623,8.2718,7.6877,8.2336,1642900
2009-02-06,8.2683,8.6195,8.2683,8.4144,2031900
2009-02-09,8.5534,8.7273,8.4596,8.6995,1481100
2009-02-10,8.6960,8.7308,8.2266,8.4909,910000
2009-02-11,8.4700,8.5500,8.4005,8.4561,1310000
2009-02-12,8.2127,8.3796,8.1362,8.3031,914700
2009-02-13,8.3448,8.3622,8.0840,8.1710,623800
2009-02-17,7.9345,8.0388,7.4338,7.5069,1989700
2009-02-18,7.5729,7.6425,6.7454,6.8845,3307500
2009-02-19,6.9992,7.0514,6.0882,6.1230,2154400
2009-02-20,5.7996,6.3699,5.3024,6.3629,4265700
2009-02-23,6.5507,6.5542,5.9179,6.1195,1663800
2009-02-24,6.1126,6.7628,5.6814,6.6898,2300000
2009-02-25,6.6689,6.9923,6.2586,6.8671,1780100
2009-02-26,7.2148,7.4617,7.0096,7.1209,1879100
2009-02-27,6.6411,7.0896,6.2621,6.6446,2461700
2009-03-02,6.3660,6.6579,5.8279,5.8877,2261200
2009-03-03,6.0073,6.0108,5.6309,5.8244,1406200
2009-03-04,6.0389,6.2429,5.8912,6.1128,2008400
2009-03-05,5.9756,6.0108,5.3988,5.4762,1507700
2009-03-06,5.5887,5.5887,4.9592,5.2933,2413600
2009-03-09,5.2370,5.4445,5.0647,5.3566,1369400
2009-03-10,5.6239,6.2605,5.5430,6.2359,2226300
2009-03-11,6.4504,6.6157,6.3695,6.4539,2813800
2009-03-12,6.5243,7.0307,6.4574,6.9287,1971700
2009-03-13,7.0659,7.3016,6.9921,7.2805,1874600
2009-03-16,7.4141,7.7377,7.4036,7.5231,1722500
2009-03-17,7.5302,7.6533,7.4282,7.6533,1114400
2009-03-18,7.5864,7.9452,7.5302,7.8362,2237700
2009-03-19,7.9733,8.0894,7.8889,7.9839,1379500
2009-03-20,8.0577,8.0683,7.6322,7.7236,893600
2009-03-23,7.9628,8.3004,7.9487,8.3004,1389400
2009-03-24,8.2266,8.4059,8.0929,8.4059,960300
2009-03-25,8.5009,8.7260,7.9487,8.0155,1919500
2009-03-26,8.1879,8.1879,7.8432,8.0507,1452200
2009-03-27,7.8151,8.1211,7.7131,8.1035,646200
2009-03-30,7.8538,7.8608,7.5794,7.6709,752200
2009-03-31,7.8573,8.0683,7.7940,8.0155,1027900
2009-04-01,7.8769,8.1720,7.8769,8.1507,1122600
2009-04-02,8.4707,8.6556,8.3605,8.4280,1580800
2009-04-03,8.4885,8.5134,8.2894,8.4280,735800
2009-04-06,8.3676,8.4458,8.2182,8.4458,485000
2009-04-07,8.2609,8.4209,8.1827,8.4067,836800
2009-04-08,8.5134,8.5347,8.3427,8.4103,584600
2009-04-09,8.8406,8.9081,8.6805,8.9081,1289200
2009-04-13,8.8690,9.1037,8.7125,9.1037,873500
2009-04-14,9.1002,9.1962,9.0575,9.1144,1067500
2009-04-15,9.0362,9.1535,8.9793,9.1499,681800
2009-04-16,9.3242,9.3598,9.1642,9.3598,879700
2009-04-17,9.4167,9.4344,9.2709,9.4238,804400
2009-04-20,9.2282,9.2673,8.6236,8.6912,1815100
2009-04-21,8.5063,8.8086,8.1044,8.7766,737400
2009-04-22,8.7161,8.9793,8.6343,8.7943,1049300
2009-04-23,8.7943,9.0646,8.7943,9.0397,598300
2009-04-24,9.1748,9.2922,9.0859,9.2104,742300
2009-04-27,9.2068,9.2317,8.8903,9.1997,716200
2009-04-28,9.1002,9.1926,8.9828,9.1393,620600
2009-04-29,9.2780,9.4558,9.2246,9.3704,878600
2009-04-30,9.5980,9.6443,9.4522,9.4949,935900
2009-05-01,9.5578,9.6117,9.4644,9.4823,632400
2009-05-04,9.5578,9.8812,9.5254,9.8812,1042200
2009-05-05,9.8380,9.8883,9.6835,9.8847,695100
2009-05-06,10.1614,10.2620,9.9710,10.2405,1309700
2009-05-07,10.4201,10.5746,10.1147,10.1363,1370500
2009-05-08,10.2405,10.6968,10.2405,10.6321,1350200
2009-05-11,10.4740,10.6788,10.4201,10.6716,973200
2009-05-12,10.7507,10.7651,10.4237,10.5603,650600
2009-05-13,10.3950,10.5243,10.0033,10.1399,1366200
2009-05-14,10.4165,10.4165,9.9997,10.3231,733600
2009-05-15,10.3411,10.4165,10.3123,10.3375,788100
2009-05-18,10.4129,10.7040,10.4022,10.6896,972400
2009-05-19,10.6824,10.9160,10.6681,10.8729,1427100
2009-05-20,11.1388,11.1531,10.9304,10.9914,945600
2009-05-21,10.9375,11.0417,10.8297,10.9950,795100
2009-05-22,10.9842,11.0058,10.8369,10.8405,663400
2009-05-26,10.8477,11.0813,10.8477,11.0561,746100
2009-05-27,11.0633,11.1316,10.8441,11.0058,1036300
2009-05-28,11.0274,11.1926,11.0094,11.1926,804400
2009-05-29,11.2214,11.3112,11.1567,11.3112,802700
2009-06-01,11.5842,11.7400,11.4573,11.5080,1280000
2009-06-02,11.5842,11.6204,11.4718,11.6095,1009500
2009-06-03,11.5914,11.5914,11.4356,11.5443,735200
2009-06-04,11.5225,11.7255,11.4174,11.6639,708200
2009-06-05,11.8270,11.8524,11.6639,11.7545,892400
2009-06-08,11.7980,11.8451,11.6422,11.7871,826700
2009-06-09,11.7980,11.8886,11.7690,11.8777,694300
2009-06-10,11.8995,12.0517,11.8995,12.0517,1300100
2009-06-11,12.1061,12.1170,11.9792,12.0880,823300
2009-06-12,12.1641,12.1641,12.0155,12.0662,431400
2009-06-15,11.9937,12.0880,11.8161,11.9321,760500
2009-06-16,11.9394,11.9539,11.6494,11.7002,624500
2009-06-17,11.6712,11.6893,11.1311,11.3631,1547500
2009-06-18,11.3087,11.4428,11.2434,11.4428,681600
2009-06-19,11.5370,11.5950,11.4211,11.5950,655300
2009-06-22,11.5950,11.5987,11.2326,11.2362,836900
2009-06-23,11.2289,11.3377,11.1202,11.2471,882300
2009-06-24,11.3776,11.4682,11.3196,11.4247,905500
2009-06-25,11.4138,11.5262,11.3522,11.5262,600700
2009-06-26,11.5588,11.5805,11.4718,11.5660,489100
2009-06-29,11.5914,11.6385,11.5080,11.6349,732800
2009-06-30,11.6422,11.7074,11.5660,11.6494,563900
2009-07-01,11.6802,11.8229,11.6399,11.7863,783100
2009-07-02,11.6362,11.7204,11.5630,11.6435,474500
2009-07-06,11.5337,11.6362,11.4642,11.5703,531800
2009-07-07,11.5630,11.6216,11.4569,11.4569,591900
2009-07-08,11.5520,11.5850,11.2922,11.3946,634100
2009-07-09,11.5996,11.5996,11.3727,11.5520,457400
2009-07-10,11.4935,11.6069,11.4788,11.6033,418400
2009-07-13,11.6618,11.7424,11.5520,11.7424,804300
2009-07-14,11.7607,11.8888,11.7314,11.8851,907700
2009-07-15,11.9840,12.1597,11.9327,12.1340,1510000
2009-07-16,12.1450,12.1853,12.0023,12.1853,779200
2009-07-17,12.2219,12.2329,12.1304,12.2072,503900
2009-07-20,12.2987,12.2987,12.1340,12.2512,759800
2009-07-21,12.3317,12.3317,12.2072,12.3097,805400
2009-07-22,12.2438,12.3097,12.1743,12.2548,1000200
2009-07-23,12.2768,12.3829,12.2438,12.3573,892800
2009-07-24,12.2621,12.4049,12.2621,12.4049,446200
2009-07-27,12.4415,12.5513,12.3646,12.5513,673700
2009-07-28,12.5110,12.6172,12.4671,12.6172,617100
2009-07-29,12.6099,12.6684,12.5623,12.6575,740800
2009-07-30,12.6977,12.8844,12.6904,12.8295,1996100
2009-07-31,12.8295,13.0455,12.8185,13.0308,935500
2009-08-03,13.3009,13.3119,13.1351,13.2935,1508900
2009-08-04,13.2788,13.3414,13.2125,13.2825,982100
2009-08-05,13.3046,13.3967,13.1793,13.2677,2058500
2009-08-06,13.3930,13.4962,13.2640,13.2788,1111800
2009-08-07,13.3856,13.4372,13.2640,13.3083,1049600
2009-08-10,13.3009,13.3009,13.2088,13.2456,873200
2009-08-11,13.2272,13.2419,13.0061,13.1130,913500
2009-08-12,13.0798,13.2272,13.0761,13.1977,1132800
2009-08-13,13.3082,13.3193,13.2125,13.3193,695100
2009-08-14,13.3451,13.3451,13.2346,13.3193,479600
2009-08-17,13.1203,13.1203,12.9398,12.9545,844600
2009-08-18,12.9693,13.0982,12.9177,13.0872,1310900
2009-08-19,12.9877,13.1167,12.9066,13.1056,522200
2009-08-20,13.1277,13.1793,12.7703,12.8588,1330200
2009-08-21,12.8993,13.0651,12.8993,13.0246,1655200
2009-08-24,13.1167,13.1830,12.9545,13.0209,1006900
2009-08-25,13.0909,13.1167,13.0172,13.0651,1001700
2009-08-26,13.0246,13.0835,12.9988,13.0798,841800
2009-08-27,13.0467,13.0724,12.7519,12.9324,809800
2009-08-28,12.9619,12.9730,12.8809,12.9545,574100
2009-08-31,12.8919,12.9030,12.7556,12.7851,740900
2009-09-01,12.7832,12.8166,12.3791,12.4644,2897300
2009-09-02,12.4199,12.5089,12.3717,12.4458,768000
2009-09-03,12.4866,12.6497,12.4755,12.6386,540900
2009-09-04,12.6720,12.7498,12.6127,12.7387,414000
2009-09-08,12.7610,12.8462,12.7424,12.8277,538400
2009-09-09,12.8611,12.9575,12.7980,12.9575,589200
2009-09-10,12.9500,13.0872,12.8907,13.0872,490700
2009-09-11,13.1206,13.1502,13.0613,13.1391,447100
2009-09-14,13.0724,13.2392,13.0279,13.2170,600200
2009-09-15,13.2615,13.3467,13.2244,13.3319,650500
2009-09-16,13.3504,13.4580,13.3319,13.4468,718600
2009-09-17,13.4505,13.4765,13.3616,13.3875,722700
2009-09-18,13.3949,13.4024,13.3134,13.3393,761600
2009-09-21,13.2578,13.3467,13.2281,13.3134,566300
2009-09-22,13.3875,13.4394,13.2911,13.3764,778300
2009-09-23,13.3690,13.4913,13.3690,13.4135,563800
2009-09-24,13.4394,13.4394,13.2874,13.3282,758600
2009-09-25,13.3097,13.9881,13.2948,13.5692,1656500
2009-09-28,13.4394,13.5469,13.3912,13.5025,2114700
2009-09-29,13.5358,13.5729,13.4061,13.4283,576200
2009-09-30,13.4283,13.4765,13.3356,13.4468,2291100
2009-10-01,13.4237,13.4498,13.2597,13.3119,1831400
2009-10-02,13.1739,13.2857,13.0620,13.2261,808600
2009-10-05,13.3081,13.3380,13.2224,13.3268,1080400
2009-10-06,13.4274,13.4386,13.3193,13.3491,995400
2009-10-07,13.3603,13.4200,13.2820,13.3603,668500
2009-10-08,13.4461,13.4461,13.3529,13.3715,1466900
2009-10-09,13.3864,13.4013,13.3305,13.3454,429600
2009-10-12,13.3902,13.3902,13.3305,13.3790,1010000
2009-10-13,13.3380,13.3902,13.3156,13.3790,729700
2009-10-14,13.4535,13.4535,13.3939,13.4200,1242100
2009-10-15,13.3790,13.4573,13.3305,13.3715,1029800
2009-10-16,13.3342,13.3752,13.3119,13.3417,1045900
2009-10-19,13.3864,13.3939,13.3491,13.3790,731200
2009-10-20,13.3864,13.4237,13.3380,13.3678,768300
2009-10-21,13.3641,13.3864,13.3193,13.3342,1153800
2009-10-22,13.3603,13.3790,13.3119,13.3342,764600
2009-10-23,13.3827,13.4125,13.2895,13.3007,618100
2009-10-26,13.2783,13.3715,13.2559,13.2783,1095600
2009-10-27,13.2708,13.3305,13.2000,13.2224,764200
2009-10-28,13.2000,13.2186,12.8458,12.9129,1502700
2009-10-29,13.0247,13.1515,12.9427,13.0024,642000
2009-10-30,13.0061,13.0434,12.9129,12.9800,550500
2009-11-02,12.9969,13.0494,12.6854,12.8017,1777000
2009-11-03,12.6854,12.7079,12.3889,12.6291,2349200
2009-11-04,12.7229,12.7980,12.6216,12.6328,1904600
2009-11-05,12.7079,12.7829,12.6966,12.7604,1111600
2009-11-06,12.7229,12.9106,12.7154,12.8693,1166100
2009-11-09,12.9556,13.0607,12.9181,13.0607,1503900
2009-11-10,13.0569,13.0794,12.9969,13.0194,724000
2009-11-11,13.1057,13.1132,13.0532,13.1020,846100
2009-11-12,13.0982,13.1545,13.0532,13.0870,654600
2009-11-13,13.1357,13.1695,13.0982,13.1320,515000
2009-11-16,13.2896,13.2896,13.1470,13.1658,619700
2009-11-17,13.1320,13.2146,13.1320,13.1920,731800
2009-11-18,13.2146,13.2258,13.1733,13.2033,644500
2009-11-19,13.1883,13.2033,13.1245,13.1920,611200
2009-11-20,13.1282,13.1883,13.1282,13.1883,343200
2009-11-23,13.2483,13.2821,13.1883,13.2033,496600
2009-11-24,13.1920,13.2333,13.1695,13.2183,683600
2009-11-25,13.2483,13.2821,13.2183,13.2746,420500
2009-11-27,13.1583,13.1770,13.0982,13.1170,276300
2009-11-30,13.1357,13.1845,13.1245,13.1733,682900
2009-12-01,13.2595,13.3011,13.1914,13.2217,780000
2009-12-02,13.2141,13.2822,13.2103,13.2784,546600
2009-12-03,13.3200,13.3957,13.2898,13.3692,605100
2009-12-04,13.4335,13.4675,13.3881,13.4373,736800
2009-12-07,13.4751,13.5545,13.3957,13.5205,757000
2009-12-08,13.5091,13.5696,13.4637,13.5394,859000
2009-12-09,13.5621,13.5772,13.5394,13.5696,753500
2009-12-10,13.5961,13.6264,13.5772,13.6264,1112300
2009-12-11,13.6377,13.6793,13.6112,13.6642,854800
2009-12-14,13.6869,13.7171,13.6377,13.6453,542600
2009-12-15,13.6453,13.6944,13.6339,13.6831,1108900
2009-12-16,13.6906,13.7398,13.6906,13.7133,793000
2009-12-17,13.6906,13.7360,13.6528,13.7285,620600
2009-12-18,13.7512,13.7965,13.7285,13.7965,728100
2009-12-21,13.8041,13.8684,13.8041,13.8646,875300
2009-12-22,13.9062,13.9100,13.8079,13.8495,760700
2009-12-23,13.8835,13.9138,13.8457,13.9024,873200
2009-12-24,13.9213,13.9516,13.9062,13.9365,410400
2009-12-28,13.9554,13.9819,13.9516,13.9554,884000
2009-12-29,13.9668,14.0201,13.9516,13.9706,720100
2009-12-30,13.9516,13.9972,13.9325,13.9896,605400
2009-12-31,14.0049,14.0543,13.9668,13.9668,531000
2010-01-04,14.0201,14.0581,14.0087,14.0429,1308000
2010-01-05,14.0657,14.1190,14.0505,14.1114,976700
2010-01-06,14.1190,14.2180,14.1190,14.1951,1406200
2010-01-07,14.2294,14.2712,14.2104,14.2370,959600
2010-01-08,14.2446,14.2636,14.2104,14.2332,629000
2010-01-11,14.2560,14.3169,14.2560,14.3131,783400
2010-01-12,14.3093,14.3207,14.2827,14.3207,748500
2010-01-13,14.3436,14.4121,14.3093,14.4121,1054600
2010-01-14,14.4083,14.4768,14.3816,14.4730,1429600
2010-01-15,14.4577,14.5110,14.4311,14.4691,929100
2010-01-19,14.4806,14.4806,14.4349,14.4577,798800
2010-01-20,14.4577,14.4577,14.4044,14.4311,657400
2010-01-21,14.4311,14.4501,14.3207,14.3512,868700
2010-01-22,14.3359,14.3359,14.1647,14.2066,1027600
2010-01-25,14.2484,14.2789,14.1685,14.2104,1087300
2010-01-26,14.2027,14.2712,14.1799,14.2218,867800
2010-01-27,14.2408,14.2408,14.1875,14.2218,596500
2010-01-28,14.2408,14.2522,14.1380,14.1495,1456500
2010-01-29,14.2294,14.2294,14.0924,14.1038,1426100
2010-02-01,14.1535,14.2300,14.1229,14.2300,785300
2010-02-02,14.2339,14.3371,14.2109,14.3333,1145200
2010-02-03,14.3410,14.3448,14.2989,14.3257,681900
2010-02-04,14.2836,14.3027,14.1574,14.1688,1042300
2010-02-05,14.1727,14.1727,14.0005,14.1038,1014400
2010-02-08,14.1191,14.1229,14.0426,14.0847,563700
2010-02-09,14.1268,14.1459,14.0656,14.1459,661500
2010-02-10,14.1573,14.1994,14.1229,14.1994,762500
2010-02-11,14.1841,14.2453,14.1612,14.2453,800300
2010-02-12,14.1765,14.2492,14.1765,14.2300,851300
2010-02-16,14.3142,14.3525,14.2568,14.3257,995700
2010-02-17,14.3792,14.4289,14.3448,14.4289,990800
2010-02-18,14.4251,14.4787,14.4060,14.4557,830600
2010-02-19,14.4481,14.5016,14.4328,14.4863,1096900
2010-02-22,14.5131,14.5284,14.4902,14.4940,892000
2010-02-23,14.4863,14.5169,14.4710,14.5055,760200
2010-02-24,14.5208,14.5475,14.5055,14.5399,871000
2010-02-25,14.5246,14.5858,14.4978,14.5858,906800
2010-02-26,14.5820,14.6355,14.5743,14.6240,1121400
2010-03-01,14.6548,14.6817,14.6394,14.6779,1464900
2010-03-02,14.7009,14.7855,14.6894,14.7817,2646800
2010-03-03,14.8009,14.8047,14.7317,14.7548,884000
2010-03-04,14.7701,14.8047,14.7317,14.8047,1712400
2010-03-05,14.8585,14.8701,14.8201,14.8585,1153100
2010-03-08,14.8701,14.8778,14.8470,14.8470,855100
2010-03-09,14.8355,14.8893,14.8316,14.8778,757100
2010-03-10,14.9124,14.9277,14.8816,14.9124,745700
2010-03-11,14.9201,14.9508,14.9047,14.9354,871200
2010-03-12,14.9700,15.0239,14.9623,15.0239,1136000
2010-03-15,15.0200,15.0585,14.9931,15.0046,748700
2010-03-16,15.0354,15.0623,15.0123,15.0623,1185300
2010-03-17,15.0738,15.1469,15.0700,15.1392,1093900
2010-03-18,15.0930,15.1622,15.0892,15.1007,690800
2010-03-19,15.0661,15.1430,15.0508,15.0661,784200
2010-03-22,15.0238,15.0892,14.9777,15.0892,934200
2010-03-23,15.1007,15.1161,15.0700,15.1084,828600
2010-03-24,15.0892,15.1007,15.0585,15.0738,819100
2010-03-25,15.1123,15.1392,14.9931,14.9969,779800
2010-03-26,15.0700,15.0700,14.9431,14.9931,696700
2010-03-29,15.0008,15.0277,14.9585,15.0008,951900
2010-03-30,15.0008,15.0008,14.9354,14.9546,1571800
2010-03-31,14.9393,14.9508,14.8662,14.8855,879800
2010-04-01,14.9469,14.9624,14.8851,14.9237,1211100
2010-04-05,14.8889,14.9508,14.8619,14.8967,1321900
2010-04-06,14.9005,14.9160,14.8735,14.8928,798700
2010-04-07,14.9005,14.9044,14.8310,14.8889,2044900
2010-04-08,14.8773,14.9005,14.8194,14.9005,762700
2010-04-09,14.9005,14.9199,14.8812,14.9005,609900
2010-04-12,14.9276,14.9624,14.9121,14.9315,797900
2010-04-13,14.9315,14.9701,14.9315,14.9701,577500
2010-04-14,14.9972,15.0319,14.9817,15.0049,1257200
2010-04-15,15.0358,15.0358,15.0010,15.0319,1097500
2010-04-16,15.0319,15.0319,14.8812,14.9237,1123500
2010-04-19,14.8773,14.8928,14.8271,14.8889,858800
2010-04-20,14.9778,14.9778,14.8967,14.9624,674500
2010-04-21,14.9778,15.0165,14.9624,15.0088,739400
2010-04-22,14.9856,15.0474,14.9508,15.0474,255700
2010-04-23,15.0629,15.0629,15.0010,15.0358,608000
2010-04-26,15.0281,15.0435,14.9894,15.0010,872500
2010-04-27,14.9585,14.9624,14.8967,14.8967,1108400
2010-04-28,14.9469,14.9508,14.8657,14.8889,836000
2010-04-29,14.9469,14.9546,14.8851,14.9431,575900
2010-04-30,14.9392,14.9662,14.8928,14.8928,1046700
2010-05-03,14.9465,14.9776,14.8920,14.9426,620200
2010-05-04,14.8765,14.8998,14.7870,14.8103,800000
2010-05-05,14.7598,14.7675,14.2073,14.5263,3565900
2010-05-06,14.4485,14.4680,12.9663,13.6082,7026800
2010-05-07,13.6860,13.9895,13.4565,13.9856,2880500
2010-05-10,14.5341,14.5808,14.3435,14.3513,1648700
2010-05-11,14.2696,14.4485,14.2462,14.4213,926600
2010-05-12,14.4135,14.5575,14.3980,14.4835,1339400
2010-05-13,14.5069,14.5847,14.4913,14.5263,662500
2010-05-14,14.4913,14.4913,14.2307,14.3590,935600
2010-05-17,14.3591,14.4174,14.0011,14.2268,1268000
2010-05-18,14.2851,14.3279,14.0829,14.1218,1371300
2010-05-19,14.0751,14.0751,13.6355,13.9661,2352500
2010-05-20,13.8261,13.8572,13.3709,13.6199,2699900
2010-05-21,13.4915,13.8922,13.3242,13.8144,1574400
2010-05-24,13.8455,14.0712,13.8300,13.9817,1279100
2010-05-25,13.7016,13.9000,13.5110,13.8961,1449000
2010-05-26,14.0011,14.1334,13.9233,14.0284,1029600
2010-05-27,14.2268,14.2696,14.1529,14.2540,770700
2010-05-28,14.3046,14.3046,14.2190,14.2462,665000
2010-06-01,14.1969,14.2831,14.1773,14.2478,658100
2010-06-02,14.2282,14.3888,14.2282,14.3810,696500
2010-06-03,14.4123,14.4436,14.3849,14.4005,784300
2010-06-04,14.2321,14.3379,14.1812,14.2321,711600
2010-06-07,14.2635,14.2830,14.1773,14.2321,692000
2010-06-08,14.2870,14.2870,14.1773,14.2165,687600
2010-06-09,14.2478,14.3496,14.2165,14.2517,714700
2010-06-10,14.3379,14.3496,14.2752,14.3496,652300
2010-06-11,14.3340,14.4710,14.2948,14.4710,578400
2010-06-14,14.5024,14.5415,14.4710,14.4828,732500
2010-06-15,14.5454,14.6120,14.4906,14.6042,948500
2010-06-16,14.5689,14.5964,14.5298,14.5376,697600
2010-06-17,14.5689,14.5689,14.4789,14.5493,637000
2010-06-18,14.5572,14.6120,14.5298,14.5729,972600
2010-06-21,14.6316,14.6551,14.4984,14.5259,732900
2010-06-22,14.5376,14.5415,14.4906,14.5063,749700
2010-06-23,14.5102,14.5102,14.4475,14.4906,554100
2010-06-24,14.4945,14.5063,14.4358,14.4984,845600
2010-06-25,14.5337,14.5964,14.5024,14.5611,868200
2010-06-28,14.5572,14.6159,14.5376,14.6003,980100
2010-06-29,14.5180,14.5533,14.4162,14.4240,966500
2010-06-30,14.3966,14.5454,14.3966,14.5141,751800
2010-07-01,14.5567,14.5567,14.3320,14.5330,1125700
2010-07-02,14.5843,14.5961,14.4936,14.5725,459900
2010-07-06,14.6277,14.6750,14.5764,14.5961,522800
2010-07-07,14.6198,14.6986,14.5882,14.6986,1046500
2010-07-08,14.7262,14.8287,14.7184,14.8287,666400
2010-07-09,14.8563,14.8918,14.7696,14.8682,819400
2010-07-12,14.8997,14.9155,14.8287,14.8563,656700
2010-07-13,14.9076,15.0141,14.9037,14.9746,1013000
2010-07-14,14.9825,15.0417,14.9391,15.0259,896900
2010-07-15,15.0298,15.0692,14.9746,15.0456,676500
2010-07-16,15.0653,15.0653,14.9786,15.0022,651900
2010-07-19,15.0535,15.0890,15.0259,15.0771,743000
2010-07-20,15.0219,15.1323,15.0022,15.1166,788100
2010-07-21,15.1994,15.1994,15.1363,15.1402,1110800
2010-07-22,15.1915,15.2664,15.1757,15.2585,1024000
2010-07-23,15.2546,15.3098,15.2191,15.2979,723000
2010-07-26,15.3216,15.4556,15.2900,15.4478,2521200
2010-07-27,15.5266,15.5424,15.4162,15.4675,2338200
2010-07-28,15.4320,15.4833,15.4162,15.4202,1068300
2010-07-29,15.4557,15.5069,15.4083,15.4714,752300
2010-07-30,15.4359,15.5148,15.4202,15.5148,1065000
2010-08-02,15.5979,15.6098,15.4786,15.5581,1239300
2010-08-03,15.5104,15.5780,15.4945,15.5661,1274500
2010-08-04,15.5700,15.6535,15.5581,15.6535,1849900
2010-08-05,15.6495,15.7210,15.6296,15.6893,1040800
2010-08-06,15.6535,15.7528,15.6495,15.7290,1144300
2010-08-09,15.7727,15.8005,15.7131,15.7687,904400
2010-08-10,15.7489,15.7528,15.6813,15.7250,1152400
2010-08-11,15.6495,15.7131,15.6495,15.7131,814400
2010-08-12,15.6614,15.7767,15.6217,15.7568,1271700
2010-08-13,15.7886,15.8641,15.7369,15.8641,1646500
2010-08-16,15.8919,15.8919,15.7926,15.7926,1306400
2010-08-17,15.8641,15.8999,15.8482,15.8601,1567400
2010-08-18,15.9039,15.9118,15.8601,15.9078,1585900
2010-08-19,15.9197,15.9237,15.8204,15.8442,1217100
2010-08-20,15.8562,15.8601,15.8005,15.8403,889100
2010-08-23,15.8681,15.8840,15.8403,15.8522,1367800
2010-08-24,15.8323,15.8363,15.7528,15.7528,1062000
2010-08-25,15.7489,15.8045,15.7369,15.7886,1022900
2010-08-26,15.7965,15.8442,15.7767,15.8005,1133500
2010-08-27,15.8403,15.8760,15.7846,15.8760,1266800
2010-08-30,16.0707,16.0707,15.8760,15.8840,1136400
2010-08-31,15.8959,15.9078,15.8601,15.8720,1659300
2010-09-01,15.9750,15.9750,15.9029,15.9269,1284800
2010-09-02,15.9550,15.9550,15.9029,15.9029,1093300
2010-09-03,15.9670,15.9790,15.9269,15.9469,1504200
2010-09-07,15.9389,15.9790,15.9189,15.9389,1083900
2010-09-08,15.9549,15.9710,15.9389,15.9710,1133400
2010-09-09,15.9790,16.0070,15.9469,15.9590,1096500
2010-09-10,15.9910,15.9910,15.9670,15.9830,1176100
2010-09-13,16.0230,16.0351,15.9910,16.0030,1843700
2010-09-14,16.0351,16.0391,15.9189,15.9389,1438700
2010-09-15,15.9469,15.9750,15.9309,15.9509,1917400
2010-09-16,15.9670,15.9830,15.9309,15.9349,1700700
2010-09-17,15.9710,15.9710,15.8748,15.9309,1374500
2010-09-20,15.9910,16.0110,15.9509,16.0110,1192200
2010-09-21,16.0310,16.0310,15.9670,15.9750,1526400
2010-09-22,15.9950,15.9950,15.9630,15.9750,1423600
2010-09-23,15.9590,15.9830,15.9389,15.9590,1021200
2010-09-24,15.9950,16.0150,15.9630,15.9830,1451800
2010-09-27,15.9870,15.9950,15.9349,15.9389,1912700
2010-09-28,15.9510,15.9710,15.9029,15.9189,1996000
2010-09-29,15.9389,15.9510,15.9109,15.9389,1605900
2010-09-30,15.9750,15.9870,15.9189,15.9309,1673800
2010-10-01,15.9905,15.9905,15.9180,15.9422,1699500
2010-10-04,15.9502,15.9905,15.8697,15.8818,1254300
2010-10-05,15.9140,15.9301,15.8898,15.9059,1328000
2010-10-06,15.9261,15.9503,15.8737,15.8979,2417900
2010-10-07,15.9221,15.9382,15.8818,15.9261,1235200
2010-10-08,15.9382,15.9825,15.9341,15.9583,1318300
2010-10-11,15.9664,15.9785,15.9583,15.9704,702200
2010-10-12,15.9865,16.0228,15.9784,15.9865,867600
2010-10-13,16.0308,16.0469,15.9946,16.0308,1728800
2010-10-14,16.0590,16.0590,15.9422,15.9945,1446400
2010-10-15,16.0107,16.0268,15.7650,15.8737,2757200
2010-10-18,15.8616,15.8777,15.8093,15.8657,1658700
2010-10-19,15.8616,15.8979,15.7932,15.8294,1686200
2010-10-20,15.8616,15.8778,15.7730,15.8455,2293100
2010-10-21,15.8616,15.8979,15.8415,15.8536,1233900
2010-10-22,15.8898,15.9623,15.8697,15.9140,1120500
2010-10-25,15.9543,15.9784,15.8858,15.9019,1630400
2010-10-26,15.8576,15.9261,15.8254,15.9221,2177900
2010-10-27,15.8415,15.9301,15.8415,15.8939,989600
2010-10-28,15.8898,15.9422,15.8898,15.9341,1218200
2010-10-29,15.9664,15.9664,15.9341,15.9543,1003300
2010-11-01,15.9814,15.9814,15.9369,15.9774,1172400
2010-11-02,15.9976,15.9976,15.9328,15.9328,937100
2010-11-03,15.9328,15.9612,15.9247,15.9571,1000900
2010-11-04,16.0098,16.0624,15.9895,16.0502,1613600
2010-11-05,16.0219,16.0907,16.0219,16.0624,1211000
2010-11-08,16.0867,16.0867,16.0381,16.0381,1245400
2010-11-09,16.0907,16.0907,16.0421,16.0583,1393500
2010-11-10,16.0624,16.0826,16.0340,16.0705,843800
2010-11-11,16.0624,16.0664,16.0219,16.0543,717800
2010-11-12,16.0543,16.0583,15.9935,16.0219,800200
2010-11-15,16.0502,16.0583,15.9976,16.0219,1365600
2010-11-16,16.0259,16.0300,15.8113,15.9166,1684600
2010-11-17,15.9652,15.9774,15.9004,15.9045,929600
2010-11-18,15.9409,15.9855,15.9085,15.9814,1207100
2010-11-19,15.9895,15.9976,15.9450,15.9936,987900
2010-11-22,15.9895,15.9895,15.8761,15.9004,1207700
2010-11-23,15.8559,15.8680,15.7668,15.8599,1704800
2010-11-24,15.9166,15.9288,15.8559,15.9166,938300
2010-11-26,15.9004,15.9247,15.8640,15.9207,450400
2010-11-29,15.9450,15.9450,15.8397,15.8721,1335000
2010-11-30,15.8437,15.8802,15.8073,15.8559,1420500
2010-12-01,15.9561,15.9643,15.8787,15.9032,1140100
2010-12-02,15.8991,15.9235,15.8706,15.9072,1073800
2010-12-03,15.9072,15.9439,15.8868,15.9276,1182900
2010-12-06,15.9317,15.9358,15.8950,15.8950,1201200
2010-12-07,15.9317,15.9846,15.8991,15.9154,1300200
2010-12-08,15.9358,15.9358,15.8828,15.8869,906300
2010-12-09,15.9032,15.9357,15.8869,15.9357,1413400
2010-12-10,15.9113,15.9643,15.9113,15.9439,868900
2010-12-13,15.9602,15.9602,15.9276,15.9439,918400
2010-12-14,15.9561,15.9561,15.8257,15.8257,1306700
2010-12-15,15.7931,15.8257,15.7646,15.7728,1538700
2010-12-16,15.7891,15.8217,15.7320,15.7565,1282600
2010-12-17,15.7483,15.7850,15.7320,15.7850,1339300
2010-12-20,15.7565,15.7728,15.6628,15.6668,1356200
2010-12-21,15.6668,15.7035,15.6424,15.7035,987900
2010-12-22,15.7280,15.7443,15.6872,15.7117,959900
2010-12-23,15.7076,15.7361,15.6791,15.7320,973400
2010-12-27,15.6668,15.7931,15.6668,15.7565,1726200
2010-12-28,15.7802,15.8089,15.7557,15.7639,1053500
2010-12-29,15.7966,15.8417,15.7843,15.8417,1217000
2010-12-30,15.8048,15.8499,15.7925,15.8376,933900
2010-12-31,15.8458,15.9196,15.8376,15.8991,919300
2011-01-03,15.9441,15.9728,15.9073,15.9237,1840700
2011-01-04,15.9441,15.9441,15.8991,15.9441,1980100
2011-01-05,15.9482,15.9646,15.9237,15.9319,2157400
2011-01-06,15.9482,15.9728,15.9400,15.9482,2290500
2011-01-07,15.9605,15.9728,15.9196,15.9319,1296400
2011-01-10,15.8909,15.9646,15.8909,15.9564,998600
2011-01-11,15.9687,15.9769,15.9441,15.9523,1909900
2011-01-12,15.9769,15.9892,15.9564,15.9810,1877600
2011-01-13,15.9851,16.0220,15.9851,16.0056,1605500
2011-01-14,16.0097,16.0384,15.9728,15.9728,1441000
2011-01-18,15.9974,15.9974,15.9564,15.9564,1376800
2011-01-19,15.9851,15.9892,15.9564,15.9605,885300
2011-01-20,15.9892,15.9933,15.9359,15.9523,1097700
2011-01-21,15.9810,16.0015,15.9523,15.9851,1460900
2011-01-24,15.9974,16.0056,15.9810,15.9810,1283100
2011-01-25,15.9810,16.0056,15.9728,16.0056,952900
2011-01-26,16.0138,16.0261,15.9933,16.0138,1412600
2011-01-27,16.0261,16.0630,16.0138,16.0507,1133600
2011-01-28,16.0794,16.0794,15.9605,15.9769,2030400
2011-01-31,15.9851,16.0138,15.9605,16.0138,1048800
2011-02-01,16.0591,16.0715,16.0344,16.0591,1224100
2011-02-02,16.0427,16.0674,16.0385,16.0509,835400
2011-02-03,16.0880,16.1127,16.0509,16.0921,2817000
2011-02-04,16.1127,16.1374,16.0797,16.1168,1674900
2011-02-07,16.1210,16.1580,16.1127,16.1127,1788800
2011-02-08,16.1251,16.1828,16.1086,16.1416,2196000
2011-02-09,16.1498,16.1539,16.1210,16.1457,1523300
2011-02-10,16.1457,16.1704,16.1292,16.1663,1421900
2011-02-11,16.1704,16.2157,16.1539,16.2157,1675300
2011-02-14,16.2322,16.2404,16.2075,16.2198,1410100
2011-02-15,16.2363,16.2446,16.1993,16.2116,1452600
2011-02-16,16.2281,16.2775,16.2157,16.2775,1392900
2011-02-17,16.2734,16.2817,16.2487,16.2569,1198200
2011-02-18,16.2652,16.3188,16.2569,16.3105,1420300
2011-02-22,16.2817,16.2981,16.2034,16.2075,1248100
2011-02-23,16.2157,16.2281,16.1663,16.1992,1061500
2011-02-24,16.2281,16.2363,16.1745,16.1869,1045800
2011-02-25,16.2363,16.2363,16.1992,16.2198,1289400
2011-02-28,16.2281,16.2775,16.2157,16.2775,1067000
2011-03-01,16.2978,16.3061,16.2315,16.2315,1306900
2011-03-02,16.2357,16.3020,16.2232,16.2854,1019500
2011-03-03,16.2896,16.3434,16.2896,16.3393,1197000
2011-03-04,16.3517,16.3683,16.3061,16.3642,977000
2011-03-07,16.3725,16.3725,16.2979,16.2979,877900
2011-03-08,16.3269,16.3600,16.3061,16.3435,1340500
2011-03-09,16.3559,16.3600,16.3352,16.3600,1181800
2011-03-10,16.3434,16.3725,16.3103,16.3269,945200
2011-03-11,16.3269,16.3600,16.2937,16.3517,844600
2011-03-14,16.3393,16.3434,16.3144,16.3269,1159800
2011-03-15,16.2771,16.2979,16.1901,16.2979,1385500
2011-03-16,16.3186,16.3186,16.2315,16.2564,1405300
2011-03-17,16.2606,16.2937,16.2440,16.2440,1074900
2011-03-18,16.3227,16.3227,16.2688,16.3061,1169700
2011-03-21,16.3186,16.3476,16.3103,16.3352,1315700
2011-03-22,16.3600,16.3642,16.3310,16.3517,1323700
2011-03-23,16.3476,16.3683,16.3269,16.3683,1192000
2011-03-24,16.3849,16.3932,16.3559,16.3600,1495900
2011-03-25,16.3808,16.3932,16.3642,16.3849,1211400
2011-03-28,16.3973,16.4056,16.3808,16.3890,1222500
2011-03-29,16.4056,16.4181,16.3849,16.3849,1479900
2011-03-30,16.4222,16.4263,16.3932,16.4180,1774200
2011-03-31,16.4305,16.4554,16.4180,16.4346,4842000
2011-04-01,16.4867,16.4909,16.4617,16.4909,1841500
2011-04-04,16.5034,16.5117,16.4784,16.4909,1777900
2011-04-05,16.4659,16.5284,16.4617,16.5284,2187600
2011-04-06,16.5451,16.5451,16.5034,16.5242,1454200
2011-04-07,16.5409,16.5409,16.4701,16.4742,1193000
2011-04-08,16.5201,16.5201,16.4784,16.4951,958600
2011-04-11,16.5117,16.5201,16.4492,16.4534,856600
2011-04-12,16.4534,16.4534,16.4034,16.4159,1354900
2011-04-13,16.4492,16.4576,16.4075,16.4117,1169000
2011-04-14,16.4201,16.4284,16.3992,16.4076,1193300
2011-04-15,16.4034,16.4367,16.3909,16.4117,1243400
2011-04-18,16.4034,16.4075,16.3492,16.3867,1051100
2011-04-19,16.3992,16.4492,16.3909,16.4492,937000
2011-04-20,16.4617,16.4992,16.4617,16.4951,1502300
2011-04-21,16.5284,16.5326,16.5076,16.5326,915600
2011-04-25,16.5368,16.6201,16.5242,16.5618,2049700
2011-04-26,16.5784,16.6034,16.5742,16.5951,2000000
2011-04-27,16.5909,16.6368,16.5909,16.6284,1751500
2011-04-28,16.6368,16.6576,16.6284,16.6534,1534300
2011-04-29,16.6659,16.6951,16.6576,16.6951,1249000
2011-05-02,16.7022,16.7022,16.6520,16.6645,1250400
2011-05-03,16.6687,16.6939,16.6603,16.6855,924600
2011-05-04,16.6855,16.7022,16.6520,16.7022,893700
2011-05-05,16.6729,16.7064,16.6561,16.6603,1200000
2011-05-06,16.7357,16.7357,16.6771,16.6813,1025700
2011-05-09,16.7106,16.7232,16.6938,16.7148,1173600
2011-05-10,16.7232,16.7567,16.7148,16.7567,1647300
2011-05-11,16.7609,16.7693,16.7399,16.7651,1210600
2011-05-12,16.7567,16.7860,16.7399,16.7818,1056100
2011-05-13,16.8070,16.8070,16.7776,16.8028,1172500
2011-05-16,16.7986,16.8070,16.7734,16.7818,1031900
2011-05-17,16.7567,16.7986,16.7567,16.7986,1422700
2011-05-18,16.7986,16.8028,16.7734,16.7944,1399500
2011-05-19,16.7902,16.8070,16.7860,16.8070,1253000
2011-05-20,16.8070,16.8195,16.7818,16.7944,1658700
2011-05-23,16.7483,16.7735,16.7358,16.7693,1900000
2011-05-24,16.7902,16.7986,16.7525,16.7693,1745300
2011-05-25,16.7651,16.7776,16.7567,16.7734,1411900
2011-05-26,16.7860,16.7902,16.7567,16.7609,1610500
2011-05-27,16.7734,16.7944,16.7609,16.7860,1584700
2011-05-31,16.8111,16.8195,16.7692,16.7944,1791700
2011-06-01,16.7906,16.8074,16.7401,16.7443,1564000
2011-06-02,16.7695,16.7695,16.6685,16.6937,1780200
2011-06-03,16.6937,16.7064,16.6264,16.6811,1366700
2011-06-06,16.6895,16.7022,16.6390,16.6390,1165200
2011-06-07,16.6811,16.6811,16.6348,16.6390,985800
2011-06-08,16.6390,16.6474,16.5758,16.5885,1635000
2011-06-09,16.6474,16.6474,16.5463,16.5758,1377300
2011-06-10,16.5842,16.5842,16.5084,16.5505,1188100
2011-06-13,16.5506,16.5674,16.5295,16.5379,740800
2011-06-14,16.5548,16.6053,16.5379,16.5842,1034700
2011-06-15,16.5337,16.5842,16.5169,16.5211,1003000
2011-06-16,16.5211,16.5253,16.3652,16.3652,1902600
2011-06-17,16.3905,16.4747,16.3863,16.4705,1397200
2011-06-20,16.4789,16.4874,16.4495,16.4832,1053300
2011-06-21,16.5421,16.5632,16.4874,16.5295,1583300
2011-06-22,16.5253,16.5632,16.5211,16.5421,995200
2011-06-23,16.4916,16.5421,16.4874,16.5379,1556600
2011-06-24,16.5463,16.5632,16.5000,16.5169,940600
2011-06-27,16.5379,16.5379,16.5042,16.5042,1699200
2011-06-28,16.5253,16.6095,16.5253,16.6095,1672500
2011-06-29,16.6432,16.6516,16.6179,16.6348,1197100
2011-06-30,16.6558,16.7106,16.6432,16.7022,1514700
2011-07-01,16.6962,16.7809,16.6920,16.7132,1816600
2011-07-05,16.7216,16.7470,16.7089,16.7343,1013500
2011-07-06,16.7217,16.7301,16.6878,16.7217,1596800
2011-07-07,16.7597,16.7640,16.7343,16.7555,1389400
2011-07-08,16.7470,16.7470,16.7005,16.7470,1139100
2011-07-11,16.7132,16.7216,16.6539,16.6666,1397500
2011-07-12,16.6539,16.6751,16.5904,16.6115,1845400
2011-07-13,16.6327,16.6708,16.6243,16.6624,1255400
2011-07-14,16.6624,16.6751,16.6200,16.6242,1155300
2011-07-15,16.6539,16.6624,16.5946,16.6412,1345000
2011-07-18,16.6327,16.6327,16.4930,16.5311,1806000
2011-07-19,16.5565,16.5650,16.4803,16.5480,2205400
2011-07-20,16.5692,16.5819,16.5523,16.5777,1489100
2011-07-21,16.5819,16.6539,16.5692,16.6454,1885700
2011-07-22,16.6581,16.6708,16.6370,16.6708,828800
2011-07-25,16.6327,16.6412,16.5904,16.5946,1617600
2011-07-26,16.6073,16.6327,16.5777,16.5989,1999500
2011-07-27,16.5904,16.5946,16.4930,16.5014,1453500
2011-07-28,16.4803,16.5099,16.4422,16.4464,1353700
2011-07-29,16.3956,16.4083,16.2220,16.3871,3437200
2011-08-01,16.4689,16.5114,16.4178,16.4902,1697300
2011-08-02,16.4944,16.5157,16.4518,16.4604,1497400
2011-08-03,16.4731,16.5029,16.3922,16.5029,2019400
2011-08-04,16.4604,16.4604,16.0516,16.0601,5082200
2011-08-05,16.1368,16.1368,15.3448,15.7536,10551300
2011-08-08,15.1745,15.3193,13.9994,14.2549,18576300
2011-08-09,14.5699,15.3406,14.3528,15.2639,8434800
2011-08-10,15.1618,15.3661,15.0723,15.2469,4117900
2011-08-11,15.2426,15.6642,15.2171,15.6173,2970000
2011-08-12,15.7280,15.8983,15.6684,15.7706,2659900
2011-08-15,15.7876,16.0303,15.7876,15.9750,1826300
2011-08-16,15.9069,15.9835,15.8600,15.9409,1161000
2011-08-17,15.9963,16.0729,15.9367,15.9494,1401800
2011-08-18,15.7578,15.7919,15.4513,15.6982,2212200
2011-08-19,15.6258,15.6897,15.4811,15.6429,1172000
2011-08-22,15.7025,15.7962,15.4896,15.5279,1051800
2011-08-23,15.5109,15.5109,15.3448,15.4853,1066200
2011-08-24,15.4342,15.6301,15.4342,15.6173,1104800
2011-08-25,15.8813,15.9324,15.7366,15.7919,1234600
2011-08-26,15.6556,15.9281,15.6556,15.8898,1015700
2011-08-29,15.9196,16.1027,15.9196,16.0942,1058700
2011-08-30,16.0899,16.1495,16.0090,16.1155,1143800
2011-08-31,16.1368,16.2432,16.0729,16.0814,3277000
2011-09-01,16.0074,16.1315,16.0074,16.0930,1298400
2011-09-02,15.9346,16.0330,15.8704,16.0074,797600
2011-09-06,15.7419,15.9089,15.6263,15.9003,1817000
2011-09-07,15.9731,16.0630,15.9260,16.0630,1294200
2011-09-08,16.0330,16.0716,15.9474,15.9517,1523200
2011-09-09,15.9046,15.9389,15.7976,15.8618,1479400
2011-09-12,15.5921,15.7333,15.4679,15.5878,1388000
2011-09-13,15.5621,15.6392,15.4850,15.6349,1202100
2011-09-14,15.6649,15.7419,15.5878,15.6863,740900
2011-09-15,15.7933,15.8575,15.7291,15.8575,901000
2011-09-16,15.8832,15.9046,15.7976,15.8104,893800
2011-09-19,15.6863,15.7462,15.6563,15.7162,810400
2011-09-20,15.7419,15.7890,15.6734,15.6991,935500
2011-09-21,15.7119,15.7248,15.4979,15.4979,1176300
2011-09-22,15.1896,15.3052,15.0612,15.2795,2558400
2011-09-23,15.2367,15.3780,15.1854,15.2838,1531600
2011-09-26,15.4080,15.4208,15.1682,15.2582,1119200
2011-09-27,15.4251,15.5450,15.3909,15.4251,1437200
2011-09-28,15.3780,15.5150,15.3224,15.3352,937900
2011-09-29,15.5022,15.5407,15.3352,15.4251,2501000
2011-09-30,15.3909,15.3994,15.2453,15.2453,1060800
2011-10-03,15.2716,15.3275,14.9142,14.9271,2961200
2011-10-04,14.7635,14.8453,14.4578,14.7980,3361500
2011-10-05,14.8109,14.9745,14.7420,14.9487,1476500
2011-10-06,14.9702,15.2543,14.8970,15.2285,1506300
2011-10-07,15.3835,15.3835,15.2027,15.2845,1184400
2011-10-10,15.8442,15.8442,15.3577,15.4309,1576300
2011-10-11,15.4136,15.5170,15.3749,15.4911,1084200
2011-10-12,15.6117,15.7107,15.5084,15.6289,1861100
2011-10-13,15.6160,15.6160,15.4696,15.5557,725100
2011-10-14,15.7021,15.7107,15.4998,15.5471,976700
2011-10-17,15.5643,15.5945,15.4653,15.5256,1095300
2011-10-18,15.5385,15.6849,15.4739,15.6246,950100
2011-10-19,15.6548,15.7624,15.6332,15.6375,1453800
2011-10-20,15.6289,15.6978,15.6074,15.6720,925600
2011-10-21,15.7753,15.8184,15.7495,15.8011,1774300
2011-10-24,15.8657,15.9260,15.8313,15.8959,1218700
2011-10-25,15.8916,15.9002,15.8054,15.8399,885100
2011-10-26,15.9217,15.9432,15.8097,15.9174,1009500
2011-10-27,16.1025,16.2446,16.0509,16.1972,3966300
2011-10-28,16.1714,16.2274,16.1456,16.2188,1189300
2011-10-31,16.1499,16.1973,16.0509,16.0638,891300
2011-11-01,15.7802,15.8841,15.7066,15.8062,1389400
2011-11-02,16.0356,16.0356,15.8495,15.9317,1151900
2011-11-03,16.0010,16.0097,15.9101,15.9750,944100
2011-11-04,15.9404,16.0486,15.9404,16.0313,927600
2011-11-07,16.0140,16.0616,15.9577,16.0227,1881200
2011-11-08,16.1352,16.1525,15.9923,16.0400,1476500
2011-11-09,15.9707,15.9923,15.7629,15.8105,2155200
2011-11-10,15.9187,15.9231,15.8062,15.8451,1291900
2011-11-11,15.9101,15.9880,15.9101,15.9707,821800
2011-11-14,15.9664,15.9967,15.8798,15.8884,1513300
2011-11-15,15.8451,15.9490,15.8018,15.9274,1106400
2011-11-16,15.8928,15.9534,15.8105,15.8105,1116900
2011-11-17,15.8148,15.8495,15.7153,15.7586,868700
2011-11-18,15.8322,15.8322,15.7109,15.7845,876600
2011-11-21,15.7066,15.7109,15.5508,15.6633,1501900
2011-11-22,15.6243,15.6676,15.5637,15.6070,974000
2011-11-23,15.5594,15.5767,15.3646,15.4209,819000
2011-11-25,15.4382,15.5075,15.4382,15.4728,488300
2011-11-28,15.7802,15.7845,15.5118,15.5464,1020700
2011-11-29,15.4555,15.6027,15.4512,15.4642,862800
2011-11-30,15.6763,15.6936,15.5464,15.5594,1378300
2011-12-01,15.5203,15.6160,15.4898,15.5159,800600
2011-12-02,15.5594,15.5855,15.5116,15.5725,1034200
2011-12-05,15.6726,15.7248,15.6160,15.7074,1050000
2011-12-06,15.6769,15.7857,15.6682,15.7378,981600
2011-12-07,15.7378,15.7465,15.6682,15.7117,817400
2011-12-08,15.7117,15.7378,15.6029,15.6203,730200
2011-12-09,15.6334,15.7204,15.6247,15.7161,794600
2011-12-12,15.6334,15.6638,15.5812,15.6638,718700
2011-12-13,15.7378,15.8031,15.6247,15.6856,769200
2011-12-14,15.6508,15.6638,15.5594,15.5638,921700
2011-12-15,15.5855,15.6421,15.5594,15.5725,898800
2011-12-16,15.5986,15.6247,15.4942,15.4942,777200
2011-12-19,15.5725,15.5725,15.4245,15.4593,767400
2011-12-20,15.5115,15.5464,15.4767,15.4811,1012700
2011-12-21,15.5028,15.5289,15.4419,15.5115,1031600
2011-12-22,15.5464,15.7030,15.5116,15.6508,2406700
2011-12-23,15.6769,15.6812,15.6203,15.6551,1089900
2011-12-27,15.6390,15.7002,15.4728,15.4815,2391100
2011-12-28,15.4903,15.5034,15.4465,15.4859,1190300
2011-12-29,15.5121,15.5471,15.4946,15.5165,1273100
2011-12-30,15.5121,15.5777,15.5034,15.5777,1297400
2012-01-03,15.6652,15.7395,15.6258,15.7177,1476300
2012-01-04,15.6521,15.9014,15.6521,15.8576,2070500
2012-01-05,15.8620,16.0894,15.8445,16.0763,3722300
2012-01-06,16.1156,16.1594,16.0763,16.0982,1537000
2012-01-09,16.1506,16.2206,16.1200,16.1812,1094900
2012-01-10,16.3081,16.3081,16.2643,16.2950,2075800
2012-01-11,16.2687,16.3343,16.2512,16.2775,1200200
2012-01-12,16.3081,16.3431,16.2775,16.3431,1119200
2012-01-13,16.2906,16.3168,16.2381,16.2950,1405900
2012-01-17,16.2949,16.3912,16.2949,16.2993,1642200
2012-01-18,16.3125,16.3912,16.3081,16.3868,1494500
2012-01-19,16.4087,16.5049,16.4087,16.4436,2606300
2012-01-20,16.4437,16.5093,16.4437,16.5093,1139000
2012-01-23,16.5311,16.5748,16.5005,16.5224,1109000
2012-01-24,16.5180,16.5355,16.4743,16.5180,1790200
2012-01-25,16.5267,16.6098,16.4918,16.5661,1995500
2012-01-26,16.6142,16.6492,16.5880,16.6186,1277600
2012-01-27,16.6142,16.6798,16.5967,16.6754,1022000
2012-01-30,16.6536,16.6623,16.6186,16.6448,1179000
2012-01-31,16.6973,16.7061,16.6448,16.6798,1775600
2012-02-01,16.7220,16.7791,16.7000,16.7483,2922600
2012-02-02,16.7791,16.8011,16.7615,16.7879,2338300
2012-02-03,16.8758,16.8977,16.8011,16.8670,1842400
2012-02-06,16.8714,16.8802,16.8494,16.8802,1281900
2012-02-07,16.8494,16.9065,16.8494,16.9065,1417400
2012-02-08,16.9153,16.9373,16.8933,16.9373,1449000
2012-02-09,16.9505,16.9768,16.8933,16.9373,1219800
2012-02-10,16.8845,16.9021,16.8494,16.8670,995800
2012-02-13,16.9373,16.9592,16.8933,16.9417,1415000
2012-02-14,16.9197,16.9548,16.9065,16.9417,1488800
2012-02-15,16.9900,16.9988,16.9592,16.9724,1031400
2012-02-16,16.9724,16.9988,16.9197,16.9988,1091100
2012-02-17,17.0076,17.0559,16.9944,17.0383,2446700
2012-02-21,17.0603,17.0735,17.0120,17.0339,1455600
2012-02-22,17.0427,17.0647,17.0251,17.0559,1283500
2012-02-23,17.0647,17.0998,17.0515,17.0867,1922700
2012-02-24,17.0822,17.1174,17.0735,17.0998,1184400
2012-02-27,17.0954,17.1438,17.0823,17.1306,2268900
2012-02-28,17.1569,17.1877,17.1350,17.1833,2853300
2012-02-29,17.1921,17.2185,17.1657,17.1877,3381100
2012-03-01,17.2270,17.2314,17.1784,17.2049,1686600
2012-03-02,17.2093,17.2402,17.2049,17.2402,1387500
2012-03-05,17.2358,17.2446,17.1740,17.1828,912800
2012-03-06,17.1035,17.1211,17.0020,17.0373,1517400
2012-03-07,17.0770,17.1079,17.0417,17.0682,1079100
2012-03-08,17.1387,17.1652,17.1211,17.1608,1679500
2012-03-09,17.1784,17.2137,17.1740,17.1917,1073800
2012-03-12,17.1873,17.2358,17.1873,17.2358,1606400
2012-03-13,17.2446,17.2931,17.2358,17.2931,1957600
2012-03-14,17.3019,17.3064,17.2093,17.2314,1453700
2012-03-15,17.2358,17.2975,17.1784,17.1828,1082500
2012-03-16,17.2137,17.2314,17.1828,17.2181,693900
2012-03-19,17.2226,17.2490,17.2005,17.2226,1436200
2012-03-20,17.1917,17.2314,17.1784,17.1917,1108300
2012-03-21,17.2181,17.2358,17.1785,17.2005,1705500
2012-03-22,17.1784,17.2049,17.1652,17.1873,939800
2012-03-23,17.1961,17.2226,17.1740,17.2093,1072600
2012-03-26,17.2093,17.2622,17.2093,17.2402,897300
2012-03-27,17.2490,17.2490,17.2270,17.2270,1750200
2012-03-28,17.2225,17.2490,17.2137,17.2402,1376300
2012-03-29,17.2005,17.2270,17.1740,17.1917,1407000
2012-03-30,17.2225,17.2446,17.1961,17.2181,1494900
2012-04-02,17.2212,17.2523,17.2035,17.2301,1453400
2012-04-03,17.2345,17.2478,17.2079,17.2345,1346700
2012-04-04,17.1902,17.1991,17.1592,17.1636,910600
2012-04-05,17.1681,17.2035,17.1592,17.1902,712700
2012-04-09,17.1193,17.1636,17.1060,17.1592,818100
2012-04-10,17.1681,17.1681,17.0351,17.0573,1807300
2012-04-11,17.0839,17.1105,17.0174,17.0218,2123200
2012-04-12,17.0573,17.1814,17.0395,17.1681,611100
2012-04-13,17.1503,17.1681,17.1060,17.1548,621100
2012-04-16,17.1858,17.1946,17.1370,17.1902,1192600
2012-04-17,17.2168,17.2257,17.1725,17.2124,2279500
2012-04-18,17.1902,17.2168,17.1459,17.1681,1048500
2012-04-19,17.1946,17.2124,17.1326,17.1459,1281000
2012-04-20,17.1769,17.1991,17.0972,17.0972,1059500
2012-04-23,17.0750,17.1237,17.0617,17.1193,1039400
2012-04-24,17.1326,17.1636,17.1104,17.1459,1300600
2012-04-25,17.1725,17.2035,17.1681,17.1947,1617800
2012-04-26,17.2079,17.2257,17.1548,17.1991,1620400
2012-04-27,17.2212,17.2434,17.2079,17.2390,1158000
2012-04-30,17.2523,17.2611,17.2434,17.2567,1514600
2012-05-01,17.2643,17.2910,17.2509,17.2821,1815700
2012-05-02,17.2776,17.2821,17.2554,17.2554,1260000
2012-05-03,17.2643,17.2821,17.2509,17.2776,1140300
2012-05-04,17.2598,17.2821,17.2509,17.2776,858900
2012-05-07,17.2197,17.2954,17.2153,17.2954,1589100
2012-05-08,17.2776,17.2954,17.2375,17.2954,3012400
2012-05-09,17.2509,17.2687,17.2019,17.2509,2044100
2012-05-10,17.2598,17.2865,17.2509,17.2598,975000
2012-05-11,17.2286,17.2509,17.1886,17.1886,1383500
2012-05-14,17.1396,17.1619,17.0684,17.0684,1146600
2012-05-15,17.0328,17.1040,17.0239,17.0239,1204600
2012-05-16,17.0506,17.0906,16.9660,17.0060,2451400
2012-05-17,16.9882,17.0060,16.7345,16.7345,2845000
2012-05-18,16.7835,16.8146,16.5742,16.5742,2373900
2012-05-21,16.5965,16.8502,16.5965,16.8280,2148000
2012-05-22,16.9081,17.0461,16.8992,16.9927,2305200
2012-05-23,16.9793,17.0417,16.8324,17.0105,2316800
2012-05-24,17.0728,17.0951,17.0194,17.0773,3028900
2012-05-25,17.0862,17.1263,17.0506,17.1129,1849100
2012-05-29,17.1396,17.2108,17.1129,17.2019,4530100
2012-05-30,17.0906,17.1574,17.0728,17.0995,2890000
2012-05-31,17.1084,17.1173,16.9927,17.0550,1661400
2012-06-01,16.9172,17.0067,16.9127,16.9440,1298800
2012-06-04,16.9172,16.9843,16.8903,16.9754,2665800
2012-06-05,16.9619,17.0738,16.9619,17.0425,2397500
2012-06-06,17.1051,17.1544,17.0783,17.1230,3117000
2012-06-07,17.1589,17.1857,17.0962,17.1141,2754500
2012-06-08,17.0604,17.1410,17.0604,17.1410,2007300
2012-06-11,17.2081,17.2170,17.0604,17.0738,1219300
2012-06-12,17.1096,17.1678,17.0649,17.1365,1334200
2012-06-13,17.1096,17.1768,17.0738,17.1544,1359600
2012-06-14,17.1678,17.2081,17.1409,17.1991,1269000
2012-06-15,17.2215,17.2439,17.1812,17.2170,871300
2012-06-18,17.2305,17.2707,17.2126,17.2573,2671300
2012-06-19,17.2976,17.3200,17.2708,17.2976,3538400
2012-06-20,17.3110,17.3602,17.2976,17.3334,1891100
2012-06-21,17.3424,17.3647,17.2663,17.2752,2429400
2012-06-22,17.3155,17.3334,17.3021,17.3155,1642900
2012-06-25,17.2842,17.3379,17.2842,17.3334,1903900
2012-06-26,17.3424,17.3692,17.3244,17.3647,2472400
2012-06-27,17.3737,17.4184,17.3334,17.4005,3264200
2012-06-28,17.3737,17.4587,17.3468,17.4542,2168400
2012-06-29,17.5348,17.5437,17.4274,17.4677,1711800
2012-07-02,17.4969,17.5419,17.4474,17.5329,2097400
2012-07-03,17.5464,17.5914,17.5374,17.5914,1250800
2012-07-05,17.6049,17.6184,17.5419,17.6139,2241500
2012-07-06,17.5374,17.6364,17.5374,17.6274,1930700
2012-07-09,17.5734,17.6229,17.5734,17.5959,1525200
2012-07-10,17.6229,17.6319,17.5329,17.5689,1352800
2012-07-11,17.5914,17.6094,17.5464,17.6004,1259000
2012-07-12,17.5779,17.6139,17.5464,17.5914,1205100
2012-07-13,17.6139,17.6769,17.6004,17.6364,1874100
2012-07-16,17.6364,17.7174,17.6364,17.6904,3080800
2012-07-17,17.7219,17.7219,17.6679,17.6904,1422200
2012-07-18,17.7039,17.7534,17.6904,17.7129,1568200
2012-07-19,17.7489,17.7668,17.7174,17.7264,2013400
2012-07-20,17.7264,17.7443,17.7084,17.7309,1736200
2012-07-23,17.6859,17.6904,17.6139,17.6904,2045400
2012-07-24,17.7039,17.7039,17.5734,17.6139,1537400
2012-07-25,17.6364,17.6409,17.5959,17.6184,916100
2012-07-26,17.6544,17.6949,17.6409,17.6724,1534900
2012-07-27,17.6904,17.7398,17.6679,17.7218,1288100
2012-07-30,17.7354,17.7579,17.7174,17.7399,1483400
2012-07-31,17.7309,17.7578,17.7264,17.7309,1346800
2012-08-01,17.7535,17.7761,17.6811,17.6902,1598200
2012-08-02,17.7128,17.7399,17.6766,17.7399,945300
2012-08-03,17.7761,17.8032,17.7444,17.7942,1721100
2012-08-06,17.7716,17.8304,17.7716,17.8123,1071300
2012-08-07,17.8304,17.8439,17.8213,17.8394,926500
2012-08-08,17.8304,17.8620,17.8213,17.8530,980600
2012-08-09,17.8620,17.8892,17.8484,17.8892,1128900
2012-08-10,17.8801,17.8892,17.8711,17.8801,684600
2012-08-13,17.8892,17.9027,17.8439,17.8575,862100
2012-08-14,17.8892,17.8892,17.8304,17.8575,1174400
2012-08-15,17.8394,17.8756,17.8349,17.8620,1156000
2012-08-16,17.8575,17.8801,17.8439,17.8665,1178300
2012-08-17,17.8801,17.8982,17.8666,17.8982,826700
2012-08-20,17.9027,17.9027,17.8666,17.8801,737500
2012-08-21,17.8937,17.9118,17.8801,17.8846,1402200
2012-08-22,17.8530,17.8846,17.8439,17.8846,1351800
2012-08-23,17.8892,17.8982,17.8711,17.8892,851000
2012-08-24,17.8892,17.9073,17.8711,17.8982,1326700
2012-08-27,17.9118,17.9389,17.8982,17.9208,1666100
2012-08-28,17.9254,17.9299,17.9118,17.9254,1138900
2012-08-29,17.9389,17.9751,17.9299,17.9751,983600
2012-08-30,17.9570,17.9751,17.9389,17.9751,1276600
2012-08-31,17.9977,18.0068,17.9661,17.9932,1068500
2012-09-04,18.0205,18.0205,17.9705,17.9932,1350100
2012-09-05,18.0068,18.0250,17.9977,18.0159,1046600
2012-09-06,18.0478,18.0705,18.0296,18.0569,1521100
2012-09-07,18.0569,18.1160,18.0569,18.1160,1354800
2012-09-10,18.1160,18.1160,18.0978,18.1023,1012500
2012-09-11,18.1205,18.1342,18.0796,18.0932,1560900
2012-09-12,18.1114,18.1523,18.0932,18.1478,1256400
2012-09-13,18.1114,18.1887,18.1114,18.1615,1627700
2012-09-14,18.1887,18.2069,18.1705,18.1705,1324900
2012-09-17,18.1887,18.2024,18.1432,18.1432,1082700
2012-09-18,18.1524,18.1751,18.1433,18.1705,1394300
2012-09-19,18.1842,18.1978,18.1660,18.1705,1216300
2012-09-20,18.1660,18.1751,18.1433,18.1751,918200
2012-09-21,18.1796,18.1978,18.1433,18.1615,1157400
2012-09-24,18.1660,18.1660,18.0841,18.0841,1657900
2012-09-25,18.1069,18.1387,18.0841,18.1205,2231300
2012-09-26,18.1205,18.1205,18.0523,18.1205,1777700
2012-09-27,18.1342,18.1569,18.1296,18.1387,1273600
2012-09-28,18.1342,18.1433,18.1069,18.1251,1045200
2012-10-01,18.1310,18.1767,18.1082,18.1721,1876900
2012-10-02,18.1584,18.1859,18.1356,18.1859,1031300
2012-10-03,18.1767,18.1996,18.1676,18.1996,778800
2012-10-04,18.2178,18.2361,18.1904,18.2361,1393900
2012-10-05,18.2681,18.2818,18.2498,18.2681,1129100
2012-10-08,18.2681,18.2773,18.2498,18.2590,676900
2012-10-09,18.2681,18.2727,18.2133,18.2178,1771400
2012-10-10,18.2316,18.2544,18.2178,18.2544,915400
2012-10-11,18.2727,18.3230,18.2590,18.3138,2124700
2012-10-12,18.3138,18.3184,18.2864,18.3001,674100
2012-10-15,18.3184,18.3184,18.2635,18.3047,1042100
2012-10-16,18.3047,18.3275,18.3047,18.3275,1465100
2012-10-17,18.3230,18.3595,18.3093,18.3413,780500
2012-10-18,18.3275,18.4007,18.3230,18.3824,4355100
2012-10-19,18.3733,18.3870,18.3138,18.3321,2530600
2012-10-22,18.3047,18.3321,18.2910,18.3001,1237500
2012-10-23,18.2361,18.2818,18.2087,18.2818,1450800
2012-10-24,18.2864,18.2910,18.2453,18.2544,1156500
2012-10-25,18.2635,18.2818,18.2407,18.2453,973700
2012-10-26,18.2544,18.2544,18.2224,18.2498,1369300
2012-10-31,18.2590,18.3230,18.2498,18.3093,1664600
2012-11-01,18.2179,18.2681,18.2087,18.2681,1612200
2012-11-02,18.2681,18.2727,18.2361,18.2544,1122900
2012-11-05,18.2635,18.2635,18.2407,18.2590,839800
2012-11-06,18.2636,18.2773,18.2590,18.2727,843700
2012-11-07,18.2590,18.2681,18.1904,18.2041,1649100
2012-11-08,18.2041,18.2407,18.1356,18.1356,1355800
2012-11-09,18.1356,18.1813,18.1264,18.1493,803000
2012-11-12,18.1584,18.1950,18.1584,18.1904,852200
2012-11-13,18.1721,18.1859,18.1584,18.1630,1322000
2012-11-14,18.1630,18.1813,17.9482,17.9573,3257500
2012-11-15,17.9299,17.9848,17.8385,17.8933,3740100
2012-11-16,17.9071,18.0670,17.8933,18.0579,2159500
2012-11-19,18.0899,18.1401,18.0762,18.1356,1831300
2012-11-20,18.1310,18.1584,18.1127,18.1447,1295400
2012-11-21,18.1539,18.1721,18.1402,18.1402,1105900
2012-11-23,18.1996,18.1996,18.1630,18.1721,612200
2012-11-26,18.1721,18.1996,18.1584,18.1676,1431300
2012-11-27,18.1813,18.2178,18.1813,18.1996,1962700
2012-11-28,18.1950,18.2270,18.1767,18.2178,1672600
2012-11-29,18.2316,18.2498,18.2133,18.2407,1485100
2012-11-30,18.2498,18.2681,18.2270,18.2453,1715800
2012-12-03,18.2609,18.2609,18.1736,18.1920,1502300
2012-12-04,18.2104,18.2287,18.1828,18.2058,1116500
2012-12-05,18.2241,18.2287,18.1966,18.1966,1718600
2012-12-06,18.1782,18.2150,18.1782,18.2012,1645300
2012-12-07,18.2058,18.2241,18.1920,18.2104,798900
2012-12-10,18.2104,18.2196,18.1966,18.1966,1154400
2012-12-11,18.2012,18.2196,18.1966,18.2012,1605500
2012-12-12,18.2150,18.2379,18.2104,18.2287,1089600
2012-12-13,18.2150,18.2379,18.1644,18.1874,1170900
2012-12-14,18.1828,18.1920,18.1461,18.1782,870400
2012-12-17,18.1920,18.2058,18.1552,18.1552,1287700
2012-12-18,18.1782,18.2150,18.1553,18.1966,1546800
2012-12-19,18.2012,18.2471,18.1920,18.2379,2114100
2012-12-20,18.2287,18.2563,18.2242,18.2471,1529800
2012-12-21,18.2196,18.2196,18.1553,18.2104,1921100
2012-12-24,18.1782,18.2195,18.1782,18.2150,493700
2012-12-26,18.2427,18.2519,18.2103,18.2288,1241800
2012-12-27,18.2288,18.2519,18.2150,18.2196,1000700
2012-12-28,18.2196,18.2843,18.2150,18.2658,1358200
2012-12-31,18.2751,18.3213,18.2566,18.3167,1667600
2013-01-02,18.3906,18.4276,18.3675,18.3721,2212100
2013-01-03,18.3768,18.4461,18.3721,18.4184,1948000
2013-01-04,18.4369,18.5016,18.4091,18.5016,1938100
2013-01-07,18.5016,18.5016,18.4554,18.4923,1857000
2013-01-08,18.5016,18.5339,18.4831,18.5062,1342300
2013-01-09,18.5247,18.5617,18.5201,18.5571,1442600
2013-01-10,18.5802,18.5802,18.5524,18.5663,2258300
2013-01-11,18.5802,18.5987,18.5709,18.5894,1505500
2013-01-14,18.5987,18.5987,18.5617,18.5663,1627700
2013-01-15,18.5709,18.5802,18.5524,18.5802,1814400
2013-01-16,18.5802,18.5848,18.5524,18.5617,1500800
2013-01-17,18.5756,18.5987,18.5756,18.5894,1797200
2013-01-18,18.6172,18.6634,18.5940,18.6541,3449200
2013-01-22,18.6588,18.6680,18.6310,18.6541,3029900
2013-01-23,18.6680,18.6680,18.6403,18.6449,2114800
2013-01-24,18.6495,18.6541,18.6079,18.6125,1628500
2013-01-25,18.6310,18.6403,18.5987,18.6403,1700600
2013-01-28,18.6449,18.6449,18.5941,18.6033,1768300
2013-01-29,18.5524,18.6079,18.5524,18.5941,1329300
2013-01-30,18.5940,18.5940,18.5571,18.5617,1864800
2013-01-31,18.5524,18.5709,18.5478,18.5617,1917500
2013-02-01,18.6091,18.6137,18.5673,18.5858,2319400
2013-02-04,18.5812,18.5951,18.5440,18.5626,2172000
2013-02-05,18.5719,18.6091,18.5626,18.5905,1907100
2013-02-06,18.5998,18.6044,18.5812,18.5951,1762900
2013-02-07,18.5998,18.6044,18.5719,18.6044,2274700
2013-02-08,18.6091,18.6184,18.5905,18.6044,3052700
2013-02-11,18.6091,18.6137,18.5859,18.6044,1311100
2013-02-12,18.6184,18.6369,18.6044,18.6277,1411000
2013-02-13,18.6323,18.6462,18.6184,18.6323,1361300
2013-02-14,18.6369,18.6462,18.6277,18.6277,1364500
2013-02-15,18.6416,18.6416,18.6230,18.6369,1067800
2013-02-19,18.6230,18.6555,18.6230,18.6416,1599600
2013-02-20,18.6462,18.6509,18.6230,18.6230,1799800
2013-02-21,18.6369,18.6369,18.5951,18.6230,1391300
2013-02-22,18.6276,18.6416,18.6091,18.6369,1066100
2013-02-25,18.6416,18.6695,18.6369,18.6416,2767800
2013-02-26,18.6602,18.6788,18.6462,18.6788,1765900
2013-02-27,18.6787,18.7020,18.6741,18.6973,1015100
2013-02-28,18.6927,18.7113,18.6602,18.6602,2170500
2013-03-01,18.6648,18.6834,18.6555,18.6834,1176600
2013-03-04,18.6835,18.7021,18.6695,18.6974,1122000
2013-03-05,18.7161,18.7393,18.7114,18.7300,1261000
2013-03-06,18.7440,18.7440,18.7254,18.7347,1148400
2013-03-07,18.7300,18.7440,18.7300,18.7393,1658600
2013-03-08,18.7440,18.7533,18.7393,18.7393,1745200
2013-03-11,18.7580,18.7580,18.7300,18.7580,1103900
2013-03-12,18.7533,18.7626,18.7440,18.7533,1141400
2013-03-13,18.7580,18.7813,18.7533,18.7766,1241100
2013-03-14,18.7673,18.8232,18.7673,18.7999,1606600
2013-03-15,18.7999,18.8185,18.7906,18.8138,1114500
2013-03-18,18.7999,18.8232,18.7673,18.8045,1200800
2013-03-19,18.8138,18.8232,18.7952,18.7999,1378100
2013-03-20,18.8138,18.8371,18.8092,18.8371,1295600
2013-03-21,18.8278,18.8558,18.8138,18.8325,1438400
2013-03-22,18.8511,18.8511,18.8371,18.8418,1630600
2013-03-25,18.8604,18.8651,18.8371,18.8418,1467300
2013-03-26,18.8511,18.8558,18.8418,18.8464,1521600
2013-03-27,18.8371,18.8371,18.7999,18.8092,1726000
2013-03-28,18.8185,18.8790,18.8139,18.8697,2259300
2013-04-01,18.8674,18.8721,18.8347,18.8534,1707700
2013-04-02,18.8814,18.8908,18.8580,18.8768,1440900
2013-04-03,18.8721,18.8814,18.8440,18.8534,1541700
2013-04-04,18.8674,18.8674,18.8393,18.8393,1374100
2013-04-05,18.8113,18.8487,18.7879,18.8487,1372800
2013-04-08,18.8487,18.8534,18.8253,18.8346,1250200
2013-04-09,18.8393,18.8487,18.8253,18.8487,1294000
2013-04-10,18.8440,18.8721,18.8440,18.8580,1531000
2013-04-11,18.8721,18.8954,18.8534,18.8954,1386900
2013-04-12,18.8861,18.9001,18.8721,18.8954,1311500
2013-04-15,18.8955,18.9001,18.8674,18.8674,1289000
2013-04-16,18.9188,18.9282,18.8814,18.9235,1633400
2013-04-17,18.9282,18.9329,18.8955,18.9282,1663600
2013-04-18,18.9376,18.9376,18.9095,18.9376,1639500
2013-04-19,18.9422,18.9890,18.9001,18.9235,3161800
2013-04-22,18.9376,18.9376,18.8627,18.8627,2084600
2013-04-23,18.8955,18.9329,18.8861,18.9235,1827300
2013-04-24,18.9235,18.9469,18.9048,18.9469,1168000
2013-04-25,18.9609,18.9656,18.9422,18.9656,1423100
2013-04-26,18.9656,18.9890,18.9563,18.9890,1039200
2013-04-29,18.9937,19.0545,18.9890,19.0498,1593100
2013-04-30,19.0545,19.0872,19.0498,19.0685,2108300
2013-05-01,19.0887,19.0934,19.0511,19.0558,1884000
2013-05-02,19.0558,19.1404,19.0558,19.1404,1382000
2013-05-03,19.1545,19.1873,19.1451,19.1639,1422900
2013-05-06,19.1733,19.1827,19.1592,19.1733,1586600
2013-05-07,19.1826,19.2531,19.1779,19.2390,1702000
2013-05-08,19.2484,19.2907,19.2437,19.2860,2158600
2013-05-09,19.2954,19.3001,19.2625,19.2766,1634700
2013-05-10,19.2672,19.2860,19.2296,19.2719,2083800
2013-05-13,19.2766,19.2813,19.2296,19.2437,1254300
2013-05-14,19.2343,19.2437,19.1779,19.1873,2621100
2013-05-15,19.1732,19.1967,19.1357,19.1404,2623700
2013-05-16,19.1545,19.1779,19.1404,19.1451,2415700
2013-05-17,19.1779,19.2202,19.1545,19.2202,2067600
2013-05-20,19.2202,19.2390,19.2108,19.2296,1349000
2013-05-21,19.2437,19.2484,19.2249,19.2296,1783500
2013-05-22,19.2484,19.2766,19.1967,19.2061,2350100
2013-05-23,19.1732,19.1732,19.0840,19.1404,3263700
2013-05-24,19.1451,19.2061,19.1263,19.1779,1254000
2013-05-28,19.2296,19.2719,19.1545,19.1545,2445000
2013-05-29,19.1310,19.1545,19.0042,19.0605,3307400
2013-05-30,19.0605,19.1357,19.0511,19.1216,1698000
2013-05-31,19.1357,19.1357,18.9337,18.9431,3532900
2013-06-03,18.9969,19.0110,18.4545,18.7941,7046700
2013-06-04,18.7327,18.8601,18.7280,18.7846,2880300
2013-06-05,18.7422,18.7846,18.6620,18.6715,3353100
2013-06-06,18.6856,18.7705,18.6243,18.7139,4463800
2013-06-07,18.7610,18.8176,18.7610,18.7799,1882100
2013-06-10,18.7846,18.7988,18.7092,18.7186,2936700
2013-06-11,18.6337,18.6384,18.4356,18.4545,6514500
2013-06-12,18.4686,18.5394,18.1527,18.2564,9931000
2013-06-13,18.1574,18.5300,17.9829,18.4828,6354000
2013-06-14,18.4922,18.6762,18.4215,18.6337,2534700
2013-06-17,18.6714,18.7893,18.6431,18.6809,2437300
2013-06-18,18.6714,18.7563,18.6148,18.7233,2715000
2013-06-19,18.6997,18.7422,18.5252,18.5535,3597200
2013-06-20,18.3319,18.3507,18.2375,18.2753,6495900
2013-06-21,18.3177,18.3649,18.1762,18.2423,5472500
2013-06-24,18.0065,18.1479,17.8320,17.9876,6233500
2013-06-25,18.0348,18.1810,17.9593,18.1385,3859000
2013-06-26,18.2281,18.4545,18.2234,18.3649,3403700
2013-06-27,18.4781,18.5535,18.4403,18.4875,1605200
2013-06-28,18.4262,18.5535,18.3790,18.5252,1413600
2013-07-01,18.5290,18.5906,18.5196,18.5243,2007600
2013-07-02,18.5196,18.5764,18.4533,18.4580,2394700
2013-07-03,18.4533,18.4533,18.3775,18.3870,1431500
2013-07-05,18.2354,18.3301,18.2070,18.2212,2519000
2013-07-08,18.2260,18.2875,18.1644,18.2118,3930500
2013-07-09,18.2307,18.2686,18.2023,18.2497,2065400
2013-07-10,18.2686,18.3917,18.2307,18.3302,3178200
2013-07-11,18.4627,18.5148,18.3870,18.4580,1888000
2013-07-12,18.4675,18.5148,18.4296,18.4438,1712800
2013-07-15,18.4438,18.5101,18.4438,18.5101,1093700
2013-07-16,18.4817,18.5054,18.4533,18.4627,2017400
2013-07-17,18.5006,18.5622,18.4911,18.4911,2128900
2013-07-18,18.5148,18.5480,18.4817,18.5006,1542800
2013-07-19,18.4911,18.5953,18.4864,18.5811,2535100
2013-07-22,18.5574,18.5622,18.5148,18.5148,1168400
2013-07-23,18.5290,18.5858,18.5148,18.5622,2366800
2013-07-24,18.5385,18.5480,18.4533,18.4959,1450800
2013-07-25,18.4533,18.4580,18.3633,18.4012,2311700
2013-07-26,18.3822,18.4627,18.3775,18.4391,1488500
2013-07-29,18.4249,18.4343,18.3302,18.3302,2345600
2013-07-30,18.3680,18.3775,18.3254,18.3254,2715400
2013-07-31,18.2733,18.4249,18.2118,18.4249,3155900
2013-08-01,18.4686,18.4686,18.2879,18.3069,3290400
2013-08-02,18.3735,18.3735,18.2927,18.3212,2563500
2013-08-05,18.3212,18.3355,18.2689,18.2927,1775400
2013-08-06,18.2641,18.2927,18.2118,18.2261,2390800
2013-08-07,18.1833,18.2594,18.1405,18.2118,2317900
2013-08-08,18.2546,18.2546,18.1881,18.1976,2653500
2013-08-09,18.1215,18.2356,18.1072,18.2023,1465000
2013-08-12,18.2023,18.2736,18.1928,18.2451,1319300
2013-08-13,18.1976,18.2261,18.1643,18.1785,1674300
2013-08-14,18.1453,18.1976,18.0406,18.0406,2561500
2013-08-15,17.9360,17.9503,17.8790,17.9075,3217100
2013-08-16,17.9123,17.9265,17.7791,17.8172,2889100
2013-08-19,17.7791,17.7981,17.6032,17.6127,3115300
2013-08-20,17.6650,17.7363,17.5604,17.7030,3787500
2013-08-21,17.6507,17.7886,17.5937,17.7078,3590600
2013-08-22,17.7268,17.8552,17.7125,17.8457,2261200
2013-08-23,17.8172,18.0074,17.8172,18.0074,2256100
2013-08-26,18.0169,18.0692,17.9646,17.9646,2087600
2013-08-27,17.8267,17.9836,17.8172,17.9408,1468400
2013-08-28,17.9075,18.0169,17.9075,17.9836,1416300
2013-08-29,17.9360,18.0311,17.9313,17.9931,1519400
2013-08-30,17.9883,18.0501,17.9836,18.0216,2210800
2013-09-03,18.0250,18.0632,17.9486,17.9772,2891300
2013-09-04,17.9295,18.0345,17.9151,18.0250,1968500
2013-09-05,17.9677,18.0250,17.9199,17.9342,2265700
2013-09-06,17.9915,18.0011,17.9295,17.9533,1403800
2013-09-09,17.9677,17.9963,17.9343,17.9820,1687100
2013-09-10,18.0011,18.0250,17.9677,17.9724,3191100
2013-09-11,17.9390,18.0536,17.9295,18.0345,1957600
2013-09-12,18.0106,18.1396,17.9486,17.9486,1457200
2013-09-13,18.0106,18.0106,17.9295,17.9868,986800
2013-09-16,18.0823,18.1157,17.9772,17.9915,3399600
2013-09-17,17.9581,18.0154,17.9581,18.0154,1998300
2013-09-18,17.9915,18.2160,17.9868,18.2064,2128200
2013-09-19,18.2589,18.2828,18.1205,18.1252,1195700
2013-09-20,18.0775,18.1396,18.0632,18.0966,1500800
2013-09-23,18.0584,18.0966,18.0536,18.0775,997800
2013-09-24,18.0918,18.1300,18.0393,18.0918,1216500
2013-09-25,18.0918,18.1443,18.0823,18.1205,1152700
2013-09-26,18.1205,18.1778,18.1061,18.1587,1009800
2013-09-27,18.1539,18.2064,18.0345,18.0727,4611700
2013-09-30,18.0250,18.1539,17.9820,18.1443,2006900
2013-10-01,18.1252,18.1587,18.0724,18.0772,1513300
2013-10-02,18.0676,18.1252,18.0533,18.0820,891100
2013-10-03,18.0916,18.0964,18.0293,18.0533,1410400
2013-10-04,18.0724,18.1012,18.0389,18.0820,1215600
2013-10-07,18.0724,18.0916,18.0197,18.0245,1995800
2013-10-08,18.0245,18.0580,17.9813,17.9909,2023400
2013-10-09,17.9718,18.0101,17.9478,17.9766,1472200
2013-10-10,17.9909,18.0628,17.9861,18.0341,1092800
2013-10-11,18.0389,18.0676,17.9909,18.0628,1427100
2013-10-14,17.9909,18.0820,17.9909,18.0389,665900
2013-10-15,18.0149,18.0676,17.9766,17.9766,1611700
2013-10-16,17.9670,18.0532,17.9670,18.0197,1338900
2013-10-17,18.0341,18.1587,18.0245,18.1539,1537100
2013-10-18,18.1539,18.2690,18.1348,18.2546,1601900
2013-10-21,18.3313,18.3313,18.2067,18.2067,1297800
2013-10-22,18.2306,18.3505,18.2306,18.3025,1605900
2013-10-23,18.5230,18.5230,18.2642,18.3696,2457300
2013-10-24,18.3936,18.4032,18.2882,18.3025,955800
2013-10-25,18.3121,18.3361,18.2738,18.2881,1205700
2013-10-28,18.2306,18.3601,18.2306,18.2786,1464600
2013-10-29,18.2977,18.3313,18.2834,18.3073,963100
2013-10-30,18.2881,18.3553,18.2881,18.2881,1370600
2013-10-31,18.2738,18.3505,18.2738,18.3121,1231300
2013-11-01,18.2895,18.3809,18.2702,18.3232,1227500
2013-11-04,18.3232,18.3569,18.3088,18.3136,1495800
2013-11-05,18.3232,18.3328,18.2558,18.2702,1394900
2013-11-06,18.2751,18.3088,18.2510,18.2654,2855200
2013-11-07,18.2558,18.3184,18.2558,18.2943,1071200
2013-11-08,18.2462,18.2654,18.2077,18.2173,1680900
2013-11-11,18.1980,18.2558,18.1980,18.2414,1314200
2013-11-12,18.2125,18.2365,18.1836,18.1884,982000
2013-11-13,18.1547,18.2269,18.1403,18.2221,1533400
2013-11-14,18.2173,18.2654,18.1932,18.2510,1181900
2013-11-15,18.2077,18.2847,18.1932,18.2751,1588600
2013-11-18,18.2943,18.3136,18.2462,18.2558,925400
2013-11-19,18.2221,18.2799,18.2221,18.2366,1295300
2013-11-20,18.2221,18.2991,18.1932,18.1932,1487800
2013-11-21,18.1836,18.2751,18.1788,18.2462,1518400
2013-11-22,18.2221,18.3809,18.2221,18.3713,2044500
2013-11-25,18.3521,18.3617,18.3088,18.3184,945700
2013-11-26,18.3376,18.3713,18.3039,18.3472,840300
2013-11-27,18.3184,18.3809,18.3184,18.3424,935200
2013-11-29,18.3472,18.3858,18.3376,18.3713,447100
2013-12-02,18.3694,18.3791,18.3258,18.3597,1781400
2013-12-03,18.3355,18.3549,18.3064,18.3161,1260400
2013-12-04,18.3064,18.3258,18.2435,18.2531,1409900
2013-12-05,18.1853,18.2531,18.1563,18.1563,1738600
2013-12-06,18.2192,18.2435,18.1660,18.1660,1436000
2013-12-09,18.1660,18.2532,18.1321,18.1902,1797700
2013-12-10,18.2096,18.2192,18.1708,18.2047,1660600
2013-12-11,18.1853,18.2047,18.0836,18.1030,2352700
2013-12-12,18.0497,18.0933,18.0062,18.0643,3602400
2013-12-13,18.0546,18.1466,18.0449,18.1369,2106900
2013-12-16,18.1321,18.2047,18.1175,18.1660,1772400
2013-12-17,18.1708,18.1708,18.1224,18.1369,1917800
2013-12-18,18.1466,18.2435,18.0982,18.1466,3781600
2013-12-19,18.1224,18.1805,18.0885,18.1466,2673600
2013-12-20,18.1321,18.1950,18.1321,18.1611,1982400
2013-12-23,18.1514,18.2338,18.1369,18.1418,2111400
2013-12-24,18.1127,18.1757,18.1079,18.1514,1218600
2013-12-26,18.2076,18.2076,18.0697,18.0796,2147700
2013-12-27,18.0697,18.1190,18.0500,18.0500,2813300
2013-12-30,18.0648,18.1633,18.0352,18.1436,3785400
2013-12-31,18.1091,18.1485,18.0796,18.1337,2261400
2014-01-02,18.1633,18.2814,18.1436,18.2420,1448100
2014-01-03,18.2765,18.3848,18.2667,18.3504,1239100
2014-01-06,18.3897,18.4734,18.3750,18.4587,1233200
2014-01-07,18.4931,18.5079,18.4144,18.4242,2560400
2014-01-08,18.4045,18.4538,18.3848,18.4538,1577000
2014-01-09,18.4488,18.5325,18.4439,18.5178,2024200
2014-01-10,18.5424,18.6408,18.5424,18.6113,1612900
2014-01-13,18.6162,18.6605,18.5768,18.5916,2331400
2014-01-14,18.6064,18.6704,18.5818,18.6162,1680100
2014-01-15,18.5916,18.6704,18.5916,18.6113,2285500
2014-01-16,18.6015,18.6852,18.6015,18.6753,2096800
2014-01-17,18.6803,18.7590,18.6556,18.7246,3505400
2014-01-21,18.7344,18.7443,18.6655,18.6803,1731300
2014-01-22,18.6852,18.7344,18.6852,18.7147,1122000
2014-01-23,18.7295,18.7344,18.6458,18.6753,1833000
2014-01-24,18.6901,18.6950,18.6064,18.6113,1543700
2014-01-27,18.6064,18.6802,18.5818,18.5867,1182900
2014-01-28,18.6064,18.6704,18.5916,18.6704,1162000
2014-01-29,18.6655,18.6655,18.6113,18.6310,1007500
2014-01-30,18.6605,18.7393,18.6458,18.6999,1592000
2014-01-31,18.6359,18.6852,18.6359,18.6704,1727700
2014-02-03,18.6951,18.7298,18.6110,18.6357,1431400
2014-02-04,18.6902,18.6902,18.6358,18.6754,1923200
2014-02-05,18.6754,18.6803,18.6259,18.6803,2386100
2014-02-06,18.6803,18.7248,18.6654,18.6852,1657000
2014-02-07,18.7298,18.7446,18.7050,18.7248,2009300
2014-02-10,18.7149,18.7743,18.7149,18.7545,900700
2014-02-11,18.7545,18.8189,18.7446,18.8040,1286200
2014-02-12,18.8090,18.8535,18.7991,18.8090,1433900
2014-02-13,18.7991,18.8832,18.7892,18.8684,1026000
2014-02-14,18.8783,18.9575,18.8783,18.9129,1128300
2014-02-18,18.9179,18.9971,18.9179,18.9822,998500
2014-02-19,18.9822,19.0466,18.9822,19.0020,879900
2014-02-20,19.0020,19.0268,18.9872,19.0070,717200
2014-02-21,19.0218,19.0367,19.0020,19.0169,1041300
2014-02-24,19.0268,19.0565,18.9921,19.0020,855600
2014-02-25,19.0218,19.0367,18.9723,18.9872,1028700
2014-02-26,18.9822,19.0565,18.9822,19.0169,1548200
2014-02-27,19.0268,19.0713,19.0169,19.0466,755100
2014-02-28,19.0812,19.1208,19.0565,19.0961,1522700
2014-03-03,19.0612,19.0961,19.0065,19.0811,1703300
2014-03-04,19.1160,19.1309,19.0911,19.1210,1562100
2014-03-05,19.1210,19.1359,19.0911,19.1010,952300
2014-03-06,19.1210,19.1409,19.1160,19.1309,706300
2014-03-07,19.1309,19.1309,19.0762,19.0911,858400
2014-03-10,19.0911,19.1110,19.0811,19.0961,604700
2014-03-11,19.0911,19.1210,19.0762,19.1060,816300
2014-03-12,19.1110,19.1459,19.0762,19.1409,644800
2014-03-13,19.1658,19.2106,19.1459,19.1857,844500
2014-03-14,19.1658,19.2554,19.1658,19.2405,912600
2014-03-17,19.2454,19.3151,19.2454,19.3002,1454400
2014-03-18,19.3151,19.3400,19.3002,19.3251,2486700
2014-03-19,19.3151,19.3500,19.2803,19.2852,1350400
2014-03-20,19.2902,19.3101,19.2554,19.2952,878000
2014-03-21,19.3151,19.3500,19.2952,19.3450,659500
2014-03-24,19.3649,19.3948,19.3300,19.3699,2204900
2014-03-25,19.3898,19.3898,19.3500,19.3699,2335100
2014-03-26,19.3699,19.3848,19.3599,19.3649,989800
2014-03-27,19.3649,19.3898,19.3549,19.3798,993400
2014-03-28,19.3748,19.4097,19.3748,19.3997,831300
2014-03-31,19.4396,19.4545,19.4147,19.4296,1876900
2014-04-01,19.4316,19.5167,19.4266,19.5067,2995200
2014-04-02,19.5317,19.5467,19.4716,19.4766,1746000
2014-04-03,19.4917,19.4917,19.4566,19.4616,1090300
2014-04-04,19.4866,19.5017,19.4716,19.4816,2103200
2014-04-07,19.4916,19.5267,19.4466,19.4666,1679700
2014-04-08,19.4816,19.4967,19.4566,19.4766,1216300
2014-04-09,19.4866,19.5367,19.4866,19.5117,1973700
2014-04-10,19.5417,19.5617,19.4917,19.4967,1324500
2014-04-11,19.5117,19.5217,19.4917,19.5117,980600
2014-04-14,19.5267,19.5567,19.4967,19.5217,822100
2014-04-15,19.5367,19.5667,19.5117,19.5617,1833700
2014-04-16,19.5617,19.5867,19.5467,19.5667,1224900
2014-04-17,19.5617,19.5917,19.5267,19.5617,2375100
2014-04-21,19.5167,19.5567,19.5167,19.5317,1144300
2014-04-22,19.5467,19.5767,19.5367,19.5717,2274300
2014-04-23,19.5917,19.6017,19.5617,19.5617,1356700
2014-04-24,19.5867,19.6017,19.5617,19.5917,1001400
2014-04-25,19.6017,19.6367,19.5867,19.6317,1295600
2014-04-28,19.6467,19.6968,19.6367,19.6768,1732700
2014-04-29,19.7068,19.7318,19.6868,19.7218,1317300
2014-04-30,19.7418,19.7868,19.7268,19.7868,2189000
2014-05-01,19.8175,19.8225,19.7773,19.8024,1789200
2014-05-02,19.7773,19.8326,19.7773,19.8326,1029100
2014-05-05,19.8326,19.8728,19.8275,19.8627,4142800
2014-05-06,19.8678,19.8778,19.8326,19.8376,1079100
2014-05-07,19.8527,19.8778,19.8326,19.8577,1711800
2014-05-08,19.8778,19.8879,19.8627,19.8678,1317300
2014-05-09,19.8678,19.8778,19.8376,19.8577,1089500
2014-05-12,19.8778,19.8828,19.8527,19.8627,1573500
2014-05-13,19.8778,19.9080,19.8627,19.8728,1840600
2014-05-14,19.8778,19.9180,19.8728,19.9130,2111000
2014-05-15,19.9231,19.9331,19.8929,19.9080,1763600
2014-05-16,19.9080,19.9331,19.8979,19.9331,2081200
2014-05-19,19.9281,19.9633,19.9281,19.9532,2158900
2014-05-20,19.9683,19.9683,19.9432,19.9432,1532600
2014-05-21,19.9583,19.9733,19.9331,19.9381,1435500
2014-05-22,19.9482,19.9583,19.8828,19.8879,1721400
2014-05-23,19.8879,19.9231,19.8527,19.8828,1903300
2014-05-27,19.9080,19.9432,19.8879,19.9432,1296400
2014-05-28,19.9080,19.9834,19.9080,19.9834,1242000
2014-05-29,19.9884,20.0387,19.9683,20.0337,1595400
2014-05-30,20.0337,20.0538,20.0136,20.0337,1211800
2014-06-02,20.0503,20.0655,20.0099,20.0200,1345700
2014-06-03,20.0200,20.0352,19.8837,19.8837,2644500
2014-06-04,19.8938,19.9241,19.6766,19.8130,6476600
2014-06-05,19.7928,19.8786,19.7726,19.8483,1958600
2014-06-06,19.8736,19.9190,19.8736,19.8938,1232200
2014-06-09,19.8938,19.9241,19.8786,19.9089,1826600
2014-06-10,19.9089,19.9140,19.8281,19.8534,2680400
2014-06-11,19.8382,19.8685,19.8130,19.8635,1994400
2014-06-12,19.8635,19.9140,19.8332,19.9039,1486300
2014-06-13,19.9089,19.9190,19.8736,19.8837,1878600
2014-06-16,19.9190,19.9493,19.9039,19.9190,1808000
2014-06-17,19.9190,19.9746,19.9089,19.9746,1754000
2014-06-18,19.9897,20.0301,19.9645,20.0251,2214700
2014-06-19,20.0301,20.0503,20.0150,20.0352,1482300
2014-06-20,20.0453,20.0554,20.0200,20.0503,1123600
2014-06-23,20.0756,20.0806,20.0402,20.0604,1341100
2014-06-24,20.0655,20.0907,20.0604,20.0655,1409100
2014-06-25,20.0604,20.1008,20.0503,20.0958,1410000
2014-06-26,20.0857,20.1362,20.0857,20.1261,1753200
2014-06-27,20.1261,20.1614,20.1261,20.1564,1370800
2014-06-30,20.1766,20.1968,20.1513,20.1564,2401700
2014-07-01,20.1731,20.2036,20.1325,20.1833,1907400
2014-07-02,20.2036,20.2036,20.1731,20.1985,2006900
2014-07-03,20.1782,20.1934,20.1072,20.1224,1082200
2014-07-07,20.1427,20.1579,20.1072,20.1173,1177900
2014-07-08,20.1376,20.1528,20.1224,20.1478,1133300
2014-07-09,20.1681,20.1833,20.1630,20.1833,1152300
2014-07-10,20.1325,20.1680,20.1173,20.1528,1294400
2014-07-11,20.1681,20.2594,20.1427,20.2543,4130100
2014-07-14,20.2898,20.3000,20.2391,20.2492,1625400
2014-07-15,20.2695,20.2746,20.2239,20.2391,1055300
2014-07-16,20.2644,20.2847,20.1985,20.2340,1388000
2014-07-17,20.2492,20.2543,20.1173,20.1224,1900200
2014-07-18,20.1224,20.2391,20.1224,20.2239,2441000
2014-07-21,20.2239,20.2492,20.1884,20.1934,1360700
2014-07-22,20.2086,20.2188,20.1528,20.1833,1579900
2014-07-23,20.1833,20.2188,20.1782,20.1934,1206400
2014-07-24,20.2086,20.2239,20.1782,20.2137,1076200
2014-07-25,20.2239,20.2442,20.2086,20.2340,878000
2014-07-28,20.2340,20.2492,20.2239,20.2289,1040400
2014-07-29,20.2391,20.2543,20.2340,20.2391,826200
2014-07-30,20.2543,20.2594,20.1985,20.1985,2148000
2014-07-31,20.1630,20.1681,20.0564,20.0564,2972800
2014-08-01,20.0529,20.0886,19.9203,20.0172,4414700
2014-08-04,20.0172,20.0733,19.9254,19.9560,1713700
2014-08-05,19.9356,19.9815,19.9152,19.9305,1673000
2014-08-06,19.9203,19.9968,19.9101,19.9764,1943200
2014-08-07,20.0121,20.1090,19.9968,20.0988,2844600
2014-08-08,20.0835,20.1242,20.0733,20.0886,1639300
2014-08-11,20.1140,20.1446,20.1038,20.1140,734700
2014-08-12,20.1242,20.1497,20.1141,20.1497,838500
2014-08-13,20.1650,20.2058,20.1548,20.2058,1587000
2014-08-14,20.2313,20.2823,20.2313,20.2619,2632700
2014-08-15,20.2925,20.2925,20.2109,20.2772,1202000
2014-08-18,20.2874,20.3333,20.2823,20.3333,1694700
2014-08-19,20.3384,20.3537,20.3078,20.3231,972600
2014-08-20,20.2925,20.3282,20.2772,20.3180,1424200
2014-08-21,20.3129,20.3384,20.3078,20.3282,1058700
2014-08-22,20.3282,20.3282,20.2976,20.3282,712500
2014-08-25,20.3231,20.3588,20.3231,20.3588,927400
2014-08-26,20.3690,20.4047,20.3486,20.3894,1353900
2014-08-27,20.3894,20.4098,20.3792,20.4047,1442900
2014-08-28,20.4047,20.4149,20.3945,20.4149,993600
2014-08-29,20.4353,20.4404,20.3945,20.4149,936300
2014-09-02,20.4359,20.4666,20.3283,20.3385,1722300
2014-09-03,20.3539,20.3642,20.2873,20.3283,1520400
2014-09-04,20.3334,20.3539,20.1439,20.1644,3754200
2014-09-05,20.1951,20.2207,20.1234,20.2105,2494500
2014-09-08,20.2310,20.2463,20.1644,20.1695,1116700
2014-09-09,20.1695,20.1746,20.1234,20.1336,3099400
2014-09-10,20.1131,20.1541,20.1080,20.1336,1046100
2014-09-11,20.1285,20.1439,20.1029,20.1285,906200
2014-09-12,20.1080,20.1080,20.0414,20.0824,1586800
2014-09-15,20.0824,20.1183,20.0721,20.1131,947800
2014-09-16,20.0721,20.1234,20.0414,20.0977,2175000
2014-09-17,20.0978,20.1746,20.0978,20.1541,1074100
2014-09-18,20.1387,20.2207,20.1387,20.2053,985800
2014-09-19,20.2361,20.2412,20.2105,20.2310,1047500
2014-09-22,20.2412,20.2412,20.1541,20.1900,1194300
2014-09-23,20.1900,20.1900,20.1541,20.1695,991600
2014-09-24,20.1797,20.2053,20.1285,20.1644,1089200
2014-09-25,20.1592,20.1849,20.0978,20.1183,1557300
2014-09-26,20.0824,20.1951,20.0568,20.1951,1485800
2014-09-29,20.1644,20.2207,20.1183,20.2207,1414300
2014-09-30,20.2207,20.2617,20.2002,20.2463,1702600
2014-10-01,20.2360,20.2721,20.1691,20.1948,2121800
2014-10-02,20.2000,20.2463,20.1691,20.2206,1646800
2014-10-03,20.2412,20.2669,20.1897,20.2206,1086900
2014-10-06,20.2309,20.2927,20.2309,20.2463,1462900
2014-10-07,20.2309,20.2515,20.2103,20.2103,958600
2014-10-08,20.2360,20.3184,20.2103,20.2978,1800700
2014-10-09,20.3081,20.3235,20.2051,20.2103,1386200
2014-10-10,20.2154,20.2206,20.1331,20.1845,1217500
2014-10-13,20.1691,20.2257,20.1434,20.1485,1288400
2014-10-14,20.2103,20.2721,20.1846,20.2154,2713300
2014-10-15,20.2000,20.2412,20.1382,20.2360,2316800
2014-10-16,20.1743,20.2618,20.1382,20.2515,1850900
2014-10-17,20.2875,20.3235,20.2566,20.2824,2239800
2014-10-20,20.2978,20.3081,20.2669,20.3081,1837800
2014-10-21,20.3338,20.3802,20.3235,20.3596,2295200
2014-10-22,20.3802,20.3905,20.3544,20.3699,2213700
2014-10-23,20.4059,20.4213,20.3699,20.3853,1734300
2014-10-24,20.3853,20.4111,20.3853,20.4111,1357700
2014-10-27,20.4111,20.4316,20.3853,20.4111,1373200
2014-10-28,20.4522,20.4522,20.4111,20.4368,1587600
2014-10-29,20.4471,20.4574,20.4008,20.4213,1458000
2014-10-30,20.4316,20.4574,20.4162,20.4471,1440200
2014-10-31,20.5192,20.5192,20.4471,20.4625,1903800
2014-11-03,20.4827,20.5137,20.4620,20.4879,2461200
2014-11-04,20.5034,20.5137,20.4775,20.5034,2139400
2014-11-05,20.5137,20.5344,20.4672,20.4827,1283300
2014-11-06,20.4982,20.5189,20.4724,20.4930,1776100
2014-11-07,20.4982,20.5654,20.4930,20.5448,3967900
2014-11-10,20.5706,20.5810,20.5448,20.5551,2120800
2014-11-11,20.5603,20.5706,20.5448,20.5706,1298500
2014-11-12,20.5655,20.5913,20.5655,20.5913,1859900
2014-11-13,20.5861,20.6068,20.5758,20.5810,2198800
2014-11-14,20.5913,20.6224,20.5861,20.6172,2735200
2014-11-17,20.6275,20.6637,20.6172,20.6482,2034000
2014-11-18,20.6586,20.6741,20.6430,20.6534,2757800
2014-11-19,20.6534,20.6534,20.6172,20.6275,2196900
2014-11-20,20.6275,20.6379,20.6172,20.6327,2585200
2014-11-21,20.6689,20.6689,20.6275,20.6430,2214600
2014-11-24,20.6586,20.6637,20.6430,20.6586,1713700
2014-11-25,20.6689,20.6793,20.6586,20.6741,1731000
2014-11-26,20.6741,20.7413,20.6741,20.7258,3718400
2014-11-28,20.7413,20.7672,20.7051,20.7155,967300
2014-12-01,20.7472,20.7472,20.6069,20.6069,3163500
2014-12-02,20.6121,20.6536,20.6069,20.6536,2339400
2014-12-03,20.6432,20.6640,20.5549,20.5757,4246100
2014-12-04,20.5653,20.5757,20.4406,20.4562,5652700
2014-12-05,20.4458,20.5029,20.4406,20.4718,1797600
2014-12-08,20.4666,20.5133,20.4614,20.5029,1280700
2014-12-09,20.4562,20.5081,20.4302,20.5029,1716400
2014-12-10,20.5030,20.5030,20.4302,20.4458,1747600
2014-12-11,20.4510,20.5289,20.4510,20.4770,1759700
2014-12-12,20.4770,20.4770,20.4250,20.4250,1432300
2014-12-15,20.4406,20.4718,20.3471,20.3627,2246000
2014-12-16,20.3263,20.3575,20.2691,20.2691,2827700
2014-12-17,20.3419,20.4042,20.2743,20.4042,2085300
2014-12-18,20.4718,20.4822,20.4198,20.4614,1857000
2014-12-19,20.4718,20.5497,20.4666,20.5393,1879400
2014-12-22,20.5341,20.5705,20.5133,20.5341,1943100
2014-12-23,20.5289,20.5705,20.5081,20.5237,1916900
2014-12-24,20.5856,20.5856,20.5122,20.5174,1172200
2014-12-26,20.5384,20.5647,20.5227,20.5594,1352600
2014-12-29,20.5384,20.6119,20.5384,20.6014,1719100
2014-12-30,20.5804,20.6696,20.5751,20.6643,1869800
2014-12-31,20.7115,20.7220,20.6696,20.6906,1897500
2015-01-02,20.6748,20.7955,20.6748,20.7797,2690100
2015-01-05,20.7955,20.7955,20.6696,20.7010,2236700
2015-01-06,20.7115,20.7430,20.6958,20.7220,1956600
2015-01-07,20.7535,20.7850,20.7378,20.7692,1991600
2015-01-08,20.8060,20.8375,20.7850,20.7955,2237000
2015-01-09,20.8060,20.8112,20.7640,20.8112,2013400
2015-01-12,20.8007,20.8112,20.7745,20.7955,1450600
2015-01-13,20.8060,20.8217,20.7535,20.7745,1673000
2015-01-14,20.7483,20.7693,20.7273,20.7325,1643600
2015-01-15,20.7325,20.7640,20.6853,20.7378,2599900
2015-01-16,20.7273,20.8112,20.7220,20.8112,2268300
2015-01-20,20.8742,20.8952,20.7955,20.8007,1913500
2015-01-21,20.8007,20.8427,20.8007,20.8322,1687500
2015-01-22,20.8322,20.8794,20.8322,20.8742,1690000
2015-01-23,20.8847,20.9056,20.8637,20.8899,1987400
2015-01-26,20.9057,20.9476,20.8952,20.9476,2952000
2015-01-27,20.9371,20.9738,20.9056,20.9634,1923800
2015-01-28,20.9738,20.9948,20.9581,20.9896,1963800
2015-01-29,21.0001,21.0211,20.9634,20.9738,1574400
2015-01-30,20.9791,21.0106,20.9634,20.9634,1828800
2015-02-02,20.9886,21.0308,20.9781,21.0308,1883100
2015-02-03,21.0203,21.0466,21.0045,21.0308,1876200
2015-02-04,21.0203,21.0361,20.9781,21.0097,1626700
2015-02-05,21.0150,21.0414,20.9939,21.0414,2585200
2015-02-06,21.0414,21.0414,20.9359,20.9676,2487100
2015-02-09,20.9728,20.9992,20.9570,20.9886,1533500
2015-02-10,20.9992,21.0045,20.9623,20.9781,1471700
2015-02-11,21.0045,21.0308,20.9623,21.0308,2190700
2015-02-12,21.0414,21.0625,21.0045,21.0466,1406900
2015-02-13,21.0519,21.0888,21.0466,21.0835,1537800
2015-02-17,21.0888,21.1099,20.9939,21.0150,2155400
2015-02-18,21.0150,21.0150,20.8622,20.9412,5369600
2015-02-19,20.9465,20.9834,20.9043,20.9623,2129500
2015-02-20,20.9676,21.0255,20.9623,20.9992,1653300
2015-02-23,21.0256,21.0519,21.0045,21.0466,2003900
2015-02-24,21.0572,21.0835,21.0414,21.0783,1857000
2015-02-25,21.0835,21.1257,21.0835,21.1099,3075800
2015-02-26,21.1099,21.1257,21.0835,21.1257,2001500
2015-02-27,21.1468,21.1731,21.1152,21.1679,1965500
2015-03-02,21.1890,21.1890,21.1467,21.1679,2556000
2015-03-03,21.1626,21.1943,21.1467,21.1890,2211600
2015-03-04,21.1891,21.2102,21.1626,21.1943,2574300
2015-03-05,21.2049,21.2314,21.1996,21.2049,1718300
2015-03-06,21.1732,21.1890,20.9879,21.0144,5258000
2015-03-09,21.0302,21.0567,20.9403,20.9667,2927700
2015-03-10,20.9614,21.0196,20.9403,20.9985,1743600
2015-03-11,21.0196,21.0779,21.0091,21.0673,1642300
2015-03-12,21.0832,21.1202,21.0408,21.0461,1863900
2015-03-13,21.0620,21.0673,20.9985,21.0355,2049800
2015-03-16,21.0567,21.0885,21.0408,21.0620,1823400
2015-03-17,21.0567,21.0620,21.0249,21.0567,2385400
2015-03-18,21.0567,21.1573,21.0302,21.1361,2603500
2015-03-19,21.1467,21.1573,21.1202,21.1255,2349900
2015-03-20,21.1467,21.2155,21.1255,21.1996,3746300
2015-03-23,21.1996,21.2367,21.1785,21.2208,2194500
2015-03-24,21.2526,21.2526,21.1996,21.2208,1667900
2015-03-25,21.2420,21.2631,21.2049,21.2208,2460000
2015-03-26,21.2049,21.2208,21.1732,21.2102,1673200
2015-03-27,21.2261,21.2367,21.2102,21.2155,1292600
2015-03-30,21.2367,21.2631,21.2049,21.2314,1988000
2015-03-31,21.2261,21.2631,21.2261,21.2314,2212400
2015-04-01,21.2505,21.2559,21.1867,21.2293,2492500
2015-04-02,21.2346,21.2665,21.2186,21.2505,1352800
2015-04-06,21.2452,21.2718,21.2293,21.2346,1879700
2015-04-07,21.2293,21.2558,21.2293,21.2505,1319200
2015-04-08,21.2558,21.2931,21.2505,21.2877,1615000
2015-04-09,21.2824,21.3143,21.2612,21.2824,2488500
2015-04-10,21.2931,21.2931,21.2665,21.2771,1353200
2015-04-13,21.2824,21.2931,21.2452,21.2612,1336400
2015-04-14,21.2771,21.2877,21.2612,21.2771,1663300
2015-04-15,21.2877,21.3409,21.2771,21.3356,2116000
2015-04-16,21.3356,21.3462,21.2877,21.3037,2909000
2015-04-17,21.2877,21.2930,21.1920,21.2239,3250600
2015-04-20,21.2665,21.2665,21.2027,21.2080,3346600
2015-04-21,21.2452,21.2558,21.2186,21.2452,1501800
2015-04-22,21.2452,21.2612,21.2346,21.2558,1637500
2015-04-23,21.2665,21.2931,21.2558,21.2877,1490000
2015-04-24,21.2931,21.3143,21.2718,21.2931,1543300
2015-04-27,21.2984,21.3143,21.2558,21.2718,2032300
2015-04-28,21.2824,21.2984,21.2558,21.2824,1576100
2015-04-29,21.2558,21.2718,21.2186,21.2505,2048900
2015-04-30,21.2452,21.2452,21.1601,21.2346,3146600
2015-05-01,21.2314,21.2474,21.1833,21.1940,2072800
2015-05-04,21.1993,21.2474,21.1833,21.2100,2714700
2015-05-05,21.2153,21.2207,21.1192,21.1245,2137300
2015-05-06,21.1299,21.1406,20.8201,20.8468,8399000
2015-05-07,20.8789,20.9697,20.8682,20.9536,5643700
2015-05-08,21.0337,21.1673,21.0177,21.1352,3464200
2015-05-11,21.1299,21.1352,20.9590,21.0017,3309200
2015-05-12,20.9430,21.0818,20.9109,21.0765,2788700
2015-05-13,21.0978,21.1886,21.0818,21.1780,9790000
2015-05-14,21.1993,21.2848,21.1726,21.2794,5280300
2015-05-15,21.2955,21.3115,21.2260,21.2741,2387800
2015-05-18,21.2901,21.2901,21.1940,21.2260,1497500
2015-05-19,21.2047,21.2260,21.1352,21.1886,2289300
2015-05-20,21.1993,21.2527,21.1673,21.2421,1338900
2015-05-21,21.2527,21.3008,21.2421,21.2794,1497600
2015-05-22,21.2741,21.2901,21.2474,21.2901,1337300
2015-05-26,21.2901,21.2955,21.2634,21.2848,1590500
2015-05-27,21.2741,21.3115,21.2634,21.3115,1119200
2015-05-28,21.2955,21.3115,21.2687,21.3008,1252900
2015-05-29,21.3061,21.3115,21.2314,21.2314,2128800
2015-06-01,21.2480,21.2802,21.2104,21.2212,1766700
2015-06-02,21.1890,21.2587,21.1353,21.2480,2756900
2015-06-03,21.2158,21.2426,21.1836,21.2158,2130400
2015-06-04,21.2212,21.2641,21.2051,21.2480,2043400
2015-06-05,21.1943,21.2426,21.1514,21.1782,2068900
2015-06-08,21.1782,21.2051,21.1461,21.1675,1309900
2015-06-09,21.1568,21.1675,21.0870,21.1192,1825100
2015-06-10,21.1031,21.1300,21.0817,21.1031,1584300
2015-06-11,21.1300,21.1514,21.1085,21.1246,1307400
2015-06-12,21.1192,21.1246,21.0924,21.0924,1068500
2015-06-15,21.0924,21.1353,21.0548,21.1246,1765900
2015-06-16,21.1139,21.1675,21.0441,21.1622,1233000
2015-06-17,21.1675,21.1836,21.0924,21.1139,1268100
2015-06-18,21.1192,21.1675,21.0441,21.0548,7868000
2015-06-19,21.0602,21.0924,21.0548,21.0548,1925400
2015-06-22,21.0924,21.1192,21.0763,21.0817,1262300
2015-06-23,21.0763,21.1085,21.0602,21.0978,1421600
2015-06-24,21.1031,21.1299,21.0763,21.0978,1403100
2015-06-25,21.0978,21.1085,21.0763,21.0978,1249200
2015-06-26,21.0870,21.0978,21.0387,21.0924,2266800
2015-06-29,21.0441,21.0656,20.9797,20.9797,2124600
2015-06-30,21.0173,21.0548,20.9797,21.0173,1511300
2015-07-01,21.0334,21.0602,21.0065,21.0441,1802200
2015-07-02,21.0775,21.1099,21.0560,21.0775,1122100
2015-07-06,21.0721,21.0937,21.0398,21.0398,1398100
2015-07-07,21.0721,21.0829,21.0075,21.0560,2034700
2015-07-08,21.0290,21.0560,20.9589,20.9697,3422800
2015-07-09,21.0398,21.0506,21.0182,21.0236,1467300
2015-07-10,21.0290,21.0775,21.0290,21.0614,1243100
2015-07-13,21.0829,21.1638,21.0775,21.1260,3158800
2015-07-14,21.1476,21.1584,21.1261,21.1584,1068700
2015-07-15,21.1746,21.2231,21.1584,21.2069,1900100
2015-07-16,21.2339,21.2986,21.2231,21.2986,3439700
2015-07-17,21.2931,21.3093,21.2446,21.2931,2742500
2015-07-20,21.3093,21.3147,21.2932,21.3040,1423200
2015-07-21,21.3039,21.3039,21.2554,21.2931,1286300
2015-07-22,21.3039,21.3039,21.2285,21.2339,1327600
2015-07-23,21.2339,21.2447,21.1961,21.2177,1661800
2015-07-24,21.2123,21.2123,21.1692,21.2015,1018800
2015-07-27,21.1853,21.2069,21.1638,21.1799,1452200
2015-07-28,21.1961,21.2554,21.1746,21.2500,1966400
2015-07-29,21.2446,21.2608,21.1961,21.2339,1850900
2015-07-30,21.2500,21.2662,21.2392,21.2608,1617700
2015-07-31,21.2824,21.3040,21.2770,21.3040,1536000
2015-08-03,21.3039,21.3255,21.2878,21.3147,1956800
2015-08-04,21.3228,21.3499,21.2741,21.2958,1374600
2015-08-05,21.2958,21.3499,21.2849,21.3120,1305200
2015-08-06,21.3120,21.3174,21.2741,21.3012,2230300
2015-08-07,21.3012,21.3228,21.2687,21.2849,1264100
2015-08-10,21.3066,21.3607,21.2741,21.3607,2672000
2015-08-11,21.3445,21.3607,21.3228,21.3607,1745900
2015-08-12,21.3553,21.3607,21.3066,21.3607,1978600
2015-08-13,21.3445,21.3608,21.3228,21.3445,1258800
2015-08-14,21.3499,21.3553,21.3174,21.3499,879500
2015-08-17,21.3445,21.3608,21.3337,21.3553,1427200
2015-08-18,21.3499,21.3608,21.3174,21.3228,1149900
2015-08-19,21.3174,21.3283,21.2741,21.2741,1902000
2015-08-20,21.2741,21.2795,21.2362,21.2362,1655000
2015-08-21,21.2253,21.2362,21.1279,21.1279,2527400
2015-08-24,20.8625,20.9491,17.5046,20.7217,10051400
2015-08-25,20.9708,20.9925,20.8517,20.8517,5958200
2015-08-26,20.9491,20.9816,20.8787,20.9762,2865000
2015-08-27,21.0250,21.1224,21.0141,21.1224,3624100
2015-08-28,21.1170,21.1874,21.1062,21.1766,1916500
2015-08-31,21.1820,21.2091,21.1333,21.1441,1802400
2015-09-01,21.0587,21.1403,21.0587,21.0696,2391900
2015-09-02,21.1185,21.1349,21.0641,21.1240,1636200
2015-09-03,21.1294,21.1675,21.1185,21.1512,1274400
2015-09-04,21.1077,21.1457,21.0859,21.1403,1358700
2015-09-08,21.1675,21.1893,21.1403,21.1838,1758900
2015-09-09,21.2056,21.2056,21.1349,21.1458,1435900
2015-09-10,21.1349,21.1566,21.1185,21.1185,1093600
2015-09-11,21.1240,21.1349,21.0968,21.1349,869600
2015-09-14,21.1240,21.1294,21.0968,21.1185,785800
2015-09-15,21.1185,21.1240,21.0859,21.0913,899600
2015-09-16,21.1022,21.1566,21.0859,21.1512,1103500
2015-09-17,21.1512,21.2491,21.1077,21.1893,2051500
2015-09-18,21.1512,21.1784,21.1131,21.1403,2663800
2015-09-21,21.1566,21.1838,21.1349,21.1403,1689800
2015-09-22,21.1186,21.1349,21.0914,21.1077,1137500
2015-09-23,21.1240,21.1349,21.1077,21.1077,826700
2015-09-24,21.1185,21.1621,21.1022,21.1566,2239100
2015-09-25,21.1621,21.1784,21.1240,21.1621,2638800
2015-09-28,21.1512,21.2110,20.9825,21.0152,2176000
2015-09-29,21.0206,21.0369,20.9227,20.9281,2138000
2015-09-30,20.9771,21.0533,20.9771,20.9989,2383900
2015-10-01,21.0158,21.0267,20.9393,20.9612,2283000
2015-10-02,20.9448,21.0103,20.8792,21.0049,3498300
2015-10-05,21.0540,21.1469,21.0377,21.1469,2673500
2015-10-06,21.1579,21.1688,21.1087,21.1579,1665100
2015-10-07,21.1743,21.2016,21.1579,21.1797,1524000
2015-10-08,21.1852,21.2125,21.1633,21.2016,1243400
2015-10-09,21.2070,21.2289,21.1797,21.1961,1227800
2015-10-12,21.2070,21.2180,21.1797,21.1961,698300
2015-10-13,21.1961,21.2398,21.1688,21.2016,1174400
2015-10-14,21.2016,21.2453,21.1961,21.2289,1330600
2015-10-15,21.2180,21.2945,21.2180,21.2890,2339100
2015-10-16,21.2999,21.3655,21.2781,21.3601,2550100
2015-10-19,21.3655,21.3710,21.2945,21.3218,1294900
2015-10-20,21.3163,21.3382,21.2999,21.3163,2164200
2015-10-21,21.3382,21.3710,21.2945,21.3546,3010800
2015-10-22,21.3764,21.4038,21.3601,21.3928,2892200
2015-10-23,21.4038,21.4256,21.3437,21.3928,2812700
2015-10-26,21.3928,21.4038,21.3601,21.3983,1739800
2015-10-27,21.3928,21.4092,21.3655,21.3983,1430800
2015-10-28,21.3983,21.4475,21.3928,21.4311,1396800
2015-10-29,21.4147,21.4366,21.3929,21.4092,1685600
2015-10-30,21.4202,21.4584,21.4147,21.4529,2172200
2015-11-02,21.4480,21.5522,21.4480,21.5303,3014500
2015-11-03,21.5303,21.5577,21.5138,21.5138,2948700
2015-11-04,21.5193,21.5522,21.4974,21.5468,3904400
2015-11-05,21.5577,21.5632,21.5248,21.5577,2654400
2015-11-06,21.5413,21.5413,21.3273,21.3877,4502000
2015-11-09,21.3822,21.4096,21.2944,21.3932,5536600
2015-11-10,21.3657,21.4590,21.3657,21.4480,3781900
2015-11-11,21.4480,21.5138,21.4425,21.5029,2304800
2015-11-12,21.4809,21.4974,21.4480,21.4480,1768300
2015-11-13,21.4590,21.4754,21.4096,21.4480,1383500
2015-11-16,21.4535,21.4535,21.4041,21.4151,1868100
2015-11-17,21.4206,21.4370,21.4041,21.4206,1198100
2015-11-18,21.4096,21.4590,21.4041,21.4206,2068500
2015-11-19,21.4480,21.4535,21.3986,21.4370,1745600
2015-11-20,21.4206,21.4699,21.4206,21.4590,1407000
2015-11-23,21.4700,21.4864,21.4535,21.4700,1538600
2015-11-24,21.4535,21.5303,21.4480,21.5303,2839700
2015-11-25,21.5358,21.5851,21.5303,21.5851,1861100
2015-11-27,21.5797,21.6455,21.5742,21.6455,2100800
2015-11-30,21.6565,21.6565,21.5632,21.5961,2406400
2015-12-01,21.6077,21.6407,21.5967,21.6407,1872000
2015-12-02,21.6297,21.6352,21.5416,21.5416,1445100
2015-12-03,21.5416,21.5526,21.4479,21.4590,3162000
2015-12-04,21.4534,21.5195,21.4534,21.4920,1479800
2015-12-07,21.5030,21.5030,21.4039,21.4039,1942900
2015-12-08,21.3874,21.4094,21.3433,21.3598,1661500
2015-12-09,21.3598,21.3984,21.3213,21.3433,1740200
2015-12-10,21.3488,21.3708,21.3213,21.3268,1171600
2015-12-11,21.3158,21.3268,21.1946,21.1946,2080900
2015-12-14,21.1891,21.2001,20.8035,20.8200,8625300
2015-12-15,20.8861,21.0349,20.8751,20.9688,4383500
2015-12-16,21.0073,21.1395,20.9853,21.1065,2410700
2015-12-17,21.1560,21.2166,21.1340,21.1946,1987000
2015-12-18,21.2056,21.2276,21.1615,21.1671,1683000
2015-12-21,21.2056,21.2662,21.2056,21.2497,1898500
2015-12-22,21.2827,21.3433,21.2552,21.3047,2149200
2015-12-23,21.3323,21.4149,21.3158,21.4039,1719200
2015-12-24,21.4250,21.4805,21.4083,21.4750,1152700
2015-12-28,21.4583,21.4916,21.3972,21.4750,3818600
2015-12-29,21.4972,21.6582,21.4805,21.5361,2295700
2015-12-30,21.5583,21.5972,21.5250,21.5916,1955500
2015-12-31,21.5805,21.6138,21.5694,21.5749,1923900
2016-01-04,21.4972,21.6805,21.4361,21.6749,3765000
2016-01-05,21.7027,21.7637,21.6749,21.6971,3194400
2016-01-06,21.6360,21.6805,21.5472,21.6471,2909000
2016-01-07,21.5194,21.6027,21.4750,21.5083,2449000
2016-01-08,21.5194,21.5971,21.5194,21.5694,1845200
2016-01-11,21.5749,21.5971,21.4305,21.4528,2027600
2016-01-12,21.4972,21.5416,21.3972,21.4361,1677600
2016-01-13,21.4694,21.4972,21.2973,21.2973,2210800
2016-01-14,21.3417,21.3806,21.2195,21.3084,1895300
2016-01-15,21.2140,21.2639,21.1140,21.2251,4135700
2016-01-19,21.2806,21.3084,21.1862,21.1973,5116700
2016-01-20,21.1307,21.1584,20.8141,21.0696,5750800
2016-01-21,21.0862,21.1862,21.0029,21.1084,2984600
2016-01-22,21.2140,21.2695,21.1862,21.2195,2677700
2016-01-25,21.2473,21.2473,21.1029,21.1251,2518700
2016-01-26,21.1362,21.2029,21.1307,21.1473,2798200
2016-01-27,21.2362,21.2584,21.1640,21.2029,2931500
2016-01-28,21.2695,21.3028,21.2029,21.2362,2656000
2016-01-29,21.2862,21.3750,21.2528,21.3639,3104700
2016-02-01,21.3834,21.4392,21.3109,21.4336,2412300
2016-02-02,21.4002,21.4113,21.3555,21.3779,3715400
2016-02-03,21.4057,21.4225,21.2886,21.3444,3782100
2016-02-04,21.3332,21.3444,21.2272,21.2663,2327200
2016-02-05,21.2663,21.2774,21.0989,21.1324,4040900
2016-02-08,21.0822,21.0822,20.6638,20.7307,7660500
2016-02-09,20.5355,20.6359,20.2677,20.5466,7455200
2016-02-10,20.7084,20.8256,20.6191,20.6749,3050000
2016-02-11,20.3569,20.5243,20.0222,20.2286,9658200
2016-02-12,20.3681,20.4908,20.3179,20.4016,4655300
2016-02-16,20.5466,20.8200,20.5466,20.7586,3789000
2016-02-17,20.9037,21.0543,20.8758,20.9929,3951500
2016-02-18,21.0989,21.1157,21.0097,21.0933,4265700
2016-02-19,21.0710,21.1380,20.9818,21.1268,2402400
2016-02-22,21.1993,21.2272,21.0822,21.0822,2842300
2016-02-23,21.0878,21.1212,20.9985,21.1101,2080400
2016-02-24,21.0543,21.1659,20.9594,21.1603,2870100
2016-02-25,21.1157,21.3165,21.1157,21.3109,1993000
2016-02-26,21.3723,21.3890,21.2886,21.3165,1819800
2016-02-29,21.3834,21.4615,21.3444,21.3779,2659800
2016-03-01,21.4435,21.5388,21.3706,21.4435,5369100
2016-03-02,21.4603,21.5052,21.4042,21.4098,2444700
2016-03-03,21.4098,21.4771,21.4098,21.4323,1868600
2016-03-04,21.4491,21.5051,21.4210,21.4378,2504100
2016-03-07,21.4379,21.5107,21.4379,21.4715,2637500
2016-03-08,21.4715,21.4715,21.4322,21.4491,1775400
2016-03-09,21.4883,21.5108,21.4491,21.5051,1886200
2016-03-10,21.5780,21.5893,21.4883,21.5051,1680200
2016-03-11,21.5668,21.6397,21.5444,21.6341,3777900
2016-03-14,21.6397,21.6397,21.5949,21.6173,1492000
2016-03-15,21.5893,21.6173,21.5332,21.5388,1657500
2016-03-16,21.5444,21.6005,21.5051,21.6005,1585500
2016-03-17,21.6173,21.6453,21.5780,21.6397,1566500
2016-03-18,21.6734,21.6902,21.6453,21.6790,1631500
2016-03-21,21.6958,21.6958,21.6509,21.6622,1907800
2016-03-22,21.6678,21.7295,21.6509,21.7126,1537800
2016-03-23,21.7238,21.7294,21.6790,21.7014,1536400
2016-03-24,21.6734,21.7351,21.6565,21.7351,1396200
2016-03-28,21.7855,21.8136,21.7351,21.8024,3002600
2016-03-29,21.8023,21.8472,21.7687,21.8416,2770000
2016-03-30,21.8696,21.9818,21.8416,21.8640,2926800
2016-03-31,21.8865,21.9033,21.8640,21.8865,2463500
2016-04-01,21.8369,21.8763,21.6622,21.7467,5794700
2016-04-04,21.7918,21.7918,21.6058,21.6960,4911200
2016-04-05,21.5946,21.6396,21.5269,21.6396,3355500
2016-04-06,21.6396,21.6904,21.6058,21.6396,5680700
2016-04-07,21.6227,21.6791,21.5213,21.5833,4260700
2016-04-08,21.6396,21.6847,21.6115,21.6847,2251400
2016-04-11,21.6960,21.7298,21.6904,21.7298,2405100
2016-04-12,21.7298,21.7692,21.7129,21.7692,3164100
2016-04-13,21.8031,21.8312,21.7580,21.8143,3470000
2016-04-14,21.8369,21.8369,21.7974,21.8200,3321200
2016-04-15,21.8256,21.8481,21.8087,21.8425,4859300
2016-04-18,21.8031,21.8481,21.7805,21.8425,2443100
2016-04-19,21.8763,21.9496,21.8650,21.9439,4186200
2016-04-20,21.9609,21.9721,21.9327,21.9665,2094100
2016-04-21,21.9721,21.9777,21.9439,21.9552,2204000
2016-04-22,21.9665,22.0059,21.9552,21.9947,2170300
2016-04-25,21.9947,22.0003,21.9158,21.9383,1688700
2016-04-26,21.9496,22.0003,21.9496,22.0003,1518300
2016-04-27,22.0003,22.0623,21.9834,22.0623,3248100
2016-04-28,22.0623,22.0792,22.0397,22.0454,3478800
2016-04-29,22.0454,22.0792,21.9947,22.0792,2347200
2016-05-02,22.0973,22.1143,22.0520,22.1030,3284600
2016-05-03,22.0633,22.0860,22.0124,22.0407,2450900
2016-05-04,22.0407,22.0803,22.0294,22.0633,2214700
2016-05-05,22.0860,22.1030,22.0124,22.0124,2023900
2016-05-06,22.0350,22.1030,22.0237,22.0690,2386800
2016-05-09,22.1030,22.1313,22.0860,22.1313,1834600
2016-05-10,22.1313,22.1822,22.1256,22.1822,1712500
2016-05-11,22.1822,22.2049,22.1709,22.1935,1524300
2016-05-12,22.1992,22.2219,22.1652,22.1652,2000400
2016-05-13,22.1766,22.2105,22.1653,22.2105,1759000
2016-05-16,22.2219,22.2841,22.2049,22.2785,3016900
2016-05-17,22.2672,22.3181,22.2672,22.3068,2431300
2016-05-18,22.3011,22.3351,22.1879,22.2105,3557900
2016-05-19,22.1766,22.2841,22.0860,22.1766,2588100
2016-05-20,22.2049,22.2332,22.1369,22.1766,1637800
2016-05-23,22.2105,22.3068,22.2049,22.2955,2743300
2016-05-24,22.3125,22.3351,22.2841,22.3068,2723800
2016-05-25,22.3294,22.3521,22.3068,22.3408,1904700
2016-05-26,22.3408,22.3634,22.3068,22.3464,1826500
2016-05-27,22.3521,22.3747,22.3351,22.3691,1569100
2016-05-31,22.3691,22.4200,22.3634,22.4200,2119500
2016-06-01,22.4183,22.4638,22.3899,22.4581,2629200
2016-06-02,22.4581,22.4695,22.3842,22.4524,2498900
2016-06-03,22.4638,22.5776,22.4240,22.5662,2797700
2016-06-06,22.6003,22.6003,22.5491,22.5548,2008800
2016-06-07,22.5719,22.5832,22.5207,22.5321,1904100
2016-06-08,22.5491,22.5662,22.5093,22.5321,1948900
2016-06-09,22.5150,22.5264,22.4922,22.5207,1656900
2016-06-10,22.4922,22.5036,22.4297,22.4524,1553200
2016-06-13,22.4297,22.4524,22.3785,22.4013,2005000
2016-06-14,22.4183,22.4240,22.3330,22.3387,2198400
2016-06-15,22.3671,22.4354,22.3501,22.3558,2864700
2016-06-16,22.3785,22.3785,22.2989,22.3614,3515500
2016-06-17,22.3785,22.4638,22.3671,22.4524,1868200
2016-06-20,22.5377,22.5719,22.5207,22.5719,2857100
2016-06-21,22.5605,22.6060,22.5321,22.5605,2271000
2016-06-22,22.5776,22.5946,22.5491,22.5662,1985700
2016-06-23,22.5946,22.6230,22.5776,22.6003,2295500
2016-06-24,22.2875,22.5150,22.2477,22.4467,5293200
2016-06-27,22.3785,22.4069,22.2136,22.2989,4162500
2016-06-28,22.4297,22.5491,22.3956,22.5491,3707100
2016-06-29,22.5946,22.6287,22.5833,22.6060,3390300
2016-06-30,22.6117,22.7027,22.6060,22.6856,5661900
2016-07-01,22.6629,22.7993,22.6117,22.6401,5045500
2016-07-05,22.6287,22.6515,22.5491,22.5491,3220300
2016-07-06,22.5680,22.6251,22.5051,22.5851,3694000
2016-07-07,22.6194,22.6765,22.5965,22.6080,3403300
2016-07-08,22.6651,22.7622,22.6365,22.6822,3477100
2016-07-11,22.7336,22.7736,22.7165,22.7279,2638900
2016-07-12,22.7736,22.8193,22.7565,22.8079,3632200
2016-07-13,22.8250,22.8707,22.8022,22.8193,2480200
2016-07-14,22.8421,22.8421,22.7793,22.8250,2818300
2016-07-15,22.8193,22.8878,22.8079,22.8878,5839000
2016-07-18,22.8878,22.8935,22.8593,22.8764,2399500
2016-07-19,22.8878,22.8936,22.8364,22.8821,2628400
2016-07-20,22.8764,22.8935,22.8479,22.8479,2201200
2016-07-21,22.8593,22.8821,22.8364,22.8421,2881900
2016-07-22,22.8707,22.8936,22.8650,22.8878,2092700
2016-07-25,22.8993,22.9050,22.8707,22.8821,2874200
2016-07-26,22.8936,22.9107,22.8764,22.9050,2778800
2016-07-27,22.9050,22.9392,22.8992,22.9392,2581600
2016-07-28,22.9335,22.9450,22.9221,22.9450,2176400
2016-07-29,22.9564,23.0135,22.9392,23.0021,3539100
2016-08-01,23.0135,23.0364,22.9335,22.9907,4149900
2016-08-02,22.9786,22.9843,22.8466,22.9327,4172800
2016-08-03,22.9442,22.9499,22.9097,22.9270,2864900
2016-08-04,22.9729,22.9958,22.9499,22.9958,3479900
2016-08-05,23.0073,23.0245,22.9729,23.0245,3387600
2016-08-08,23.0245,23.0876,23.0073,23.0761,2653600
2016-08-09,23.0934,23.1221,23.0819,23.1106,4726100
2016-08-10,23.1278,23.1450,23.0704,23.0761,2794700
2016-08-11,23.1106,23.1220,23.0360,23.0589,2750300
2016-08-12,23.0589,23.0589,23.0016,23.0302,2630500
2016-08-15,23.0130,23.0360,22.9729,22.9729,2704500
2016-08-16,22.9786,22.9901,22.9212,22.9384,2239800
2016-08-17,22.9499,22.9901,22.9384,22.9729,2906800
2016-08-18,23.0073,23.0245,22.9843,22.9843,2739200
2016-08-19,23.0130,23.0130,22.9442,22.9442,3035900
2016-08-22,22.9499,22.9786,22.9327,22.9786,3218400
2016-08-23,22.9958,23.0130,22.9843,23.0073,1810200
2016-08-24,23.0130,23.0360,22.9614,22.9729,2123200
2016-08-25,22.9901,22.9958,22.9671,22.9786,1882200
2016-08-26,23.0016,23.0130,22.9729,23.0073,2057600
2016-08-29,23.0188,23.0417,23.0015,23.0417,1845400
2016-08-30,23.0589,23.0647,23.0016,23.0302,2545800
2016-08-31,23.0360,23.0475,23.0073,23.0073,2742600
2016-09-01,23.0424,23.0424,22.9618,22.9618,2993900
2016-09-02,23.0194,23.0482,23.0136,23.0251,2263200
2016-09-06,23.0540,23.0655,23.0251,23.0540,2676000
2016-09-07,23.0597,23.0885,23.0309,23.0367,2333100
2016-09-08,23.0424,23.0828,23.0424,23.0540,3032700
2016-09-09,23.0482,23.0482,22.7601,22.7774,4879900
2016-09-12,22.7543,22.8638,22.7370,22.8523,3660100
2016-09-13,22.8523,22.8523,22.6621,22.6679,4207900
2016-09-14,22.7025,22.7486,22.6564,22.7082,2712200
2016-09-15,22.7255,22.7716,22.6852,22.7255,2144600
2016-09-16,22.7313,22.7486,22.5988,22.6737,1988400
2016-09-19,22.6910,22.7371,22.6737,22.6737,1832200
2016-09-20,22.7140,22.7255,22.6679,22.7140,3424500
2016-09-21,22.6909,22.8350,22.6852,22.8177,3232000
2016-09-22,22.8926,22.9502,22.8753,22.9387,3295500
2016-09-23,22.9618,22.9675,22.9042,22.9503,2239200
2016-09-26,22.9272,22.9272,22.8350,22.8350,2592700
2016-09-27,22.8581,22.9041,22.8062,22.8696,3043400
2016-09-28,22.8984,22.9272,22.8465,22.9272,2241100
2016-09-29,22.9330,22.9387,22.6506,22.6621,4077100
2016-09-30,22.7255,22.7774,22.6679,22.7601,5354600
2016-10-03,22.7821,22.8052,22.7589,22.7589,4108900
2016-10-04,22.7763,22.8284,22.6953,22.6953,3605600
2016-10-05,22.7474,22.7879,22.6837,22.6837,3488600
2016-10-06,22.6779,22.7416,22.6316,22.6779,3240500
2016-10-07,22.7358,22.7358,22.6432,22.6664,2186300
2016-10-10,22.6953,22.7184,22.6548,22.7011,2922800
2016-10-11,22.7069,22.7069,22.4754,22.5275,3449700
2016-10-12,22.4985,22.5101,22.4002,22.4002,3368700
2016-10-13,22.4175,22.4465,22.2844,22.4233,2557400
2016-10-14,22.4812,22.5564,22.4580,22.4928,2251700
2016-10-17,22.5101,22.5448,22.4812,22.4928,2383900
2016-10-18,22.5159,22.7069,22.5159,22.6779,6106200
2016-10-19,22.7011,22.7532,22.6837,22.7127,2414400
2016-10-20,22.7126,22.7358,22.6606,22.7242,3219600
2016-10-21,22.7242,22.7821,22.6953,22.7763,4957500
2016-10-24,22.8284,22.8284,22.7821,22.7937,1988800
2016-10-25,22.7763,22.8342,22.7763,22.8284,4626900
2016-10-26,22.7821,22.8052,22.7126,22.7589,1963600
2016-10-27,22.7126,22.7358,22.6201,22.6779,3456900
2016-10-28,22.6664,22.6953,22.5680,22.5796,1461400
2016-10-31,22.5796,22.6143,22.5391,22.5391,1650900
2016-11-01,22.5617,22.5617,22.4106,22.5036,2494000
2016-11-02,22.4454,22.4687,22.2478,22.2710,3624600
2016-11-03,22.2827,22.3001,22.1141,22.1141,3784900
2016-11-04,22.1141,22.2187,22.0676,22.1722,3961000
2016-11-07,22.3757,22.3931,22.2013,22.2304,5068700
2016-11-08,22.2362,22.2652,22.1664,22.1722,2271500
2016-11-09,22.0560,22.1722,21.9513,22.0501,6000100
2016-11-10,22.0269,22.0501,21.7013,21.7304,7826200
2016-11-11,21.7130,21.7304,21.5153,21.7071,5883800
2016-11-14,21.5269,21.5676,21.3351,21.3816,10148500
2016-11-15,21.4921,21.8060,21.4688,21.7769,4086400
2016-11-16,21.7479,21.9804,21.7479,21.9571,3026600
2016-11-17,21.9164,21.9629,21.7885,21.7885,3668800
2016-11-18,21.8002,21.8641,21.6025,21.6025,6250700
2016-11-21,21.6955,21.8409,21.6839,21.7420,5260000
2016-11-22,21.8002,21.9164,21.8002,21.9048,2382600
2016-11-23,21.7246,21.8641,21.7188,21.8525,2921300
2016-11-25,21.8816,21.9281,21.8583,21.8990,1397700
2016-11-28,21.9164,22.0036,21.8350,21.8641,3343200
2016-11-29,21.8234,21.9164,21.8234,21.8932,2203800
2016-11-30,21.7885,21.8409,21.7537,21.7885,5035500
2016-12-01,21.7021,21.7313,21.6028,21.6495,3958200
2016-12-02,21.6495,21.7254,21.6086,21.6261,4104700
2016-12-05,21.6145,21.7255,21.6145,21.6612,5401100
2016-12-06,21.7079,21.7430,21.6612,21.7021,4141300
2016-12-07,21.7430,21.8131,21.7371,21.7488,2641600
2016-12-08,21.6729,21.8248,21.6729,21.7430,4859100
2016-12-09,21.7079,21.7955,21.6729,21.6904,3861000
2016-12-12,21.6554,21.6612,21.5853,21.5853,4048700
2016-12-13,21.6145,21.6787,21.5969,21.6145,3291700
2016-12-14,21.6495,21.6846,21.5502,21.5560,4492600
2016-12-15,21.5210,21.6787,21.4801,21.6320,10213900
2016-12-16,21.6378,21.7138,21.6320,21.6846,4388700
2016-12-19,21.6962,21.8014,21.6962,21.7722,3979600
2016-12-20,21.7547,21.8131,21.7547,21.8131,4361200
2016-12-21,21.7780,21.9299,21.7780,21.8773,3657600
2016-12-22,21.8850,21.9378,21.8615,21.9202,4613900
2016-12-23,21.9261,21.9555,21.8850,21.9378,3256900
2016-12-27,21.9143,21.9261,21.8086,21.8262,4910600
2016-12-28,21.8262,21.8497,21.7792,21.8027,4409100
2016-12-29,21.8145,21.8615,21.8145,21.8145,3615400
2016-12-30,21.8380,21.8732,21.8145,21.8556,3903600
2017-01-03,21.8497,22.0494,21.8380,22.0259,3169900
2017-01-04,22.0318,22.2903,22.0318,22.2903,3877800
2017-01-05,22.3196,22.3783,22.1199,22.2726,5284000
2017-01-06,22.2726,22.3137,22.1904,22.2609,2380600
2017-01-09,22.2844,22.3314,22.1963,22.2315,5588200
2017-01-10,22.2550,22.3372,22.2374,22.3255,2862900
2017-01-11,22.3196,22.4371,22.3079,22.4312,3022300
2017-01-12,22.4665,22.4782,22.3725,22.3783,2505800
2017-01-13,22.3960,22.4195,22.3490,22.3842,1891200
2017-01-17,22.4136,22.4371,22.3079,22.3079,5489100
2017-01-18,22.3196,22.3666,22.3020,22.3196,2126700
2017-01-19,22.3079,22.3314,22.0788,22.1199,9150200
2017-01-20,22.1140,22.2668,22.0553,22.1728,4897900
2017-01-23,22.1904,22.3020,22.1787,22.2609,2379000
2017-01-24,22.2726,22.3490,22.2726,22.3020,2177000
2017-01-25,22.2844,22.2902,22.1963,22.2256,3224600
2017-01-26,22.2374,22.3490,22.2315,22.3196,6388000
2017-01-27,22.3490,22.3666,22.2961,22.3020,3623600
2017-01-30,22.3079,22.3314,22.2726,22.3079,2116500
2017-01-31,22.3196,22.3783,22.3079,22.3783,3082400
2017-02-01,22.3907,22.4144,22.3258,22.3730,2750100
2017-02-02,22.3553,22.4852,22.3494,22.4675,2081200
2017-02-03,22.4911,22.5796,22.4852,22.5265,3665300
2017-02-06,22.5796,22.5974,22.5206,22.5678,4564800
2017-02-07,22.5738,22.6092,22.5678,22.5797,2855000
2017-02-08,22.5796,22.7213,22.5796,22.7213,3040800
2017-02-09,22.7154,22.7449,22.6446,22.6859,1909000
2017-02-10,22.6682,22.7390,22.6505,22.7036,2334100
2017-02-13,22.7213,22.7390,22.7095,22.7272,1723400
2017-02-14,22.7508,22.7686,22.6623,22.7272,3266200
2017-02-15,22.6800,22.7863,22.6741,22.7567,5089400
2017-02-16,22.7922,22.8099,22.7036,22.7213,3622100
2017-02-17,22.7272,22.7508,22.7154,22.7272,1776200
2017-02-21,22.7272,22.7745,22.7095,22.7272,3500700
2017-02-22,22.7272,22.7804,22.7272,22.7390,2697300
2017-02-23,22.7804,22.8571,22.7685,22.8217,2603400
2017-02-24,22.8571,22.8807,22.8394,22.8689,1473200
2017-02-27,22.9279,22.9279,22.8807,22.8925,1934400
2017-02-28,22.9043,22.9043,22.8276,22.8453,1904600
2017-03-01,22.7688,22.7984,22.7272,22.7806,3845900
2017-03-02,22.7806,22.8222,22.7332,22.7391,2965600
2017-03-03,22.7332,22.8103,22.7154,22.7628,2705600
2017-03-06,22.7688,22.7747,22.7213,22.7628,2626800
2017-03-07,22.7510,22.7510,22.6798,22.6916,2235000
2017-03-08,22.6323,22.6323,22.5077,22.5196,4752600
2017-03-09,22.5018,22.5018,22.3654,22.4069,3992800
2017-03-10,22.4247,22.4959,22.3950,22.4840,3600200
2017-03-13,22.4840,22.5137,22.4662,22.4959,1591200
2017-03-14,22.5077,22.5255,22.4662,22.4959,1325800
2017-03-15,22.5433,22.7450,22.5255,22.7391,2511700
2017-03-16,22.7569,22.7984,22.7332,22.7806,2167600
2017-03-17,22.7984,22.8281,22.7866,22.8162,1603000
2017-03-20,22.8399,22.8399,22.7747,22.7984,1509100
2017-03-21,22.7984,22.8162,22.7035,22.7213,2018800
2017-03-22,22.7272,22.7569,22.6798,22.7391,1625800
2017-03-23,22.7213,22.8222,22.7213,22.8103,2177900
2017-03-24,22.8400,22.8815,22.8103,22.8162,2229900
2017-03-27,22.8044,22.8518,22.7806,22.8400,2197900
2017-03-28,22.8755,22.8874,22.8459,22.8874,2012700
2017-03-29,22.8874,22.9408,22.8874,22.9052,1845700
2017-03-30,22.9230,22.9586,22.9171,22.9349,2107200
2017-03-31,22.9527,22.9764,22.9230,22.9586,1670800
2017-04-03,22.9890,23.1261,22.9830,23.1082,2821100
2017-04-04,23.1023,23.1083,23.0427,23.0963,1882200
2017-04-05,23.1023,23.1500,23.0009,23.0129,3481200
2017-04-06,23.0248,23.1142,22.9771,23.1082,2253900
2017-04-07,23.1380,23.1500,23.0665,23.0784,1711800
2017-04-10,23.1321,23.1798,23.1023,23.1559,2190700
2017-04-11,23.1619,23.1857,23.0605,23.1142,2261400
2017-04-12,23.1082,23.1202,23.0665,23.1142,1510400
2017-04-13,23.1083,23.1261,23.0844,23.0844,1772400
2017-04-17,23.1261,23.1858,23.0963,23.1679,1914500
2017-04-18,23.1738,23.1738,23.1142,23.1679,2240600
2017-04-19,23.1440,23.1679,23.1083,23.1321,1706900
2017-04-20,23.1500,23.1679,23.1082,23.1619,1647300
2017-04-21,23.1917,23.2096,23.1500,23.2096,2667400
2017-04-24,23.2513,23.2573,23.1977,23.2334,1909600
2017-04-25,23.2394,23.2573,23.2156,23.2156,1766700
2017-04-26,23.2334,23.2573,23.2156,23.2334,1976800
2017-04-27,23.2275,23.2752,23.2215,23.2573,1837300
2017-04-28,23.2573,23.2811,23.2215,23.2573,1937900
2017-05-01,23.2454,23.2990,23.2156,23.2931,3234700
2017-05-02,23.3021,23.3140,23.2481,23.3021,2936700
2017-05-03,23.3021,23.3260,23.2362,23.3260,5112400
2017-05-04,23.3080,23.3200,23.2182,23.2601,2645700
2017-05-05,23.2422,23.3080,23.2182,23.3080,2569800
2017-05-08,23.3140,23.3260,23.2721,23.3200,3067400
2017-05-09,23.3140,23.3200,23.2661,23.2781,2252600
2017-05-10,23.2961,23.3021,23.2661,23.2901,1254700
2017-05-11,23.2841,23.2841,23.2481,23.2481,1299200
2017-05-12,23.2661,23.3021,23.2541,23.2961,1601000
2017-05-15,23.2901,23.3200,23.2901,23.3140,1641100
2017-05-16,23.3200,23.3260,23.2661,23.3260,2085400
2017-05-17,23.2841,23.2901,23.2302,23.2541,2646900
2017-05-18,23.2242,23.2541,23.2062,23.2062,1837000
2017-05-19,23.2122,23.2781,23.2122,23.2122,2277400
2017-05-22,23.2422,23.3021,23.2242,23.2961,1741400
2017-05-23,23.2961,23.3320,23.2841,23.3260,2349600
2017-05-24,23.3260,23.3380,23.2960,23.3320,2430900
2017-05-25,23.3380,23.3500,23.3080,23.3500,2527900
2017-05-26,23.3560,23.4159,23.3500,23.4099,1805500
2017-05-30,23.4039,23.4099,23.3380,23.3560,2155700
2017-05-31,23.3739,23.3919,23.3620,23.3859,2091000
2017-06-01,23.3925,23.4226,23.3624,23.3925,2611300
2017-06-02,23.4286,23.4587,23.4226,23.4587,1725800
2017-06-05,23.4648,23.4708,23.3986,23.4106,2490500
2017-06-06,23.4226,23.4347,23.3805,23.3865,2475700
2017-06-07,23.4046,23.4166,23.3564,23.3564,2184300
2017-06-08,23.3745,23.3986,23.3504,23.3986,1614400
2017-06-09,23.4046,23.4106,23.3384,23.3444,2052500
2017-06-12,23.3444,23.3805,23.3263,23.3685,1264400
2017-06-13,23.3624,23.4286,23.3323,23.4226,2132800
2017-06-14,23.4407,23.4828,23.4286,23.4347,3240500
2017-06-15,23.4467,23.4768,23.4226,23.4527,2159500
2017-06-16,23.4587,23.4708,23.4286,23.4587,2214200
2017-06-19,23.4708,23.5249,23.4708,23.5189,2309500
2017-06-20,23.5249,23.5309,23.4888,23.4888,2285200
2017-06-21,23.5249,23.5310,23.4768,23.4768,1912900
2017-06-22,23.5009,23.5550,23.5009,23.5309,2237100
2017-06-23,23.5430,23.5610,23.5189,23.5610,1502100
2017-06-26,23.5610,23.6152,23.5550,23.6032,2227300
2017-06-27,23.5971,23.6032,23.5370,23.5490,1925200
2017-06-28,23.5490,23.6032,23.5310,23.5911,2597800
2017-06-29,23.5490,23.5670,23.5129,23.5129,2370900
2017-06-30,23.5189,23.5791,23.5189,23.5731,2304400
2017-07-03,23.5791,23.6032,23.5370,23.5370,2063200
2017-07-05,23.5671,23.6453,23.5550,23.6393,2944000
2017-07-06,23.6085,23.6205,23.5601,23.5661,3011300
2017-07-07,23.5661,23.6205,23.5661,23.5843,2659800
2017-07-10,23.5964,23.6326,23.5903,23.6145,3179100
2017-07-11,23.6145,23.6326,23.5601,23.5722,2267300
2017-07-12,23.6145,23.6205,23.5964,23.6205,2601000
2017-07-13,23.6266,23.6266,23.5722,23.5782,2255700
2017-07-14,23.5964,23.6326,23.5843,23.6145,2560900
2017-07-17,23.6205,23.6508,23.6084,23.6084,1878800
2017-07-18,23.6266,23.6629,23.5963,23.6568,2556300
2017-07-19,23.6628,23.7052,23.6507,23.6870,2579300
2017-07-20,23.6810,23.7233,23.6810,23.6931,2491600
2017-07-21,23.6991,23.7656,23.6810,23.7596,3304800
2017-07-24,23.7475,23.7596,23.7233,23.7475,1855000
2017-07-25,23.7475,23.7536,23.6629,23.6629,2914500
2017-07-26,23.6931,23.7233,23.6689,23.7233,2369100
2017-07-27,23.7233,23.7233,23.6689,23.6870,2789500
2017-07-28,23.6931,23.7415,23.6810,23.7415,1833700
2017-07-31,23.7475,23.7475,23.7173,23.7294,2311700
2017-08-01,23.7579,23.8065,23.7457,23.8065,3110700
2017-08-02,23.7944,23.8308,23.7761,23.7761,2075000
2017-08-03,23.7883,23.8004,23.7761,23.7761,2739200
2017-08-04,23.8004,23.8004,23.7518,23.7518,2406000
2017-08-07,23.7883,23.7883,23.7397,23.7761,2141300
2017-08-08,23.7761,23.7761,23.6972,23.7032,1968700
2017-08-09,23.6972,23.7093,23.6607,23.6668,2093300
2017-08-10,23.6607,23.6607,23.4482,23.4543,4438300
2017-08-11,23.5150,23.5150,23.4057,23.4603,4638100
2017-08-14,23.5271,23.6121,23.5271,23.5818,1882200
2017-08-15,23.5879,23.6304,23.5757,23.6182,1804400
2017-08-16,23.5939,23.6486,23.5939,23.6364,1824300
2017-08-17,23.6243,23.6364,23.5332,23.5332,2013500
2017-08-18,23.5332,23.5939,23.5089,23.5453,1780900
2017-08-21,23.5696,23.5818,23.5271,23.5271,1842400
2017-08-22,23.5575,23.5879,23.5393,23.5514,6747100
2017-08-23,23.5453,23.5879,23.5393,23.5575,1271900
2017-08-24,23.5757,23.5879,23.5575,23.5879,1107200
2017-08-25,23.5939,23.6000,23.5636,23.5939,1522500
2017-08-28,23.6121,23.6243,23.5879,23.6182,1558300
2017-08-29,23.5453,23.6304,23.5453,23.5939,2072100
2017-08-30,23.6122,23.6365,23.6000,23.6243,1349700
2017-08-31,23.6546,23.7154,23.6304,23.7154,2142700
2017-09-01,23.7502,23.7746,23.6769,23.6891,2399600
2017-09-05,23.6831,23.7258,23.6709,23.6831,1945600
2017-09-06,23.6831,23.7319,23.6831,23.7319,2328400
2017-09-07,23.7380,23.7502,23.6709,23.6953,2002900
2017-09-08,23.7075,23.7136,23.6465,23.6465,1488000
2017-09-11,23.7136,23.7319,23.6709,23.7197,1524200
2017-09-12,23.7380,23.7685,23.7319,23.7502,1202400
2017-09-13,23.7563,23.7563,23.7013,23.7013,1564600
2017-09-14,23.7075,23.7319,23.7014,23.7136,1306700
2017-09-15,23.7258,23.7441,23.7014,23.7380,1573100
2017-09-18,23.7441,23.7563,23.7197,23.7258,1276700
2017-09-19,23.7502,23.7502,23.6892,23.7075,1530200
2017-09-20,23.7258,23.7258,23.6770,23.6953,1510900
2017-09-21,23.7197,23.7197,23.6769,23.6891,1873800
2017-09-22,23.6953,23.7075,23.6648,23.6648,1875100
2017-09-25,23.6770,23.7258,23.6709,23.7136,1511900
2017-09-26,23.7075,23.7258,23.7014,23.7075,1836800
2017-09-27,23.6892,23.7014,23.6525,23.6709,2098800
2017-09-28,23.6464,23.6709,23.6403,23.6709,1630700
2017-09-29,23.6892,23.6953,23.6526,23.6770,3573700
2017-10-02,23.7168,23.7168,23.6126,23.6126,4443200
2017-10-03,23.6187,23.6616,23.6065,23.6065,3843700
2017-10-04,23.6310,23.6494,23.5942,23.6003,3753200
2017-10-05,23.6065,23.6433,23.5820,23.5820,3717900
2017-10-06,23.5820,23.5881,23.4778,23.4778,5703000
2017-10-09,23.4900,23.5146,23.4288,23.4839,3416500
2017-10-10,23.4900,23.5452,23.4900,23.5329,2166100
2017-10-11,23.5575,23.5697,23.5330,23.5391,2872700
2017-10-12,23.5452,23.6249,23.5391,23.6003,2238600
2017-10-13,23.6248,23.6494,23.6065,23.6248,1633900
2017-10-16,23.6249,23.6494,23.5820,23.5881,1875200
2017-10-17,23.5881,23.6065,23.5697,23.5820,2016900
2017-10-18,23.6126,23.6126,23.5574,23.5636,1753100
2017-10-19,23.5329,23.6126,23.5145,23.5942,1431100
2017-10-20,23.5942,23.6555,23.5697,23.6494,2642900
2017-10-23,23.6494,23.6984,23.6310,23.6616,1992600
2017-10-24,23.6371,23.6678,23.6310,23.6494,1657000
2017-10-25,23.6065,23.6065,23.5084,23.5452,2436900
2017-10-26,23.5881,23.5881,23.5207,23.5391,1782500
2017-10-27,23.5636,23.6126,23.5513,23.6003,1227300
2017-10-30,23.6065,23.6188,23.5146,23.5391,2345700
2017-10-31,23.5636,23.5881,23.5391,23.5881,2066500
2017-11-01,23.6072,23.6380,23.5579,23.5764,2713800
2017-11-02,23.5641,23.5949,23.5394,23.5826,2079000
2017-11-03,23.6010,23.6072,23.5394,23.5887,2498800
2017-11-06,23.5641,23.5887,23.5394,23.5456,4385200
2017-11-07,23.5579,23.5764,23.5271,23.5641,1730200
2017-11-08,23.5764,23.6195,23.5579,23.6072,1616000
2017-11-09,23.5764,23.6010,23.5271,23.5702,2377100
2017-11-10,23.5456,23.5579,23.4840,23.5210,2343100
2017-11-13,23.5210,23.5579,23.4963,23.5333,1695400
2017-11-14,23.5271,23.5518,23.4902,23.5025,2598000
2017-11-15,23.4779,23.5210,23.4163,23.5086,1777700
2017-11-16,23.5579,23.5764,23.5148,23.5641,1313200
2017-11-17,23.5641,23.6688,23.5579,23.6380,1605300
2017-11-20,23.6626,23.7488,23.6565,23.7242,2370000
2017-11-21,23.7427,23.7489,23.7181,23.7365,1168900
2017-11-22,23.7365,23.7981,23.7304,23.7796,1351500
2017-11-24,23.8043,23.8351,23.7735,23.7981,465400
2017-11-27,23.7858,23.8412,23.7858,23.8043,3154900
2017-11-28,23.7796,23.8474,23.7489,23.7796,1530000
2017-11-29,23.7735,23.7735,23.6749,23.7427,2750400
2017-11-30,23.7427,23.7920,23.7242,23.7488,2682100
2017-12-01,23.7501,23.8058,23.6572,23.8058,3042100
2017-12-04,23.8120,23.8491,23.7686,23.7872,3133900
2017-12-05,23.7810,23.7872,23.7377,23.7872,2979500
2017-12-06,23.7563,23.8058,23.7563,23.8058,1804500
2017-12-07,23.7872,23.8553,23.7687,23.8553,3677100
2017-12-08,23.8429,23.8677,23.8306,23.8553,1589400
2017-12-11,23.8553,23.8615,23.8058,23.8367,1608500
2017-12-12,23.8182,23.8367,23.7501,23.7501,2758600
2017-12-13,23.7377,23.7934,23.6201,23.6820,4548000
2017-12-14,23.7006,23.7439,23.6634,23.6696,2391000
2017-12-15,23.6820,23.7872,23.6758,23.7563,1882900
2017-12-18,23.7872,23.7872,23.7129,23.7253,2884400
2017-12-19,23.7315,23.7377,23.6696,23.7067,2791700
2017-12-20,23.6882,23.7501,23.6696,23.6882,2440600
2017-12-21,23.7124,23.7372,23.6752,23.7000,2258300
2017-12-22,23.7124,23.7186,23.6255,23.6503,3168400
2017-12-26,23.6565,23.6876,23.6255,23.6255,1801700
2017-12-27,23.6751,23.6751,23.6193,23.6627,2461900
2017-12-28,23.6690,23.6752,23.6317,23.6317,2222800
2017-12-29,23.6317,23.6503,23.5945,23.6255,2637300
2018-01-02,23.6689,23.7000,23.4766,23.4952,5148300
2018-01-03,23.5076,23.6255,23.4704,23.5386,4774600
2018-01-04,23.5697,23.6317,23.5262,23.5572,3919600
2018-01-05,23.5821,23.6317,23.5634,23.5634,3318300
2018-01-08,23.5883,23.6441,23.5572,23.6069,4622800
2018-01-09,23.6255,23.6752,23.6069,23.6689,3522300
2018-01-10,23.6255,23.6379,23.5572,23.6255,3479700
2018-01-11,23.6255,23.7000,23.6131,23.7000,2676600
2018-01-12,23.6938,23.7186,23.6565,23.6565,2639500
2018-01-16,23.7062,23.7124,23.5759,23.5945,4044800
2018-01-17,23.6317,23.6317,23.5386,23.5448,3297600
2018-01-18,23.5200,23.5262,23.4579,23.4579,3673900
2018-01-19,23.4828,23.5696,23.4517,23.5510,4024300
2018-01-22,23.5200,23.6007,23.5138,23.5448,2626800
2018-01-23,23.5510,23.6069,23.5448,23.6069,2465700
2018-01-24,23.5883,23.6007,23.5448,23.5759,2573600
2018-01-25,23.5821,23.6007,23.5324,23.5634,1815600
2018-01-26,23.5510,23.5883,23.4766,23.5200,3403300
2018-01-29,23.4828,23.4828,23.3090,23.3214,4730400
2018-01-30,23.2780,23.2842,23.1663,23.2221,4596200
2018-01-31,23.2594,23.3462,23.2594,23.3462,3187600
2018-02-01,23.3144,23.3269,23.1959,23.2209,3920400
2018-02-02,23.1336,23.1523,23.0213,23.0587,5881900
2018-02-05,23.0338,23.1024,22.9277,23.0151,6066400
2018-02-06,22.8591,23.0650,22.8404,23.0587,7287500
2018-02-07,23.0774,23.1835,23.0650,23.1086,3613600
2018-02-08,23.1086,23.1211,22.9277,22.9464,5050000
2018-02-09,22.9901,23.0213,22.7780,22.9776,5471900
2018-02-12,23.0026,23.1024,22.9839,23.0400,2448000
2018-02-13,23.0338,23.0587,23.0026,23.0338,2395800
2018-02-14,22.9776,23.0338,22.9714,22.9901,2904600
2018-02-15,23.0026,23.0587,23.0026,23.0400,2299500
2018-02-16,23.0650,23.1647,23.0462,23.1273,2483300
2018-02-20,23.1024,23.1523,23.1024,23.1398,2199800
2018-02-21,23.1460,23.2396,23.1398,23.1460,2542400
2018-02-22,23.1710,23.2396,23.1710,23.1897,2352600
2018-02-23,23.2084,23.2895,23.2084,23.2645,1670900
2018-02-26,23.2770,23.3581,23.2770,23.3519,1875000
2018-02-27,23.3581,23.4142,23.3394,23.3768,3041600
2018-02-28,23.3893,23.4516,23.3706,23.4080,2926100
2018-03-01,23.4280,23.4406,23.3716,23.3842,1699400
2018-03-02,23.3466,23.3591,23.2965,23.3529,1857700
2018-03-05,23.3403,23.4782,23.3215,23.4468,4293100
2018-03-06,23.4719,23.5283,23.4343,23.5032,2461200
2018-03-07,23.4782,23.5534,23.4656,23.5408,1612100
2018-03-08,23.5283,23.5659,23.5220,23.5534,1284000
2018-03-09,23.5722,23.5847,23.5283,23.5346,1278100
2018-03-12,23.5283,23.5534,23.5032,23.5220,1253900
2018-03-13,23.5032,23.5847,23.5032,23.5596,2126500
2018-03-14,23.5534,23.5784,23.5158,23.5722,2289000
2018-03-15,23.5847,23.6411,23.5659,23.5972,1590000
2018-03-16,23.5784,23.6160,23.5659,23.6035,1641600
2018-03-19,23.5972,23.5972,23.5346,23.5784,1866300
2018-03-20,23.5596,23.5596,23.5095,23.5095,1315200
2018-03-21,23.5032,23.5596,23.5032,23.5534,2012800
2018-03-22,23.5158,23.5534,23.4782,23.4782,1664100
2018-03-23,23.4782,23.5158,23.4468,23.4531,2157600
2018-03-26,23.4907,23.5158,23.4218,23.4531,1952100
2018-03-27,23.4656,23.5220,23.4280,23.4343,2825500
2018-03-28,23.4343,23.5032,23.4280,23.4907,2006400
2018-03-29,23.4970,23.5659,23.4907,23.5346,2068100
2018-04-02,23.5383,23.5761,23.4376,23.4628,2868600
2018-04-03,23.4943,23.5006,23.3307,23.3747,4655000
2018-04-04,23.3621,23.4376,23.3244,23.3810,3135500
2018-04-05,23.4251,23.4628,23.4062,23.4376,1781200
2018-04-06,23.4502,23.4502,23.3810,23.4125,2097600
2018-04-09,23.4188,23.4628,23.4188,23.4376,1655000
2018-04-10,23.4691,23.5006,23.4565,23.4754,1714000
2018-04-11,23.4502,23.5006,23.4502,23.4754,1315400
2018-04-12,23.4502,23.4943,23.4313,23.4439,1529900
2018-04-13,23.4439,23.4565,23.3873,23.3936,1692000
2018-04-16,23.4125,23.4565,23.3936,23.4376,1732200
2018-04-17,23.4502,23.4754,23.4250,23.4754,2846800
2018-04-18,23.4691,23.5069,23.4565,23.5006,2416700
2018-04-19,23.4817,23.4880,23.4188,23.4817,2212800
2018-04-20,23.4628,23.4817,23.4125,23.4691,2512500
2018-04-23,23.4565,23.4691,23.4188,23.4439,2053900
2018-04-24,23.4376,23.4628,23.3621,23.3936,2194400
2018-04-25,23.3684,23.3747,23.2488,23.2992,2995400
2018-04-26,23.3244,23.3621,23.3118,23.3181,1300200
2018-04-27,23.3432,23.3684,23.3306,23.3495,1013700
2018-04-30,23.3558,23.3873,23.3495,23.3684,1535700
2018-05-01,23.3684,23.3874,23.3115,23.3810,1601300
2018-05-02,23.3494,23.3874,23.3368,23.3558,1620600
2018-05-03,23.3684,23.3937,23.3305,23.3810,1731600
2018-05-04,23.3305,23.4633,23.3305,23.3937,2590900
2018-05-07,23.4064,23.4696,23.4064,23.4317,2102000
2018-05-08,23.4190,23.4253,23.3747,23.3810,1986800
2018-05-09,23.3621,23.4063,23.3431,23.3810,1704400
2018-05-10,23.3811,23.4317,23.3811,23.4190,1834100
2018-05-11,23.4317,23.4506,23.4000,23.4380,1889700
2018-05-14,23.4253,23.5202,23.4253,23.4569,1668700
2018-05-15,23.4127,23.4253,23.3431,23.3431,2368000
2018-05-16,23.3558,23.3747,23.3241,23.3621,2050700
2018-05-17,23.3368,23.3874,23.3305,23.3558,2103100
2018-05-18,23.3747,23.3937,23.3558,23.3747,1339300
2018-05-21,23.3937,23.4000,23.3621,23.3621,1983800
2018-05-22,23.3684,23.3874,23.3494,23.3684,2377300
2018-05-23,23.3874,23.4190,23.3684,23.4190,2394400
2018-05-24,23.4253,23.4949,23.4190,23.4949,3358000
2018-05-25,23.5139,23.5771,23.4633,23.5012,2428900
2018-05-29,23.4823,23.5708,23.4759,23.5392,3208600
2018-05-30,23.5139,23.5898,23.5012,23.5581,2492000
2018-05-31,23.5581,23.5834,23.5392,23.5581,3906700
2018-06-01,23.5798,23.6624,23.5734,23.6433,3258500
2018-06-04,23.6751,23.7323,23.6560,23.7260,2203900
2018-06-05,23.7260,23.7768,23.7069,23.7768,2708100
2018-06-06,23.7323,23.8277,23.7323,23.8023,2129300
2018-06-07,23.8150,23.8404,23.7895,23.8340,2308500
2018-06-08,23.8340,23.8595,23.8150,23.8468,1286100
2018-06-11,23.8404,23.8785,23.8404,23.8531,2093300
2018-06-12,23.8531,23.8722,23.8086,23.8340,2097200
2018-06-13,23.8213,23.8341,23.7705,23.8023,1930100
2018-06-14,23.8150,23.8595,23.8150,23.8595,1283200
2018-06-15,23.8531,23.8913,23.8404,23.8913,1204400
2018-06-18,23.8785,23.9040,23.8531,23.8658,1474100
2018-06-19,23.8658,23.9040,23.8404,23.8913,1863400
2018-06-20,23.8722,23.9103,23.8595,23.8595,1699100
2018-06-21,23.8531,23.8658,23.8404,23.8468,1113700
2018-06-22,23.8468,23.8913,23.8468,23.8849,1138600
2018-06-25,23.8785,23.8849,23.8468,23.8595,1234800
2018-06-26,23.8404,23.8976,23.8404,23.8913,1488800
2018-06-27,23.8786,23.9040,23.8595,23.8722,1397100
2018-06-28,23.8658,23.9231,23.8595,23.9167,1356000
2018-06-29,23.9230,24.0120,23.9167,23.9739,2702600
2018-07-02,23.9167,24.1138,23.9167,24.1011,5236800
2018-07-03,24.1036,24.1867,24.0717,24.1739,4685800
2018-07-05,24.1420,24.2314,24.1292,24.2314,4663200
2018-07-06,24.2442,24.3337,24.2250,24.2825,4772100
2018-07-09,24.2570,24.3145,24.2314,24.2634,5899900
2018-07-10,24.2889,24.2953,24.2570,24.2762,4088400
2018-07-11,24.2634,24.2825,24.1931,24.2059,3515000
2018-07-12,24.2314,24.2442,24.1611,24.2059,2959000
2018-07-13,24.2122,24.2122,24.0397,24.0717,5475300
2018-07-16,24.0717,24.1100,24.0206,24.0269,2898500
2018-07-17,24.0269,24.0397,23.9886,23.9886,2167200
2018-07-18,24.0078,24.0333,23.9694,23.9694,2050500
2018-07-19,23.9758,24.0525,23.9630,24.0525,2162600
2018-07-20,24.0397,24.1228,24.0397,24.1164,2937200
2018-07-23,24.1164,24.1164,24.0717,24.0844,2024600
2018-07-24,24.0844,24.1036,24.0525,24.0908,1811800
2018-07-25,24.0781,24.1292,24.0589,24.1292,3090200
2018-07-26,24.1036,24.1292,24.0908,24.1228,3450700
2018-07-27,24.0972,24.1292,24.0078,24.0269,3192100
2018-07-30,24.0461,24.0781,23.9950,24.0078,1660400
2018-07-31,24.0269,24.0589,24.0142,24.0206,1985500
2018-08-01,24.0372,24.0372,23.9281,23.9795,2840500
2018-08-02,23.9923,23.9987,23.9345,23.9923,1917400
2018-08-03,23.9730,24.0822,23.9730,24.0565,2378500
2018-08-06,24.0758,24.0758,24.0116,24.0693,3103000
2018-08-07,24.0758,24.0758,24.0244,24.0629,2229700
2018-08-08,24.0308,24.0693,24.0180,24.0437,1571400
2018-08-09,24.0308,24.0437,23.9923,23.9923,1899500
2018-08-10,23.9923,24.0051,23.9538,23.9730,1599000
2018-08-13,23.9666,23.9795,23.9409,23.9602,1587400
2018-08-14,23.9730,24.0308,23.9730,24.0116,1496800
2018-08-15,23.9859,24.0501,23.9602,23.9987,3191800
2018-08-16,24.0180,24.0758,24.0116,24.0565,1266200
2018-08-17,24.0437,24.1207,24.0372,24.1143,2111600
2018-08-20,24.1592,24.2363,24.1207,24.1656,3504100
2018-08-21,24.1656,24.2042,24.1656,24.1913,1376100
2018-08-22,24.1913,24.2106,24.1592,24.1656,1839000
2018-08-23,24.1592,24.1977,24.1464,24.1464,1546000
2018-08-24,24.1528,24.2491,24.1528,24.2427,2952600
2018-08-27,24.2555,24.2555,24.2106,24.2427,1643000
2018-08-28,24.2363,24.3069,24.2106,24.2940,4761900
2018-08-29,24.2812,24.3582,24.2812,24.3390,2975200
2018-08-30,24.3197,24.3583,24.2876,24.2876,2096800
2018-08-31,24.3133,24.3583,24.2876,24.3583,2001300
2018-09-04,24.3524,24.3524,24.1784,24.1784,5114600
2018-09-05,24.1784,24.2170,24.0688,24.0688,4621300
2018-09-06,24.0881,24.1268,24.0365,24.0430,3962800
2018-09-07,24.0236,24.0365,23.8882,23.9205,5627100
2018-09-10,23.9527,24.0365,23.9205,23.9978,3011300
2018-09-11,23.9849,24.0623,23.9785,24.0236,2186100
2018-09-12,24.0365,24.0623,24.0172,24.0494,2663700
2018-09-13,24.0688,24.0945,24.0236,24.0301,1856300
2018-09-14,24.0236,24.0816,23.9591,24.0752,1861400
2018-09-17,24.0494,24.0881,24.0107,24.0172,2496100
2018-09-18,24.0107,24.0623,23.9914,23.9914,2619700
2018-09-19,24.0043,24.0236,23.9076,23.9076,3854600
2018-09-20,23.9076,23.9398,23.8753,23.9205,2635300
2018-09-21,23.9076,23.9592,23.8947,23.9527,1428700
2018-09-24,23.9269,23.9592,23.9140,23.9269,1655700
2018-09-25,23.9140,23.9269,23.8367,23.8882,3088500
2018-09-26,23.8689,23.9205,23.8624,23.8689,3271600
2018-09-27,23.8882,23.9269,23.8495,23.8947,3035200
2018-09-28,23.9140,23.9527,23.8689,23.9398,2797300
2018-10-01,23.9715,23.9715,23.7514,23.7514,6480300
2018-10-02,23.7773,23.8226,23.6801,23.6866,7624000
2018-10-03,23.7060,23.7643,23.4988,23.5312,9015900
2018-10-04,23.4924,23.5183,23.3305,23.3434,8824200
2018-10-05,23.2851,23.3952,23.2851,23.3434,7938600
2018-10-08,23.3434,23.4276,23.2981,23.3823,2891400
2018-10-09,23.3823,23.4665,23.3629,23.4535,3126200
2018-10-10,23.4017,23.4211,23.2334,23.2722,4540100
2018-10-11,23.2722,23.3305,23.2204,23.2528,3547000
2018-10-12,23.3434,23.3629,23.2010,23.2139,7247500
2018-10-15,23.2269,23.2787,23.1880,23.2528,4207000
2018-10-16,23.2787,23.3370,23.2463,23.2981,3838900
2018-10-17,23.3175,23.3370,23.2722,23.3111,2524000
2018-10-18,23.2722,23.3693,23.2722,23.3628,2624100
2018-10-19,23.3564,23.4665,23.3499,23.4470,3160900
2018-10-22,23.4082,23.4988,23.3823,23.4665,2756300
2018-10-23,23.4147,23.4859,23.3499,23.3952,3072600
2018-10-24,23.4082,23.4406,23.3111,23.3111,2175200
2018-10-25,23.3110,23.4600,23.3110,23.4535,3493800
2018-10-26,23.4211,23.4470,23.3305,23.3758,2807200
2018-10-29,23.3952,23.4859,23.3499,23.3952,2492400
2018-10-30,23.3499,23.4470,23.3305,23.3823,2115600
2018-10-31,23.3888,23.4276,23.3434,23.4017,2483900
2018-11-01,23.3991,23.4836,23.3796,23.4251,2134100
2018-11-02,23.4511,23.4641,23.3211,23.3406,2432200
2018-11-05,23.3471,23.3991,23.3211,23.3406,2086800
2018-11-06,23.3536,23.4121,23.3536,23.4056,1717900
2018-11-07,23.4511,23.5032,23.4381,23.4576,2062700
2018-11-08,23.4381,23.5032,23.4381,23.4771,2139500
2018-11-09,23.4641,23.4902,23.4186,23.4836,1634300
2018-11-12,23.4771,23.4771,23.3666,23.3731,1355100
2018-11-13,23.3666,23.4446,23.3536,23.3536,1806000
2018-11-14,23.3796,23.4316,23.2885,23.2950,2063600
2018-11-15,23.2690,23.2820,23.1520,23.2040,3412600
2018-11-16,23.1455,23.2560,23.1065,23.2560,2300100
2018-11-19,23.2235,23.2495,23.0999,23.1195,2206400
2018-11-20,23.0089,23.0349,22.9374,22.9374,4662900
2018-11-21,22.9634,23.0804,22.9634,23.0609,2614500
2018-11-23,22.9829,23.0349,22.9829,23.0024,1551800
2018-11-26,23.0674,23.0869,22.9634,22.9959,2659500
2018-11-27,22.9634,22.9829,22.9374,22.9569,1960800
2018-11-28,22.9699,23.0674,22.9309,22.9829,3379200
2018-11-29,22.9959,23.0349,22.9244,22.9244,2503400
2018-11-30,22.9309,22.9439,22.8398,22.8788,2603400
2018-12-03,22.9481,22.9742,22.8566,22.8762,2839400
2018-12-04,22.8893,22.8958,22.6607,22.7782,5531000
2018-12-06,22.5561,22.6868,22.5169,22.6737,6189300
2018-12-07,22.6933,22.7913,22.6672,22.6999,4363200
2018-12-10,22.6999,22.7325,22.5627,22.6999,5980700
2018-12-11,22.7456,22.8436,22.7064,22.7390,6016900
2018-12-12,22.7978,22.8370,22.6999,22.6999,5671800
2018-12-13,22.7129,22.7260,22.6019,22.6345,3437800
2018-12-14,22.5431,22.6476,22.5431,22.5757,4242500
2018-12-17,22.5431,22.5692,22.3863,22.4451,5131500
2018-12-18,22.4767,22.5162,22.3121,22.3845,6449500
2018-12-19,22.3516,22.4438,22.3385,22.3516,5492000
2018-12-20,22.3187,22.3385,22.0752,22.2200,9297800
2018-12-21,22.1278,22.2134,22.0884,22.1278,8101900
2018-12-24,22.0686,22.0884,21.8909,21.9896,5583600
2018-12-26,22.0357,22.1542,22.0225,22.1278,6120400
2018-12-27,22.0818,22.0949,21.9501,22.0949,7397000
2018-12-28,22.1015,22.3714,22.0949,22.3121,7708900
2018-12-31,22.3780,22.5293,22.3582,22.5293,6438400
2019-01-02,22.4833,22.7465,22.4306,22.7399,5103700
2019-01-03,22.6939,22.8387,22.6149,22.7794,4713400
2019-01-04,22.8255,23.0427,22.8255,23.0230,6270000
2019-01-07,23.0559,23.2599,23.0493,23.0954,6222200
2019-01-08,23.2204,23.2270,23.0296,23.1546,5430800
2019-01-09,23.1875,23.2072,23.0888,23.1085,5745000
2019-01-10,23.0690,23.1809,23.0164,23.1809,3026900
2019-01-11,23.1678,23.2731,23.1480,23.2731,5439800
2019-01-14,23.2270,23.3126,23.1875,23.2599,2668600
2019-01-15,23.2862,23.3257,23.2204,23.2731,3563000
2019-01-16,23.2928,23.3323,23.2204,23.2533,3847200
2019-01-17,23.2599,23.3520,23.1809,23.3191,3457800
2019-01-18,23.3652,23.4310,23.3323,23.3652,4171600
2019-01-22,23.3455,23.4113,23.2994,23.3191,3592200
2019-01-23,23.3586,23.3784,23.2731,23.3520,2204400
2019-01-24,23.3323,23.5034,23.3323,23.4771,3377700
2019-01-25,23.5034,23.6219,23.5034,23.5561,2529000
2019-01-28,23.5429,23.5824,23.4771,23.5429,3164700
2019-01-29,23.5232,23.6219,23.5232,23.5824,2712500
2019-01-30,23.6087,23.7733,23.5824,23.7601,5613500
2019-01-31,23.7601,23.8523,23.7470,23.7996,10271500
2019-02-01,23.7659,23.7990,23.6072,23.7064,5489400
2019-02-04,23.7130,23.7394,23.6336,23.7130,2735500
2019-02-05,23.7064,23.7857,23.7064,23.7130,3016900
2019-02-06,23.7130,23.7262,23.5477,23.6601,5733200
2019-02-07,23.6336,23.6336,23.5080,23.5278,4666200
2019-02-08,23.4749,23.5874,23.4749,23.5741,2223500
2019-02-11,23.5609,23.6072,23.5609,23.5807,2556400
2019-02-12,23.6138,23.7527,23.6072,23.7527,2705600
2019-02-13,23.7659,23.8320,23.7328,23.7990,2232800
2019-02-14,23.7857,23.8056,23.7394,23.7791,2801500
2019-02-15,23.8122,23.9048,23.7990,23.9048,2390400
2019-02-19,23.8915,23.9643,23.8783,23.9246,1760800
2019-02-20,23.9378,23.9907,23.9180,23.9312,2415900
2019-02-21,23.9048,23.9312,23.8651,23.8981,2334100
2019-02-22,23.9246,23.9577,23.9114,23.9510,2406300
2019-02-25,23.9378,24.0039,23.9378,23.9643,2077200
2019-02-26,23.9643,23.9907,23.8915,23.9048,4492200
2019-02-27,23.8849,23.9378,23.8849,23.9378,2294900
2019-02-28,23.9312,23.9577,23.9114,23.9378,1704900
2019-03-01,23.9764,24.1425,23.9564,24.1159,2723700
2019-03-04,24.1358,24.1691,24.0096,24.1159,2482400
2019-03-05,24.1026,24.1425,24.0428,24.1226,2697200
2019-03-06,24.1425,24.2023,24.1226,24.1890,3953400
2019-03-07,24.1890,24.2023,24.0694,24.0893,4201600
2019-03-08,24.0561,24.1558,23.9963,24.1491,3919500
2019-03-11,24.1292,24.1890,24.1292,24.1691,1491500
2019-03-12,24.1558,24.2355,24.1558,24.2222,1691400
2019-03-13,24.2289,24.2887,24.2289,24.2887,2822200
2019-03-14,24.2887,24.3153,24.2555,24.3020,2495700
2019-03-15,24.3086,24.3684,24.2820,24.3419,2433900
2019-03-18,24.3286,24.3684,24.3086,24.3219,2759300
2019-03-19,24.3086,24.3352,24.2156,24.2222,2198700
2019-03-20,24.2156,24.2820,24.0960,24.2023,4702800
2019-03-21,24.1957,24.3020,24.1957,24.2621,2612200
2019-03-22,24.2555,24.2688,24.1757,24.1824,3464300
2019-03-25,24.1757,24.2289,24.1425,24.1425,3045400
2019-03-26,24.1824,24.2222,24.1757,24.2090,2572400
2019-03-27,24.2089,24.2289,24.1425,24.1491,3004400
2019-03-28,24.1624,24.2355,24.1558,24.1890,2642400
2019-03-29,24.2156,24.3020,24.1890,24.2887,3956500
2019-04-01,24.3154,24.4623,24.2820,24.4356,6011000
2019-04-02,24.4490,24.4690,24.4022,24.4690,4596100
2019-04-03,24.4690,24.5091,24.4557,24.5024,4233800
2019-04-04,24.4890,24.5425,24.4757,24.5425,3878500
2019-04-05,24.5625,24.5892,24.5491,24.5825,4243000
2019-04-08,24.5759,24.5759,24.5024,24.5091,2542900
2019-04-09,24.4890,24.4890,24.3889,24.4423,5050000
2019-04-10,24.4289,24.5091,24.4156,24.4757,2809700
2019-04-11,24.4890,24.4957,24.4557,24.4957,1480500
2019-04-12,24.5091,24.5425,24.4757,24.4957,1946200
2019-04-15,24.5024,24.5091,24.4824,24.5091,1363300
2019-04-16,24.5091,24.5625,24.5024,24.5091,3576800
2019-04-17,24.5291,24.5358,24.4490,24.4557,2207300
2019-04-18,24.4690,24.4690,24.4089,24.4089,3454000
2019-04-22,24.3955,24.4156,24.3622,24.4156,3371800
2019-04-23,24.4089,24.4957,24.3955,24.4690,3337400
2019-04-24,24.4623,24.5024,24.4623,24.4890,2946300
2019-04-25,24.4890,24.4957,24.4156,24.4156,2729200
2019-04-26,24.4423,24.4423,24.3822,24.4289,2597000
2019-04-29,24.4289,24.5024,24.4223,24.4490,4237400
2019-04-30,24.4757,24.4824,24.4089,24.4557,2651200
2019-05-01,24.4490,24.5358,24.4289,24.5091,4077900
2019-05-02,24.5037,24.5171,24.4433,24.4500,4143900
2019-05-03,24.4769,24.4970,24.4232,24.4836,3360200
2019-05-06,24.4232,24.5104,24.4031,24.4903,2333200
2019-05-07,24.4567,24.4903,24.3829,24.3896,2695400
2019-05-08,24.3896,24.4567,24.3762,24.4031,2780700
2019-05-09,24.3762,24.4165,24.3158,24.3964,2561200
2019-05-10,24.3964,24.4567,24.3561,24.4500,2552800
2019-05-13,24.3695,24.3964,24.3293,24.3360,3365000
2019-05-14,24.3695,24.4769,24.3628,24.4769,3124400
2019-05-15,24.4232,24.5574,24.4232,24.5507,3598200
2019-05-16,24.5507,24.6312,24.5507,24.5708,2586000
2019-05-17,24.5507,24.5842,24.4970,24.5037,3745300
2019-05-20,24.4635,24.5104,24.4031,24.4165,4021500
2019-05-21,24.4500,24.5171,24.4433,24.5104,1906800
2019-05-22,24.5104,24.5708,24.4903,24.5440,2295700
2019-05-23,24.5104,24.5238,24.4567,24.5037,3422200
2019-05-24,24.5238,24.5708,24.5037,24.5641,2103900
2019-05-28,24.5641,24.5909,24.5238,24.5373,3194100
2019-05-29,24.5238,24.5641,24.4903,24.5574,5538500
2019-05-30,24.5574,24.5976,24.5305,24.5909,3272800
2019-05-31,24.5574,24.5708,24.4903,24.5171,3753300
2019-06-03,24.5084,24.5421,24.4814,24.5151,5349900
2019-06-04,24.5488,24.6364,24.5353,24.6297,4191900
2019-06-05,24.6432,24.6701,24.6162,24.6634,2624400
2019-06-06,24.6499,24.6904,24.6432,24.6634,2448900
2019-06-07,24.6769,24.7645,24.6701,24.7510,4419700
2019-06-10,24.7645,24.8050,24.7510,24.7578,3711400
2019-06-11,24.7578,24.7982,24.6836,24.7106,3173800
2019-06-12,24.7106,24.7308,24.7038,24.7241,1642800
2019-06-13,24.7443,24.7915,24.7241,24.7847,2631100
2019-06-14,24.7847,24.8252,24.7578,24.8184,2649100
2019-06-17,24.8184,24.8723,24.8117,24.8656,3857600
2019-06-18,24.8993,24.9398,24.8858,24.9128,3604300
2019-06-19,24.8993,24.9600,24.8858,24.9600,3477700
2019-06-20,25.0139,25.0274,24.9600,25.0004,3640800
2019-06-21,24.9869,24.9937,24.9128,24.9128,3753800
2019-06-24,24.9263,24.9465,24.8656,24.8926,3470300
2019-06-25,24.8993,24.9263,24.8454,24.8454,4311400
2019-06-26,24.8723,24.8926,24.8049,24.8117,3214300
2019-06-27,24.8319,24.9060,24.8184,24.8252,2743600
2019-06-28,24.8184,24.8791,24.8184,24.8386,3275600
2019-07-01,24.8993,24.8993,24.8252,24.8521,3823100
2019-07-02,24.8731,24.9882,24.8460,24.9747,6253200
2019-07-03,24.9747,25.0491,24.9544,25.0221,3425200
2019-07-05,25.0085,25.0085,24.8528,24.9476,4085400
2019-07-08,24.9476,24.9476,24.8867,24.8934,3024000
2019-07-09,24.9002,24.9205,24.8799,24.8934,2745800
2019-07-10,24.9408,24.9882,24.9205,24.9814,2664800
2019-07-11,24.9882,25.0017,24.9544,24.9882,2452800
2019-07-12,25.0153,25.0491,24.9882,25.0491,1984100
2019-07-15,25.0559,25.0830,25.0356,25.0694,1695200
2019-07-16,25.0627,25.0830,25.0491,25.0627,2418800
2019-07-17,25.0762,25.1575,25.0627,25.1507,4057600
2019-07-18,25.1371,25.1845,25.1168,25.1845,3457800
2019-07-19,25.1913,25.2116,25.1575,25.1778,3243500
2019-07-22,25.2048,25.2116,25.1778,25.1845,1778800
2019-07-23,25.2049,25.2184,25.1845,25.2184,1989200
2019-07-24,25.2116,25.3064,25.2048,25.3064,4517200
2019-07-25,25.3064,25.3132,25.2251,25.2251,4108000
2019-07-26,25.2387,25.2726,25.2387,25.2658,2150400
2019-07-29,25.2658,25.3403,25.2590,25.3267,3188000
2019-07-30,25.2996,25.3402,25.2658,25.2861,4096700
2019-07-31,25.2793,25.3199,25.2387,25.2861,5423300
2019-08-01,25.3031,25.3847,25.2759,25.3031,5159200
2019-08-02,25.3099,25.3303,25.2215,25.3303,3876100
2019-08-05,25.2419,25.2555,25.0107,25.0787,6204300
2019-08-06,25.1467,25.1739,25.0651,25.1739,4441700
2019-08-07,25.1127,25.1331,25.0243,25.0923,5766100
2019-08-08,25.1195,25.1875,25.0991,25.1807,3495000
2019-08-09,25.1603,25.2215,25.1535,25.2011,1963700
2019-08-12,25.1807,25.2147,25.1535,25.1807,1846000
2019-08-13,25.1807,25.3235,25.1739,25.3031,4050300
2019-08-14,25.2283,25.3167,25.2079,25.2691,3903200
2019-08-15,25.2827,25.4119,25.2759,25.3711,3894500
2019-08-16,25.3847,25.4323,25.2963,25.3303,8231800
2019-08-19,25.3711,25.3983,25.3235,25.3643,2921400
2019-08-20,25.3779,25.4255,25.3643,25.3915,2737400
2019-08-21,25.4187,25.4731,25.4051,25.4663,2943800
2019-08-22,25.4799,25.5003,25.4459,25.4867,2528800
2019-08-23,25.4867,25.5139,25.3643,25.3779,2636700
2019-08-26,25.4391,25.4391,25.3235,25.3915,3236800
2019-08-27,25.3983,25.4323,25.3507,25.4119,2904800
2019-08-28,25.4119,25.4731,25.3915,25.4391,3334300
2019-08-29,25.4663,25.4935,25.4187,25.4255,2823100
2019-08-30,25.4459,25.4527,25.3779,25.4391,3394700
2019-09-03,25.4391,25.4527,25.3844,25.4459,4336700
2019-09-04,25.4801,25.5210,25.4664,25.5142,5026400
2019-09-05,25.5484,25.5825,25.5006,25.5279,3509400
2019-09-06,25.5552,25.5825,25.5279,25.5757,2770700
2019-09-09,25.5757,25.5893,25.5006,25.5074,3294900
2019-09-10,25.4937,25.5074,25.3845,25.3845,3083700
2019-09-11,25.3913,25.4186,25.3367,25.3708,5213800
2019-09-12,25.4254,25.4732,25.4118,25.4118,3275200
2019-09-13,25.3981,25.4049,25.1318,25.2069,10444900
2019-09-16,25.2206,25.3366,25.2001,25.3025,3548100
2019-09-17,25.3162,25.3981,25.3025,25.3845,2215300
2019-09-18,25.4049,25.4596,25.3503,25.4527,3133400
2019-09-19,25.4801,25.5279,25.4732,25.4869,2508100
2019-09-20,25.4937,25.5484,25.4937,25.5484,2129700
2019-09-23,25.5552,25.6235,25.5483,25.6030,3048200
2019-09-24,25.6235,25.6371,25.5688,25.5688,3457700
2019-09-25,25.5688,25.6030,25.5415,25.5552,2096600
2019-09-26,25.5757,25.5962,25.5484,25.5825,2816500
2019-09-27,25.5893,25.6030,25.5210,25.5484,2542000
2019-09-30,25.5688,25.6303,25.5552,25.6303,2422400
2019-10-01,25.6159,25.6502,25.5816,25.5953,3862900
2019-10-02,25.5679,25.5679,25.4376,25.4924,4014700
2019-10-03,25.4925,25.5473,25.4170,25.5336,4289900
2019-10-04,25.5405,25.6159,25.5062,25.5748,5208500
2019-10-07,25.5473,25.5885,25.4925,25.5542,2954400
2019-10-08,25.5130,25.5610,25.4856,25.4856,3659800
2019-10-09,25.5405,25.5679,25.5199,25.5405,2000000
2019-10-10,25.5199,25.5748,25.5199,25.5748,2828100
2019-10-11,25.5679,25.6570,25.5679,25.6228,3051100
2019-10-14,25.6228,25.7325,25.6090,25.7119,3810000
2019-10-15,25.7256,25.7736,25.6845,25.7119,5337700
2019-10-16,25.6982,25.7736,25.6845,25.7599,3815400
2019-10-17,25.7599,25.7874,25.7325,25.7805,3304000
2019-10-18,25.7668,25.7874,25.7531,25.7531,2503900
2019-10-21,25.7668,25.7805,25.7325,25.7394,2470300
2019-10-22,25.7531,25.7874,25.7462,25.7874,3196900
2019-10-23,25.7874,25.8422,25.7874,25.8422,3155400
2019-10-24,25.8560,25.8628,25.8217,25.8354,2324000
2019-10-25,25.8354,25.8422,25.7942,25.8217,2741100
2019-10-28,25.8148,25.8148,25.7393,25.7462,2691000
2019-10-29,25.7462,25.7874,25.7188,25.7188,3126800
2019-10-30,25.7462,25.7736,25.7256,25.7599,3235400
2019-10-31,25.7599,25.7942,25.7394,25.7394,4358200
2019-11-01,25.7435,25.7711,25.7022,25.7297,4255100
2019-11-04,25.7297,25.7779,25.7228,25.7573,4314800
2019-11-05,25.7366,25.7366,25.6333,25.6608,4822500
2019-11-06,25.6815,25.7159,25.6608,25.7022,3839700
2019-11-07,25.6608,25.6746,25.5024,25.5093,6152100
2019-11-08,25.5024,25.5988,25.4955,25.5162,4856900
2019-11-11,25.5506,25.5644,25.4611,25.4611,3572300
2019-11-12,25.4817,25.5575,25.4679,25.5368,3006900
2019-11-13,25.5575,25.6677,25.5437,25.6677,3447200
2019-11-14,25.6884,25.7090,25.6608,25.6815,2638700
2019-11-15,25.6884,25.7159,25.6677,25.7090,2672900
2019-11-18,25.7022,25.7090,25.6677,25.6677,2552900
2019-11-19,25.6608,25.6884,25.6402,25.6471,2685800
2019-11-20,25.6402,25.6677,25.6333,25.6608,1680300
2019-11-21,25.6608,25.6608,25.6333,25.6471,1953500
2019-11-22,25.6608,25.7090,25.6195,25.6195,4042200
2019-11-25,25.6470,25.6953,25.6402,25.6677,2823100
2019-11-26,25.6884,25.7228,25.6677,25.7159,3264600
2019-11-27,25.7228,25.7435,25.6815,25.7022,3558300
2019-11-29,25.6953,25.7297,25.6126,25.6264,2898800
2019-12-02,25.6153,25.6153,25.4631,25.4631,9062400
2019-12-03,25.4354,25.4769,25.3801,25.4423,5627400
2019-12-04,25.4769,25.5184,25.4631,25.4769,10154100
2019-12-05,25.4838,25.5184,25.4631,25.4769,6587100
2019-12-06,25.4631,25.5323,25.4354,25.5046,5958000
2019-12-09,25.5184,25.5530,25.5046,25.5184,4117300
2019-12-10,25.5323,25.5669,25.5184,25.5669,2651600
2019-12-11,25.5669,25.6707,25.5669,25.6568,3431000
2019-12-12,25.6568,25.6845,25.6222,25.6707,4476800
2019-12-13,25.6637,25.7745,25.6568,25.7675,2261000
2019-12-16,25.7745,25.8713,25.7537,25.8575,3309100
2019-12-17,25.8644,25.9336,25.8436,25.9336,4300900
2019-12-18,25.9267,25.9682,25.8852,25.9613,4133900
2019-12-19,25.9439,25.9925,25.9369,25.9856,3409200
2019-12-20,25.9995,26.0203,25.9647,26.0134,2032500
2019-12-23,26.0342,26.0551,26.0203,26.0551,2569800
2019-12-24,26.0412,26.0829,26.0342,26.0690,1180700
2019-12-26,26.0898,26.1176,26.0620,26.1037,1707300
2019-12-27,26.1037,26.1107,26.0620,26.0620,2601500
2019-12-30,26.0551,26.0759,26.0134,26.0134,3487200
2019-12-31,26.0134,26.1176,26.0064,26.1176,3844500
2020-01-02,26.1315,26.2844,26.1246,26.2705,8141000
2020-01-03,26.2218,26.3330,26.2079,26.3261,7713300
2020-01-06,26.2844,26.3330,26.2635,26.3052,7329700
2020-01-07,26.2983,26.2983,26.2496,26.2705,7139200
2020-01-08,26.2705,26.3330,26.2635,26.2983,7097900
2020-01-09,26.3052,26.3330,26.2427,26.3121,4572100
2020-01-10,26.3121,26.3608,26.2983,26.3469,3318200
2020-01-13,26.3608,26.3816,26.3400,26.3816,3874400
2020-01-14,26.3816,26.3955,26.3608,26.3886,2794100
2020-01-15,26.3677,26.4442,26.3538,26.3886,5077400
2020-01-16,26.3886,26.4094,26.3677,26.4094,4576000
2020-01-17,26.3886,26.4511,26.3677,26.4511,3897600
2020-01-21,26.4442,26.4719,26.4025,26.4511,3335900
2020-01-22,26.4442,26.4720,26.4233,26.4372,1968900
2020-01-23,26.4303,26.4581,26.3608,26.4372,4088300
2020-01-24,26.4511,26.4720,26.4094,26.4372,3259900
2020-01-27,26.3052,26.4094,26.3052,26.3677,4301900
2020-01-28,26.3955,26.4442,26.3955,26.4442,2437000
2020-01-29,26.4581,26.5067,26.4442,26.4997,3395000
2020-01-30,26.4720,26.5623,26.4511,26.5623,4726600
2020-01-31,26.5484,26.5831,26.4511,26.5136,5390500
2020-02-03,26.5346,26.5625,26.4927,26.5136,4009500
2020-02-04,26.5764,26.6113,26.5485,26.5555,4992300
2020-02-05,26.6183,26.6462,26.5904,26.6253,3177800
2020-02-06,26.6253,26.6392,26.5695,26.6183,4409700
2020-02-07,26.6113,26.6462,26.5834,26.5904,5396900
2020-02-10,26.5974,26.6532,26.5904,26.6532,2361900
2020-02-11,26.6532,26.7299,26.6462,26.7160,3576100
2020-02-12,26.7299,26.7439,26.6671,26.6741,2986000
2020-02-13,26.6741,26.6950,26.6392,26.6532,2646200
2020-02-14,26.6741,26.7090,26.6602,26.6950,2545900
2020-02-18,26.7160,26.7160,26.6602,26.6811,2729500
2020-02-19,26.7020,26.7090,26.5555,26.5625,4368400
2020-02-20,26.5834,26.6392,26.5276,26.6253,4507300
2020-02-21,26.6322,26.6532,26.5485,26.5485,3168000
2020-02-24,26.3392,26.4578,26.2066,26.2066,9369700
2020-02-25,26.3043,26.3741,25.8927,25.8927,15389300
2020-02-26,25.9275,26.0810,25.8159,25.9136,15036700
2020-02-27,25.7531,25.8648,25.5578,25.5787,17533200
2020-02-28,25.2019,25.4322,25.1391,25.3275,18624000
2020-03-02,25.3836,25.7410,25.3415,25.7130,18615100
2020-03-03,25.8041,26.1615,25.6219,25.6919,15631600
2020-03-04,25.8812,26.1405,25.8321,26.0984,8691700
2020-03-05,25.9723,26.0704,25.8111,25.8251,8669700
2020-03-06,25.4256,25.6849,25.3555,25.4817,14560800
2020-03-09,24.1922,24.8509,24.0030,24.5286,14266700
2020-03-10,25.0612,25.0612,24.4795,24.7949,9953200
2020-03-11,24.5706,24.6267,24.1782,24.3814,9711300
2020-03-12,23.1269,23.2951,21.9005,21.9636,21992700
2020-03-13,22.8466,23.4633,21.8164,23.4633,10915200
2020-03-16,19.6159,22.0687,19.6159,21.1226,11762300
2020-03-17,21.1436,21.5151,20.8913,21.1997,10469800
2020-03-18,19.9873,20.4568,16.7145,17.6045,20690600
2020-03-19,17.2471,19.5318,16.7145,19.0692,17346200
2020-03-20,19.6509,20.6390,19.2725,19.4477,10979200
2020-03-23,19.2725,19.5248,17.3873,18.3684,16729000
2020-03-24,19.6229,20.1905,19.4477,19.8261,10036800
2020-03-25,20.2676,22.1388,20.0714,21.2838,12405600
2020-03-26,21.3749,22.6994,21.3749,22.6924,9968700
2020-03-27,21.9916,22.3420,21.5992,22.0547,6937900
2020-03-30,22.0757,22.3490,21.7463,22.2860,4981900
2020-03-31,22.2159,22.4471,22.1108,22.3140,5986700
2020-04-01,21.6326,21.7031,20.9139,21.2098,11540500
2020-04-02,21.4283,21.6185,20.8575,21.3437,10906500
2020-04-03,21.3578,21.4494,20.8998,21.1464,5652300
2020-04-06,21.5621,22.0061,21.4917,21.7947,6334800
2020-04-07,22.4359,22.5205,22.0906,22.4077,7237100
2020-04-08,22.5486,23.3026,22.4500,23.0560,8539700
2020-04-09,23.4294,24.1552,23.4013,23.9368,16355300
2020-04-13,23.8029,23.8240,23.1828,23.6831,6957400
2020-04-14,24.0073,24.0214,23.6972,23.8381,4896800
2020-04-15,23.4647,23.6549,23.3449,23.6056,5637900
2020-04-16,23.5704,23.7184,23.4083,23.5704,4215100
2020-04-17,23.8311,23.9086,23.7536,23.8593,5064600
2020-04-20,23.6056,23.7959,23.5845,23.7465,3257400
2020-04-21,23.4083,23.5633,23.2744,23.3801,5206900
2020-04-22,23.6902,23.6972,23.4999,23.5845,4369800
2020-04-23,23.6831,23.7959,23.5845,23.7465,3254200
2020-04-24,23.8100,23.9650,23.6831,23.9650,4668200
2020-04-27,24.0566,24.0566,23.9368,24.0284,3724900
2020-04-28,24.1693,24.1764,24.0284,24.0354,4427400
2020-04-29,24.1623,24.4300,24.1552,24.4160,4668200
2020-04-30,24.4160,24.4723,24.2891,24.4160,3941800
2020-05-01,24.2248,24.2885,23.9486,24.0477,5848000
2020-05-04,23.8990,24.1185,23.8424,24.0690,3391700
2020-05-05,24.1539,24.2602,24.0619,24.0690,3920300
2020-05-06,24.1256,24.2035,23.9769,23.9769,3285500
2020-05-07,24.0761,24.1752,24.0548,24.1115,2720400
2020-05-08,24.2177,24.2672,24.1469,24.2602,2566900
2020-05-11,24.2318,24.2885,24.0973,24.2531,7592700
2020-05-12,24.2885,24.2885,24.1469,24.1469,2726700
2020-05-13,24.0902,24.1327,23.7503,23.8282,5776600
2020-05-14,23.7078,23.7928,23.2759,23.7574,6042100
2020-05-15,23.6441,23.7999,23.5875,23.6795,3459100
2020-05-18,24.0265,24.0690,23.9557,24.0194,2752800
2020-05-19,24.0052,24.1256,23.9061,24.0336,2857200
2020-05-20,24.1398,24.1823,24.0831,24.1540,2239100
2020-05-21,24.1469,24.2106,24.1115,24.1894,3094600
2020-05-22,24.1327,24.3168,24.1327,24.3097,1883600
2020-05-26,24.6426,24.6780,24.4443,24.5222,2404900
2020-05-27,24.6496,24.6850,24.4160,24.6709,3089200
2020-05-28,24.7204,24.8479,24.6284,24.7417,2381500
2020-05-29,24.7629,24.8904,24.6567,24.8833,3833300
2020-06-01,24.8257,24.9538,24.7972,24.9039,2295200
2020-06-02,24.9324,25.0249,24.9253,25.0036,2802400
2020-06-03,25.1032,25.1814,25.0676,25.1032,3127900
2020-06-04,25.1174,25.1886,25.0961,25.1174,2279300
2020-06-05,25.4874,25.4874,25.3166,25.3380,4698700
2020-06-08,25.3949,25.5230,25.3665,25.5159,4394400
2020-06-09,25.4376,25.4447,25.3238,25.3949,3116400
2020-06-10,25.4234,25.4234,25.2384,25.3238,3591100
2020-06-11,24.9039,25.0676,24.5126,24.5268,7097800
2020-06-12,24.8257,24.9253,24.4699,24.4770,10571800
2020-06-15,24.2636,24.6691,24.2138,24.6407,5942600
2020-06-16,24.9751,24.9965,24.7830,24.9039,2988800
2020-06-17,24.9466,24.9964,24.9111,24.9324,2943800
2020-06-18,24.8257,24.9538,24.8257,24.8755,2380900
2020-06-19,25.0036,25.0178,24.8470,24.9253,2860400
2020-06-22,24.9324,24.9324,24.7332,24.8114,3585200
2020-06-23,24.8968,24.9039,24.7616,24.8328,3965800
2020-06-24,24.8043,24.8114,24.5197,24.6905,5232300
2020-06-25,24.6407,24.7189,24.5482,24.6549,4290700
2020-06-26,24.6051,24.6549,24.4913,24.5268,2730500
2020-06-29,24.5766,24.6051,24.4486,24.5553,2956100
2020-06-30,24.6122,24.6549,24.5126,24.6478,4668000
2020-07-01,24.6385,24.7315,24.6099,24.6957,3143300
2020-07-02,24.7815,24.8673,24.7601,24.8173,2461200
2020-07-06,24.8744,24.9102,24.8172,24.8244,2309800
2020-07-07,24.8458,24.8458,24.7743,24.7958,1879700
2020-07-08,24.8816,24.8816,24.7958,24.8816,1941400
2020-07-09,24.9245,24.9316,24.7386,24.8744,2603200
2020-07-10,24.8530,24.9888,24.8315,24.9459,2000100
2020-07-13,24.9960,25.0246,24.7600,24.7958,6907600
2020-07-14,24.7386,24.8244,24.7100,24.8101,2955100
2020-07-15,24.8959,25.0174,24.8816,25.0031,2926900
2020-07-16,24.9888,25.1676,24.9531,25.1461,3028200
2020-07-17,25.2176,25.2677,25.1533,25.2534,2633800
2020-07-20,25.2534,25.2963,25.2105,25.2891,2406100
2020-07-21,25.3034,25.4250,25.3034,25.4035,2791100
2020-07-22,25.4035,25.4750,25.3892,25.4750,2144700
2020-07-23,25.4750,25.5465,25.4250,25.5179,3393300
2020-07-24,25.5108,25.5465,25.4679,25.5322,2251600
2020-07-27,25.5465,25.5966,25.5179,25.5966,2241200
2020-07-28,25.5966,25.6395,25.5608,25.6109,2269500
2020-07-29,25.6538,25.8182,25.6323,25.8182,3370600
2020-07-30,25.7825,25.8397,25.7181,25.7825,3182900
2020-07-31,25.8468,25.8683,25.8039,25.8683,2479000
2020-08-03,25.9351,25.9351,25.8345,25.8561,4240900
2020-08-04,25.8561,25.8704,25.7842,25.8130,3114000
2020-08-05,25.8633,25.9566,25.8561,25.9207,2547100
2020-08-06,25.8848,25.9279,25.8202,25.8345,2715100
2020-08-07,25.8489,25.9063,25.8058,25.8848,2419700
2020-08-10,25.9279,26.0428,25.9135,25.9782,2605100
2020-08-11,26.0356,26.0715,25.9494,25.9494,3341800
2020-08-12,26.0213,26.1434,25.9925,26.1434,3688400
2020-08-13,26.1505,26.1721,26.1074,26.1362,3398900
2020-08-14,26.1434,26.1577,26.1074,26.1218,2726500
2020-08-17,26.1218,26.2080,26.1218,26.2080,2583500
2020-08-18,26.2152,26.2726,26.2008,26.2583,4787500
2020-08-19,26.2511,26.3157,26.2439,26.2870,2986600
2020-08-20,26.2008,26.2870,26.2008,26.2655,2521300
2020-08-21,26.2583,26.2870,26.2224,26.2367,2752400
2020-08-24,26.3157,26.3516,26.2870,26.3516,4096000
2020-08-25,26.3660,26.3660,26.2942,26.3516,4872100
2020-08-26,26.3660,26.3876,26.3373,26.3588,6536900
2020-08-27,26.3875,26.3947,26.3445,26.3516,4791300
2020-08-28,26.3732,26.3947,26.3373,26.3516,3025100
2020-08-31,26.3588,26.3947,26.3229,26.3588,4070300
2020-09-01,26.3877,26.4021,26.3300,26.3444,3120900
2020-09-02,26.3444,26.4382,26.3155,26.4310,3111900
2020-09-03,26.3949,26.4165,26.1568,26.1568,5159400
2020-09-04,26.1857,26.2650,25.9476,26.1424,4727100
2020-09-08,26.0631,26.0631,25.9116,25.9404,4827100
2020-09-09,26.0631,26.2073,26.0270,26.1640,3108600
2020-09-10,26.2001,26.2867,26.1568,26.1640,3927400
2020-09-11,26.1929,26.2218,26.0919,26.1352,3037700
2020-09-14,26.2290,26.3588,26.1929,26.3083,2941500
2020-09-15,26.3877,26.4598,26.3733,26.4165,3850300
2020-09-16,26.4237,26.5103,26.4021,26.4598,4069700
2020-09-17,26.3372,26.4310,26.2939,26.3083,3904800
2020-09-18,26.3660,26.3877,26.2146,26.2867,2670000
2020-09-21,26.1568,26.2001,25.9549,26.0991,4277500
2020-09-22,26.1208,26.2434,26.1136,26.1352,4762600
2020-09-23,26.1929,26.2145,25.7889,25.8106,9573000
2020-09-24,25.7457,25.8755,25.6302,25.7962,10755300
2020-09-25,25.7817,26.1713,25.7673,26.1280,6646900
2020-09-28,26.2434,26.3660,26.2434,26.3660,6541700
2020-09-29,26.3444,26.3660,26.2578,26.3372,4330000
2020-09-30,26.3660,26.3805,26.2218,26.2939,6880300
2020-10-01,26.2483,26.4584,26.2483,26.4584,10291600
2020-10-02,26.2628,26.5018,26.2628,26.4656,8745900
2020-10-05,26.5453,26.6322,26.5163,26.6250,6208000
2020-10-06,26.6322,26.7409,26.5598,26.6467,13570600
2020-10-07,26.6974,26.7626,26.6757,26.7626,5613900
2020-10-08,26.8061,26.8423,26.7699,26.8134,6916900
2020-10-09,26.8278,26.8641,26.7337,26.8351,4745400
2020-10-12,26.8786,26.8858,26.7699,26.8713,5972200
2020-10-13,26.8641,26.8713,26.7482,26.7989,5381300
2020-10-14,26.8423,26.8568,26.6757,26.7337,3569400
2020-10-15,26.6467,26.7699,26.6033,26.7409,4905700
2020-10-16,26.7699,26.7844,26.6467,26.6467,4429600
2020-10-19,26.7264,26.7409,26.5163,26.5236,5625000
2020-10-20,26.6178,26.7337,26.5815,26.6902,4355300
2020-10-21,26.6902,26.7119,26.4656,26.4801,6619700
2020-10-22,26.5381,26.6974,26.4656,26.6902,4009900
2020-10-23,26.7119,26.8568,26.6974,26.8568,5068500
2020-10-26,26.7989,26.7989,26.6178,26.6250,4355200
2020-10-27,26.6612,26.7409,26.6033,26.6395,3479100
2020-10-28,26.5381,26.5743,26.1758,26.1758,9082800
2020-10-29,26.2048,26.4149,26.1613,26.2483,6701600
2020-10-30,26.1903,26.3352,26.1613,26.2410,8970500
2020-11-02,26.4098,26.4753,26.3443,26.4025,5271300
2020-11-03,26.4753,26.6062,26.4244,26.5408,4575800
2020-11-04,26.6863,26.7881,26.6062,26.7226,7126400
2020-11-05,26.8609,26.9409,26.7590,26.8027,4213400
2020-11-06,26.8318,26.8463,26.6863,26.6935,6237800
2020-11-09,26.9846,27.1955,26.9263,27.1155,13857200
2020-11-10,27.1155,27.1373,26.9918,27.0500,5016600
2020-11-11,27.1519,27.1810,27.0646,27.1228,3240000
2020-11-12,27.1010,27.1519,26.9991,27.0355,3304200
2020-11-13,27.0864,27.2028,27.0719,27.1301,3457200
2020-11-16,27.2537,27.4575,27.1883,27.4429,8857900
2020-11-17,27.3993,27.4866,27.3265,27.4138,4546800
2020-11-18,27.3847,27.5011,27.2974,27.3119,3819300
2020-11-19,27.3120,27.3774,27.2610,27.3556,3789800
2020-11-20,27.3629,27.3993,27.2901,27.3265,3228200
2020-11-23,27.3920,27.4647,27.3702,27.4138,3206800
2020-11-24,27.4866,27.5811,27.4647,27.4793,4914800
2020-11-25,27.5011,27.5157,27.4429,27.4647,3100500
2020-11-27,27.5084,27.5302,27.4575,27.5157,1963800
2020-11-30,27.5011,27.5157,27.3556,27.4502,7693500
2020-12-01,27.5510,27.5510,27.4633,27.5072,4550700
2020-12-02,27.3903,27.5656,27.3903,27.5364,4830800
2020-12-03,27.5656,27.6386,27.5437,27.6094,3617400
2020-12-04,27.6094,27.6678,27.6094,27.6386,2693100
2020-12-07,27.6240,27.7044,27.5948,27.7044,4541500
2020-12-08,27.6678,27.7555,27.6532,27.7482,3043500
2020-12-09,27.7555,27.7555,27.6751,27.7190,3740500
2020-12-10,27.6971,27.7482,27.5948,27.6605,4507200
2020-12-11,27.6386,27.6971,27.5729,27.6752,3051300
2020-12-14,27.7190,27.7774,27.6898,27.7117,2935700
2020-12-15,27.7555,27.8504,27.7190,27.8504,3628600
2020-12-16,27.8505,27.9016,27.8212,27.8870,4011900
2020-12-17,27.9097,27.9901,27.8950,27.9755,4222000
2020-12-18,27.9828,27.9974,27.9170,27.9389,3228500
2020-12-21,27.8292,27.9682,27.7926,27.9316,5098200
2020-12-22,27.9462,28.0048,27.7633,27.8438,10825600
2020-12-23,27.9023,27.9316,27.7999,27.8585,3504200
2020-12-24,27.8731,27.9755,27.8731,27.9536,2740300
2020-12-28,27.9755,28.0194,27.9316,27.9389,3880800
2020-12-29,27.9755,27.9974,27.8950,27.9243,3385600
2020-12-30,27.9755,28.0487,27.9316,28.0487,3546800
2020-12-31,28.0486,28.1876,28.0194,28.1730,4115400
2021-01-04,28.2096,28.2096,27.8292,27.9023,7083500
2021-01-05,27.8365,28.0340,27.8292,28.0340,5890500
2021-01-06,27.9243,27.9755,27.6243,27.8511,9988600
2021-01-07,27.8292,27.8731,27.6316,27.7780,8691600
2021-01-08,27.7706,27.8658,27.7414,27.7780,7343800
2021-01-11,27.6755,27.7414,27.5804,27.5804,6650800
2021-01-12,27.5878,27.6170,27.4195,27.5146,8360800
2021-01-13,27.5439,27.9170,27.5439,27.9170,7473700
2021-01-14,27.9462,27.9974,27.8584,27.9243,6776400
2021-01-15,27.9096,28.0047,27.8511,27.8511,5791500
2021-01-19,27.8658,28.0267,27.8658,28.0194,4276000
2021-01-20,28.0852,28.1584,28.0267,28.1364,4974400
2021-01-21,28.1218,28.1584,28.0047,28.0267,4864300
2021-01-22,27.9755,28.1145,27.9682,28.0779,4079600
2021-01-25,28.1218,28.1291,27.9828,28.0048,3499300
2021-01-26,28.0560,28.0706,27.9243,27.9316,3507600
2021-01-27,27.8731,27.9023,27.5219,27.5439,9369600
2021-01-28,27.5951,27.8219,27.5731,27.7999,5353200
2021-01-29,27.7780,27.8292,27.6243,27.6902,7702900
2021-02-01,27.7490,27.9399,27.7122,27.8444,5145300
2021-02-02,27.8518,28.1162,27.8444,27.9472,6740100
2021-02-03,27.9766,28.0501,27.8224,27.8444,7105800
2021-02-04,27.8665,27.9987,27.7930,27.9179,7097500
2021-02-05,27.9693,28.0941,27.9399,27.9840,6666700
2021-02-08,27.9987,28.0795,27.9546,28.0134,6769700
2021-02-09,27.9987,28.1529,27.9840,28.0354,4414900
2021-02-10,28.0721,28.4320,27.9693,28.0207,6556800
2021-02-11,28.0574,28.0868,27.9399,27.9546,10096100
2021-02-12,27.9105,27.9252,27.8297,27.8738,11199100
2021-02-16,27.8371,27.8738,27.7342,27.7342,12296000
2021-02-17,27.7636,27.7856,27.6828,27.7195,8325300
2021-02-18,27.6975,27.7269,27.5947,27.7195,5663700
2021-02-19,27.7416,27.8297,27.6828,27.6828,5944900
2021-02-22,27.6314,27.6534,27.5653,27.5653,6156100
2021-02-23,27.5433,27.5800,27.4551,27.5433,7211300
2021-02-24,27.5066,27.5286,27.4184,27.5066,6427300
2021-02-25,27.4404,27.4992,27.2054,27.2862,9210600
2021-02-26,27.3523,27.4625,27.2348,27.4478,10873700
2021-03-01,27.6469,27.6543,27.4994,27.5658,4510900
2021-03-02,27.5658,27.7354,27.5584,27.6838,2619100
2021-03-03,27.6543,27.7649,27.5437,27.6985,6411700
2021-03-04,27.7133,27.7944,27.4699,27.4773,6425600
2021-03-05,27.5510,27.7575,27.3962,27.7501,7106500
2021-03-08,27.7575,27.7649,27.6617,27.6690,2899900
2021-03-09,27.6985,27.8755,27.6985,27.8534,3234900
2021-03-10,27.9124,27.9124,27.8239,27.9050,4330600
2021-03-11,27.9271,28.0894,27.9124,28.0820,4884500
2021-03-12,27.9714,28.0230,27.8681,27.9935,2736800
2021-03-15,28.0156,28.1558,28.0009,28.1336,4079500
2021-03-16,28.1631,28.2442,28.1336,28.1779,5319200
2021-03-17,28.1262,28.2074,28.0746,28.1262,5663700
2021-03-18,28.0599,28.0599,27.7723,27.7870,6972500
2021-03-19,27.7944,27.9788,27.7280,27.9566,4580900
2021-03-22,28.0230,28.0746,28.0009,28.0230,2601100
2021-03-23,28.0156,28.0820,28.0009,28.0082,2774100
2021-03-24,28.0672,28.1779,28.0377,28.0967,4532600
2021-03-25,28.1041,28.1262,28.0009,28.0894,2736800
2021-03-26,28.1115,28.2074,28.0820,28.2074,2755600
2021-03-29,28.2074,28.2295,28.0599,28.1262,4213000
2021-03-30,28.1115,28.2147,28.0746,28.1852,5452800
2021-03-31,28.2074,28.3180,28.2074,28.3180,4637800
2021-04-01,28.3335,28.4298,28.3261,28.4298,4448000
2021-04-05,28.4372,28.5630,28.4298,28.5630,5469000
2021-04-06,28.5556,28.6445,28.5408,28.5853,6983200
2021-04-07,28.5853,28.6371,28.5704,28.5927,3621800
2021-04-08,28.6223,28.6371,28.6001,28.6223,2539600
2021-04-09,28.6001,28.6445,28.5926,28.6297,2568200
2021-04-12,28.6075,28.6445,28.6001,28.6001,2057500
2021-04-13,28.6149,28.7111,28.5853,28.6889,4831800
2021-04-14,28.6889,28.7185,28.6223,28.6371,2834100
2021-04-15,28.7037,28.7852,28.6889,28.7703,2428500
2021-04-16,28.7555,28.8000,28.7555,28.7777,3199700
2021-04-19,28.7703,28.7703,28.6593,28.6667,5078100
2021-04-20,28.6667,28.6815,28.5705,28.5853,4097300
2021-04-21,28.5852,28.7111,28.5852,28.7111,2330500
2021-04-22,28.7333,28.7555,28.6667,28.6963,2834500
2021-04-23,28.7037,28.8370,28.7037,28.8074,3155100
2021-04-26,28.8370,28.8962,28.8148,28.8740,2586700
2021-04-27,28.8592,28.8888,28.7555,28.7925,2473400
2021-04-28,28.8296,28.8444,28.7407,28.7851,2313600
2021-04-29,28.8222,28.8518,28.6741,28.6963,4300100
2021-04-30,28.6963,28.7111,28.6519,28.6519,4251600
2021-05-03,28.7530,28.7530,28.6266,28.7232,3621000
2021-05-04,28.7530,28.7530,28.6340,28.6712,5064300
2021-05-05,28.7307,28.7604,28.5820,28.6266,4612200
2021-05-06,28.6415,28.6563,28.4854,28.6192,4991800
2021-05-07,28.6786,28.8199,28.6489,28.8125,4238500
2021-05-10,28.8050,28.8348,28.6563,28.6786,3081000
2021-05-11,28.6043,28.6043,28.4036,28.4928,7278300
2021-05-12,28.4110,28.4333,28.1583,28.2178,9445000
2021-05-13,28.2624,28.4185,28.2624,28.2995,3744100
2021-05-14,28.4185,28.5374,28.4036,28.4779,2349500
2021-05-17,28.4928,28.5002,28.4185,28.4556,2266600
2021-05-18,28.4928,28.5300,28.4482,28.4854,1807000
2021-05-19,28.3962,28.4779,28.3070,28.4259,3108400
2021-05-20,28.4928,28.6340,28.4556,28.6266,2609900
2021-05-21,28.6638,28.7232,28.6043,28.6266,3750500
2021-05-24,28.6935,28.7604,28.6861,28.7307,2987400
2021-05-25,28.7753,28.7753,28.6415,28.6415,2631200
2021-05-26,28.6787,28.6861,28.6043,28.6415,5034500
2021-05-27,28.6712,28.7530,28.6489,28.7158,2280100
2021-05-28,28.7679,28.8794,28.7456,28.8794,5338800
2021-06-01,28.9510,28.9510,28.8614,28.9286,6774800
2021-06-02,28.9361,28.9883,28.8913,28.9659,4650300
2021-06-03,28.9361,28.9734,28.8838,28.9510,2567800
2021-06-04,28.9958,29.0182,28.9435,28.9883,2703200
2021-06-07,29.0182,29.0182,28.9361,28.9435,2170800
2021-06-08,29.0032,29.0032,28.9211,28.9286,2858600
2021-06-09,28.9585,29.0406,28.9286,28.9808,2740600
2021-06-10,29.0107,29.0704,28.9958,29.0480,2368400
2021-06-11,29.0555,29.1077,29.0406,29.0928,1947900
2021-06-14,29.0854,29.1451,29.0779,29.1227,4099300
2021-06-15,29.1376,29.1451,29.0704,29.1003,1779600
2021-06-16,29.1077,29.1451,28.9958,29.0331,2599300
2021-06-17,29.0331,29.1600,29.0107,29.1152,4142100
2021-06-18,29.0928,29.1077,29.0182,29.0480,2955700
2021-06-21,29.0630,29.1376,29.0555,29.1376,1666000
2021-06-22,29.1152,29.2197,29.1003,29.2197,2796000
2021-06-23,29.2346,29.2645,29.2048,29.2197,1778100
2021-06-24,29.2495,29.2794,29.1973,29.2421,2110500
2021-06-25,29.2495,29.2570,29.1898,29.2197,3113400
2021-06-28,29.2719,29.2794,29.1525,29.2495,3675100
2021-06-29,29.2495,29.3093,29.2197,29.2495,2563500
2021-06-30,29.2495,29.3764,29.2272,29.3615,3890200
2021-07-01,29.4094,29.4244,29.3420,29.3870,2722700
2021-07-02,29.4020,29.4469,29.3945,29.4469,2996700
2021-07-06,29.4694,29.4769,29.3870,29.4694,3319100
2021-07-07,29.4919,29.5069,29.4169,29.4994,3093400
2021-07-08,29.4319,29.4544,29.3795,29.3870,2655000
2021-07-09,29.4244,29.4994,29.3945,29.4619,1505100
2021-07-12,29.4769,29.4994,29.4619,29.4919,1645500
2021-07-13,29.4844,29.4919,29.2821,29.3345,10589900
2021-07-14,29.3420,29.3795,29.3120,29.3495,3405500
2021-07-15,29.3495,29.3645,29.3046,29.3270,2213600
2021-07-16,29.3570,29.3645,29.2671,29.2671,3088600
2021-07-19,29.1697,29.2071,29.0723,29.0947,5881400
2021-07-20,29.1472,29.2971,29.1097,29.2596,3098200
2021-07-21,29.2896,29.3120,29.2371,29.2896,3601000
2021-07-22,29.2896,29.3046,29.2296,29.2371,2599300
2021-07-23,29.2896,29.3720,29.2596,29.3570,3296400
2021-07-26,29.3570,29.3570,29.3195,29.3270,1945300
2021-07-27,29.3345,29.3495,29.1847,29.2821,3537200
2021-07-28,29.3195,29.3420,29.2371,29.3345,3323700
2021-07-29,29.3420,29.4469,29.3345,29.4469,3540500
2021-07-30,29.4169,29.5368,29.4095,29.5368,4162900
2021-08-02,29.5827,29.6203,29.5601,29.5677,4585400
2021-08-03,29.5752,29.6128,29.5225,29.6128,4558800
2021-08-04,29.5902,29.6128,29.5601,29.6128,3447300
2021-08-05,29.6354,29.6805,29.5902,29.6805,4941500
2021-08-06,29.6579,29.7031,29.6504,29.6654,6155500
2021-08-09,29.6730,29.6880,29.5075,29.5075,5040000
2021-08-10,29.5451,29.5451,29.2743,29.3796,7459000
2021-08-11,29.4323,29.5150,29.4172,29.4624,4616900
2021-08-12,29.4548,29.5752,29.4398,29.5677,4985400
2021-08-13,29.6053,29.6579,29.5902,29.6278,4107600
2021-08-16,29.6053,29.6278,29.5752,29.6128,2694000
2021-08-17,29.5827,29.5827,29.4699,29.4849,3271500
2021-08-18,29.5000,29.5000,29.4097,29.4548,5347200
2021-08-19,29.4022,29.4247,29.3044,29.4022,3979400
2021-08-20,29.4097,29.5150,29.3947,29.4699,3059400
2021-08-23,29.5075,29.5376,29.4849,29.5225,2717400
2021-08-24,29.5225,29.5752,29.5000,29.5677,2127100
2021-08-25,29.5978,29.6053,29.5526,29.5602,3627600
2021-08-26,29.5677,29.5677,29.4247,29.4247,3622100
2021-08-27,29.4624,29.6504,29.4398,29.6354,4026800
2021-08-30,29.6278,29.7106,29.6203,29.6579,3750800
2021-08-31,29.6278,29.8159,29.5601,29.6354,5767300
2021-09-01,29.7048,29.7426,29.6671,29.7275,3893800
2021-09-02,29.7501,29.8407,29.7501,29.8105,4044900
2021-09-03,29.7728,29.8181,29.7501,29.7652,2789100
2021-09-07,29.7501,29.7803,29.6369,29.6369,5188300
2021-09-08,29.6142,29.7124,29.6142,29.6822,3659200
2021-09-09,29.6520,29.7577,29.6520,29.7501,3815500
2021-09-10,29.7803,29.7879,29.6746,29.6897,3467300
2021-09-13,29.7577,29.7652,29.6369,29.6444,2937400
2021-09-14,29.6746,29.7275,29.5765,29.5840,2849000
2021-09-15,29.6218,29.7501,29.5614,29.7350,2810400
2021-09-16,29.7199,29.8105,29.6520,29.7954,5021500
2021-09-17,29.7803,29.8030,29.6822,29.6822,3623700
2021-09-20,29.5614,29.6142,29.4405,29.4405,6484400
2021-09-21,29.4783,29.5689,29.4632,29.5387,7077600
2021-09-22,29.5840,29.7426,29.5765,29.7426,8508300
2021-09-23,29.7501,29.8105,29.5916,29.6293,6503600
2021-09-24,29.6067,29.6293,29.5010,29.5085,6306200
2021-09-27,29.4934,29.5085,29.3877,29.4103,5828500
2021-09-28,29.3197,29.3575,29.0857,29.1083,10084100
2021-09-29,29.2065,29.4103,29.1914,29.4103,8726700
2021-09-30,29.4481,29.4708,29.2291,29.3046,9368700
2021-10-01,29.3797,29.4024,29.2887,29.2887,3660900
2021-10-04,29.2963,29.3190,29.0841,29.0841,7136600
2021-10-05,29.1295,29.1599,29.0462,29.0765,5497100
2021-10-06,29.0007,29.2053,28.9552,29.1674,6589800
2021-10-07,29.1447,29.2584,29.1371,29.1750,5115900
2021-10-08,29.2205,29.2432,29.0992,29.1750,3969500
2021-10-11,29.1447,29.2129,29.1371,29.1447,2353500
2021-10-12,29.1750,29.3039,29.1523,29.2508,3391700
2021-10-13,29.2205,29.4403,29.2205,29.4176,4909500
2021-10-14,29.5085,29.6829,29.4934,29.6298,6369100
2021-10-15,29.6071,29.6601,29.5161,29.5313,5768400
2021-10-18,29.4858,29.5692,29.4403,29.5616,4035800
2021-10-19,29.5464,29.6450,29.5161,29.5389,3939300
2021-10-20,29.5464,29.7056,29.5464,29.6905,5214300
2021-10-21,29.7208,29.7208,29.6222,29.6677,2686500
2021-10-22,29.7056,29.7208,29.5919,29.6071,6082900
2021-10-25,29.6298,29.7284,29.6147,29.7132,2281400
2021-10-26,29.7435,29.7814,29.6980,29.7359,2617300
2021-10-27,29.7814,29.7966,29.6601,29.7284,5871000
2021-10-28,29.7208,29.7814,29.7056,29.7359,2338300
2021-10-29,29.6980,29.8799,29.6904,29.8420,3088800
2021-11-01,29.8170,29.9158,29.8017,29.8930,4843400
2021-11-02,29.9082,29.9234,29.8474,29.9234,6274700
2021-11-03,29.9310,29.9463,29.8702,29.8702,5924300
2021-11-04,29.9082,30.0071,29.8930,29.9691,7206900
2021-11-05,29.9691,29.9843,29.9082,29.9767,5593700
2021-11-08,29.9691,29.9919,29.9082,29.9082,3057500
2021-11-09,29.9310,29.9387,29.8550,29.8626,2375700
2021-11-10,29.8398,29.8398,29.5812,29.5812,7890100
2021-11-11,29.6268,29.6648,29.5583,29.5812,3676900
2021-11-12,29.6344,29.6420,29.5507,29.5659,4447600
2021-11-15,29.6268,29.6268,29.4747,29.5507,4361900
2021-11-16,29.5355,29.6116,29.4899,29.5127,5261300
2021-11-17,29.5279,29.5279,29.4442,29.5051,3940700
2021-11-18,29.5507,29.5812,29.4671,29.5279,4099800
2021-11-19,29.5583,29.5659,29.4823,29.5583,2875800
2021-11-22,29.5583,29.5888,29.3530,29.3530,5107500
2021-11-23,29.3529,29.3606,29.2617,29.3149,4208800
2021-11-24,29.2617,29.4290,29.2465,29.4062,4655500
2021-11-26,29.2237,29.2921,29.1096,29.1856,4765700
2021-11-29,29.2997,29.3910,29.2921,29.3454,3217400
2021-11-30,29.3225,29.3606,29.1324,29.2160,6508500
2021-12-01,29.3404,29.4702,29.2031,29.2412,5441500
2021-12-02,29.2717,29.4167,29.2107,29.3862,3032700
2021-12-03,29.3862,29.4396,29.1802,29.2183,4538300
2021-12-06,29.2336,29.4473,29.2260,29.3938,3281800
2021-12-07,29.4473,29.6915,29.4473,29.6151,5253300
2021-12-08,29.6075,29.6457,29.5007,29.6457,5708800
2021-12-09,29.5846,29.6228,29.4702,29.4931,4968500
2021-12-10,29.5846,29.6228,29.4854,29.5236,4065100
2021-12-13,29.5236,29.5617,29.4854,29.5465,3989400
2021-12-14,29.4396,29.5159,29.3633,29.3862,5593100
2021-12-15,29.3557,29.5770,29.3404,29.5465,7015200
2021-12-16,29.6582,29.7424,29.5817,29.7348,7703600
2021-12-17,29.6965,29.7654,29.6276,29.6659,4433600
2021-12-20,29.5587,29.6276,29.4975,29.4975,4855000
2021-12-21,29.5510,29.7424,29.5510,29.7271,4607600
2021-12-22,29.7271,29.9032,29.6965,29.8802,3176300
2021-12-23,29.9032,29.9338,29.8420,29.8573,3702700
2021-12-27,29.8726,29.9338,29.8649,29.8802,4318700
2021-12-28,29.8649,29.9338,29.8649,29.9262,3253200
2021-12-29,29.8726,29.9951,29.8726,29.9874,3610100
2021-12-30,30.0027,30.1329,29.9798,30.1099,3288300
2021-12-31,30.1023,30.1865,30.0870,30.1865,3817700
2022-01-03,30.1635,30.1635,29.9645,29.9645,5834700
2022-01-04,29.9645,29.9874,29.7884,29.8113,7191000
2022-01-05,29.8267,29.9262,29.5128,29.5357,9316500
2022-01-06,29.5357,29.7348,29.3979,29.6965,10088900
2022-01-07,29.6659,29.6965,29.4898,29.5740,9274300
2022-01-10,29.5051,29.5664,29.4133,29.5587,6978900
2022-01-11,29.5510,29.7271,29.4975,29.7118,4826700
2022-01-12,29.7731,29.7807,29.6812,29.7654,3092700
2022-01-13,29.7807,29.8343,29.7271,29.7424,4605100
2022-01-14,29.6889,29.6889,29.5204,29.5664,4712400
2022-01-18,29.4515,29.4668,29.2984,29.3367,6186600
2022-01-19,29.3903,29.4515,29.3061,29.3214,4948000
2022-01-20,29.3979,29.5051,29.2065,29.2142,5041000
2022-01-21,29.1912,29.2525,29.0917,29.1377,4573000
2022-01-24,28.9616,29.1147,28.7242,29.1070,9481400
2022-01-25,28.9616,28.9922,28.8008,28.8697,7286000
2022-01-26,28.9845,29.0381,28.6094,28.6247,10386200
2022-01-27,28.6859,28.8620,28.2649,28.2725,12093900
2022-01-28,28.2190,28.4180,28.0505,28.3644,11730900
2022-01-31,28.3568,28.8314,28.3108,28.8238,5636200
2022-02-01,28.8944,28.9482,28.7101,28.8407,5253400
2022-02-02,28.8944,28.9328,28.6564,28.6641,8698800
2022-02-03,28.5412,28.5796,28.3953,28.4567,8358700
2022-02-04,28.3723,28.3799,28.2033,28.2264,8769500
2022-02-07,28.2341,28.3723,28.1880,28.1880,5533500
2022-02-08,28.0958,28.2340,28.0574,28.0958,9159500
2022-02-09,28.2417,28.3031,28.1880,28.2417,7357100
2022-02-10,28.0037,28.1419,27.8271,27.8578,10285100
2022-02-11,27.9039,27.9730,27.5276,27.5737,7858900
2022-02-14,27.5507,27.5891,27.2896,27.3817,6553400
2022-02-15,27.4355,27.6198,27.4048,27.5737,5737500
2022-02-16,27.6044,27.8271,27.4892,27.7733,6870900
2022-02-17,27.7119,27.8655,27.5814,27.6044,5938500
2022-02-18,27.7503,27.8040,27.6198,27.6658,4171400
2022-02-22,27.6198,27.6582,27.4124,27.5199,5792800
2022-02-23,27.5507,27.5967,27.3587,27.3741,4283700
2022-02-24,27.0592,27.5583,26.9671,27.5276,8360300
2022-02-25,27.5814,27.9115,27.5814,27.8501,5079100
2022-02-28,27.6965,27.9883,27.6965,27.9499,4785400
2022-03-01,28.0054,28.0902,27.7358,27.7666,4905000
2022-03-02,27.7512,27.9207,27.7512,27.8821,3199100
2022-03-03,27.9669,28.0131,27.8128,27.8513,3251700
2022-03-04,27.7974,27.8128,27.6125,27.6125,4051100
2022-03-07,27.5431,27.6125,27.3274,27.3428,4523500
2022-03-08,27.2735,27.4738,27.1964,27.2427,5506500
2022-03-09,27.4045,27.5586,27.3120,27.5432,4485100
2022-03-10,27.3814,27.4276,27.3043,27.4122,3686400
2022-03-11,27.4661,27.5123,27.2504,27.2504,4240700
2022-03-14,27.1579,27.1965,26.8189,26.8575,7193000
2022-03-15,26.9268,27.1579,26.9114,27.1271,4268200
2022-03-16,27.2504,27.5046,27.1271,27.5046,6670200
2022-03-17,27.4738,27.7204,27.4738,27.6972,4259000
2022-03-18,27.6510,27.8744,27.6510,27.8667,5228700
2022-03-21,27.8051,27.8590,27.5817,27.6510,4455600
2022-03-22,27.5509,27.6895,27.4738,27.5894,4041200
2022-03-23,27.5663,27.6279,27.4969,27.5432,2690700
2022-03-24,27.5432,27.6664,27.4815,27.6279,2880000
2022-03-25,27.5894,27.6125,27.4276,27.4430,4156600
2022-03-28,27.4430,27.6741,27.4122,27.6664,4539700
2022-03-29,27.7589,27.9592,27.7435,27.9592,3878500
2022-03-30,27.9052,28.0439,27.8590,27.9977,2641500
2022-03-31,28.0670,28.1287,28.0208,28.0593,4120200
2022-04-01,28.0021,28.0485,27.8784,27.9944,4057000
2022-04-04,27.9789,28.0408,27.9093,28.0408,3164100
2022-04-05,27.9325,28.0098,27.5845,27.5923,4093400
2022-04-06,27.4299,27.5459,27.3216,27.4453,4991400
2022-04-07,27.4221,27.6541,27.3603,27.5613,6484200
2022-04-08,27.4840,27.6696,27.3757,27.3757,3422700
2022-04-11,27.2520,27.2984,27.0896,27.0973,3389500
2022-04-12,27.2211,27.3061,27.0123,27.0587,3919600
2022-04-13,27.0432,27.1901,27.0432,27.1360,3038900
2022-04-14,27.0896,27.1437,26.9736,27.0123,3551200
2022-04-18,27.0587,27.0664,26.8885,26.8885,3298500
2022-04-19,26.8344,26.9504,26.7803,26.8885,4397100
2022-04-20,26.9349,27.0819,26.9349,27.0664,3637600
2022-04-21,27.0896,27.1515,26.7184,26.7261,5269900
2022-04-22,26.6411,26.7261,26.4864,26.5483,4090700
2022-04-25,26.5560,26.6720,26.4477,26.6101,4335100
2022-04-26,26.5869,26.6333,26.3704,26.3704,3575400
2022-04-27,26.4013,26.5019,26.1307,26.1925,4575400
2022-04-28,26.2389,26.5715,26.0456,26.4709,5404300
2022-04-29,26.3704,26.4091,26.1925,26.2544,5103400
2022-05-02,26.2490,26.2490,25.7445,25.8531,6429400
2022-05-03,25.8687,26.0782,25.8531,25.9385,5065700
2022-05-04,25.9230,26.5129,25.8687,26.5129,5493300
2022-05-05,26.3188,26.3421,25.9230,26.0006,4876400
2022-05-06,25.9308,25.9308,25.6902,25.7212,3920200
2022-05-09,25.5349,25.6591,25.3176,25.3642,4750300
2022-05-10,25.5815,25.6746,25.3797,25.5272,6501400
2022-05-11,25.4107,25.7134,25.3797,25.4495,4078600
2022-05-12,25.3875,25.5737,25.3254,25.4728,4874800
2022-05-13,25.5271,25.7522,25.5271,25.7134,4501300
2022-05-16,25.6824,25.9075,25.6125,25.8531,3367000
2022-05-17,25.9230,25.9928,25.8221,25.8997,5703400
2022-05-18,25.7445,25.7988,25.5737,25.5893,3623100
2022-05-19,25.4884,25.7600,25.4884,25.6901,3731700
2022-05-20,25.8764,25.8764,25.4728,25.5815,3432900
2022-05-23,25.6203,25.7445,25.5737,25.7057,2774100
2022-05-24,25.5970,25.8454,25.5349,25.8454,2820400
2022-05-25,25.8376,26.2800,25.7988,26.2723,4035400
2022-05-26,26.2955,26.6370,26.2722,26.5827,5115900
2022-05-27,26.6914,27.1726,26.6836,27.1415,5800100
2022-05-31,27.0717,27.0717,26.6836,26.9708,4311600
2022-06-01,27.0768,27.1157,26.7884,26.8663,3679900
2022-06-02,26.8352,26.9988,26.7572,26.9988,3224300
2022-06-03,26.8040,26.9053,26.7338,26.9053,2895700
2022-06-06,27.0456,27.0456,26.7806,26.8430,2932000
2022-06-07,26.7962,27.0222,26.7572,26.9988,3620300
2022-06-08,26.9053,26.9910,26.8040,26.8040,3127400
2022-06-09,26.7260,26.8196,26.4299,26.4299,4308500
2022-06-10,26.2896,26.2896,25.8921,25.9544,6230600
2022-06-13,25.6037,25.6037,25.0737,25.1049,6451800
2022-06-14,25.1906,25.3153,24.8788,25.0269,5852600
2022-06-15,25.1282,25.6505,25.1127,25.5803,6930200
2022-06-16,25.0893,25.2529,24.9100,24.9568,6870600
2022-06-17,25.0191,25.1516,24.9412,24.9802,3241000
2022-06-21,25.1127,25.3309,25.0893,25.2685,3711300
2022-06-22,25.1828,25.3777,25.1828,25.3231,2632800
2022-06-23,25.3309,25.5179,25.3153,25.4400,2849900
2022-06-24,25.4868,25.7128,25.4868,25.7128,2285600
2022-06-27,25.7674,25.8063,25.6349,25.7128,3112500
2022-06-28,25.7362,25.8219,25.5881,25.5881,2706300
2022-06-29,25.6349,25.6660,25.5335,25.6505,2199100
2022-06-30,25.5647,25.7050,25.4946,25.6271,2920200
2022-07-01,25.5746,25.8642,25.5746,25.8407,2724200
2022-07-05,25.8094,25.8329,25.6138,25.7703,2752600
2022-07-06,25.8642,25.9033,25.6138,25.6138,3694100
2022-07-07,25.6764,25.9894,25.6764,25.9659,2663500
2022-07-08,25.9503,26.0598,25.8720,26.0598,3280300
2022-07-11,25.9894,26.0442,25.9346,25.9737,1832800
2022-07-12,25.9972,26.1381,25.9346,25.9424,2680100
2022-07-13,25.6842,25.9737,25.6842,25.9659,2322000
2022-07-14,25.7781,25.8798,25.6842,25.8407,2836900
2022-07-15,25.9111,26.0990,25.9111,26.0598,3382800
2022-07-18,26.1459,26.1772,25.9894,26.0129,2048100
2022-07-19,26.0598,26.2320,26.0598,26.1850,2154800
2022-07-20,26.2320,26.3650,26.1929,26.3259,3648700
2022-07-21,26.2633,26.4433,26.2633,26.4198,2013500
2022-07-22,26.4824,26.6311,26.4668,26.5685,2594600
2022-07-25,26.5215,26.5763,26.4746,26.5685,2035900
2022-07-26,26.5059,26.5842,26.4824,26.5216,2290400
2022-07-27,26.5685,26.7329,26.4903,26.7329,2915100
2022-07-28,26.7407,26.8815,26.6389,26.8815,2739800
2022-07-29,26.9128,27.2181,26.8894,27.2102,4341000
2022-08-01,27.2212,27.3313,27.1269,27.3156,3393800
2022-08-02,27.2134,27.6222,27.1426,27.5357,5455000
2022-08-03,27.5672,27.7952,27.5515,27.7952,4012700
2022-08-04,27.7874,27.8345,27.6458,27.7952,3596000
2022-08-05,27.6537,27.6694,27.4414,27.5043,3184500
2022-08-08,27.5908,27.6615,27.4807,27.5751,3167700
2022-08-09,27.5279,27.5593,27.1819,27.2841,4014200
2022-08-10,27.4886,27.6065,27.4571,27.5515,3553300
2022-08-11,27.6458,27.6616,27.4414,27.4964,5436300
2022-08-12,27.5357,27.6458,27.4335,27.6222,3470500
2022-08-15,27.5515,27.7245,27.5515,27.7009,2661500
2022-08-16,27.6616,27.6773,27.5357,27.6537,4186400
2022-08-17,27.5122,27.5279,27.1898,27.2291,5736100
2022-08-18,27.2134,27.3313,27.1662,27.3156,3644600
2022-08-19,27.1583,27.1583,26.9932,27.0483,2878400
2022-08-22,26.8989,26.9146,26.6630,26.7416,5577400
2022-08-23,26.7102,26.8438,26.0418,26.3406,8135900
2022-08-24,26.3327,26.6472,26.2541,26.4271,4884100
2022-08-25,26.5608,26.8360,26.4743,26.7573,3802700
2022-08-26,26.7573,26.8595,26.4743,26.4743,3190600
2022-08-29,26.3327,26.5136,26.2934,26.3956,3146900
2022-08-30,26.4428,26.5057,26.2226,26.2698,3987300
2022-08-31,26.3406,26.4114,26.0575,26.1755,3588700
2022-09-01,26.0183,26.0499,25.7655,25.9393,5064900
2022-09-02,26.0499,26.1684,25.9235,26.0499,2823700
2022-09-06,26.0262,26.0420,25.7576,25.7892,3281000
2022-09-07,25.7734,26.0578,25.7734,26.0499,3846300
2022-09-08,25.9235,26.1368,25.8919,25.9314,3237200
2022-09-09,26.0262,26.2710,25.9630,26.1763,3554400
2022-09-12,26.2552,26.4448,26.2552,26.3737,2552700
2022-09-13,26.0499,26.1526,25.9946,25.9946,3298000
2022-09-14,25.9946,26.1842,25.9551,26.0736,3049900
2022-09-15,26.0183,26.1447,25.8919,25.8919,5164900
2022-09-16,25.7260,25.8919,25.6470,25.7971,3702800
2022-09-19,25.6392,25.8998,25.6313,25.8208,3238600
2022-09-20,25.7102,25.7260,25.5523,25.5602,3282900
2022-09-21,25.6865,25.8129,25.5997,25.6155,3770400
2022-09-22,25.4812,25.5523,25.2916,25.3074,4150900
2022-09-23,25.1652,25.2126,24.8888,24.9836,5067600
2022-09-26,24.8809,25.0467,24.7466,24.8019,3570100
2022-09-27,24.8730,24.9599,24.7703,24.8888,5975300
2022-09-28,24.9441,25.2521,24.9125,25.2284,5126200
2022-09-29,25.0862,25.1257,24.7703,25.0389,4893300
2022-09-30,24.9994,25.1257,24.8730,25.0151,5655600
2022-10-03,25.2288,25.4114,25.1494,25.3241,3567100
2022-10-04,25.4352,25.6338,25.4194,25.5544,3801600
2022-10-05,25.4432,25.4511,25.2605,25.2605,2977800
2022-10-06,25.2844,25.3558,25.0858,25.0938,2833700
2022-10-07,25.0064,25.0223,24.8476,24.8635,3062800
2022-10-10,24.9747,24.9747,24.6014,24.6888,3260300
2022-10-11,24.6173,24.6967,24.4982,24.6014,3276800
2022-10-12,24.4347,24.5300,24.3473,24.4108,3766300
2022-10-13,23.9979,24.4426,23.9582,24.3791,5556500
2022-10-14,24.5458,24.5617,24.2441,24.2997,4971000
2022-10-17,24.4505,24.5855,24.3394,24.3711,2907600
2022-10-18,24.4744,24.5697,24.3632,24.4188,3673100
2022-10-19,24.3155,24.3632,24.1091,24.2600,4132800
2022-10-20,24.2044,24.2361,23.8391,23.9264,3598700
2022-10-21,23.7358,23.8947,23.6564,23.8311,4490400
2022-10-24,23.8311,23.9979,23.8232,23.9026,3146900
2022-10-25,24.0138,24.2202,23.9661,24.2202,3379700
2022-10-26,24.1885,24.4664,24.1647,24.3076,4725100
2022-10-27,24.3473,24.4505,24.2123,24.3076,4022100
2022-10-28,24.2282,24.4585,24.2282,24.4585,3009300
2022-10-31,24.4426,24.4426,24.2282,24.2282,3081400
2022-11-01,24.4358,24.5157,24.1483,24.1563,6189700
2022-11-02,24.1962,24.4358,23.9966,24.0924,6985900
2022-11-03,23.9327,24.0445,23.8848,23.9727,5855800
2022-11-04,24.0445,24.1563,23.8848,23.9168,5254700
2022-11-07,24.0046,24.1084,23.9088,24.0445,4164100
2022-11-08,24.0685,24.4278,24.0445,24.4119,4167300
2022-11-09,24.3560,24.4198,24.0924,24.2042,5266800
2022-11-10,24.6035,25.3542,24.6035,25.2903,9095000
2022-11-11,25.3142,25.5778,25.2344,25.4340,4195600
2022-11-14,25.3621,25.4899,25.0747,25.0986,4435800
2022-11-15,25.3542,25.5777,25.3142,25.4420,5598500
2022-11-16,25.3781,25.5059,25.3781,25.3941,4128000
2022-11-17,25.1705,25.2743,25.1146,25.2184,3895600
2022-11-18,25.3462,25.3462,25.1944,25.2184,2462700
2022-11-21,25.2663,25.3302,25.1865,25.1865,3375000
2022-11-22,25.2983,25.3302,25.2264,25.3142,2939800
2022-11-23,25.3222,25.4660,25.3222,25.4340,2522700
2022-11-25,25.3701,25.5139,25.3701,25.4979,1106900
2022-11-28,25.4101,25.5219,25.3542,25.3701,5000700
2022-11-29,25.2823,25.3861,25.0427,25.0747,6674700
2022-11-30,25.0587,25.5139,25.0188,25.4340,5427900
2022-12-01,25.5882,25.8451,25.5721,25.8130,5162400
2022-12-02,25.6363,25.9334,25.6123,25.9174,3357500
2022-12-05,25.8772,25.8772,25.4918,25.4918,6594900
2022-12-06,25.5320,25.6283,25.2911,25.4196,5161700
2022-12-07,25.4436,25.5480,25.4035,25.4677,4684800
2022-12-08,25.5561,25.5962,25.3312,25.3553,5159100
2022-12-09,25.2349,25.3874,25.1145,25.1145,4691700
2022-12-12,25.1546,25.2349,25.0583,25.2108,4900200
2022-12-13,25.6203,25.6283,25.3794,25.4677,5452100
2022-12-14,25.4517,25.5721,25.3312,25.4597,5264500
2022-12-15,25.4007,25.4492,25.2470,25.2712,5276800
2022-12-16,25.1014,25.2793,25.0852,25.2631,4059300
2022-12-19,25.1984,25.2550,25.1499,25.1822,3677600
2022-12-20,25.1013,25.2227,25.0528,25.0852,5118700
2022-12-21,25.1822,25.2712,25.1418,25.1418,4328100
2022-12-22,25.1013,25.1256,24.7697,24.8748,5587000
2022-12-23,24.8506,24.9881,24.7939,24.8668,3699500
2022-12-27,24.7940,24.8749,24.6160,24.7212,5195000
2022-12-28,24.7131,24.7859,24.4946,24.5513,5293500
2022-12-29,24.6079,24.7292,24.5513,24.6322,4800500
2022-12-30,24.4785,24.7131,24.4704,24.6969,5881300
2023-01-03,24.8587,24.9234,24.7050,24.8182,3965400
2023-01-04,24.8991,25.3602,24.8991,25.3440,4581700
2023-01-05,25.2227,25.5139,25.1499,25.4492,3975500
2023-01-06,25.5948,25.8617,25.5463,25.8213,4541000
2023-01-09,25.9265,26.0074,25.7809,25.8456,4047800
2023-01-10,25.8698,25.9831,25.7889,25.9103,2410200
2023-01-11,25.9831,26.1287,25.9831,26.1287,3283900
2023-01-12,26.2015,26.2905,26.0640,26.2419,9174100
2023-01-13,26.1611,26.3552,26.1287,26.3148,2930600
2023-01-17,26.3471,26.6060,26.3471,26.5817,4860800
2023-01-18,26.7597,26.8810,26.4846,26.5898,4573900
2023-01-19,26.5574,26.6464,26.4523,26.5898,2545700
2023-01-20,26.5979,26.6545,26.5008,26.6545,4594700
2023-01-23,26.6545,26.8648,26.6302,26.8648,3266500
2023-01-24,26.8567,26.8972,26.8001,26.8082,2306500
2023-01-25,26.6707,26.8567,26.6626,26.8325,2298100
2023-01-26,26.9457,26.9862,26.6950,26.9781,3127700
2023-01-27,26.9700,27.0266,26.9215,27.0104,3247300
2023-01-30,26.9215,27.0913,26.8729,27.0185,4123400
2023-01-31,27.0428,27.1884,27.0347,27.1803,3679200
2023-02-01,27.2096,27.3804,27.1039,27.3316,4726400
2023-02-02,27.4374,27.5756,27.4048,27.5024,4670300
2023-02-03,27.4048,27.4130,27.1201,27.2177,3169600
2023-02-06,27.0876,27.1038,26.8842,26.9818,4752600
2023-02-07,26.9574,27.0062,26.7215,26.9330,7926000
2023-02-08,26.8680,26.9818,26.7622,26.9493,6943300
2023-02-09,27.0713,27.0957,26.7459,26.7541,3849100
2023-02-10,26.7053,26.7947,26.6321,26.7541,3760300
2023-02-13,26.7785,26.9574,26.7459,26.9493,2338100
2023-02-14,26.9005,27.0388,26.8273,26.9818,4683400
2023-02-15,26.9656,27.0306,26.9005,27.0306,2530000
2023-02-16,26.8761,26.9249,26.7459,26.8110,4216000
2023-02-17,26.7541,26.7785,26.6158,26.7622,3886400
2023-02-21,26.5670,26.6321,26.1033,26.1115,11420300
2023-02-22,26.1196,26.4856,26.1196,26.4206,4323500
2023-02-23,26.4938,26.6727,26.4206,26.6321,4503000
2023-02-24,26.4043,26.5182,26.3555,26.4856,3441100
2023-02-27,26.5832,26.6971,26.4856,26.5344,4413500
2023-02-28,26.5100,26.5995,26.3718,26.5995,3954400
2023-03-01,26.6241,26.6241,26.3459,26.4768,3713200
2023-03-02,26.3377,26.4113,26.2232,26.3704,3529200
2023-03-03,26.5095,26.6322,26.4522,26.5913,2826700
2023-03-06,26.6650,26.7304,26.5668,26.6241,4179400
2023-03-07,26.6568,26.6650,26.3950,26.4113,4414500
2023-03-08,26.4850,26.5504,26.4113,26.4113,3408500
2023-03-09,26.4441,26.4686,25.8795,25.9450,4618300
2023-03-10,25.8959,25.9531,25.2659,25.5113,10328600
2023-03-13,24.8895,25.0368,24.2431,24.5458,10993400
2023-03-14,25.2577,25.5277,24.9959,25.1431,7903400
2023-03-15,24.5786,24.9059,24.4804,24.6440,8057100
2023-03-16,24.5540,25.4868,24.5131,25.2904,8106200
2023-03-17,25.0450,25.2168,24.6113,24.6931,4430400
2023-03-20,24.7504,24.8731,24.3822,24.4313,4090200
2023-03-21,24.7586,24.9058,24.6768,24.8486,3116500
2023-03-22,24.8649,25.0450,24.7586,24.7586,3130600
2023-03-23,24.9549,25.0286,24.4477,24.4804,3603600
2023-03-24,24.4395,24.6113,24.3086,24.5868,3830100
2023-03-27,24.8895,25.0695,24.7177,24.7831,3860200
2023-03-28,24.8240,24.9959,24.7422,24.9140,2840000
2023-03-29,25.0695,25.2331,25.0040,25.1186,3406300
2023-03-30,25.2331,25.3559,25.1677,25.3149,3609500
2023-03-31,25.3559,25.5686,25.3559,25.5440,3617000
2023-04-03,25.5976,25.6716,25.4082,25.6469,6055100
2023-04-04,25.6058,25.6387,25.4412,25.4906,3207000
2023-04-05,25.4905,25.5070,25.4247,25.4412,3201200
2023-04-06,25.4494,25.6140,25.3835,25.5811,2838200
2023-04-10,25.5399,25.5975,25.4741,25.5564,2574100
2023-04-11,25.5564,25.7951,25.5564,25.7292,3915900
2023-04-12,25.9432,25.9432,25.6305,25.7128,3073800
2023-04-13,25.8527,25.8692,25.7375,25.8280,2469000
2023-04-14,25.8280,25.8856,25.7045,25.8115,4079600
2023-04-17,25.8115,25.8774,25.7210,25.7375,4256100
2023-04-18,25.7786,25.8362,25.7622,25.7786,3614200
2023-04-19,25.7292,25.8774,25.7210,25.8527,2713800
2023-04-20,25.8115,25.8609,25.7869,25.8198,1484000
2023-04-21,25.8692,25.9268,25.8115,25.8939,1795900
2023-04-24,25.9021,25.9268,25.8527,25.8856,2208700
2023-04-25,25.8362,25.8362,25.5564,25.5811,4660600
2023-04-26,25.5646,25.6881,25.4165,25.4576,3319400
2023-04-27,25.5070,25.7128,25.4988,25.6634,2332000
2023-04-28,25.6881,25.8280,25.6387,25.8198,4502500
2023-05-01,25.8289,25.8703,25.5641,25.6220,3540000
2023-05-02,25.5310,25.6054,25.1254,25.2247,5854000
2023-05-03,25.2661,25.3323,24.8027,24.8275,9169200
2023-05-04,24.6537,24.6868,24.1489,24.2730,9556900
2023-05-05,24.6454,24.7944,24.5792,24.6289,5906700
2023-05-08,24.7448,24.7448,24.5958,24.6537,2953900
2023-05-09,24.6206,24.6289,24.3392,24.5875,4288600
2023-05-10,24.7861,24.8523,24.6454,24.7365,4453400
2023-05-11,24.6703,24.6703,24.5130,24.5958,4384700
2023-05-12,24.6620,24.6868,24.5213,24.6372,1850300
2023-05-15,24.4965,24.6951,24.4551,24.5875,3481300
2023-05-16,24.5544,24.6454,24.3392,24.3558,2579300
2023-05-17,24.4468,24.8772,24.4303,24.8441,5360100
2023-05-18,24.8275,24.9847,24.7696,24.8441,3575100
2023-05-19,24.9351,24.9434,24.6951,24.8275,2796400
2023-05-22,24.9434,25.0013,24.8358,24.9847,3625400
2023-05-23,24.9434,25.0510,24.9020,24.9185,2879700
2023-05-24,24.8441,24.9599,24.8110,24.9351,2858700
2023-05-25,24.9682,24.9930,24.7199,24.7944,2385800
2023-05-26,24.8441,24.9765,24.7778,24.9434,2506000
2023-05-30,25.0592,25.1254,24.9765,25.1006,2691600
2023-05-31,25.0510,25.2247,25.0344,25.2082,2571100
2023-06-01,25.2706,25.4287,25.1541,25.3455,3137000
2023-06-02,25.3788,25.7366,25.3788,25.7033,5569500
2023-06-05,25.7199,25.7199,25.5369,25.6034,2718500
2023-06-06,25.6284,25.7782,25.5618,25.7366,3533300
2023-06-07,25.7865,25.8447,25.6617,25.6617,3171700
2023-06-08,25.7283,25.7366,25.5951,25.6284,3035000
2023-06-09,25.6866,25.6866,25.5452,25.5535,3362900
2023-06-12,25.6118,25.6534,25.3954,25.5369,3285400
2023-06-13,25.5785,25.6617,25.4869,25.5202,3076800
2023-06-14,25.5618,25.5785,25.2789,25.3871,4025000
2023-06-15,25.4121,25.5119,25.3871,25.4953,2512800
2023-06-16,25.5369,25.5618,25.4370,25.4537,2173800
2023-06-20,25.4537,25.5119,25.3039,25.3538,2906300
2023-06-21,25.3788,25.4786,25.2456,25.4037,2846500
2023-06-22,25.4287,25.4287,25.3122,25.3455,2693200
2023-06-23,25.2789,25.4204,25.2456,25.3372,1745200
2023-06-26,25.4204,25.5369,25.3621,25.4537,2486900
2023-06-27,25.4953,25.5785,25.4287,25.4953,4762600
2023-06-28,25.5119,25.5702,25.4870,25.5369,2833400
2023-06-29,25.5036,25.5119,25.3788,25.5036,3168400
2023-06-30,25.5452,25.7449,25.5285,25.7366,3047500
2023-07-03,25.7934,25.9858,25.7349,25.9774,1782800
2023-07-05,25.8854,26.0193,25.8436,25.8436,2958300
2023-07-06,25.6931,25.7098,25.2833,25.4505,5731400
2023-07-07,25.3669,25.6429,25.3585,25.5760,3675200
2023-07-10,25.5425,25.7014,25.5425,25.6345,5107200
2023-07-11,25.7098,25.8102,25.6513,25.7851,2784000
2023-07-12,25.9356,25.9440,25.8436,25.8687,3069500
2023-07-13,25.9774,25.9942,25.9189,25.9524,3064600
2023-07-14,25.9942,26.0025,25.7182,25.7934,3425900
2023-07-17,25.8185,25.8269,25.5509,25.6094,2810400
2023-07-18,25.6262,25.7767,25.6178,25.7516,2514800
2023-07-19,25.8353,25.8854,25.8018,25.8771,2249500
2023-07-20,25.8269,25.8269,25.7265,25.7767,2302700
2023-07-21,25.8520,25.9105,25.8102,25.8269,1954200
2023-07-24,25.8687,25.9105,25.8436,25.8771,1675900
2023-07-25,25.8604,25.9022,25.8102,25.8938,2612000
2023-07-26,25.9607,26.1029,25.9273,26.0611,3735100
2023-07-27,26.1364,26.1782,25.8353,25.8604,3724400
2023-07-28,25.9607,26.0276,25.8353,25.9440,2501900
2023-07-31,26.0109,26.1698,25.9942,26.1113,3239200
2023-08-01,26.0499,26.1424,25.8902,25.9574,3435600
2023-08-02,25.8061,25.8482,25.6632,25.8398,3374800
2023-08-03,25.6464,25.7473,25.5792,25.6212,3369200
2023-08-04,25.6800,25.9238,25.6716,25.7977,3003600
2023-08-07,25.8986,25.9238,25.8061,25.8482,2678200
2023-08-08,25.7809,25.8566,25.7557,25.8145,2273200
2023-08-09,25.8650,25.8986,25.7725,25.8145,2160100
2023-08-10,25.9070,25.9154,25.7221,25.7557,2187400
2023-08-11,25.7221,25.8061,25.6716,25.8061,1937700
2023-08-14,25.7473,25.7977,25.7053,25.7893,1877100
2023-08-15,25.7473,25.7473,25.5792,25.6128,2083300
2023-08-16,25.5119,25.5792,25.4111,25.4699,4558800
2023-08-17,25.4447,25.5035,25.2934,25.3774,3346400
2023-08-18,25.3438,25.4111,25.3018,25.3354,2951000
2023-08-21,25.2766,25.3018,25.1505,25.2093,4770200
2023-08-22,25.2345,25.2766,25.1925,25.2177,2617700
2023-08-23,25.3018,25.4615,25.2850,25.4531,2565800
2023-08-24,25.4615,25.5119,25.3102,25.3354,2724900
2023-08-25,25.3522,25.4615,25.2597,25.4026,3109800
2023-08-28,25.5119,25.5455,25.4447,25.4783,1651400
2023-08-29,25.5035,25.6548,25.4783,25.6380,2747600
2023-08-30,25.6128,25.6968,25.6128,25.6632,2834300
2023-08-31,25.6800,25.8986,25.6800,25.8482,4526600
2023-09-01,25.8853,25.9107,25.7671,25.9022,3019400
2023-09-05,25.8262,25.8515,25.6826,25.7079,2277100
2023-09-06,25.7417,25.7586,25.5981,25.6403,2169500
2023-09-07,25.5559,25.7079,25.5474,25.6150,1800800
2023-09-08,25.6741,25.7586,25.6572,25.7248,1775900
2023-09-11,25.7502,25.7586,25.6403,25.6572,2062800
2023-09-12,25.6234,25.6910,25.5981,25.6319,1561300
2023-09-13,25.6488,25.7164,25.6065,25.6995,1811100
2023-09-14,25.7670,25.8262,25.7248,25.7924,2214900
2023-09-15,25.7755,25.8177,25.7248,25.7755,2882000
2023-09-18,25.7755,25.8769,25.7333,25.8684,2805400
2023-09-19,25.8346,25.9107,25.8093,25.8769,2809700
2023-09-20,25.9276,26.0036,25.8600,25.8684,2623000
2023-09-21,25.6995,25.6995,25.4714,25.5221,6007400
2023-09-22,25.6150,25.6657,25.5305,25.6150,2707900
2023-09-25,25.4967,25.5727,25.4291,25.5474,3245400
2023-09-26,25.5305,25.5643,25.3277,25.3784,3683400
2023-09-27,25.4376,25.4714,25.2179,25.3953,5197700
2023-09-28,25.2771,25.4883,25.2348,25.4714,5854200
2023-09-29,25.5558,25.6488,25.4629,25.4714,5206400
2023-10-02,25.3958,25.4467,25.1325,25.1580,4568700
2023-10-03,25.0475,25.0645,24.5634,24.6738,8065400
2023-10-04,24.8267,24.8607,24.5889,24.6313,6089100
2023-10-05,24.6653,24.6993,24.5634,24.6144,3714300
2023-10-06,24.4445,24.6229,24.3171,24.5294,3844500
2023-10-09,24.5974,24.7333,24.4700,24.6738,2742700
2023-10-10,24.6314,24.8692,24.5974,24.7757,3943700
2023-10-11,24.9371,24.9711,24.7842,24.8946,4456300
2023-10-12,24.8522,24.8862,24.6229,24.6483,4167600
2023-10-13,24.7588,24.8437,24.5040,24.5634,4081000
2023-10-16,24.5974,24.6313,24.4105,24.5804,5400100
2023-10-17,24.4275,24.5379,24.3426,24.4190,5296800
2023-10-18,24.3426,24.3935,24.2067,24.3256,6438300
2023-10-19,24.2916,24.4020,24.0283,24.0708,7897200
2023-10-20,24.1132,24.2491,23.9094,24.2152,5798000
2023-10-23,24.1302,24.2661,24.0538,24.2576,7471100
2023-10-24,24.2916,24.5294,24.2576,24.4785,6154100
2023-10-25,24.3850,24.4105,24.2237,24.2576,4681700
2023-10-26,24.2746,24.4020,24.2576,24.2746,3579600
2023-10-27,24.2661,24.3426,24.1048,24.1472,3014200
2023-10-30,24.2152,24.2491,24.1047,24.1727,2953800
2023-10-31,24.2491,24.3341,24.2067,24.2746,4016600
2023-11-01,24.4054,24.7301,24.3541,24.7215,5922800
2023-11-02,24.9608,25.2855,24.9095,25.2257,8673100
2023-11-03,25.4308,25.6615,25.4223,25.6273,7896100
2023-11-06,25.6103,25.6103,25.4479,25.4821,6939300
2023-11-07,25.5675,25.5675,25.3795,25.4137,3761700
2023-11-08,25.4650,25.5333,25.3795,25.4308,4327800
2023-11-09,25.4137,25.4393,25.1317,25.1659,5505900
2023-11-10,25.2428,25.3026,25.1744,25.2343,3750800
2023-11-13,25.1915,25.3966,25.1232,25.3710,3778200
2023-11-14,25.7043,25.8922,25.6359,25.7043,5661800
2023-11-15,25.6786,25.7641,25.6188,25.6957,4955700
2023-11-16,25.7299,25.7982,25.6786,25.7470,3399600
2023-11-17,25.8410,25.8837,25.7555,25.7641,3530700
2023-11-20,25.7641,25.8324,25.7641,25.8068,3413400
2023-11-21,25.7641,25.8068,25.6615,25.7213,3000500
2023-11-22,25.7726,25.7812,25.4906,25.5846,5981600
2023-11-24,25.5590,25.6701,25.5333,25.6188,1482100
2023-11-27,25.6444,25.8153,25.6444,25.7983,3591600
2023-11-28,25.7897,25.9350,25.7555,25.8837,4390000
2023-11-29,25.9606,26.1059,25.9521,26.0802,4191900
2023-11-30,26.1144,26.2426,26.0290,26.1999,5550400
2023-12-01,26.2557,26.4964,26.1870,26.4878,5662600
2023-12-04,26.4104,26.4964,26.2729,26.3159,3707300
2023-12-05,26.4104,26.4448,26.3331,26.3417,3793900
2023-12-06,26.4018,26.4620,26.3159,26.3847,3625700
2023-12-07,26.4104,26.5308,26.3847,26.4018,5442800
2023-12-08,26.2729,26.3932,26.2386,26.3503,4632800
2023-12-11,26.3159,26.3159,26.0753,26.2385,5717800
2023-12-12,26.2386,26.2987,26.1440,26.2471,4362300
2023-12-13,26.2987,26.6511,26.2214,26.6167,6145200
2023-12-14,26.8442,27.0258,26.8009,26.9652,11062600
2023-12-15,26.9393,27.0171,26.8096,26.8528,7332500
2023-12-18,26.7923,26.8614,26.7058,26.7663,4890100
2023-12-19,26.8096,26.9306,26.7750,26.9133,4710100
2023-12-20,26.9566,27.0431,26.8874,26.9047,6222100
2023-12-21,26.9825,27.0517,26.9133,26.9739,5486700
2023-12-22,27.0431,27.0863,26.9566,27.0085,3056800
2023-12-26,27.0344,27.1295,26.9912,27.0258,4891100
2023-12-27,27.0777,27.1728,27.0258,27.1555,6579600
2023-12-28,27.1382,27.2333,27.0690,27.0777,4403600
2023-12-29,27.0950,27.0950,26.9479,26.9739,4893200
2024-01-02,26.8874,26.9912,26.8269,26.9393,4400600
2024-01-03,26.8701,27.0171,26.6971,26.9479,7285200
2024-01-04,26.8787,26.9998,26.8615,26.9133,3877300
2024-01-05,26.8615,27.0777,26.8615,26.9133,4556000
2024-01-08,27.0171,27.1728,26.9479,27.1641,4379400
2024-01-09,27.1036,27.2333,27.0863,27.1728,3509800
2024-01-10,27.2247,27.3112,27.1814,27.1901,3038600
2024-01-11,27.1555,27.2852,27.1555,27.2506,5363200
2024-01-12,27.3025,27.3457,27.2247,27.3112,2757000
2024-01-16,27.2420,27.3025,27.1468,27.1987,4983100
2024-01-17,27.1468,27.1987,27.0690,27.0950,5957600
2024-01-18,27.1555,27.1641,26.9566,27.0258,6160300
2024-01-19,27.0431,27.2420,26.9220,27.2333,5690600
2024-01-22,27.2939,27.3544,27.2333,27.3371,4434600
2024-01-23,27.3112,27.3630,27.2593,27.3025,3806400
2024-01-24,27.3803,27.4063,27.2939,27.3976,3979400
2024-01-25,27.4841,27.6571,27.4236,27.6398,5195000
2024-01-26,27.6311,27.7176,27.5620,27.6657,5272200
2024-01-29,27.7436,27.7782,27.6484,27.7609,4038700
2024-01-30,27.7782,27.8646,27.7090,27.8301,3685200
2024-01-31,27.7263,27.8387,27.7263,27.7263,5322500
2024-02-01,27.8098,27.9228,27.5924,27.9228,7123400
2024-02-02,27.7663,27.8358,27.7228,27.8097,4780700
2024-02-05,27.7228,27.7228,27.4793,27.5054,4870800
2024-02-06,27.5228,27.6011,27.4880,27.5489,4722400
2024-02-07,27.6532,27.6532,27.4793,27.5663,3924100
2024-02-08,27.5576,27.6619,27.4793,27.6619,4640700
2024-02-09,27.6445,27.8185,27.5837,27.7924,3536600
2024-02-12,27.8271,27.9141,27.7924,27.9054,5302900
2024-02-13,27.6793,27.6880,27.4445,27.5054,5432500
2024-02-14,27.5489,27.6880,27.5489,27.6358,3895200
2024-02-15,27.7141,27.8011,27.6097,27.7315,4289800
2024-02-16,27.6271,27.6967,27.5924,27.6271,3147900
2024-02-20,27.6097,27.7402,27.5663,27.6793,3534900
2024-02-21,27.7228,27.7750,27.5663,27.6097,3782700
2024-02-22,27.6967,27.7750,27.6706,27.7576,3368500
2024-02-23,27.8185,27.9837,27.7663,27.9750,4624700
2024-02-26,28.0272,28.0272,27.8445,27.8793,4126600
2024-02-27,27.8880,27.9054,27.7750,27.8097,2865000
2024-02-28,27.8185,27.9228,27.7924,27.8445,3328300
2024-02-29,27.9576,28.0272,27.8445,27.9837,4197800
2024-03-01,28.0361,28.0361,27.8176,27.9225,5459000
2024-03-04,27.8613,27.9487,27.8176,27.8263,4208600
2024-03-05,27.8438,27.9400,27.7913,27.9400,4271300
2024-03-06,27.9837,28.0886,27.9487,28.0186,5282100
2024-03-07,28.1673,28.1673,28.0886,28.1498,5017900
2024-03-08,28.1585,28.2285,28.1585,28.1760,3329700
2024-03-11,28.2022,28.2285,28.1236,28.1236,2457900
2024-03-12,28.1148,28.2022,28.0536,28.1935,4704100
2024-03-13,28.1585,28.2809,28.1498,28.2285,5077100
2024-03-14,28.1760,28.2022,28.0012,28.0012,5211900
2024-03-15,27.9924,28.0623,27.9400,28.0623,4652300
2024-03-18,28.0886,28.1235,27.9924,28.0973,4319200
2024-03-19,28.1235,28.2372,28.0711,28.2285,4851200
2024-03-20,28.2634,28.3683,28.1673,28.3683,4470600
2024-03-21,28.4820,28.5344,28.4033,28.4470,6250500
2024-03-22,28.5169,28.5519,28.3421,28.3421,3313500
2024-03-25,28.4470,28.4470,28.1847,28.2110,3511700
2024-03-26,28.2110,28.3071,28.1673,28.1935,3304600
2024-03-27,28.2372,28.3771,28.1673,28.3334,3900200
2024-03-28,28.3858,28.4383,28.1498,28.1760,5350000
2024-04-01,28.2252,28.3043,28.0231,28.2340,12391700
2024-04-02,28.0671,28.1022,27.9089,28.0231,5139900
2024-04-03,27.9441,28.1198,27.9002,28.1110,5301000
2024-04-04,28.1901,28.2867,28.1198,28.1813,6910200
2024-04-05,28.1373,28.2340,28.0934,28.1637,3509100
2024-04-08,28.1022,28.1901,28.1022,28.1110,2809800
2024-04-09,28.1901,28.2164,28.0934,28.1110,2857200
2024-04-10,27.9177,27.9792,27.5663,27.6718,10950100
2024-04-11,27.7333,27.7684,27.4785,27.6454,6223800
2024-04-12,27.5927,27.6630,27.4521,27.4521,4782100
2024-04-15,27.4258,27.4961,26.9690,26.9866,12487600
2024-04-16,26.8811,27.1008,26.8460,26.9251,6998100
2024-04-17,27.1359,27.2677,27.0305,27.0480,5581900
2024-04-18,27.0656,27.1359,26.9602,26.9866,5024000
2024-04-19,27.0041,27.1798,26.9953,27.1447,3329500
2024-04-22,27.1271,27.3204,27.1095,27.2765,3776200
2024-04-23,27.2852,27.5663,27.2589,27.5400,3229800
2024-04-24,27.4873,27.5839,27.4170,27.5312,4857000
2024-04-25,27.2940,27.4170,27.1359,27.3028,5445900
2024-04-26,27.4082,27.5400,27.3292,27.3467,2915700
2024-04-29,27.4082,27.5663,27.3994,27.5136,3524300
2024-04-30,27.4258,27.5136,27.1974,27.1974,5002900
2024-05-01,27.2769,27.5329,27.2680,27.4976,4893800
2024-05-02,27.5065,27.6654,27.4181,27.5418,3701400
2024-05-03,27.7184,27.8685,27.7184,27.8508,3369500
2024-05-06,27.9391,28.0274,27.8508,27.9656,4720900
2024-05-07,28.0892,28.0981,27.8508,27.8597,3598800
2024-05-08,27.7802,27.8685,27.5506,27.6301,9568500
2024-05-09,27.6124,27.7360,27.5683,27.7095,2922100
2024-05-10,27.7095,27.7537,27.5948,27.7272,2772100
2024-05-13,27.7449,27.8597,27.7360,27.7537,2931100
2024-05-14,27.7625,27.8862,27.7625,27.7714,2319300
2024-05-15,27.9656,28.0451,27.9126,28.0451,3591500
2024-05-16,28.0186,28.0628,27.9215,27.9656,2878300
2024-05-17,27.9303,27.9568,27.8508,27.9303,2346300
2024-05-20,27.9391,27.9921,27.8950,27.9568,1655900
2024-05-21,27.9833,28.0451,27.8950,27.9038,1962800
2024-05-22,27.8597,27.9568,27.7978,27.8243,3641700
2024-05-23,27.8950,27.9303,27.5506,27.6036,7715300
2024-05-24,27.6742,27.8420,27.6036,27.8155,3434500
2024-05-28,27.8508,27.9391,27.7095,27.7890,3421900
2024-05-29,27.6742,27.7095,27.5241,27.5418,3091400
2024-05-30,27.5771,27.8332,27.5241,27.7802,2686100
2024-05-31,27.8862,28.0628,27.8332,28.0363,3586200
2024-06-03,28.1099,28.1898,28.0656,28.1721,2520600
2024-06-04,28.1543,28.2608,28.1188,28.1188,3077000
2024-06-05,28.2076,28.2076,27.9946,28.1632,3123700
2024-06-06,28.1454,28.2076,28.1188,28.1987,2652100
2024-06-07,28.0833,28.1366,28.0123,28.1011,3186900
2024-06-10,28.0744,28.0833,27.9413,27.9857,2035100
2024-06-11,28.0034,28.0034,27.8259,27.8525,4048300
2024-06-12,28.0478,28.2165,27.9946,28.0123,3475400
2024-06-13,28.1011,28.1099,27.8969,28.0123,2814500
2024-06-14,28.0034,28.0478,27.9058,27.9235,2178900
2024-06-17,27.8703,27.9235,27.7815,27.8792,3456300
2024-06-18,27.8969,28.0389,27.8969,28.0123,3066500
2024-06-20,27.9502,28.0034,27.9235,27.9768,2930900
2024-06-21,27.9679,28.0833,27.9235,28.0212,2609100
2024-06-24,27.9946,28.1277,27.9946,28.0833,3746800
2024-06-25,28.1277,28.1277,28.0212,28.0922,2170500
2024-06-26,28.0389,28.1277,28.0212,28.0833,2260200
2024-06-27,28.0922,28.1721,28.0301,28.0567,2547200
2024-06-28,28.0922,28.1543,27.9502,28.0034,3722200
2024-07-01,27.9356,28.0605,27.7572,27.9088,3777000
2024-07-02,28.0070,28.0338,27.9356,28.0338,2492000
2024-07-03,28.0695,28.2657,28.0516,28.2657,2905400
2024-07-05,28.3817,28.3817,28.2033,28.2479,3010900
2024-07-08,28.2925,28.2925,28.1408,28.1854,2503700
2024-07-09,28.1765,28.1765,27.9802,28.0070,4653600
2024-07-10,28.0248,28.1765,27.9802,28.1676,2724500
2024-07-11,28.2836,28.4799,28.2479,28.4799,4709300
2024-07-12,28.5156,28.5869,28.4353,28.5245,4061200
2024-07-15,28.5066,28.5245,28.4085,28.4977,2427400
2024-07-16,28.5334,28.5691,28.4977,28.5423,2429000
2024-07-17,28.4799,28.5423,28.4353,28.4977,2885800
2024-07-18,28.5245,28.5780,28.3460,28.4353,3190900
2024-07-19,28.3728,28.4353,28.3550,28.4174,2716000
2024-07-22,28.4442,28.5513,28.4353,28.4799,3146300
2024-07-23,28.4888,28.5066,28.3728,28.4174,2958500
2024-07-24,28.3460,28.3996,28.1319,28.1408,4536700
2024-07-25,28.2033,28.3639,28.1765,28.2211,4863100
2024-07-26,28.3282,28.3817,28.3104,28.3728,4506900
2024-07-29,28.4531,28.4620,28.2390,28.3014,3682900
2024-07-30,28.3282,28.3550,28.2479,28.3104,3682100
2024-07-31,28.4531,28.4531,28.2390,28.2925,6267700
2024-08-01,28.3741,28.4279,28.2665,28.3831,7942000
2024-08-02,28.3113,28.3831,28.2127,28.3652,5526800
2024-08-05,27.8899,28.1051,27.6926,27.9616,7506400
2024-08-06,28.0423,28.2486,27.9168,28.0961,4802800
2024-08-07,28.2306,28.3651,28.1768,28.2306,4139800
2024-08-08,28.3293,28.3921,28.2127,28.3203,2823400
2024-08-09,28.3472,28.3831,28.2217,28.3113,3713900
2024-08-12,28.2934,28.3113,28.1140,28.1320,2887100
2024-08-13,28.2217,28.3741,28.1948,28.3741,3455100
2024-08-14,28.3831,28.5086,28.3741,28.4907,3409800
2024-08-15,28.5176,28.5266,28.3562,28.4548,3372100
2024-08-16,28.4728,28.6431,28.4638,28.6342,2302400
2024-08-19,28.6521,28.7328,28.6252,28.6611,2385000
2024-08-20,28.6790,28.7597,28.6701,28.7328,2647200
2024-08-21,28.7956,28.9122,28.7328,28.8853,2691000
2024-08-22,28.8673,28.8942,28.7956,28.8494,2793300
2024-08-23,28.8853,29.0377,28.8673,29.0288,3232300
2024-08-26,29.0736,29.1274,28.9660,29.0019,2834900
2024-08-27,28.9750,29.0646,28.9660,29.0288,2819000
2024-08-28,29.0288,29.1453,29.0288,29.0467,2797600
2024-08-29,29.0915,29.1633,29.0646,29.1543,2807000
2024-08-30,29.1722,29.2081,28.9750,29.0198,4183700
2024-09-03,29.0946,29.0946,28.9143,28.9414,2787800
2024-09-04,28.9594,29.1667,28.9594,29.1217,3747900
2024-09-05,29.1397,29.2839,29.1397,29.2298,3645600
2024-09-06,29.3109,29.3560,29.0405,29.1577,3377600
2024-09-09,29.2118,29.4011,29.1847,29.3830,2668500
2024-09-10,29.4461,29.4461,29.2478,29.4101,3067300
2024-09-11,29.4101,29.5363,29.3019,29.5272,4141700
2024-09-12,29.4822,29.6264,29.4822,29.5993,2925700
2024-09-13,29.6715,29.7526,29.6354,29.7346,3420000
2024-09-16,29.7436,29.9058,29.7436,29.8968,3204600
2024-09-17,29.9238,30.0139,29.2839,29.9328,4669700
2024-09-18,29.9959,30.1311,29.8697,30.0049,4695600
2024-09-19,30.1041,30.1311,30.0230,30.1221,3254700
2024-09-20,30.1041,30.1852,30.0320,30.1762,2374900
2024-09-23,30.2213,30.2213,30.1041,30.1491,2981600
2024-09-24,30.1221,30.2122,30.0320,30.2032,4027300
2024-09-25,30.1762,30.2213,30.1221,30.1401,3023000
2024-09-26,30.2213,30.2573,30.1311,30.1852,3081000
2024-09-27,30.2393,30.2753,30.1311,30.1491,2966700
2024-09-30,30.1401,30.1582,29.9418,29.9509,5027200
2024-10-01,30.0641,30.1456,29.9101,30.1003,4340400
2024-10-02,30.0460,30.1818,29.9735,30.1728,3636100
2024-10-03,30.1456,30.2271,30.1003,30.1366,3980800
2024-10-04,30.0460,30.0732,29.9735,30.0460,3955800
2024-10-07,29.9916,29.9916,29.7742,29.7923,4671900
2024-10-08,29.7742,30.0097,29.7561,29.9916,2443600
2024-10-09,29.9826,30.0460,29.9282,30.0007,2510700
2024-10-10,29.9373,29.9916,29.8739,29.9282,2595500
2024-10-11,29.8739,30.1275,29.8286,30.1184,2788400
2024-10-14,30.0641,30.2362,30.0007,30.2271,2364400
2024-10-15,30.2905,30.4174,30.2271,30.3087,6141500
2024-10-16,30.3268,30.4174,30.2724,30.3539,3586200
2024-10-17,30.3268,30.3358,30.2271,30.2996,3392100
2024-10-18,30.3358,30.3630,30.2634,30.3268,1847700
2024-10-21,30.2090,30.2181,29.9373,30.0007,5076000
2024-10-22,30.0369,30.1275,29.9192,30.1275,3500900
2024-10-23,30.0097,30.0279,29.7742,29.8557,4612900
2024-10-24,29.9010,29.9463,29.8105,29.9192,2886300
2024-10-25,30.0097,30.0822,29.8195,29.8829,2455000
2024-10-28,29.8920,29.9735,29.7923,29.7923,3698800
2024-10-29,29.6836,29.8286,29.6293,29.8014,4301500
2024-10-30,29.8829,29.9826,29.7833,29.7923,2695000
2024-10-31,29.7833,29.8195,29.6565,29.7471,3478500
2024-11-01,29.8517,29.8700,29.5877,29.6241,3800800
2024-11-04,29.6970,29.8973,29.6970,29.8608,4546000
2024-11-05,29.8609,30.1067,29.8426,30.0976,4854300
2024-11-06,29.8608,29.9883,29.7880,29.8608,6295200
2024-11-07,29.8882,30.0702,29.8882,30.0429,4588800
2024-11-08,30.0884,30.3160,30.0702,30.3160,6100700
2024-11-11,30.3251,30.3251,30.0065,30.0611,5344200
2024-11-12,29.9701,30.0702,29.7516,29.7607,5599200
2024-11-13,29.9064,29.9428,29.7243,29.7425,3767400
2024-11-14,29.8426,29.8517,29.6788,29.6879,3440100
2024-11-15,29.6241,29.6879,29.5877,29.6697,3298700
2024-11-18,29.6333,29.7607,29.6059,29.6606,3165500
2024-11-19,29.6606,29.7152,29.5240,29.5968,3580200
2024-11-20,29.5513,29.5513,29.4148,29.4512,3824600
2024-11-21,29.4967,29.7334,29.4876,29.7152,5856800
2024-11-22,29.7607,29.7971,29.6788,29.7698,3238200
2024-11-25,29.9610,30.0247,29.8517,29.8791,3876700
2024-11-26,29.9246,29.9246,29.6150,29.6970,4369700
2024-11-27,29.7516,29.8335,29.7061,29.8153,4745200
2024-11-29,29.9337,29.9974,29.8335,29.9974,1999300
2024-12-02,30.0294,30.0386,29.7915,29.8098,4062700
2024-12-03,29.7915,29.8739,29.7000,29.7549,3159800
2024-12-04,29.7549,29.8281,29.7183,29.7915,3253400
2024-12-05,29.7915,29.8830,29.7458,29.8373,3308700
2024-12-06,29.8830,29.9288,29.7824,29.7824,3289700
2024-12-09,29.7824,29.8556,29.7000,29.7000,3370700
2024-12-10,29.7183,29.7641,29.6360,29.7183,2705600
2024-12-11,29.7641,29.8190,29.7000,29.7092,3069500
2024-12-12,29.6817,29.6909,29.5170,29.5262,3995000
2024-12-13,29.4896,29.5536,29.3341,29.3798,8785300
2024-12-16,29.4073,29.4896,29.3432,29.4073,5330800
2024-12-17,29.3890,29.4347,29.3158,29.3798,3642300
2024-12-18,29.4046,29.4690,29.0550,29.0918,4527600
2024-12-19,28.9630,29.0458,28.8342,28.9630,6345700
2024-12-20,29.0090,29.1654,28.9906,29.1194,4077900
2024-12-23,29.1930,29.2022,28.9814,28.9814,4912200
2024-12-24,28.9354,28.9998,28.8158,28.9446,3409900
2024-12-26,28.8526,28.9354,28.8250,28.8986,4598300
2024-12-27,28.8250,28.8894,28.7238,28.7330,6361600
2024-12-30,28.6870,28.9262,28.6594,28.9078,6196000
2024-12-31,28.9262,29.0366,28.8618,28.9262,5229900
2025-01-02,29.0826,29.2942,29.0734,29.2758,4789900
2025-01-03,29.3402,29.5242,29.3126,29.4874,3953400
2025-01-06,29.4506,29.5150,29.3126,29.4138,5208300
2025-01-07,29.3586,29.4414,29.0458,29.0734,6241400
2025-01-08,28.9906,29.1010,28.9170,28.9722,4645200
2025-01-10,28.7974,28.8434,28.5766,28.5950,5519100
2025-01-13,28.5490,28.5490,28.3650,28.4570,5953200
2025-01-14,28.4938,28.6686,28.4662,28.6410,4321000
2025-01-15,28.8618,29.1746,28.8526,29.1746,4694400
2025-01-16,29.1378,29.3402,29.0550,29.1470,6349000
2025-01-17,29.2390,29.3034,29.1470,29.2114,3082600
2025-01-21,29.3310,29.5426,29.3310,29.5426,3785100
2025-01-22,29.5334,29.5611,29.3678,29.4322,3823700
2025-01-23,29.2850,29.4690,29.2574,29.4322,3284400
2025-01-24,29.4230,29.5611,29.4046,29.5150,2841600
2025-01-27,29.4230,29.6899,29.4138,29.6807,4942900
2025-01-28,29.6531,29.6991,29.4598,29.4782,4360600
2025-01-29,29.5242,29.5795,29.2758,29.3586,3342300
2025-01-30,29.5058,29.5427,29.4506,29.5334,3548100
2025-01-31,29.5242,29.6071,29.2574,29.2666,5325300
2025-02-03,29.1232,29.2435,29.0677,29.0955,4571400
2025-02-04,29.0492,29.2250,29.0492,29.1880,3279300
2025-02-05,29.2898,29.4193,29.2620,29.4193,3977400
2025-02-06,29.4655,29.4748,29.2898,29.3360,3936700
2025-02-07,29.2713,29.3083,29.1602,29.1880,2523700
2025-02-10,29.2250,29.3175,29.2157,29.2713,2641800
2025-02-11,29.1510,29.2713,29.1510,29.2435,2418500
2025-02-12,29.0215,29.1695,28.9475,29.1510,3481100
2025-02-13,29.2343,29.3638,29.2343,29.3268,2955300
2025-02-14,29.4100,29.4748,29.3915,29.4193,2691600
2025-02-18,29.3638,29.4378,29.3175,29.3638,2501800
2025-02-19,29.3268,29.4193,29.2435,29.3453,3447700
2025-02-20,29.4100,29.4655,29.1787,29.2805,3698900
2025-02-21,29.2805,29.3730,29.2343,29.2620,2534200
2025-02-24,29.2713,29.3545,29.2250,29.3175,2741200
2025-02-25,29.4285,29.4840,29.3453,29.4563,3368300
2025-02-26,29.4933,29.5951,29.3915,29.4470,3143900
2025-02-27,29.4470,29.4840,29.3360,29.3545,2454000
2025-02-28,29.4008,29.4748,29.3360,29.4655,2723800
2025-03-03,29.4683,29.5055,29.2823,29.3381,3212000
2025-03-04,29.2730,29.3009,29.0590,29.1335,4975800
2025-03-05,29.1521,29.2172,29.0776,29.1521,3143700
2025-03-06,29.0311,29.1242,29.0032,29.0404,3647100
2025-03-07,29.0963,29.1056,28.8544,28.9009,4136900
2025-03-10,28.8358,28.8637,28.6684,28.7149,4294100
2025-03-11,28.6777,28.7707,28.6033,28.7149,3918700
2025-03-12,28.8358,28.8637,28.6405,28.8358,3348300
2025-03-13,28.8916,28.8916,28.6963,28.7614,3372100
2025-03-14,28.7986,29.0032,28.7986,28.9474,2777400
2025-03-17,28.9567,29.1335,28.9567,29.0683,2183700
2025-03-18,29.0311,29.0590,28.9381,29.0218,1769000
2025-03-19,28.9846,29.1800,28.9846,29.1707,2571400
2025-03-20,29.1893,29.2172,29.0870,29.1335,1696400
2025-03-21,29.0963,29.2079,29.0404,29.1242,1586300
2025-03-24,29.1893,29.2637,29.1149,29.1800,2902500
2025-03-25,29.1893,29.2358,29.1149,29.1335,2000700
2025-03-26,29.1056,29.1614,28.9009,28.9288,2437400
2025-03-27,28.8823,28.9288,28.7707,28.8544,3021000
2025-03-28,28.8916,28.9102,28.6498,28.6963,2376800
2025-03-31,28.5846,28.6870,28.5474,28.5846,4395600
2025-04-01,28.6333,28.6426,28.4556,28.5397,4296700
2025-04-02,28.4743,28.6333,28.4275,28.6239,3071700
2025-04-03,28.2217,28.2872,27.9785,28.0533,12976500
2025-04-04,27.8756,27.8756,27.3331,27.5201,14120700
2025-04-07,26.9870,27.6792,26.8466,27.2115,11867700
2025-04-08,27.5201,27.6043,27.0711,27.1273,9436200
2025-04-09,26.9682,27.9785,26.8653,27.9130,14372700
2025-04-10,27.7821,27.8008,27.2302,27.3424,5780700
2025-04-11,27.2956,27.2956,26.8934,27.2208,4986200
2025-04-14,27.4172,27.5482,27.3705,27.4734,4736400
2025-04-15,27.4453,27.6324,27.4079,27.4079,6863700
2025-04-16,27.3143,27.6137,27.2956,27.4172,3273700
2025-04-17,27.4640,27.6698,27.4640,27.6230,3114800
2025-04-21,27.4921,27.5388,27.3237,27.3985,4046300
2025-04-22,27.5763,27.7727,27.5388,27.7072,3326100
2025-04-23,28.0627,28.1843,27.8943,27.9785,4429700
2025-04-24,28.0159,28.2404,27.9785,28.2404,3317300
2025-04-25,28.2685,28.3059,28.1095,28.2778,3894900
2025-04-28,28.2685,28.3807,28.2124,28.3433,1783700
2025-04-29,28.2965,28.4275,28.2778,28.3807,2323000
2025-04-30,28.2311,28.2965,28.0907,28.2311,4197300
2025-05-01,28.3854,28.3854,28.1407,28.1690,3553600
2025-05-02,28.2254,28.4512,28.2254,28.3571,4408300
2025-05-05,28.3007,28.3854,28.2066,28.2348,2457000
2025-05-06,28.1878,28.3477,28.1501,28.3007,3350200
2025-05-07,28.4512,28.4512,28.3101,28.3571,2978500
2025-05-08,28.3948,28.5453,28.3383,28.3477,4431800
2025-05-09,28.3854,28.4606,28.3289,28.3854,3529100
2025-05-12,28.6676,28.6770,28.5077,28.5359,3195200
2025-05-13,28.5641,28.6488,28.5359,28.6300,2679800
2025-05-14,28.6112,28.6582,28.4794,28.4983,2594600
2025-05-15,28.4700,28.6958,28.4606,28.6676,2893300
2025-05-16,28.7147,28.7523,28.5829,28.7429,1894400
2025-05-19,28.5829,28.7617,28.5359,28.7617,2608800
2025-05-20,28.7052,28.8370,28.6488,28.6676,2370200
2025-05-21,28.5735,28.6112,28.2254,28.2254,4181300
2025-05-22,28.1784,28.3477,28.0937,28.2725,4931200
2025-05-23,28.1972,28.3195,28.1125,28.3007,2756200
2025-05-27,28.5453,28.5641,28.3665,28.5453,4014100
2025-05-28,28.5171,28.5547,28.3289,28.3665,3105700
2025-05-29,28.4230,28.4983,28.3665,28.4136,2896700
2025-05-30,28.4230,28.4794,28.3101,28.4418,2507000
2025-06-02,28.4465,28.4560,28.2667,28.4276,4104600
2025-06-03,28.4465,28.5885,28.4371,28.5506,3510300
2025-06-04,28.5980,28.7115,28.5885,28.6453,2991700
2025-06-05,28.7588,28.7683,28.6453,28.6831,3195000
2025-06-06,28.7115,28.7115,28.6074,28.6453,2714500
2025-06-09,28.6263,28.7967,28.6263,28.7210,2235900
2025-06-10,28.7399,28.8251,28.7304,28.7967,1586100
2025-06-11,28.8819,28.9292,28.7683,28.7778,2467900
2025-06-12,28.7967,28.8251,28.6831,28.7115,3463100
2025-06-13,28.6263,28.6547,28.4560,28.5412,2820600
2025-06-16,28.5696,28.7021,28.5601,28.5980,3395800
2025-06-17,28.6169,28.6453,28.5033,28.5601,3085300
2025-06-18,28.5696,28.6737,28.5696,28.6358,2166900
2025-06-20,28.6358,28.7778,28.6358,28.6831,2894700
2025-06-23,28.7304,28.7683,28.5885,28.7304,2048700
2025-06-24,28.7778,28.9481,28.7588,28.9292,2552800
2025-06-25,28.9292,28.9386,28.7778,28.8440,2883400
2025-06-26,28.8629,29.0427,28.8440,29.0238,2429800
2025-06-27,29.0427,29.1090,28.9292,28.9576,2423900
2025-06-30,29.0143,29.0900,28.9576,29.0333,4119600
2025-07-01,29.0751,29.2179,28.9895,29.1893,3001400
2025-07-02,29.1893,29.4273,29.1322,29.4082,5645300
2025-07-03,29.4082,29.5700,29.3797,29.5129,2765400
2025-07-07,29.4939,29.5415,29.3511,29.4178,4117400
2025-07-08,29.3892,29.5415,29.3416,29.5034,3323300
2025-07-09,29.5320,29.7128,29.5320,29.6842,2964500
2025-07-10,29.6938,29.8651,29.6652,29.8460,5649100
2025-07-11,29.7699,29.7985,29.6747,29.7033,4060200
2025-07-14,29.6842,29.6938,29.5224,29.6176,4163800
2025-07-15,29.6842,29.7128,29.4463,29.4463,3572500
2025-07-16,29.5605,29.5986,29.3131,29.5510,3869400
2025-07-17,29.5510,29.7223,29.5129,29.7128,4724400
2025-07-18,29.7413,29.7699,29.6367,29.6652,3861800
2025-07-21,29.7223,29.8080,29.6081,29.6271,6380500
2025-07-22,29.6462,29.6938,29.6176,29.6462,3642400
2025-07-23,29.6747,29.6938,29.5796,29.6081,2973100
2025-07-24,29.5891,29.6652,29.5796,29.6271,2848700
2025-07-25,29.6747,29.7033,29.6081,29.6747,2521900
2025-07-28,29.6462,29.6842,29.5986,29.6271,2784200
2025-07-29,29.6462,29.7889,29.6462,29.7318,4425800
2025-07-30,29.7033,29.7794,29.5986,29.6652,4349800
2025-07-31,29.7318,29.7604,29.6652,29.7413,3379100
2025-08-01,29.6763,29.7146,29.5806,29.6954,3457600
2025-08-04,29.7624,29.9250,29.7528,29.8963,3871000
2025-08-05,29.8772,29.9346,29.7624,29.8581,3702900
2025-08-06,29.8772,29.9250,29.7337,29.7911,3654200
2025-08-07,29.8102,29.8772,29.6859,29.6954,2387300
2025-08-08,29.7337,29.8102,29.6954,29.8102,1950000
2025-08-11,29.8676,29.8676,29.7624,29.7911,1618500
2025-08-12,29.7815,30.0111,29.7815,29.9729,3240600
2025-08-13,30.0207,30.1355,30.0016,30.1259,3296100
2025-08-14,30.0685,30.0877,29.9442,30.0781,1652800
2025-08-15,30.0781,30.0877,30.0016,30.0398,2478500
2025-08-18,30.1164,30.1259,30.0398,30.1259,2877200
2025-08-19,30.1259,30.2025,30.1068,30.1355,3044200
2025-08-20,30.1642,30.1642,30.0398,30.0972,2906900
2025-08-21,30.0494,30.1259,30.0207,30.1259,2476200
2025-08-22,30.1355,30.3842,30.1164,30.3460,2688800
2025-08-25,30.3077,30.3555,30.2216,30.2407,2960300
2025-08-26,30.2503,30.2981,30.1929,30.2407,2396200
2025-08-27,30.2120,30.2694,30.1833,30.2599,2345300
2025-08-28,30.3077,30.3077,30.2312,30.2503,2107900
2025-08-29,30.2503,30.2599,30.0781,30.0972,3010500
2025-09-02,29.9924,30.1270,29.9251,30.1078,3602200
2025-09-03,30.1270,30.1847,30.1078,30.1751,3545300
2025-09-04,30.2040,30.2905,30.1751,30.2905,2886600
2025-09-05,30.4251,30.5117,30.3194,30.5021,3575000
2025-09-08,30.5309,30.6463,30.5117,30.6463,2896400
2025-09-09,30.6559,30.6559,30.4540,30.5790,3461800
2025-09-10,30.6271,30.6752,30.5886,30.6463,2708000
2025-09-11,30.7040,30.8579,30.6752,30.8194,4069100
2025-09-12,30.8194,30.8194,30.6752,30.7521,2854800
2025-09-15,30.7905,30.8867,30.7905,30.8675,2882800
2025-09-16,30.8675,30.8963,30.7905,30.8771,2619800
2025-09-17,30.8867,31.0213,30.7713,30.8675,2710300
2025-09-18,30.8579,30.9252,30.7617,30.8675,2724600
2025-09-19,30.8675,30.9059,30.7232,30.8963,3082200
2025-09-22,30.8386,30.8771,30.7617,30.8482,1960500
2025-09-23,30.8386,30.8867,30.7713,30.8098,3655300
2025-09-24,30.8290,30.8482,30.6559,30.6559,2562400
2025-09-25,30.6559,30.6559,30.4636,30.4924,2662100
2025-09-26,30.5117,30.6271,30.5021,30.5694,1569200
2025-09-29,30.6175,30.6367,30.5309,30.5694,1896400
2025-09-30,30.6078,30.6175,30.3578,30.4059,4053800
2025-10-01,30.4745,30.7163,30.4552,30.6873,3710400
2025-10-02,30.7549,30.7646,30.6099,30.6776,2214300
2025-10-03,30.7163,30.7936,30.6486,30.7066,3074800
2025-10-06,30.6969,30.7356,30.6196,30.7356,2591200
2025-10-07,30.7259,30.7839,30.6099,30.6969,2598300
2025-10-08,30.6776,30.7259,30.6389,30.6486,2001100
2025-10-09,30.6679,30.6873,30.4165,30.4165,3516500
2025-10-10,30.4649,30.5519,30.0975,30.0975,6273100
2025-10-13,30.2618,30.3682,30.2135,30.3102,2497500
2025-10-14,30.2328,30.4455,30.1942,30.3585,2978200
2025-10-15,30.4842,30.5616,30.4165,30.4746,2706700
2025-10-16,30.4746,30.5326,30.2425,30.2909,3672400
2025-10-17,30.2909,30.3779,30.2328,30.3682,4440600
2025-10-20,30.4455,30.6099,30.4455,30.6099,3089200
2025-10-21,30.6292,30.6969,30.5519,30.5809,2736900
2025-10-22,30.5809,30.6002,30.3972,30.4165,3126800
2025-10-23,30.4165,30.5519,30.3972,30.4649,1866300
2025-10-24,30.5422,30.6292,30.5229,30.5906,2256100
2025-10-27,30.6389,30.6873,30.6099,30.6776,2336600
2025-10-28,30.7163,30.7259,30.6099,30.6099,2602400
2025-10-29,30.6292,30.6389,30.4455,30.4746,3215800
2025-10-30,30.4069,30.4552,30.2522,30.2715,3187800
2025-10-31,30.3489,30.3489,30.1458,30.1748,3094600
2025-11-03,30.2341,30.2439,30.0591,30.1564,4023400
2025-11-04,30.0397,30.1369,29.9619,30.0397,5875100
2025-11-05,30.0591,30.2730,30.0203,30.1564,3278200
2025-11-06,30.2244,30.2536,30.0980,30.0980,3876500
2025-11-07,30.0883,30.1661,29.9717,30.1466,3898000
2025-11-10,30.2050,30.3119,30.1661,30.3119,2362100
2025-11-11,30.3314,30.3508,30.2827,30.3119,1889300
2025-11-12,30.3313,30.4091,30.2341,30.2633,2619700
2025-11-13,30.2244,30.2730,29.9619,29.9814,4029700
2025-11-14,29.8939,30.1078,29.8647,30.0300,2940000
2025-11-17,30.0203,30.0786,29.7286,29.7869,3952700
2025-11-18,29.7286,29.8550,29.7286,29.7675,4402100
2025-11-19,29.7286,29.7869,29.6411,29.6411,4806200
2025-11-20,29.7383,29.8258,29.4564,29.4661,5051800
2025-11-21,29.4856,29.7092,29.4175,29.6217,4122200
2025-11-24,29.6800,29.8064,29.6606,29.7383,3263800
2025-11-25,29.7383,29.9328,29.7286,29.9133,3000000
2025-11-26,29.9425,30.0883,29.9133,30.0591,2984200
2025-11-28,30.1078,30.1369,30.0203,30.0883,1543800
2025-12-01,29.9866,30.0551,29.9377,29.9671,3466800
2025-12-02,30.0062,30.1724,29.9769,30.1431,3812900
2025-12-03,30.1137,30.2115,30.0746,30.1919,4083900
2025-12-04,30.2115,30.2115,30.0746,30.1040,3465900
2025-12-05,30.0746,30.2017,30.0746,30.1822,4227000
2025-12-08,30.1626,30.2115,30.0844,30.1822,3293700
2025-12-09,30.2213,30.2995,30.1626,30.1822,3595200
2025-12-10,30.2115,30.4070,30.1431,30.3777,4299100
2025-12-11,30.2702,30.5048,30.2702,30.4559,4401100
2025-12-12,30.3875,30.4755,30.2897,30.3288,4305700
2025-12-15,30.3875,30.4462,30.3093,30.3484,3722900
2025-12-16,30.3582,30.4364,30.3288,30.3875,2657200
2025-12-17,30.3875,30.4462,30.3191,30.3484,4066400
2025-12-18,30.4364,30.5048,30.4168,30.4559,3845100
2025-12-19,30.4324,30.5598,30.4226,30.5108,3486700
2025-12-22,30.5206,30.5892,30.5108,30.5206,3244000
2025-12-23,30.4226,30.5108,30.4128,30.4226,3328800
2025-12-24,30.4716,30.4814,30.4226,30.4716,1669100
2025-12-26,30.4716,30.5010,30.4128,30.4324,2253700
2025-12-29,30.3932,30.4618,30.3736,30.3736,3519500
2025-12-30,30.4030,30.4618,30.3932,30.4324,2941200
2025-12-31,30.4226,30.4618,30.3246,30.3344,3012000
2026-01-02,30.3834,30.6382,30.3736,30.6382,3938000
2026-01-05,30.6676,30.8047,30.6382,30.6970,5611000
2026-01-06,30.6774,30.8341,30.6676,30.8145,3497600
2026-01-07,30.8243,30.8537,30.7557,30.7753,2983500
2026-01-08,30.7166,30.8537,30.7166,30.7460,4102200
2026-01-09,30.7655,30.9321,30.7558,30.9321,2694900
2026-01-12,30.8537,30.9811,30.8439,30.9811,2884100
2026-01-13,31.0105,31.1085,30.9713,31.0105,3860900
2026-01-14,30.9713,31.1183,30.9419,31.0987,2931500
2026-01-15,31.1281,31.2652,31.1085,31.1771,4429400
2026-01-16,31.1771,31.2261,31.0889,31.1379,2827100
2026-01-20,30.9419,31.0497,30.9027,30.9713,4918600
2026-01-21,31.0203,31.2163,30.9909,31.2065,3864700
2026-01-22,31.2652,31.3730,31.2163,31.2946,3045200
2026-01-23,31.3044,31.3240,31.2163,31.2652,2256300
2026-01-26,31.2750,31.2946,31.2065,31.2358,2320700
2026-01-27,31.2358,31.2848,31.1771,31.1967,2972800
2026-01-28,31.2358,31.2358,31.1281,31.1673,3456600
2026-01-29,31.1673,31.2065,30.9909,31.0497,4628200
2026-01-30,31.0203,31.0693,30.9419,31.0497,2839000
2026-02-02,31.0664,31.1157,30.9778,30.9975,3794700
2026-02-03,31.0270,31.0566,30.7708,30.8792,4123200
2026-02-04,30.9186,30.9778,30.8103,30.9778,3538500
2026-02-05,30.9285,30.9285,30.7019,30.7019,4852200
2026-02-06,30.7906,31.0172,30.7906,31.0073,3111200
2026-02-09,30.9186,31.0566,30.9186,31.0467,2233700
2026-02-10,31.1256,31.1453,31.0566,31.0566,2393700
2026-02-11,31.0861,31.1945,31.0566,31.1157,2446700
2026-02-12,31.1551,31.2142,30.9581,31.0172,3748700
2026-02-13,31.0664,31.2339,31.0073,31.2241,2603100
2026-02-17,31.1748,31.3719,31.1551,31.3620,9469100
2026-02-18,31.3226,31.4310,31.2438,31.3128,2703800
2026-02-19,31.3128,31.3226,31.1453,31.2438,2403700
2026-02-20,31.1748,31.2832,31.1748,31.2339,2038400
2026-02-23,31.1748,31.2142,31.0073,31.0369,3302800
2026-02-24,31.0664,31.2241,30.9975,31.2241,2182500
2026-02-25,31.1945,31.2438,31.1453,31.2438,1829500
2026-02-26,31.2044,31.2241,31.0369,31.1650,2964100
2026-02-27,31.0664,31.0960,30.8792,30.9482,4566200
2026-03-02,30.8210,31.0675,30.8012,31.0281,3739600
2026-03-03,30.8801,30.9097,30.6040,30.8506,4094900
2026-03-04,30.8801,31.0084,30.8506,30.9886,1841200
2026-03-05,30.9492,30.9886,30.8012,30.8604,3873900
2026-03-06,30.6434,30.8012,30.6040,30.6928,4309300
2026-03-09,30.5744,30.7618,30.4561,30.7421,5036800
2026-03-10,30.7223,30.8407,30.7026,30.7223,4453800
2026-03-11,30.7322,30.8012,30.5843,30.6139,5157100
2026-03-12,30.5350,30.6533,30.3969,30.4265,6717500
2026-03-13,30.4659,30.5645,30.2489,30.2489,7101300
2026-03-16,30.2982,30.4856,30.2884,30.3278,10494100
2026-03-17,30.3574,30.5054,30.3574,30.4758,2447400
2026-03-18,30.3969,30.4363,30.2391,30.2489,2504700
2026-03-19,30.1404,30.3180,30.0911,30.2884,6132900
2026-03-20,30.2095,30.2292,29.7262,29.8544,6402900
2026-03-23,29.9333,30.1898,29.9333,30.0320,4944300
2026-03-24,29.9531,30.1306,29.9136,30.0221,3622200
2026-03-25,30.1207,30.2391,30.1207,30.1898,2685300
2026-03-26,30.0418,30.1700,29.9432,29.9629,4038100
2026-03-27,29.8643,29.9432,29.7262,29.7459,3169500
2026-03-30,29.8051,29.9235,29.6868,29.7065,3397700
2026-03-31,29.7558,30.0418,29.7558,29.9037,5005600
2026-04-01,30.0544,30.1535,29.9751,30.1039,2694700
2026-04-02,29.9751,30.1832,29.9057,30.1535,2945800
2026-04-06,30.1435,30.2625,30.0841,30.2228,3554300
2026-04-07,30.2228,30.2228,29.9850,30.1931,3592200
2026-04-08,30.4210,30.5399,30.3814,30.4606,3231200
2026-04-09,30.3913,30.5597,30.3814,30.5597,2751800
2026-04-10,30.5498,30.5696,30.4705,30.5102,1740900
2026-04-13,30.4309,30.7183,30.4309,30.7084,2611300
2026-04-14,30.6786,30.9858,30.6786,30.9660,6409000
2026-04-15,30.9561,31.0849,30.9561,31.0750,2479700
2026-04-16,31.0354,31.1146,30.9561,31.0453,2202900
2026-04-17,31.1444,31.2633,31.1345,31.1741,2050200
2026-04-20,31.1444,31.1642,31.0453,31.1543,2243500
2026-04-21,31.1245,31.1741,30.9561,30.9561,2230500
2026-04-22,31.0651,31.2534,31.0354,31.2236,2995700
2026-04-23,31.1939,31.3128,31.0453,31.2038,2876700
2026-04-24,31.2534,31.2633,31.1444,31.2335,2042700
2026-04-27,31.1444,31.2435,31.1345,31.2038,1291100
2026-04-28,31.1245,31.1543,30.9858,31.0056,2327600
2026-04-29,30.9462,31.0155,30.8669,30.8867,2495900
2026-04-30,30.9264,31.1939,30.9165,31.1642,2522100
2026-05-01,31.2239,31.3334,31.1940,31.2637,2387600
2026-05-04,31.2239,31.2936,31.0846,31.1144,3650100
2026-05-05,31.1642,31.3234,31.1642,31.3035,2057500
2026-05-06,31.3832,31.4628,31.3832,31.4628,2728700
2026-05-07,31.3931,31.5225,31.3732,31.3732,2998200
2026-05-08,31.4031,31.5822,31.4031,31.5723,2586500
2026-05-11,31.5126,31.6419,31.5126,31.5325,2307300
2026-05-12,31.4031,31.5225,31.3135,31.4230,2212700
2026-05-13,31.3533,31.4727,31.3533,31.4329,1961900
2026-05-14,31.4528,31.5126,31.3832,31.4528,1932600
2026-05-15,31.2139,31.2936,31.0846,31.0846,3214900
2026-05-18,31.1045,31.1244,30.9353,31.0149,2609700
2026-05-19,30.9452,30.9452,30.7860,30.8258,3081600
2026-05-20,30.8556,31.0646,30.8158,30.9651,3399700
2026-05-21,30.9651,31.0348,30.8357,30.9850,4075300
2026-05-22,31.0049,31.0945,30.9552,31.0945,2699000
2026-05-26,31.1542,31.2239,31.1343,31.1940,1920200
2026-05-27,31.1940,31.2438,31.1343,31.2438,1535500
2026-05-28,31.2239,31.3632,31.1841,31.3533,2015000
2026-05-29,31.3334,31.5026,31.3234,31.4130,1669700
2026-06-01,31.2239,31.3234,31.1443,31.2538,2125800
2026-06-02,31.2936,31.3931,31.2040,31.2936,3750800
2026-06-03,31.2339,31.2538,31.0348,31.0846,2921700
2026-06-04,31.1144,31.2139,31.0945,31.1045,3561000
2026-06-05,31.0049,31.0846,30.6864,30.7660,4931500
2026-06-08,30.8755,30.9651,30.7760,30.8258,2778800
2026-06-09,30.8357,30.9651,30.5570,30.7461,3769100
2026-06-10,30.6167,30.8158,30.5869,30.6267,4376300
2026-06-11,30.6566,30.8855,30.6167,30.8755,3872700
2026-06-12,30.7760,30.9552,30.7561,30.9253,2125700
2026-06-15,31.0049,31.1741,31.0049,31.1542,2512100
2026-06-16,31.0746,31.1642,31.0049,31.0447,3294400
2026-06-17,31.0547,31.1642,30.9353,30.9452,4750400
2026-06-18,31.0746,31.1045,30.9552,31.0846,2554400
2026-06-22,30.9651,31.0447,30.6964,30.6964,6342600
2026-06-23,30.5272,30.7461,30.4774,30.6367,3733800
2026-06-24,30.7262,30.7860,30.4376,30.5371,4194600
2026-06-25,30.5570,30.6068,30.2783,30.2982,4772900
2026-06-26,30.2087,30.3380,30.0892,30.2186,2855400
2026-06-29,30.2584,30.4873,30.2385,30.4674,3748000
2026-06-30,30.4077,30.5272,30.3480,30.3480,4032300
2026-07-01,30.4500,30.5800,30.3000,30.4700,3402000
2026-07-02,30.4800,30.6500,30.3900,30.4800,3128000
2026-07-06,30.5100,30.7400,30.5100,30.7400,2262400
