date,o,h,l,c,v
2002-07-30,35.9368,36.0027,35.8357,35.8357,6100
2002-07-31,36.0247,36.3983,36.0027,36.2796,29400
2002-08-01,36.2840,36.4950,36.2840,36.4863,25000
2002-08-02,36.5566,36.9698,36.4335,36.8599,52800
2002-08-05,36.9434,37.1193,36.8599,37.0226,61100
2002-08-06,36.8687,36.8819,36.5830,36.7061,64900
2002-08-07,36.7500,36.9874,36.6445,36.7940,40300
2002-08-08,36.7412,36.8247,36.6445,36.7940,40900
2002-08-09,36.9259,37.3127,36.9259,37.3127,35900
2002-08-12,37.4973,38.1128,37.4270,37.5413,32100
2002-08-13,37.7083,38.0117,37.5281,38.0029,75400
2002-08-14,38.4469,38.6403,38.1348,38.1479,130000
2002-08-15,37.9721,38.0249,37.7391,37.8139,87100
2002-08-16,37.9985,38.0336,37.2863,37.3918,85000
2002-08-19,37.3875,37.5149,37.2380,37.5061,47300
2002-08-20,37.6380,37.9326,37.6292,37.9238,40800
2002-08-21,37.6643,37.8490,37.6424,37.7215,40000
2002-08-22,37.6072,37.6072,37.3918,37.3918,34400
2002-08-23,37.4534,37.7831,37.4534,37.7611,20100
2002-08-26,37.6732,37.8974,37.6600,37.7963,23900
2002-08-27,37.5413,37.6644,37.4534,37.5589,301800
2002-08-28,37.8226,37.8842,37.7347,37.7479,18100
2002-08-29,38.1391,38.1831,37.9589,38.0512,135700
2002-08-30,38.1348,38.3018,38.0029,38.2798,78100
2002-09-03,38.4445,38.8683,38.4092,38.8683,102100
2002-09-04,38.8639,38.9831,38.7800,38.8595,66300
2002-09-05,39.1023,39.1376,38.5769,39.0714,648400
2002-09-06,38.8374,38.9345,38.4975,38.6123,140000
2002-09-09,38.6299,38.7756,38.5240,38.5549,83800
2002-09-10,38.4842,38.8507,38.4092,38.7403,336000
2002-09-11,38.4092,38.5416,38.2988,38.5372,177700
2002-09-12,38.6211,38.9125,38.6167,38.8374,43400
2002-09-13,38.9964,39.2657,38.9301,39.1950,155100
2002-09-16,39.3804,39.3893,39.2480,39.2612,73000
2002-09-17,39.1332,39.4334,39.0096,39.3363,75400
2002-09-18,39.3628,39.5394,39.3010,39.3451,196600
2002-09-19,39.6012,39.6321,39.4069,39.6100,109900
2002-09-20,39.4908,39.5217,39.3186,39.4246,113500
2002-09-23,39.7336,39.8396,39.6321,39.7778,163200
2002-09-24,39.8661,40.1486,39.8263,40.0338,251900
2002-09-25,39.7778,39.8926,39.4069,39.5482,127200
2002-09-26,39.3142,39.5262,39.1200,39.4555,429000
2002-09-27,39.5261,39.7513,39.5040,39.7513,298200
2002-09-30,40.0250,40.1310,39.7689,39.9102,297800
2002-10-01,39.5127,39.5747,39.3532,39.4152,257500
2002-10-02,39.5481,39.6545,39.3709,39.6412,91000
2002-10-03,39.5748,39.6678,39.3532,39.5438,29900
2002-10-04,39.1759,39.7609,39.1759,39.6678,131000
2002-10-07,39.8407,39.8673,39.6457,39.7343,433800
2002-10-08,39.6634,40.1154,39.6014,39.7476,530900
2002-10-09,40.0179,40.0534,39.8628,39.9514,402900
2002-10-10,39.9603,39.9603,39.5659,39.6368,97100
2002-10-11,39.4861,39.5393,39.0252,39.1670,421800
2002-10-14,39.2202,39.2424,39.0297,39.1094,18300
2002-10-15,38.5554,38.6884,38.1787,38.1832,297100
2002-10-16,38.3782,38.3782,38.0635,38.2009,125200
2002-10-17,37.7312,37.9173,37.7001,37.7356,233400
2002-10-18,37.6780,37.8420,37.3500,37.8331,459100
2002-10-21,37.8907,37.9350,37.4475,37.4653,134900
2002-10-22,37.6026,37.6026,37.3234,37.3589,205000
2002-10-23,37.5584,37.7578,37.3058,37.3722,127800
2002-10-24,37.2969,37.7800,37.2614,37.7002,339600
2002-10-25,37.8242,37.9173,37.7356,37.8375,146100
2002-10-28,37.9173,37.9528,37.7578,37.7844,97800
2002-10-29,38.0325,38.5067,38.0104,38.2763,125000
2002-10-30,38.2762,38.4136,38.1433,38.2630,31900
2002-10-31,38.1344,38.4934,38.1211,38.4358,512700
2002-11-01,38.4176,38.6980,37.9501,38.2751,125100
2002-11-04,38.0525,38.1727,37.9501,38.1059,342500
2002-11-05,38.1059,38.1059,37.8789,37.9590,73800
2002-11-06,37.8611,38.3419,37.7988,38.1104,118500
2002-11-07,38.7514,39.0542,38.6624,39.0542,147900
2002-11-08,39.3524,39.4637,39.1521,39.3702,294700
2002-11-11,39.4192,39.5839,39.3524,39.5839,70000
2002-11-12,39.6862,39.6862,39.3390,39.3568,494300
2002-11-13,39.3747,39.4815,39.1565,39.4414,104700
2002-11-14,39.0185,39.0185,38.6223,38.6223,118000
2002-11-15,38.5244,38.8315,38.3997,38.7781,110700
2002-11-18,38.7381,39.0096,38.7114,38.9518,32200
2002-11-19,39.1521,39.2767,38.9562,39.0942,51800
2002-11-20,39.2634,39.2723,38.6446,38.7114,307400
2002-11-21,38.5066,38.5066,38.2217,38.3374,323200
2002-11-22,38.4309,38.4576,38.2306,38.3018,184800
2002-11-25,38.2840,38.4532,38.1950,38.2306,288200
2002-11-26,38.3731,38.7381,38.3508,38.7114,377800
2002-11-27,38.3953,38.4309,37.8210,37.8388,325600
2002-11-29,37.9101,38.1193,37.9012,38.0837,31700
2002-12-02,37.7255,38.1906,37.6316,38.1190,284900
2002-12-03,38.3247,38.3247,38.0653,38.1727,113800
2002-12-04,38.4141,38.4589,38.2576,38.3694,129000
2002-12-05,38.1369,38.5841,38.1280,38.4678,206400
2002-12-06,38.9061,38.9463,38.3516,38.5349,440500
2002-12-09,38.5483,38.8390,38.5349,38.7496,400300
2002-12-10,38.7316,38.8748,38.6825,38.8524,151600
2002-12-11,38.9732,39.1968,38.8882,39.1118,163800
2002-12-12,38.9329,39.1744,38.9329,39.0760,135800
2002-12-13,38.9687,38.9777,38.6959,38.6959,425800
2002-12-16,38.8614,38.8614,38.3873,38.4052,115700
2002-12-17,38.5930,38.6154,38.3158,38.4052,290600
2002-12-18,38.6735,38.7675,38.5707,38.7048,191000
2002-12-19,38.8166,39.1252,38.7495,39.0492,134400
2002-12-20,39.0089,39.1565,38.9732,39.0760,41900
2002-12-23,39.0671,39.0850,38.5707,39.0850,74200
2002-12-24,39.3533,39.3891,39.2817,39.3041,46600
2002-12-26,39.3086,39.3801,39.2326,39.3801,13500
2002-12-27,39.5992,39.8139,39.4785,39.8139,140200
2002-12-30,39.7558,39.9078,39.6350,39.9078,274900
2002-12-31,39.9779,40.1487,39.6948,39.8071,109400
2003-01-02,39.4161,39.5060,38.7465,38.7779,192100
2003-01-03,38.7195,38.8947,38.5756,38.8678,311200
2003-01-06,38.7284,38.7824,38.5666,38.7644,35600
2003-01-07,38.7374,38.9891,38.7284,38.9037,69800
2003-01-08,39.0476,39.1644,39.0026,39.0970,160100
2003-01-09,38.7285,38.7285,38.2116,38.3464,237500
2003-01-10,38.6161,38.6161,38.2565,38.4453,145200
2003-01-13,38.4453,38.5936,38.3824,38.5082,53300
2003-01-14,38.6520,38.7779,38.6341,38.6431,98900
2003-01-15,38.7779,38.9667,38.7419,38.8318,129600
2003-01-16,38.8228,38.9217,38.4813,38.8858,57900
2003-01-17,39.1464,39.2094,39.0700,39.0790,97700
2003-01-21,39.0476,39.3038,39.0116,39.3038,107500
2003-01-22,39.4071,39.5060,39.3352,39.4970,107100
2003-01-23,39.2453,39.4161,39.2363,39.3038,110700
2003-01-24,39.4341,39.7487,39.4341,39.5374,285300
2003-01-27,39.5060,39.5689,39.3262,39.3936,150500
2003-01-28,39.3936,39.4520,39.1464,39.3936,454700
2003-01-29,39.4746,39.4970,39.0925,39.1779,221400
2003-01-30,39.1914,39.5060,39.1464,39.4700,108600
2003-01-31,39.5060,39.6453,39.3442,39.5779,182300
2003-02-03,39.5409,39.6492,39.3786,39.6356,55200
2003-02-04,39.8567,39.8702,39.7394,39.8116,56900
2003-02-05,39.7935,40.0055,39.4327,39.4687,223300
2003-02-06,39.6176,39.8070,39.5950,39.7890,120900
2003-02-07,39.5860,39.9243,39.5229,39.8792,247200
2003-02-10,39.7439,39.8702,39.5500,39.5996,76600
2003-02-11,39.5093,39.6492,39.4327,39.5905,259100
2003-02-12,39.5996,39.7484,39.5410,39.7304,121300
2003-02-13,39.8115,40.2220,39.7664,39.9468,440200
2003-02-14,39.8251,39.8566,39.5139,39.6041,829700
2003-02-18,39.4913,39.6807,39.3921,39.6537,213200
2003-02-19,39.8657,40.0055,39.8026,39.9243,62100
2003-02-20,39.8431,40.0957,39.8431,40.0596,486700
2003-02-21,39.9423,40.0145,39.7845,39.8251,250400
2003-02-24,40.0867,40.0957,39.9694,40.0145,168200
2003-02-25,40.3212,40.4339,40.1408,40.1994,358500
2003-02-26,40.3121,40.4790,40.2084,40.4790,334000
2003-02-27,40.3483,40.5873,40.2806,40.5467,695700
2003-02-28,40.4474,40.8353,40.4023,40.8037,213100
2003-03-03,40.7450,40.9487,40.7042,40.8536,204100
2003-03-04,40.8038,40.9486,40.7540,40.8807,83100
2003-03-05,41.0256,41.0301,40.7630,41.0165,126000
2003-03-06,40.9939,41.0528,40.7721,40.8581,166000
2003-03-07,41.0709,41.1026,40.7675,40.9984,263800
2003-03-10,41.1116,41.2112,41.0528,41.2112,147200
2003-03-11,41.1931,41.2701,41.0754,41.1388,82800
2003-03-12,41.1614,41.3606,41.1433,41.2882,454800
2003-03-13,40.8128,40.9215,40.5276,40.5276,830200
2003-03-14,40.6996,40.7992,40.5729,40.7268,590900
2003-03-17,40.9803,40.9803,40.2288,40.2379,724400
2003-03-18,40.2741,40.3827,39.8440,39.8576,415200
2003-03-19,39.8576,39.8712,39.5362,39.5633,398400
2003-03-20,39.7580,39.8168,39.2781,39.4999,206700
2003-03-21,39.3505,39.4094,38.9566,38.9566,843400
2003-03-24,39.4320,39.6584,39.3188,39.5724,373800
2003-03-25,39.6810,39.7580,39.3415,39.5271,606400
2003-03-26,39.5000,39.6810,39.5000,39.6086,309500
2003-03-27,39.7263,39.7806,39.5361,39.6357,191600
2003-03-28,39.8033,39.8757,39.7127,39.7263,253400
2003-03-31,39.9753,40.2605,39.9753,40.2469,643800
2003-04-01,40.1915,40.3688,39.9641,40.1324,289800
2003-04-02,39.8505,39.8732,39.6823,39.7141,312200
2003-04-03,39.6686,39.8187,39.6186,39.6914,245600
2003-04-04,39.5822,39.6914,39.5004,39.5777,184900
2003-04-07,39.2003,39.4913,39.0639,39.4867,485400
2003-04-08,39.5777,39.8232,39.5504,39.8050,194700
2003-04-09,39.7368,39.9460,39.6323,39.9232,102400
2003-04-10,39.8959,39.9414,39.7141,39.7368,53300
2003-04-11,39.4731,39.7004,39.3685,39.6732,450000
2003-04-14,39.6004,39.6049,39.4231,39.5640,207100
2003-04-15,39.7050,39.7959,39.5731,39.7777,128500
2003-04-16,39.7959,39.9641,39.7686,39.9414,97700
2003-04-17,40.1187,40.1915,39.9187,40.0050,106200
2003-04-21,39.7732,39.9323,39.6732,39.9187,148000
2003-04-22,40.0778,40.1278,39.8368,39.8959,299900
2003-04-23,39.9096,40.0141,39.8277,39.9777,42700
2003-04-24,40.1915,40.4597,40.1915,40.3370,199000
2003-04-25,40.3506,40.5097,40.3187,40.4279,529700
2003-04-28,40.5052,40.5052,40.3642,40.3642,80500
2003-04-29,40.2506,40.3597,40.1551,40.2961,177500
2003-04-30,40.3688,40.7007,40.3415,40.6688,293400
2003-05-01,40.7708,40.9536,40.5880,40.6885,231200
2003-05-02,40.7068,40.7114,40.3457,40.3686,231500
2003-05-05,40.3640,40.6199,40.3137,40.5833,77700
2003-05-06,40.6062,40.8622,40.4600,40.7845,260600
2003-05-07,41.1364,41.2872,41.0541,41.2598,306900
2003-05-08,41.4107,41.5478,41.2644,41.3604,437400
2003-05-09,41.2736,41.4198,41.2278,41.4015,110000
2003-05-12,41.6575,41.6804,41.4701,41.6621,364700
2003-05-13,41.5477,41.7626,41.5158,41.7534,227800
2003-05-14,41.9729,42.4985,41.8769,42.3934,1426500
2003-05-15,42.3248,42.7682,42.3248,42.5259,810300
2003-05-16,42.7271,42.8550,42.4848,42.8368,703900
2003-05-19,43.0150,43.0744,42.5671,42.6905,817800
2003-05-20,42.5762,43.3212,42.5625,43.3212,606600
2003-05-21,43.0790,43.7234,43.0196,43.3166,1799600
2003-05-22,43.4675,43.7417,43.3761,43.7006,576200
2003-05-23,43.7737,43.9748,43.7143,43.8103,690600
2003-05-27,43.7052,43.7463,43.0196,43.0196,846400
2003-05-28,42.9190,43.0287,42.6493,42.9464,730500
2003-05-29,43.1018,43.3304,42.9967,43.3212,508300
2003-05-30,43.1704,43.3030,42.9510,43.2390,722200
2003-06-02,43.0912,43.0912,42.7285,42.9213,478600
2003-06-03,43.0361,43.4125,43.0131,43.2656,389400
2003-06-04,43.3574,43.4721,43.1692,43.3941,394100
2003-06-05,43.6970,43.7797,43.0544,43.0544,820900
2003-06-06,43.0085,43.2151,42.8616,43.2105,276800
2003-06-09,43.4675,43.5502,43.2702,43.4997,282200
2003-06-10,43.6420,44.0321,43.6374,44.0184,534800
2003-06-11,44.1790,44.3397,43.9265,43.9633,633600
2003-06-12,44.1147,44.3993,44.0688,44.3075,315400
2003-06-13,44.4911,44.6518,44.4131,44.6059,478400
2003-06-16,44.7527,44.8262,44.1836,44.1836,789300
2003-06-17,44.0505,44.0780,43.7888,43.8347,691600
2003-06-18,43.6328,43.6328,43.2380,43.2748,657600
2003-06-19,43.1279,43.3666,42.9168,43.1922,817700
2003-06-20,43.1004,43.1692,42.7010,43.0315,561700
2003-06-23,43.0637,43.3437,42.9306,43.2886,819900
2003-06-24,43.2151,43.6879,43.1508,43.6879,292900
2003-06-25,43.7980,43.8301,42.8938,42.9902,1002800
2003-06-26,42.8020,42.8020,42.2833,42.4118,1423800
2003-06-27,42.4807,42.4807,42.0217,42.2604,735900
2003-06-30,42.1915,42.4669,42.0814,42.4577,541900
2003-07-01,42.4591,42.6158,42.1642,42.2472,449000
2003-07-02,42.0214,42.4222,41.9799,42.3531,338800
2003-07-03,42.2518,42.2564,41.7449,41.7449,559100
2003-07-07,41.5975,41.7403,41.4777,41.4777,465400
2003-07-08,41.6666,41.6897,41.2980,41.5146,389600
2003-07-09,41.7127,41.7864,41.5192,41.6482,270400
2003-07-10,41.7864,41.8141,41.5238,41.6344,718000
2003-07-11,41.6067,41.8325,41.5653,41.8325,389500
2003-07-14,41.7818,41.8694,41.2980,41.3533,465900
2003-07-15,41.2566,41.4040,40.2705,40.3857,3171100
2003-07-16,40.2751,40.8787,40.1553,40.6161,1205400
2003-07-17,40.2383,40.5654,40.1692,40.4917,1030600
2003-07-18,40.3857,40.5285,40.2889,40.4087,550800
2003-07-21,40.3166,40.3626,39.4642,39.5517,1267600
2003-07-22,39.6116,39.7913,39.3674,39.7453,1576900
2003-07-23,39.9941,40.1093,39.8098,39.8789,1374700
2003-07-24,39.5794,39.6623,39.4181,39.5287,701100
2003-07-25,39.6162,39.9111,39.3490,39.4227,1273500
2003-07-28,39.2752,39.2983,38.8882,38.8928,1268500
2003-07-29,38.7869,39.3260,38.3630,38.3630,2139300
2003-07-30,38.5841,39.0357,38.5058,38.7961,1963400
2003-07-31,38.5611,38.5703,37.8884,38.2201,4706400
2003-08-01,38.0016,38.3210,37.9461,38.1914,3061200
2003-08-04,38.1776,38.5201,38.1174,38.5201,1858700
2003-08-05,38.5154,38.5525,37.8628,37.9692,2413000
2003-08-06,38.1868,38.7746,38.1266,38.7191,2549700
2003-08-07,38.7885,38.9042,38.4830,38.8811,1796400
2003-08-08,39.0385,39.2468,38.7191,38.7237,2399100
2003-08-11,38.6728,38.6821,38.3766,38.5293,1355000
2003-08-12,38.6126,38.7191,38.3256,38.3488,1534200
2003-08-13,38.0479,38.1174,37.5805,37.6082,2258100
2003-08-14,37.6961,38.0016,37.4508,37.9785,1612300
2003-08-15,38.0479,38.1868,37.9091,37.9553,515100
2003-08-18,38.0942,38.2331,37.9600,38.1312,655300
2003-08-19,38.2099,38.7191,38.1868,38.7191,1086500
2003-08-20,38.8024,38.8209,38.2979,38.5108,503600
2003-08-21,38.4460,38.6265,38.1498,38.4182,783600
2003-08-22,38.3951,38.8117,38.3719,38.5895,413200
2003-08-25,38.5663,38.6682,38.0711,38.2886,648200
2003-08-26,38.1636,38.5895,38.1035,38.5895,837200
2003-08-27,38.5432,38.5432,38.2377,38.4136,409100
2003-08-28,38.5247,38.8718,38.5247,38.8117,557200
2003-08-29,38.8533,38.8765,38.5941,38.7191,651100
2003-09-02,38.8828,38.8921,38.1435,38.1528,868700
2003-09-03,38.3481,38.3481,38.0691,38.2132,639900
2003-09-04,38.3527,38.4550,38.1993,38.4271,562900
2003-09-05,38.7758,39.0966,38.6689,39.0873,838000
2003-09-08,38.8828,39.2640,38.6828,38.6828,621100
2003-09-09,38.8316,39.0269,38.5526,38.9618,599900
2003-09-10,39.0083,39.3802,38.9711,39.3570,1285900
2003-09-11,39.1757,39.2315,38.9618,39.1013,859500
2003-09-12,39.5290,39.6964,39.2640,39.3709,1375300
2003-09-15,39.2872,39.4686,39.1059,39.3105,367100
2003-09-16,39.2268,39.2872,39.0083,39.2500,655200
2003-09-17,39.3895,39.7801,39.2779,39.7382,1223900
2003-09-18,39.8220,39.8220,39.4407,39.7662,615000
2003-09-19,39.8219,39.9986,39.7475,39.8126,869300
2003-09-22,39.5197,39.6034,39.1617,39.4965,1126400
2003-09-23,39.4639,39.7708,39.3524,39.7662,632100
2003-09-24,39.7708,40.2125,39.6778,40.1102,1005300
2003-09-25,40.1241,40.3194,40.0544,40.3101,846800
2003-09-26,40.4217,40.6774,40.3659,40.6728,1869700
2003-09-29,40.4589,40.6588,40.2915,40.3473,743000
2003-09-30,40.4496,41.0307,40.4310,41.0168,1623900
2003-10-01,40.8520,41.0528,40.7820,40.8614,931900
2003-10-02,40.5439,40.8287,40.3384,40.6746,1194100
2003-10-03,40.1750,40.2451,39.7315,39.8202,1451200
2003-10-06,39.7409,40.0537,39.7222,39.9930,507200
2003-10-07,39.8949,39.9509,39.5120,39.5307,594200
2003-10-08,39.4280,39.6754,39.3813,39.5214,811800
2003-10-09,39.1806,39.2786,39.0545,39.2413,1385600
2003-10-10,39.4514,39.5588,39.3580,39.4747,256600
2003-10-13,39.3813,39.4514,39.3206,39.3206,116300
2003-10-14,39.1012,39.2646,39.0078,39.0498,337100
2003-10-15,38.8257,38.8911,38.6810,38.8584,465600
2003-10-16,38.9751,39.1105,38.6343,38.7043,564900
2003-10-17,38.7884,39.0732,38.7557,39.0032,354500
2003-10-20,38.9611,39.2880,38.9471,39.1339,281600
2003-10-21,39.2319,39.3953,39.1479,39.2786,429700
2003-10-22,39.4980,39.6848,39.4047,39.6614,798000
2003-10-23,39.6848,39.6848,39.2273,39.3720,1055600
2003-10-24,39.6848,39.9649,39.5261,39.8109,1412200
2003-10-27,39.7548,39.8388,39.5914,39.7315,346900
2003-10-28,39.6148,40.0069,39.4840,39.9416,2200300
2003-10-29,39.8155,39.8482,39.5027,39.5821,926600
2003-10-30,39.2179,39.4747,39.1246,39.4047,936300
2003-10-31,39.5588,39.7875,39.0965,39.7735,887400
2003-11-03,39.6413,39.6507,39.3975,39.5851,957700
2003-11-04,39.6835,39.8335,39.6554,39.8101,246500
2003-11-05,39.7632,39.7632,39.5007,39.5382,275100
2003-11-06,39.2710,39.3413,39.1444,39.1678,861600
2003-11-07,38.9662,39.1866,38.9334,39.1444,725700
2003-11-10,39.1912,39.3037,39.0037,39.1115,553900
2003-11-11,39.1209,39.1444,39.0788,39.1163,99900
2003-11-12,39.3132,39.4492,39.2804,39.4023,321400
2003-11-13,39.6601,40.0210,39.6319,40.0117,920400
2003-11-14,39.9882,40.2976,39.9413,40.2789,484800
2003-11-17,40.3820,40.5930,40.2929,40.3398,695000
2003-11-18,40.3023,40.6023,40.2132,40.5883,632200
2003-11-19,40.5133,40.6071,40.1101,40.1383,553900
2003-11-20,40.4336,40.5461,40.2227,40.5274,373300
2003-11-21,40.5883,40.7524,40.5508,40.5508,516900
2003-11-24,40.4008,40.4617,40.1992,40.2179,573800
2003-11-25,40.2929,40.5601,40.2929,40.4383,298700
2003-11-26,40.3632,40.5039,40.0023,40.2742,613800
2003-11-28,40.0116,40.0351,39.9085,39.9085,311300
2003-12-01,39.7616,39.8416,39.4789,39.6862,1106600
2003-12-02,39.7615,39.8558,39.5731,39.8558,589100
2003-12-03,39.8134,39.9406,39.5496,39.6956,1446100
2003-12-04,39.6956,39.8887,39.6626,39.7851,561500
2003-12-05,40.1856,40.6237,40.1008,40.4211,1163800
2003-12-08,40.4117,40.4117,40.0866,40.1384,436200
2003-12-09,40.2562,40.3740,39.7427,39.8558,939200
2003-12-10,40.0772,40.0913,39.8322,39.9217,555700
2003-12-11,39.8134,40.2232,39.7474,40.2091,510500
2003-12-12,40.2421,40.4588,40.2421,40.2845,553100
2003-12-15,40.2798,40.4588,40.1290,40.2609,690000
2003-12-16,40.2326,40.4493,40.1714,40.3928,462800
2003-12-17,40.6237,40.8216,40.6096,40.6661,533100
2003-12-18,40.6567,41.0335,40.6567,41.0335,708100
2003-12-19,40.9723,41.0194,40.8027,41.0194,477600
2003-12-22,41.0430,41.1466,40.8215,40.9063,483700
2003-12-23,40.7650,40.8451,40.4447,40.4447,446600
2003-12-24,40.6896,40.8262,40.5954,40.8262,138900
2003-12-26,40.9393,41.0053,40.9393,40.9770,80500
2003-12-29,40.8450,40.8780,40.5954,40.6095,187800
2003-12-30,40.4211,40.5813,40.3269,40.4447,393900
2003-12-31,40.4068,40.5014,40.3736,40.4446,171400
2004-01-02,40.2743,40.2743,39.7962,39.9666,867100
2004-01-05,39.7631,39.9382,39.7110,39.8625,626400
2004-01-06,40.0139,40.4162,39.9950,40.3027,690500
2004-01-07,40.2790,40.5630,40.1796,40.4636,252000
2004-01-08,40.3737,40.5346,40.3169,40.4494,513300
2004-01-09,41.1215,41.2114,40.7097,41.1546,1623000
2004-01-12,40.9889,41.3581,40.9889,41.1215,863200
2004-01-13,41.0268,41.4007,40.9700,41.4007,465700
2004-01-14,41.4102,41.6137,41.2493,41.6042,1180300
2004-01-15,41.6279,41.7983,41.4623,41.7605,1537200
2004-01-16,41.9734,42.0302,41.4670,41.4670,751800
2004-01-20,41.4149,41.6185,41.4149,41.4575,629600
2004-01-21,41.5333,41.5617,41.3866,41.5570,570500
2004-01-22,41.6279,41.8788,41.5143,41.8599,443600
2004-01-23,41.9166,42.0776,41.3013,41.3581,1021300
2004-01-26,41.3203,41.3487,41.0221,41.1073,639500
2004-01-27,41.0505,41.3676,41.0505,41.3629,576100
2004-01-28,41.2966,41.5806,40.6387,40.9984,1823800
2004-01-29,40.8091,40.9795,40.7144,40.9132,814500
2004-01-30,41.1310,41.2824,40.9890,41.1972,526200
2004-02-02,41.0869,41.2913,41.0537,41.1107,335600
2004-02-03,41.3103,41.3436,41.1582,41.3198,350900
2004-02-04,41.2485,41.2818,41.1012,41.2390,645700
2004-02-05,41.2723,41.3864,40.9871,41.0774,971400
2004-02-06,41.4149,41.5622,41.3626,41.5289,798200
2004-02-09,41.6145,41.6525,41.5337,41.6525,272400
2004-02-10,41.5765,41.6097,41.3673,41.4196,203200
2004-02-11,41.3579,41.9187,41.3056,41.7286,1335100
2004-02-12,41.7523,41.8236,41.4719,41.5527,256700
2004-02-13,41.7286,41.8712,41.6193,41.7286,513600
2004-02-17,41.7571,41.7713,41.6002,41.7000,644100
2004-02-18,41.8711,41.9092,41.6763,41.7571,990900
2004-02-19,41.6002,41.7999,41.5717,41.7999,668900
2004-02-20,41.7048,41.7428,41.4434,41.5099,1009800
2004-02-23,41.5337,41.7666,41.5005,41.7666,504000
2004-02-24,41.8474,42.0090,41.7571,41.8427,940900
2004-02-25,41.9282,41.9947,41.8379,41.9092,572300
2004-02-26,41.7523,41.8046,41.6050,41.7761,399100
2004-02-27,41.9282,42.1943,41.8046,42.1373,836000
2004-03-01,42.2117,42.2976,42.0113,42.1211,771900
2004-03-02,42.0495,42.0877,41.7059,41.8538,676000
2004-03-03,41.7012,41.8204,41.5675,41.7775,718000
2004-03-04,41.7059,41.9684,41.6773,41.9636,421600
2004-03-05,42.8368,42.9466,42.7175,42.7748,2789800
2004-03-08,42.9752,43.0993,42.9466,43.0277,1309400
2004-03-09,43.0659,43.3522,43.0373,43.3140,829000
2004-03-10,43.1947,43.3904,43.1757,43.2854,878900
2004-03-11,43.4476,43.4476,43.0181,43.3474,1337100
2004-03-12,43.2377,43.3331,43.0516,43.0802,442100
2004-03-15,43.1470,43.2520,43.0564,43.1518,756200
2004-03-16,43.0850,43.5097,42.9704,43.5097,1374200
2004-03-17,43.6481,43.6528,43.3761,43.4381,1936500
2004-03-18,43.2854,43.4524,43.1375,43.2090,1842100
2004-03-19,43.1709,43.2329,43.0468,43.1518,366700
2004-03-22,43.2281,43.4142,43.2281,43.4142,947200
2004-03-23,43.3713,43.4906,43.3045,43.4906,562200
2004-03-24,43.5001,43.5335,43.3856,43.4667,327400
2004-03-25,43.2902,43.3952,43.2568,43.2997,514000
2004-03-26,43.1756,43.2329,42.7557,42.8416,1378600
2004-03-29,42.4933,42.5792,42.4217,42.5553,2454000
2004-03-30,42.6126,42.6746,42.5028,42.5267,1021000
2004-03-31,42.5887,42.7700,42.5696,42.7319,1647300
2004-04-01,42.6255,42.6638,42.4195,42.5920,1309200
2004-04-02,41.7393,41.7393,41.3944,41.5381,2603700
2004-04-05,41.3512,41.3848,41.1548,41.2123,1422700
2004-04-06,41.3896,41.4375,41.2938,41.4375,1695400
2004-04-07,41.3416,41.5812,41.3177,41.3416,659600
2004-04-08,41.2794,41.3991,41.1884,41.2219,893700
2004-04-12,41.1070,41.1357,41.0064,41.0734,311700
2004-04-13,40.6854,40.7716,40.6088,40.6279,1449500
2004-04-14,40.2303,40.6039,40.2303,40.5944,2529200
2004-04-15,40.5608,40.6231,40.3261,40.3548,1184800
2004-04-16,40.5656,40.6567,40.4363,40.5081,986900
2004-04-19,40.6470,40.6758,40.3836,40.4219,682100
2004-04-20,40.3692,40.4459,40.0531,40.0531,1618700
2004-04-21,40.1057,40.3932,40.1057,40.2495,763600
2004-04-22,40.3596,40.5225,40.3069,40.4890,1024300
2004-04-23,40.2926,40.4028,40.1201,40.2590,963200
2004-04-26,40.2830,40.3788,40.2686,40.3261,515800
2004-04-27,40.4315,40.5033,40.2782,40.4794,1033400
2004-04-28,40.3836,40.4459,40.0530,40.1009,1215700
2004-04-29,40.1201,40.3261,39.7656,39.9045,2504900
2004-04-30,39.9668,40.1441,39.8902,40.0674,831500
2004-05-03,39.9640,40.1900,39.9640,40.1179,668800
2004-05-04,40.2189,40.3487,39.7668,39.8438,3950900
2004-05-05,40.0410,40.0410,39.6755,39.7332,2236600
2004-05-06,39.7043,39.7476,39.6130,39.6274,3163200
2004-05-07,39.1705,39.1946,39.0022,39.1080,1756400
2004-05-10,39.1849,39.2474,39.0070,39.0166,958700
2004-05-11,39.0070,39.2041,39.0070,39.1945,766000
2004-05-12,39.1465,39.1657,38.9253,38.9349,1945700
2004-05-13,38.9012,38.9156,38.7185,38.7858,1187000
2004-05-14,38.9733,39.1416,38.8242,39.1032,4086400
2004-05-17,39.3725,39.4687,39.2811,39.4494,1735600
2004-05-18,39.2907,39.3917,39.2282,39.2955,674200
2004-05-19,39.1465,39.1705,39.0262,39.1657,319200
2004-05-20,39.3100,39.4831,39.2523,39.4687,1745900
2004-05-21,39.6130,39.6178,39.2379,39.3100,1461900
2004-05-24,39.4013,39.4735,39.2811,39.4350,314800
2004-05-25,39.4494,39.5889,39.4398,39.5504,645300
2004-05-26,39.6274,39.7861,39.5889,39.7621,505500
2004-05-27,39.9303,40.1083,39.8342,40.0746,1122800
2004-05-28,39.9255,40.1564,39.7957,39.9640,612700
2004-06-01,39.7670,39.7815,39.4436,39.5981,662000
2004-06-02,39.5981,39.6512,39.4725,39.4967,906600
2004-06-03,39.4919,39.6126,39.3905,39.5788,1173600
2004-06-04,39.6077,39.6511,39.3180,39.3470,568200
2004-06-07,39.3084,39.3905,39.2118,39.3567,377200
2004-06-08,39.2022,39.4339,39.1442,39.4291,1294200
2004-06-09,39.3229,39.3567,39.1056,39.2601,589400
2004-06-10,39.2794,39.3953,39.1780,39.3374,336200
2004-06-14,39.2021,39.2311,38.9897,39.0235,892200
2004-06-15,39.4967,39.8877,39.4967,39.8491,1567400
2004-06-16,39.6126,39.7526,39.5836,39.6946,494700
2004-06-17,39.6318,39.9601,39.5739,39.9553,552800
2004-06-18,39.9553,39.9988,39.7670,39.8684,394500
2004-06-21,39.8926,39.9505,39.8250,39.8974,731900
2004-06-22,39.7960,39.8732,39.7622,39.7767,362700
2004-06-23,39.7284,39.9167,39.6753,39.8540,302900
2004-06-24,40.1967,40.2353,40.0229,40.0953,1087900
2004-06-25,40.0326,40.1436,40.0084,40.1340,253200
2004-06-28,39.9650,40.0084,39.6753,39.7236,573100
2004-06-29,39.7816,39.9940,39.6705,39.9747,401500
2004-06-30,40.0857,40.4333,40.0277,40.3850,1730800
2004-07-01,40.4025,40.5043,40.1989,40.4606,1099300
2004-07-02,41.0375,41.0520,40.8436,40.8872,1293300
2004-07-06,40.9938,41.0035,40.7854,40.8193,351600
2004-07-07,40.8145,40.9211,40.7806,40.8339,303500
2004-07-08,40.8630,40.9793,40.8290,40.8581,715200
2004-07-09,40.8387,40.9211,40.7611,40.9017,2152900
2004-07-12,41.0132,41.0375,40.9308,40.9599,1297800
2004-07-13,40.8145,40.8484,40.6933,40.8387,307100
2004-07-14,40.8726,40.8969,40.7902,40.8533,241400
2004-07-15,40.8581,40.9017,40.7999,40.8969,562700
2004-07-16,41.1296,41.4447,41.1296,41.4398,2970600
2004-07-19,41.4010,41.4786,41.3768,41.4689,978300
2004-07-20,41.3525,41.3865,41.0084,41.0956,1091500
2004-07-21,40.9163,40.9890,40.8096,40.9842,662800
2004-07-22,40.9987,41.1295,40.9987,41.0423,154700
2004-07-23,41.0956,41.1877,41.0956,41.1780,209200
2004-07-26,41.1247,41.1247,40.9405,40.9842,712000
2004-07-27,40.9114,40.9454,40.4315,40.4315,961200
2004-07-28,40.3394,40.4897,40.2522,40.4364,495200
2004-07-29,40.3637,40.5479,40.3637,40.5285,519600
2004-07-30,40.7515,41.0229,40.7175,41.0035,578400
2004-08-02,41.1203,41.1738,41.0327,41.0570,714800
2004-08-03,41.1154,41.2809,41.0716,41.2225,509500
2004-08-04,41.2079,41.4220,41.1203,41.2420,481300
2004-08-05,41.3053,41.4074,41.2955,41.3588,623100
2004-08-06,42.0498,42.2688,41.9086,42.0546,1240900
2004-08-09,41.9232,42.0157,41.8843,41.9086,322100
2004-08-10,41.9768,42.0644,41.7578,41.7578,860100
2004-08-11,41.7626,41.9816,41.7188,41.9378,898400
2004-08-12,41.8503,42.0254,41.7967,42.0254,697500
2004-08-13,42.1763,42.2882,42.1033,42.1617,637500
2004-08-16,42.0790,42.1082,41.8600,42.0157,729400
2004-08-17,42.0449,42.2639,42.0254,42.2542,182000
2004-08-18,42.3515,42.3661,42.0449,42.0498,365300
2004-08-19,42.0936,42.2152,42.0157,42.1520,372900
2004-08-20,42.1325,42.2152,42.0449,42.1131,875400
2004-08-23,41.9038,41.9330,41.8357,41.8697,1007200
2004-08-24,41.8259,41.9184,41.7383,41.8940,1044200
2004-08-25,42.0060,42.1617,41.9719,42.0401,588200
2004-08-26,42.1228,42.2785,42.0644,42.2785,478000
2004-08-27,42.2542,42.3515,42.1617,42.2493,304400
2004-08-30,42.3369,42.4489,42.2980,42.4489,259100
2004-08-31,42.4829,42.8235,42.4537,42.7116,1721100
2004-09-01,42.8484,42.8484,42.5797,42.7556,1388900
2004-09-02,42.6872,42.6872,42.3354,42.3354,867000
2004-09-03,42.2474,42.3403,42.0178,42.3403,958100
2004-09-07,42.1351,42.3012,42.1107,42.2963,475500
2004-09-08,42.1449,42.6628,42.1058,42.6530,584800
2004-09-09,42.6139,42.7898,42.4380,42.4917,284800
2004-09-10,42.6921,42.7654,42.5357,42.5553,711700
2004-09-13,42.6041,42.7654,42.5651,42.7409,152900
2004-09-14,42.6823,42.8386,42.5944,42.7849,695700
2004-09-15,42.7507,42.7507,42.5944,42.6872,642500
2004-09-16,42.7800,43.2295,42.7507,43.1709,1103400
2004-09-17,43.0585,43.1855,42.9412,42.9559,765400
2004-09-20,43.1220,43.2735,43.0878,43.2393,727200
2004-09-21,43.1709,43.4445,43.0438,43.3663,1018500
2004-09-22,43.3859,43.8793,43.3126,43.8158,2541200
2004-09-23,43.8109,43.9135,43.6399,43.6399,2391000
2004-09-24,43.6545,43.7229,43.5324,43.6936,1984300
2004-09-27,43.7767,43.9184,43.7620,43.8842,1420800
2004-09-28,43.8158,43.9477,43.5910,43.7083,1161100
2004-09-29,43.3370,43.4200,43.2686,43.2832,1970700
2004-09-30,43.0634,43.1758,42.9754,43.1171,1945700
2004-10-01,42.9263,42.9900,42.8232,42.9017,1999300
2004-10-04,42.6810,42.9754,42.6810,42.9656,1106200
2004-10-05,42.9410,43.0244,42.8871,42.9656,501700
2004-10-06,42.9018,42.9116,42.6908,42.7693,531300
2004-10-07,42.6810,42.7693,42.5534,42.5829,2128600
2004-10-08,43.1569,43.2746,43.0489,43.1470,1534500
2004-10-11,43.1471,43.2206,43.0391,43.1912,60800
2004-10-12,43.3384,43.3629,43.2501,43.2893,757900
2004-10-13,43.1716,43.4463,43.1470,43.4463,648000
2004-10-14,43.4169,43.6671,43.3727,43.6523,717100
2004-10-15,43.5690,43.6573,43.2599,43.5003,746400
2004-10-18,43.4905,43.5592,43.3531,43.5199,613600
2004-10-19,43.3335,43.6573,43.3040,43.6327,505400
2004-10-20,43.7898,43.9615,43.7603,43.9320,1127100
2004-10-21,43.8780,44.1037,43.8780,43.9614,1649200
2004-10-22,43.9075,44.0644,43.8437,44.0644,491500
2004-10-25,44.1871,44.1969,44.0546,44.0988,246800
2004-10-26,44.1282,44.1577,43.9663,43.9663,503700
2004-10-27,44.0890,44.1773,43.5248,43.5346,2351800
2004-10-28,43.5346,43.7406,43.4267,43.6769,839200
2004-10-29,43.7161,43.9026,43.6229,43.8780,1169300
2004-11-01,43.7184,43.8416,43.5460,43.6051,923500
2004-11-02,43.5854,43.7086,43.5017,43.6692,709300
2004-11-03,43.3637,43.7184,43.3490,43.6889,1066600
2004-11-04,43.7726,43.8908,43.7184,43.7332,2285100
2004-11-05,43.2209,43.3145,43.1125,43.2553,1838000
2004-11-08,43.1026,43.1519,43.0534,43.1026,454100
2004-11-09,43.0534,43.2160,43.0534,43.0780,373000
2004-11-10,43.0091,43.0879,42.8120,42.9155,1303400
2004-11-11,43.0780,43.0780,42.8219,42.8219,309700
2004-11-12,43.0239,43.4032,43.0190,43.2850,1125900
2004-11-15,43.3243,43.3490,43.2209,43.3243,763200
2004-11-16,43.2554,43.3243,43.2012,43.3243,520900
2004-11-17,43.2948,43.7233,43.2948,43.6938,1249400
2004-11-18,43.6199,43.8711,43.5509,43.8268,891500
2004-11-19,43.7923,43.8563,43.3933,43.4770,1244500
2004-11-22,43.5214,43.7775,43.4967,43.7036,511500
2004-11-23,43.5952,43.9400,43.5854,43.7578,746300
2004-11-24,43.7972,43.7972,43.7085,43.7578,309700
2004-11-26,43.4918,43.5164,43.4623,43.4721,697100
2004-11-29,43.0879,43.1519,42.9401,43.0091,1546400
2004-11-30,42.8268,42.9352,42.6741,42.8268,1754500
2004-12-01,42.8837,42.9084,42.6265,42.7600,2489800
2004-12-02,42.6215,42.6858,42.5424,42.5869,2881500
2004-12-03,43.1063,43.3585,42.9975,43.2497,2233700
2004-12-06,43.2744,43.4525,43.2547,43.3981,1314100
2004-12-07,43.3981,43.4723,43.2794,43.4525,784300
2004-12-08,43.7295,44.1302,43.7048,44.1302,2639700
2004-12-09,44.0164,44.1548,43.8086,43.8383,1428900
2004-12-10,43.9966,44.0461,43.8581,43.9471,1445000
2004-12-13,43.9322,44.1647,43.9223,44.0411,677400
2004-12-14,43.8927,44.2390,43.8729,44.2142,1568200
2004-12-15,44.4912,44.6396,44.4368,44.6149,2511500
2004-12-16,44.4615,44.4615,43.9471,43.9570,1998200
2004-12-17,43.7641,43.9620,43.7394,43.8977,1319800
2004-12-20,43.9570,44.0708,43.9323,43.9768,230500
2004-12-21,44.0510,44.1401,43.9719,44.1104,245200
2004-12-22,44.1252,44.1252,43.8729,43.9620,511600
2004-12-23,43.8927,43.9175,43.8086,43.8185,738600
2004-12-27,43.6899,43.7097,43.3783,43.4772,1322600
2004-12-28,43.4575,43.4822,43.2299,43.4426,1253500
2004-12-29,43.4624,43.5267,43.3140,43.3981,567500
2004-12-30,43.4278,43.7493,43.3981,43.6899,626400
2004-12-31,43.8761,44.0151,43.8413,43.9655,1056400
2005-01-03,43.7818,44.1095,43.7718,44.0598,1168000
2005-01-04,44.0499,44.0647,43.5980,43.5980,1935400
2005-01-05,43.6874,43.9655,43.6626,43.8314,1094100
2005-01-06,43.8364,43.9605,43.8016,43.8612,1057400
2005-01-07,44.0698,44.1244,43.8662,43.9605,738700
2005-01-10,44.0102,44.0499,43.9258,44.0300,379400
2005-01-11,44.1393,44.3279,44.0598,44.2882,844100
2005-01-12,44.1244,44.4074,44.0896,44.3478,722000
2005-01-13,44.5613,44.7748,44.5514,44.7748,1876700
2005-01-14,44.6358,44.8840,44.5911,44.7698,1043800
2005-01-18,44.5861,44.9287,44.5514,44.9188,1251600
2005-01-19,45.0826,45.1025,44.8195,45.0479,655800
2005-01-20,44.8940,45.1919,44.8592,45.1372,1064200
2005-01-21,44.9833,45.2067,44.9436,45.1869,606300
2005-01-24,45.2266,45.4302,45.1819,45.3805,561400
2005-01-25,45.3607,45.3806,44.9387,44.9536,1942200
2005-01-26,45.1075,45.1422,44.9982,45.0380,709800
2005-01-27,44.9436,45.0330,44.8543,44.9536,463900
2005-01-28,45.2912,45.4798,45.2663,45.4054,1128000
2005-01-31,45.3458,45.5543,45.3259,45.5345,1313900
2005-02-01,45.5718,45.6017,45.3774,45.4622,948200
2005-02-02,45.4522,45.5818,45.3974,45.5668,760300
2005-02-03,45.3824,45.5718,45.3824,45.5419,505800
2005-02-04,46.0851,46.3193,46.0801,46.1748,3483900
2005-02-07,46.2197,46.5586,46.1998,46.5187,1064600
2005-02-08,46.5337,46.9075,46.5137,46.7829,1383800
2005-02-09,46.5686,46.9673,46.5387,46.9075,2125800
2005-02-10,46.5935,46.6882,46.2247,46.2745,1240000
2005-02-11,46.0802,46.3393,46.0503,46.2446,1275200
2005-02-14,46.2995,46.4540,46.2147,46.3892,295000
2005-02-15,46.1499,46.2795,46.1350,46.1549,900200
2005-02-16,46.1051,46.1350,45.7512,45.9805,1189700
2005-02-17,45.7313,45.9207,45.6516,45.6914,1146400
2005-02-18,45.1283,45.3276,45.0834,45.2828,2655800
2005-02-22,45.1681,45.2279,45.0535,45.0834,914600
2005-02-23,45.4223,45.4372,45.0684,45.2329,1115000
2005-02-24,45.4323,45.5170,45.1332,45.1332,798500
2005-02-25,45.2977,45.4223,45.1631,45.3525,588800
2005-02-28,45.4024,45.4024,44.7993,44.8641,2797300
2005-03-01,44.7651,44.9251,44.7201,44.8501,1648500
2005-03-02,44.7201,44.8551,44.7051,44.7901,1139300
2005-03-03,44.8052,44.8951,44.7202,44.7652,1600600
2005-03-04,44.9901,45.3301,44.9301,45.2501,1567000
2005-03-07,45.4200,45.4900,45.3700,45.4300,889800
2005-03-08,45.0601,45.1301,44.9651,45.0001,680400
2005-03-09,44.5852,44.6951,44.2152,44.2652,2549600
2005-03-10,44.3652,44.6602,44.1902,44.5352,1357700
2005-03-11,44.3202,44.4301,44.1952,44.2102,1017900
2005-03-14,44.1802,44.4952,44.1452,44.4752,805000
2005-03-15,44.6401,44.6451,44.1952,44.1952,963900
2005-03-16,44.2652,44.6751,44.2652,44.4652,2097800
2005-03-17,44.6701,44.7851,44.5552,44.6102,1025300
2005-03-18,44.4452,44.4852,44.3302,44.3302,722700
2005-03-21,44.3302,44.3302,44.1852,44.2052,893100
2005-03-22,44.4652,44.5202,43.7653,43.8302,2544900
2005-03-23,43.7602,44.0752,43.7602,44.0402,1951700
2005-03-24,44.1552,44.2252,44.0852,44.1302,746800
2005-03-28,43.9902,43.9952,43.8552,43.8602,382200
2005-03-29,44.0352,44.1352,43.9902,44.1202,1135000
2005-03-30,44.0952,44.3702,44.0752,44.3402,1095600
2005-03-31,44.5951,44.6901,44.4252,44.6601,2410900
2005-04-01,44.9261,44.9914,44.4093,44.8107,2805300
2005-04-04,44.8007,44.9914,44.7455,44.8007,754800
2005-04-05,44.7805,44.8408,44.6250,44.6852,733300
2005-04-06,44.8659,44.8809,44.7605,44.8408,402800
2005-04-07,44.8107,44.9512,44.4644,44.4795,973000
2005-04-08,44.4394,44.6602,44.3290,44.6351,438600
2005-04-11,44.6451,44.9713,44.6301,44.8759,1460200
2005-04-12,44.7755,45.3627,44.7203,45.2924,1931500
2005-04-13,45.3376,45.3827,45.0616,45.1820,1001700
2005-04-14,45.2021,45.2221,44.9913,45.1118,1461800
2005-04-15,45.4329,45.7239,45.2723,45.7089,2807300
2005-04-18,45.8494,45.8594,45.6336,45.6738,3510800
2005-04-19,45.8343,46.1856,45.8243,46.1154,1733600
2005-04-20,45.7741,46.0501,45.7540,45.9999,1617900
2005-04-21,45.8143,45.8745,45.5132,45.5182,1288500
2005-04-22,45.7992,45.9548,45.7089,45.8996,876300
2005-04-25,45.9949,46.0752,45.9196,46.0350,818300
2005-04-26,46.1606,46.1907,45.8344,45.9649,549300
2005-04-27,46.1906,46.2659,46.0652,46.1254,684900
2005-04-28,46.1906,46.4917,46.1405,46.4666,1062000
2005-04-29,46.4515,46.6372,46.2759,46.3863,1445100
2005-05-02,46.4065,46.4619,46.1849,46.3763,1358200
2005-05-03,46.3662,46.6029,46.2907,46.5022,1884900
2005-05-04,46.0539,46.1899,45.8525,46.0942,2211500
2005-05-05,45.9784,46.2504,45.9331,46.2000,1757900
2005-05-06,45.7921,45.9281,45.7317,45.8576,850600
2005-05-09,45.8324,45.9482,45.8273,45.9029,327800
2005-05-10,46.0086,46.2302,45.9986,46.2302,495500
2005-05-11,46.4014,46.5928,46.3259,46.3712,1058700
2005-05-12,46.3309,46.5676,46.1899,46.5525,657000
2005-05-13,46.6885,46.8446,46.6180,46.7338,1698100
2005-05-16,46.8547,46.8698,46.6734,46.6784,824800
2005-05-17,46.8144,46.9302,46.7842,46.8094,856300
2005-05-18,47.1870,47.2374,47.0057,47.1216,1092300
2005-05-19,47.1871,47.1871,46.9756,47.0007,948800
2005-05-20,46.9604,47.0914,46.9403,47.0561,806800
2005-05-23,47.1367,47.4539,47.1216,47.4237,905600
2005-05-24,47.6050,47.6655,47.4288,47.5547,1695400
2005-05-25,47.6353,47.6655,47.2022,47.2223,1923300
2005-05-26,47.1316,47.3734,47.1316,47.2072,978300
2005-05-27,47.2072,47.3280,47.1064,47.2575,650600
2005-05-31,47.4489,47.8669,47.4489,47.8417,1979000
2005-06-01,48.1192,48.4427,48.1142,48.4275,3823200
2005-06-02,48.3872,48.6197,48.3872,48.5438,1703400
2005-06-03,48.9785,49.0290,48.1192,48.1445,5558100
2005-06-06,48.2708,48.4629,48.1950,48.3972,1088700
2005-06-07,48.7611,48.8167,48.5489,48.7814,1503100
2005-06-08,48.6803,48.7511,48.5489,48.5489,1272400
2005-06-09,48.3568,48.5287,48.2355,48.5084,612700
2005-06-10,48.2961,48.2961,47.9474,47.9625,1464800
2005-06-13,47.7553,47.7805,47.5986,47.6744,1616700
2005-06-14,47.5380,47.5936,47.2953,47.3610,1984500
2005-06-15,47.2043,47.4470,47.1740,47.4470,1996800
2005-06-16,47.4116,47.7250,47.2954,47.6846,1370300
2005-06-17,47.5683,47.7502,47.5228,47.6795,555900
2005-06-20,47.4217,47.6138,47.3105,47.5986,453000
2005-06-21,47.7047,47.9473,47.6744,47.9473,503100
2005-06-22,48.2658,48.5691,48.1495,48.5286,952200
2005-06-23,48.4225,48.5135,48.2911,48.4781,996300
2005-06-24,48.6449,48.7510,48.5337,48.7207,928000
2005-06-27,48.7713,48.9330,48.7005,48.8521,1203600
2005-06-28,48.6854,48.7106,48.4781,48.5186,982400
2005-06-29,48.7611,48.7662,48.3214,48.4427,1682400
2005-06-30,48.4528,48.8875,48.4275,48.8774,2159400
2005-07-01,48.7110,48.8226,48.1785,48.2850,2222700
2005-07-05,47.8539,48.0517,47.8133,47.8285,1076100
2005-07-06,47.9959,48.0974,47.8945,48.0923,854100
2005-07-07,48.4016,48.4625,48.1632,48.1937,1678000
2005-07-08,48.3103,48.3103,47.8386,47.9959,1259300
2005-07-11,47.7321,48.0060,47.6510,47.9959,982000
2005-07-12,47.8539,47.9452,47.7068,47.7271,743700
2005-07-13,47.7017,47.7271,47.6054,47.6561,886600
2005-07-14,47.7271,47.7474,47.4735,47.5343,874300
2005-07-15,47.4228,47.6916,47.4228,47.6612,1064700
2005-07-18,47.6003,47.6612,47.2199,47.3061,1204500
2005-07-19,47.2859,47.5344,47.2301,47.4735,1226900
2005-07-20,47.4278,47.7981,47.2604,47.7321,1884500
2005-07-21,47.4126,47.4431,47.0069,47.0829,3824200
2005-07-22,47.2199,47.4837,47.1844,47.4481,1614900
2005-07-25,47.3721,47.5293,47.2402,47.2757,305100
2005-07-26,47.3061,47.3771,47.2554,47.3517,340500
2005-07-27,47.2047,47.3061,47.1742,47.2757,593300
2005-07-28,47.3619,47.7626,47.3619,47.6967,578900
2005-07-29,47.5749,47.5749,47.0931,47.2250,1699500
2005-08-01,47.0901,47.1410,46.8457,47.0493,1760300
2005-08-02,46.9730,47.0697,46.8151,46.8966,1071400
2005-08-03,46.9628,47.1715,46.9628,47.1257,591100
2005-08-04,47.1359,47.2377,46.9373,47.0290,1046800
2005-08-05,46.6828,46.7693,46.6064,46.6624,1041600
2005-08-08,46.6726,46.7592,46.5504,46.5759,836600
2005-08-09,46.6828,46.7592,46.4690,46.7490,1474800
2005-08-10,46.8406,46.8864,46.6013,46.6980,909300
2005-08-11,46.8508,47.0646,46.6828,47.0239,881600
2005-08-12,47.1512,47.5686,47.1257,47.5024,1765100
2005-08-15,47.4770,47.4973,47.3701,47.3802,954300
2005-08-16,47.6908,47.8028,47.5991,47.7111,1311000
2005-08-17,47.6043,47.7163,47.3344,47.3955,1278200
2005-08-18,47.5737,47.7570,47.4821,47.7468,833900
2005-08-19,47.5279,47.7722,47.5177,47.7417,439200
2005-08-22,47.6195,47.7519,47.4464,47.6908,599300
2005-08-23,47.7162,47.9707,47.6755,47.9096,491800
2005-08-24,47.9912,48.0217,47.7773,47.9555,998200
2005-08-25,47.9962,48.1642,47.8842,48.1082,812400
2005-08-26,48.1846,48.3017,47.9555,48.0929,874600
2005-08-29,48.2762,48.3016,48.1082,48.1540,550100
2005-08-30,48.2762,48.5410,48.2202,48.4595,1392700
2005-08-31,48.5206,48.8719,48.5155,48.8668,1310800
2005-09-01,48.6900,48.9097,48.4959,48.5725,1899000
2005-09-02,48.4703,48.6798,48.4295,48.6134,621400
2005-09-06,48.5367,48.6185,48.2660,48.2711,965300
2005-09-07,48.1128,48.1128,47.6939,47.8165,1090200
2005-09-08,47.9646,48.0106,47.8164,47.8675,373100
2005-09-09,48.0003,48.1842,47.9595,48.0208,426300
2005-09-12,47.8471,47.8726,47.6070,47.6887,917300
2005-09-13,47.8982,48.0821,47.8369,47.9391,450400
2005-09-14,47.9288,47.9595,47.7040,47.7551,346400
2005-09-15,47.6887,47.6887,47.2034,47.3617,2225800
2005-09-16,47.1523,47.2442,46.9377,47.0501,2145500
2005-09-19,47.0910,47.2238,47.0501,47.1523,886100
2005-09-20,47.1472,47.4077,46.9378,47.2749,1848800
2005-09-21,47.6530,47.7194,47.5763,47.7143,993000
2005-09-22,47.6989,47.7398,47.5763,47.6683,761700
2005-09-23,47.5355,47.5610,47.3107,47.3107,656800
2005-09-26,47.0552,47.1932,47.0501,47.0961,680900
2005-09-27,47.1370,47.2851,46.9684,47.1625,827800
2005-09-28,47.1983,47.5201,47.1319,47.4793,712800
2005-09-29,47.3056,47.3107,47.1830,47.2647,657100
2005-09-30,47.2953,47.3515,46.9990,47.1012,1391800
2005-10-03,47.0766,47.2869,46.7228,46.7330,1370900
2005-10-04,46.8612,46.9483,46.7791,46.8868,783200
2005-10-05,47.0202,47.1740,46.9638,47.0920,1215800
2005-10-06,47.0304,47.0509,46.8971,46.9125,340000
2005-10-07,46.7176,47.1587,46.6510,47.1023,1337800
2005-10-10,47.1073,47.1689,46.9894,47.0714,159700
2005-10-11,47.1023,47.1433,46.9023,46.9741,679100
2005-10-12,46.8971,46.8971,46.4920,46.5176,1105700
2005-10-13,46.2868,46.4150,46.1996,46.3483,1376600
2005-10-14,46.4663,46.5176,46.0662,46.2765,1042600
2005-10-17,46.3740,46.4714,46.2201,46.2663,1058200
2005-10-18,46.3945,46.4047,46.2765,46.3175,878200
2005-10-19,46.4971,46.6048,46.3381,46.3381,904800
2005-10-20,46.3022,46.4663,46.2252,46.4612,810300
2005-10-21,46.5843,46.9125,46.5432,46.8920,1252800
2005-10-24,46.8355,46.8817,46.4099,46.5278,939100
2005-10-25,46.5791,46.6971,46.1227,46.1278,632900
2005-10-26,45.8765,46.0047,45.7277,45.7893,2895800
2005-10-27,45.9534,46.0509,45.7996,45.9534,1197400
2005-10-28,46.0150,46.0970,45.7073,45.9586,750400
2005-10-31,46.0406,46.1791,45.9432,46.0457,547700
2005-11-01,46.0699,46.1833,45.8948,45.9927,647100
2005-11-02,45.8896,46.0493,45.7608,45.7763,781100
2005-11-03,45.7918,45.8330,45.4569,45.4672,962900
2005-11-04,45.5496,45.6629,45.2611,45.3951,1888700
2005-11-07,45.5909,45.6270,45.5136,45.5497,1121600
2005-11-08,45.7918,46.0133,45.7918,45.9927,1396800
2005-11-09,45.7351,45.8124,45.5188,45.5188,1140300
2005-11-10,45.7042,46.0957,45.6578,46.0751,1695200
2005-11-11,46.1575,46.2090,46.0751,46.1009,193700
2005-11-14,46.0442,46.0803,45.6527,45.7557,1230100
2005-11-15,45.7196,46.1832,45.7196,46.0545,839800
2005-11-16,46.2605,46.5902,46.2348,46.5387,1822300
2005-11-17,46.4511,46.8272,46.3893,46.6521,1003100
2005-11-18,46.5542,46.5954,46.3945,46.4357,734200
2005-11-21,46.5387,46.7036,46.5336,46.5748,503300
2005-11-22,46.5542,46.7087,46.5439,46.6366,1026900
2005-11-23,46.6675,46.7190,46.2915,46.4563,768300
2005-11-25,46.5748,46.6418,46.5388,46.6263,421500
2005-11-28,46.6315,46.9509,46.6315,46.8581,883400
2005-11-29,46.9199,46.9354,46.3790,46.4151,889200
2005-11-30,46.5181,46.5181,46.2709,46.3636,1642800
2005-12-01,46.5654,46.5705,46.1411,46.2911,1214800
2005-12-02,46.1876,46.3325,46.1256,46.3067,746200
2005-12-05,46.2290,46.2290,45.9703,46.0997,431100
2005-12-06,46.2601,46.6275,46.2136,46.5706,968800
2005-12-07,46.4619,46.5188,46.3170,46.3946,386600
2005-12-08,46.5550,46.7516,46.4619,46.6947,976200
2005-12-09,46.5550,46.5705,46.2912,46.3274,817400
2005-12-12,46.4360,46.4360,46.1204,46.2394,440500
2005-12-13,46.4205,46.4722,46.2446,46.4101,598700
2005-12-14,46.6689,46.9896,46.6378,46.8862,635000
2005-12-15,46.7930,46.7930,46.5602,46.7723,724300
2005-12-16,46.9948,47.0466,46.8551,46.9276,684500
2005-12-19,46.8758,47.1345,46.8551,46.9741,469800
2005-12-20,46.8655,46.9793,46.7724,46.9172,236000
2005-12-21,46.8396,46.8655,46.7154,46.8344,193100
2005-12-22,47.0414,47.2432,47.0362,47.2070,692700
2005-12-23,47.1811,47.6208,47.1345,47.4967,2295800
2005-12-27,47.5846,47.9054,47.4966,47.8847,519500
2005-12-28,47.8135,47.9278,47.6681,47.7512,1295700
2005-12-29,47.8135,47.8655,47.6369,47.8551,740600
2005-12-30,48.0785,48.1044,47.6420,47.7459,1099500
2006-01-03,47.5849,47.9278,47.5278,47.6836,1392700
2006-01-04,47.5590,47.8343,47.4966,47.7979,387600
2006-01-05,47.7356,47.8707,47.6421,47.7408,453400
2006-01-06,47.6785,47.7460,47.5330,47.6525,1193700
2006-01-09,47.6421,47.6836,47.5589,47.6836,413600
2006-01-10,47.6057,47.6317,47.2940,47.2992,698900
2006-01-11,47.4083,47.4291,47.1485,47.2213,394600
2006-01-12,47.3460,47.5486,47.2784,47.5382,626600
2006-01-13,47.5850,47.9538,47.5798,47.8136,491000
2006-01-17,47.7979,48.0577,47.7616,48.0265,454300
2006-01-18,48.1928,48.1979,47.8602,48.0109,622100
2006-01-19,47.8343,48.0265,47.7771,47.8707,490600
2006-01-20,47.9642,48.0473,47.8239,47.9954,842600
2006-01-23,47.6941,48.0578,47.6577,47.9798,720400
2006-01-24,47.7979,47.8966,47.6732,47.7459,300500
2006-01-25,47.5434,47.5745,47.1693,47.2264,1204500
2006-01-26,47.0446,47.0706,46.7849,47.0239,764100
2006-01-27,47.1745,47.1745,46.8420,47.0239,1091400
2006-01-30,46.9148,47.0187,46.8836,46.9771,308500
2006-01-31,46.9407,47.1381,46.8628,47.1070,676100
2006-02-01,47.0032,47.1648,46.8468,46.9458,622300
2006-02-02,46.9458,47.1388,46.8520,47.0345,658500
2006-02-03,46.9250,47.4464,46.8311,47.3682,1524600
2006-02-06,47.4359,47.5559,47.3890,47.4620,755100
2006-02-07,47.5089,47.5089,47.1857,47.2378,280500
2006-02-08,47.3838,47.3838,47.0762,47.1283,261700
2006-02-09,46.9980,47.3942,46.9563,47.3421,1119200
2006-02-10,47.5507,47.6445,47.0501,47.0814,938000
2006-02-13,47.0501,47.1127,47.0084,47.0866,218700
2006-02-14,46.8728,47.0293,46.7790,46.9198,836100
2006-02-15,46.9980,47.1700,46.8624,47.0345,720300
2006-02-16,47.0293,47.0814,46.9250,47.0449,427800
2006-02-17,47.3421,47.4829,47.3421,47.4203,731400
2006-02-21,47.3942,47.4464,47.3317,47.3421,433300
2006-02-22,47.5090,47.6810,47.4933,47.6654,559000
2006-02-23,47.6080,47.6080,47.4099,47.5454,288300
2006-02-24,47.6758,47.6758,47.4203,47.4724,485700
2006-02-27,47.6289,47.6289,47.3056,47.3942,446200
2006-02-28,47.4464,47.6758,47.4047,47.6289,744200
2006-03-01,47.4928,47.5451,47.2888,47.3411,713600
2006-03-02,47.1213,47.1423,46.7760,47.0115,1640000
2006-03-03,46.8179,46.8545,46.6871,46.7394,1253300
2006-03-06,46.5563,46.5615,46.3051,46.3313,872700
2006-03-07,46.2528,46.4359,46.2057,46.3627,1692900
2006-03-08,46.3418,46.5040,46.2790,46.3470,1184700
2006-03-09,46.3365,46.3941,46.1848,46.3627,282100
2006-03-10,46.2109,46.2894,46.0487,46.1900,1086900
2006-03-13,46.1168,46.1848,46.0487,46.1534,1740100
2006-03-14,46.2789,46.5615,46.2789,46.4621,904400
2006-03-15,46.2738,46.3261,46.1220,46.2110,971000
2006-03-16,46.3104,46.7394,46.2685,46.6295,1048000
2006-03-17,46.4883,46.5667,46.4359,46.4883,703500
2006-03-20,46.6871,46.6923,46.5563,46.5615,576000
2006-03-21,46.6452,46.6452,46.2319,46.3208,817200
2006-03-22,46.4359,46.5563,46.3731,46.4202,205500
2006-03-23,46.4725,46.4987,46.2214,46.2737,613400
2006-03-24,46.3208,46.7185,46.3051,46.6138,954800
2006-03-27,46.5929,46.5929,46.3574,46.4412,467100
2006-03-28,46.2528,46.2685,45.9598,46.0069,1094900
2006-03-29,45.9546,46.0540,45.7139,45.7872,1071700
2006-03-30,45.5935,45.6720,45.3058,45.4680,1152000
2006-03-31,45.5099,45.5936,45.4157,45.4523,1167700
2006-04-03,45.2622,45.5300,45.2096,45.4670,1549700
2006-04-04,45.5353,45.6403,45.3567,45.4197,749100
2006-04-05,45.5353,45.5773,45.4302,45.4827,638600
2006-04-06,45.3199,45.3199,45.0416,45.1361,2022100
2006-04-07,44.8683,44.9733,44.5899,44.6949,1956500
2006-04-10,44.7212,44.8000,44.6214,44.7790,1527100
2006-04-11,44.9470,45.0100,44.8157,44.9365,1237300
2006-04-12,44.9575,45.0258,44.6424,44.6634,1902000
2006-04-13,44.3798,44.4533,44.2590,44.3483,3219400
2006-04-17,44.4008,44.6267,44.3010,44.5111,1465400
2006-04-18,44.6162,44.7842,44.5059,44.5899,2680300
2006-04-19,44.3535,44.4271,44.1487,44.3168,1830300
2006-04-20,44.3378,44.3850,44.1802,44.2800,1378200
2006-04-21,44.3955,44.5689,44.2485,44.5373,1303000
2006-04-24,44.6109,44.8472,44.5636,44.7159,991500
2006-04-25,44.6634,44.6949,44.1487,44.1855,2067400
2006-04-26,44.0385,44.1593,43.9754,44.1120,1544900
2006-04-27,43.9859,44.2748,43.9334,44.1697,1864200
2006-04-28,44.1015,44.2275,43.9912,44.2012,809400
2006-05-01,44.1169,44.1221,43.8269,43.8691,1795500
2006-05-02,43.9007,44.0483,43.9007,43.9851,1097900
2006-05-03,43.9850,43.9903,43.7319,43.8901,1114000
2006-05-04,43.9640,43.9745,43.8163,43.8163,977800
2006-05-05,44.2908,44.3330,44.0219,44.0799,1685900
2006-05-08,44.1538,44.1696,44.0430,44.1063,666400
2006-05-09,44.0536,44.1221,43.9376,44.0799,341300
2006-05-10,44.1854,44.3014,43.9481,44.1591,1320200
2006-05-11,44.0061,44.0061,43.8111,43.9429,1189800
2006-05-12,43.6634,43.7689,43.5316,43.5791,1804700
2006-05-15,43.5790,43.8849,43.5790,43.7530,1433500
2006-05-16,43.8057,44.1010,43.8057,44.0799,1677600
2006-05-17,43.7162,43.8058,43.6160,43.8058,1440800
2006-05-18,44.0536,44.4121,44.0430,44.4016,2177700
2006-05-19,44.3542,44.7443,44.3331,44.5176,2619500
2006-05-22,44.7338,44.8972,44.5440,44.6125,2652000
2006-05-23,44.3172,44.5861,44.3067,44.5861,1394900
2006-05-24,44.7180,44.8182,44.5703,44.6073,1226300
2006-05-25,44.6705,44.6758,44.3911,44.4332,678000
2006-05-26,44.4174,44.5545,44.4016,44.4016,398400
2006-05-30,44.3910,44.4490,44.2961,44.3805,482200
2006-05-31,44.4701,44.5176,44.0694,44.1169,880700
2006-06-01,44.1497,44.3826,44.1232,44.3138,1561100
2006-06-02,44.8484,44.9384,44.7320,44.8855,2041900
2006-06-05,44.8961,44.9014,44.7373,44.8273,1102900
2006-06-06,44.8167,45.0919,44.7796,45.0390,2188000
2006-06-07,44.8538,45.0496,44.8114,45.0496,1324100
2006-06-08,45.1237,45.4096,45.0549,45.1396,3496700
2006-06-09,45.1820,45.4308,45.1820,45.3778,657200
2006-06-12,45.3567,45.4149,45.2772,45.4149,528700
2006-06-13,45.4467,45.4943,45.2878,45.4467,1448300
2006-06-14,45.2614,45.2931,44.9490,44.9914,1439100
2006-06-15,44.8326,44.9120,44.6843,44.7320,1734600
2006-06-16,44.8379,44.8697,44.5626,44.6314,1184600
2006-06-19,44.5785,44.6208,44.4567,44.5679,1233700
2006-06-20,44.5361,44.5679,44.4038,44.4938,611400
2006-06-21,44.5997,44.5997,44.5044,44.5044,476000
2006-06-22,44.3826,44.4144,44.2344,44.2502,745500
2006-06-23,44.2661,44.3244,44.1232,44.1603,675500
2006-06-26,44.1603,44.1868,44.0015,44.0756,526100
2006-06-27,44.1391,44.3297,44.1391,44.2926,429100
2006-06-28,44.2714,44.2714,44.0385,44.0597,381300
2006-06-29,44.2450,44.3720,44.1285,44.2079,1609300
2006-06-30,44.2026,44.6791,44.2026,44.6367,1219000
2006-07-03,44.5873,44.6192,44.4970,44.5926,716800
2006-07-05,44.3216,44.3322,44.0824,44.2365,1289200
2006-07-06,44.2844,44.5288,44.2844,44.5076,451400
2006-07-07,44.7467,44.8849,44.6829,44.7945,1356900
2006-07-10,44.7361,44.8530,44.6670,44.8371,480400
2006-07-11,44.9540,45.0975,44.9487,44.9805,423800
2006-07-12,44.8158,45.0762,44.7839,44.9912,641000
2006-07-13,45.0124,45.1984,45.0018,45.1665,1347400
2006-07-14,45.0762,45.2569,45.0762,45.1931,1343900
2006-07-17,45.1559,45.2729,45.0922,45.2622,514100
2006-07-18,45.0124,45.0390,44.8530,44.8742,621000
2006-07-19,44.8158,45.3313,44.7680,45.2994,1267400
2006-07-20,45.1560,45.5067,45.1560,45.4323,1320200
2006-07-21,45.4907,45.5279,45.2781,45.3472,652100
2006-07-24,45.3898,45.4429,45.2835,45.3207,393900
2006-07-25,45.2941,45.3738,45.1187,45.1878,948200
2006-07-26,45.1240,45.3685,45.1028,45.3526,717100
2006-07-27,45.4269,45.4269,45.2356,45.2834,295500
2006-07-28,45.5173,45.6449,45.4907,45.5439,769800
2006-07-31,45.5013,45.6023,45.4641,45.6023,375100
2006-08-01,45.5234,45.6194,45.3740,45.5981,577800
2006-08-02,45.5500,45.7688,45.4593,45.7688,477400
2006-08-03,45.6887,45.9075,45.6300,45.7794,500500
2006-08-04,46.0996,46.1423,46.0409,46.0569,1246000
2006-08-07,46.0622,46.0942,45.9822,46.0836,1127600
2006-08-08,46.0889,46.1903,45.9342,45.9822,844400
2006-08-09,45.7528,45.8968,45.7314,45.8328,372400
2006-08-10,45.8061,45.8061,45.5927,45.7635,539000
2006-08-11,45.6034,45.6354,45.5447,45.5661,450800
2006-08-14,45.5394,45.5500,45.4540,45.4860,662300
2006-08-15,45.7688,45.9342,45.7688,45.8702,1093800
2006-08-16,46.1903,46.2277,46.1316,46.1797,838900
2006-08-17,46.2970,46.2970,46.1103,46.1636,922300
2006-08-18,46.2703,46.3717,46.2330,46.2970,1050700
2006-08-21,46.3611,46.4624,46.3504,46.4624,676400
2006-08-22,46.4197,46.5424,46.4037,46.4784,749300
2006-08-23,46.4518,46.5478,46.3450,46.4998,801700
2006-08-24,46.6385,46.6545,46.5478,46.5851,1206700
2006-08-25,46.5478,46.7345,46.5264,46.6545,569000
2006-08-28,46.6385,46.6972,46.5478,46.6972,582300
2006-08-29,46.5531,46.7612,46.4091,46.7612,1345600
2006-08-30,46.8626,46.8839,46.7719,46.8839,1180500
2006-08-31,46.8146,47.0600,46.8146,46.9960,1272400
2006-09-01,46.9371,47.0871,46.8567,47.0121,893400
2006-09-05,46.8781,46.9478,46.6906,46.7174,2271300
2006-09-06,46.5460,46.6531,46.4549,46.6531,1853400
2006-09-07,46.5674,46.7764,46.4657,46.7442,1716100
2006-09-08,46.8674,46.9263,46.7817,46.7817,540300
2006-09-11,46.8674,46.8674,46.5781,46.7389,557600
2006-09-12,46.6853,46.9853,46.6049,46.9746,820800
2006-09-13,47.1567,47.1567,46.9585,46.9960,797000
2006-09-14,46.9531,47.0710,46.8299,46.8888,672800
2006-09-15,47.0120,47.1138,46.8460,46.8513,1047200
2006-09-18,46.5888,46.8085,46.5888,46.7763,871400
2006-09-19,47.0656,47.3013,47.0549,47.3013,1229600
2006-09-20,47.3442,47.3978,47.2156,47.3710,827400
2006-09-21,47.3281,47.8263,47.3281,47.8049,1698600
2006-09-22,47.8477,48.0513,47.8477,48.0406,1428600
2006-09-25,48.1263,48.3780,48.1102,48.3780,2607600
2006-09-26,48.2120,48.2655,48.1156,48.1745,2200000
2006-09-27,48.3459,48.3620,48.0138,48.0352,1165400
2006-09-28,47.9067,47.9924,47.8210,47.9549,1796800
2006-09-29,48.0459,48.0673,47.7245,47.8959,1398000
2006-10-02,47.9196,48.1078,47.8497,48.0272,1211900
2006-10-03,48.0809,48.1024,47.9465,47.9626,854900
2006-10-04,48.0433,48.3229,48.0433,48.3122,1155500
2006-10-05,48.1562,48.1562,47.8389,47.9734,1241600
2006-10-06,47.9142,47.9196,47.4463,47.4732,2472400
2006-10-09,47.3818,47.6507,47.3334,47.6023,834900
2006-10-10,47.3011,47.3871,47.1290,47.2258,1398700
2006-10-11,47.3011,47.3441,47.0161,47.0860,1521600
2006-10-12,47.1290,47.2043,47.0483,47.1129,586400
2006-10-13,46.9461,46.9838,46.8493,46.8762,1414100
2006-10-16,47.0053,47.0914,46.9892,47.0860,897600
2006-10-17,47.2634,47.3549,47.0644,47.1236,730800
2006-10-18,47.1613,47.2635,47.0860,47.2204,499600
2006-10-19,47.1075,47.1989,46.9838,47.1344,797300
2006-10-20,47.1183,47.1667,47.0860,47.0860,280700
2006-10-23,46.8709,46.9032,46.7257,46.8978,1200600
2006-10-24,46.8817,46.9247,46.8709,46.8978,243400
2006-10-25,46.9354,47.3119,46.9139,47.2688,558400
2006-10-26,47.4087,47.6077,47.4087,47.5754,1558300
2006-10-27,47.8766,47.8927,47.7045,47.7959,1601500
2006-10-30,47.8067,47.9304,47.7798,47.9304,901200
2006-10-31,48.0002,48.3337,47.9411,48.3014,964600
2006-11-01,48.3797,48.6550,48.2933,48.5687,1440100
2006-11-02,48.3905,48.4661,48.3096,48.3689,853300
2006-11-03,47.8722,47.9640,47.6725,47.7966,1534100
2006-11-06,47.6995,47.9370,47.6995,47.9370,528000
2006-11-07,48.2016,48.3257,48.1152,48.1584,525900
2006-11-08,48.1800,48.3312,48.0990,48.3312,706300
2006-11-09,48.3042,48.3689,48.2556,48.3042,729600
2006-11-10,48.4013,48.6119,48.4013,48.5147,738100
2006-11-13,48.5039,48.5039,48.3041,48.5039,462400
2006-11-14,48.7739,48.8009,48.6551,48.6929,916400
2006-11-15,48.6173,48.6173,48.4499,48.5093,1803200
2006-11-16,48.5903,48.6173,48.2015,48.2879,1494400
2006-11-17,48.3528,48.7091,48.3258,48.5633,1752000
2006-11-20,48.5903,48.6551,48.5147,48.6389,857200
2006-11-21,48.6659,48.8008,48.5687,48.7576,605100
2006-11-22,48.7847,48.8656,48.7361,48.8386,770300
2006-11-24,48.9952,49.0762,48.9251,48.9251,533400
2006-11-27,48.7145,49.1032,48.6551,49.1032,784500
2006-11-28,49.2598,49.2652,49.0006,49.2058,1466300
2006-11-29,49.2922,49.3245,49.0816,49.0924,1206400
2006-11-30,49.2759,49.4703,49.2057,49.4163,1428600
2006-12-01,49.4662,49.7480,49.3957,49.5420,1156000
2006-12-04,49.4770,49.6504,49.4336,49.6287,460700
2006-12-05,49.5096,49.5963,49.3145,49.3958,1833700
2006-12-06,49.3307,49.4120,49.2549,49.2982,936100
2006-12-07,49.3090,49.3632,49.1790,49.2603,739200
2006-12-08,49.2331,49.2982,48.8755,48.9026,2090300
2006-12-11,49.1139,49.1736,49.0489,49.1139,727700
2006-12-12,49.1681,49.2982,49.0164,49.2169,802800
2006-12-13,48.9405,48.9622,48.6750,48.7779,1217900
2006-12-14,48.6750,48.7183,48.5558,48.5991,687600
2006-12-15,49.0868,49.1302,48.5558,48.6262,1162100
2006-12-18,48.6208,48.6858,48.5503,48.6425,441400
2006-12-19,48.5070,48.6696,48.5070,48.5774,930700
2006-12-20,48.5829,48.5991,48.5287,48.5720,336800
2006-12-21,48.6154,48.8755,48.5558,48.8159,770700
2006-12-22,48.6804,48.6912,48.3444,48.4420,1433200
2006-12-26,48.4745,48.6046,48.4257,48.5883,496200
2006-12-27,48.5464,48.5736,48.2310,48.2310,840700
2006-12-28,48.3398,48.3724,47.8830,48.1223,1080200
2006-12-29,48.0407,48.1495,47.9646,48.0842,775500
2007-01-03,48.5138,48.6443,48.2093,48.4268,1870400
2007-01-04,48.5138,48.7476,48.5138,48.7204,1697000
2007-01-05,48.2854,48.6116,48.2582,48.5083,1298400
2007-01-08,48.4594,48.5953,48.4213,48.5953,414200
2007-01-09,48.6551,48.6551,48.5138,48.5953,481500
2007-01-10,48.4322,48.4648,48.3289,48.3778,519600
2007-01-11,48.2800,48.2854,47.9918,48.0951,1293500
2007-01-12,47.9320,48.3072,47.7960,47.8722,846300
2007-01-16,47.9755,47.9809,47.8667,47.9755,702800
2007-01-17,47.9646,47.9972,47.7526,47.8287,724200
2007-01-18,47.8178,48.0027,47.7308,47.9755,918300
2007-01-19,47.9320,47.9320,47.7797,47.8450,882500
2007-01-22,47.9320,48.0298,47.9156,47.9591,432000
2007-01-23,47.8613,47.8776,47.6166,47.6438,1096800
2007-01-24,47.6655,47.6873,47.5785,47.6383,463700
2007-01-25,47.5513,47.5622,47.2414,47.2958,1397000
2007-01-26,47.1870,47.3501,47.1163,47.2577,1576800
2007-01-29,47.3393,47.3610,47.0892,47.1544,1015300
2007-01-30,47.2468,47.2577,47.1761,47.2088,1295100
2007-01-31,47.1435,47.6384,47.1435,47.6057,2078000
2007-02-01,47.8542,47.9142,47.4993,47.5484,986200
2007-02-02,47.5429,47.7122,47.5429,47.6084,814700
2007-02-05,47.7176,47.7504,47.5866,47.6739,395500
2007-02-06,47.6084,47.9524,47.5866,47.9360,770500
2007-02-07,47.9906,48.1107,47.9579,48.0780,836200
2007-02-08,48.0398,48.2145,47.9961,48.1162,980200
2007-02-09,47.9851,48.0015,47.7995,47.8432,878300
2007-02-12,47.7668,47.8542,47.6795,47.7341,467600
2007-02-13,47.7668,47.7668,47.6084,47.6303,1310600
2007-02-14,47.7832,48.1490,47.7832,48.0834,2262500
2007-02-15,48.3345,48.3618,48.2254,48.2254,893800
2007-02-16,48.3674,48.4383,48.3073,48.3947,1476700
2007-02-20,48.3182,48.5093,48.3182,48.5038,847400
2007-02-21,48.3346,48.4274,48.3073,48.4219,379800
2007-02-22,48.2691,48.2909,48.0944,48.1599,485200
2007-02-23,48.3346,48.5584,48.3127,48.5038,735700
2007-02-26,48.6731,48.8314,48.6512,48.8259,763400
2007-02-27,48.9952,49.8251,48.9188,49.4429,3243200
2007-02-28,49.2245,49.3937,49.0771,49.2190,1701900
2007-03-01,49.4783,49.5605,49.1330,49.1878,2423900
2007-03-02,49.3029,49.5879,49.1440,49.4345,1619800
2007-03-05,49.5879,49.5988,49.3577,49.5166,1505200
2007-03-06,49.3577,49.5221,49.3193,49.3686,837400
2007-03-07,49.3687,49.5988,49.3138,49.5605,915400
2007-03-08,49.4838,49.5550,49.3851,49.5166,574700
2007-03-09,48.9851,49.2700,48.8809,48.9960,1534700
2007-03-12,49.1769,49.3139,49.1495,49.1878,594400
2007-03-13,49.4509,49.5112,49.3139,49.4838,553800
2007-03-14,49.4071,49.6208,49.2372,49.2591,1698100
2007-03-15,49.1933,49.3029,49.1439,49.2535,394900
2007-03-16,49.1440,49.2810,49.1330,49.2426,623800
2007-03-19,49.0947,49.1604,49.0618,49.1385,693900
2007-03-20,49.2755,49.2975,49.1550,49.1659,768400
2007-03-21,48.9850,49.3742,48.6069,49.1878,1513400
2007-03-22,49.0398,49.0398,48.6836,48.7987,1484300
2007-03-23,48.8809,48.8864,48.6562,48.6617,1679700
2007-03-26,48.5685,48.9248,48.5028,48.7220,763600
2007-03-27,48.5795,48.6727,48.5357,48.6398,619800
2007-03-28,48.7274,48.8371,48.4534,48.5411,816900
2007-03-29,48.5247,48.5959,48.4041,48.4753,823000
2007-03-30,48.5849,48.7329,48.3493,48.3822,2015100
2007-04-02,48.4680,48.5285,48.4130,48.4625,579600
2007-04-03,48.4185,48.5010,48.3965,48.4020,617000
2007-04-04,48.5010,48.5945,48.3525,48.4515,576900
2007-04-05,48.4625,48.4735,48.2480,48.2700,436400
2007-04-09,48.0114,48.0279,47.9289,47.9509,1283900
2007-04-10,48.0719,48.1600,48.0279,48.0939,674400
2007-04-11,48.1159,48.1764,48.0114,48.0609,476200
2007-04-12,48.1324,48.1709,48.0114,48.0719,495100
2007-04-13,48.0829,48.1159,47.8629,47.9234,557800
2007-04-16,48.0774,48.2315,48.0774,48.1875,833600
2007-04-17,48.3470,48.4955,48.3195,48.4570,1254200
2007-04-18,48.6110,48.7155,48.6055,48.6990,450800
2007-04-19,48.7705,48.7980,48.5175,48.6165,1305900
2007-04-20,48.6550,48.6550,48.4405,48.4900,664500
2007-04-23,48.4845,48.7321,48.4295,48.6661,419000
2007-04-24,48.6550,48.8586,48.6550,48.8476,881300
2007-04-25,48.7210,48.8420,48.4680,48.6770,569000
2007-04-26,48.6440,48.6440,48.3250,48.3250,2048400
2007-04-27,48.4130,48.4350,48.2865,48.3140,428700
2007-04-30,48.5890,48.8200,48.5450,48.8200,485700
2007-05-01,48.9050,48.9382,48.6456,48.8554,487200
2007-05-02,48.8278,48.8499,48.7450,48.8278,443900
2007-05-03,48.7892,48.7892,48.5904,48.7174,427000
2007-05-04,48.8719,48.9382,48.8609,48.9161,262000
2007-05-07,48.9713,49.0541,48.9548,49.0486,210200
2007-05-08,49.1425,49.1425,48.9382,48.9382,488400
2007-05-09,48.9437,48.9492,48.7284,48.7449,634900
2007-05-10,48.8057,48.9106,48.7560,48.8609,519500
2007-05-11,48.9382,48.9713,48.6566,48.6898,1238400
2007-05-14,48.7118,48.7394,48.5627,48.5627,315200
2007-05-15,48.6897,48.7008,48.3971,48.5462,382400
2007-05-16,48.5076,48.5849,48.4910,48.5131,599500
2007-05-17,48.3640,48.4303,48.2591,48.3143,397000
2007-05-18,48.2260,48.3088,47.9665,47.9941,856500
2007-05-21,47.9941,48.1652,47.9389,48.1376,821100
2007-05-22,48.1321,48.1431,47.8560,47.8892,920200
2007-05-23,47.9444,47.9444,47.6518,47.7512,914500
2007-05-24,47.7346,47.8064,47.4586,47.7953,1598200
2007-05-25,47.7015,47.8174,47.6628,47.6849,754900
2007-05-29,47.7623,47.7954,47.3868,47.6794,1055700
2007-05-30,47.9168,47.9168,47.6960,47.7788,612000
2007-05-31,47.7898,47.8009,47.5028,47.6905,1725900
2007-06-01,47.6117,48.1328,47.4122,47.4399,1694300
2007-06-04,47.5729,47.6782,47.4842,47.6561,877700
2007-06-05,47.6062,47.6339,47.3235,47.3568,1145400
2007-06-06,47.3124,47.4122,47.2570,47.3346,1129200
2007-06-07,46.9078,46.9522,46.4090,46.4866,5010400
2007-06-08,46.3424,46.6251,46.2039,46.4478,5307600
2007-06-11,46.2760,46.4977,46.1485,46.3148,2043800
2007-06-12,45.9545,46.2371,45.5609,45.6441,9043900
2007-06-13,45.8381,46.4256,45.8104,46.1873,8751200
2007-06-14,46.0819,46.3979,46.0321,46.0709,3384700
2007-06-15,46.2371,46.4090,46.1152,46.3868,5827200
2007-06-18,46.3535,46.3646,45.5831,46.2926,17704600
2007-06-19,46.4588,46.8080,46.4034,46.7249,4620100
2007-06-20,46.5697,46.6030,46.3314,46.3480,3031700
2007-06-21,46.3037,46.3923,46.1208,46.1263,850400
2007-06-22,46.0321,46.4312,45.9767,46.4256,2118900
2007-06-25,46.6418,46.7526,46.5365,46.6806,1323500
2007-06-26,46.7194,46.7360,46.5420,46.6917,2187800
2007-06-27,46.8967,46.9688,46.6695,46.7360,6109300
2007-06-28,46.7360,46.8801,46.6584,46.7249,3612500
2007-06-29,47.0298,47.2792,46.9134,47.2071,1962200
2007-07-02,47.1882,47.4998,47.1882,47.4553,2811700
2007-07-03,47.4330,47.4831,47.1326,47.1659,1387500
2007-07-05,46.9100,46.9712,46.5817,46.6374,4586800
2007-07-06,46.4816,46.4871,46.3369,46.4482,1437800
2007-07-09,46.6652,46.6986,46.5595,46.6151,795400
2007-07-10,47.0046,47.4052,46.9768,47.4052,2258000
2007-07-11,47.2661,47.3440,46.9156,46.9156,1191300
2007-07-12,47.0435,47.0602,46.6652,46.7542,1941200
2007-07-13,46.9879,47.0435,46.7041,46.8822,725900
2007-07-16,47.0268,47.3551,47.0268,47.3329,952000
2007-07-17,47.2161,47.3440,47.0158,47.2327,734200
2007-07-18,47.2550,47.5944,47.1882,47.4107,1836800
2007-07-19,47.2383,47.4386,47.1826,47.3996,1021000
2007-07-20,47.5054,47.8948,47.4720,47.8281,1459900
2007-07-23,47.6778,47.8336,47.6778,47.7502,777900
2007-07-24,47.8559,47.9393,47.6945,47.9282,1351600
2007-07-25,47.8893,48.0673,47.8503,48.0228,881100
2007-07-26,48.2620,48.6627,48.2120,48.4234,2866400
2007-07-27,48.4346,48.7183,48.3233,48.5626,5367800
2007-07-30,48.5124,48.6070,48.3566,48.4234,1803900
2007-07-31,48.4790,48.8240,48.3789,48.7739,2467600
2007-08-01,48.7410,48.8974,48.6461,48.6684,2154700
2007-08-02,48.7131,48.8471,48.5902,48.7913,2079400
2007-08-03,48.7522,49.1153,48.7522,49.1153,1577600
2007-08-06,48.9867,48.9979,48.6907,48.7577,1298400
2007-08-07,48.8359,48.9923,48.5511,48.7186,1890800
2007-08-08,48.5343,48.5343,47.9590,48.1266,6453000
2007-08-09,48.4561,48.5176,47.8808,48.1936,2637500
2007-08-10,48.3109,48.4282,48.0260,48.0819,1496400
2007-08-13,47.9925,48.2606,47.9813,48.2215,1312600
2007-08-14,48.0484,48.4729,48.0428,48.3500,1314700
2007-08-15,48.4003,48.4561,48.1768,48.1768,1101700
2007-08-16,48.5232,48.9309,48.4617,48.6740,2410200
2007-08-17,48.2606,48.5455,48.0651,48.4785,2114400
2007-08-20,48.5734,48.7466,48.5008,48.5064,1048700
2007-08-21,48.6516,48.8248,48.6237,48.7410,1517200
2007-08-22,48.6237,48.7689,48.4896,48.6628,1137800
2007-08-23,48.6460,48.9756,48.6125,48.8304,1618800
2007-08-24,49.0259,49.1990,48.9086,49.0705,1614600
2007-08-27,49.3107,49.4225,49.2381,49.3275,1585400
2007-08-28,49.3945,49.5677,49.3107,49.4113,1298900
2007-08-29,49.4280,49.5844,49.2437,49.2772,2686700
2007-08-30,49.4951,49.6906,49.4169,49.6068,1806800
2007-08-31,49.4839,49.8246,49.4560,49.6459,2763200
2007-09-04,49.8209,49.9891,49.4675,49.6694,931000
2007-09-05,49.7816,50.1125,49.7592,50.0676,1271500
2007-09-06,50.0901,50.1911,49.8882,49.9387,1768400
2007-09-07,50.3369,50.7575,50.3032,50.6453,2852200
2007-09-10,50.7575,51.1893,50.7575,51.0379,2495200
2007-09-11,50.9706,51.1893,50.8697,50.9986,3925400
2007-09-12,50.9818,51.0042,50.7126,50.8079,4458300
2007-09-13,50.6453,50.6621,50.2415,50.3536,2020600
2007-09-14,50.8024,50.8080,50.2639,50.4266,1357200
2007-09-17,50.3761,50.6958,50.3424,50.6677,1285400
2007-09-18,50.3649,50.6117,49.9162,50.2864,3132800
2007-09-19,49.7535,49.9218,49.5628,49.8208,3854700
2007-09-20,49.4563,49.5180,48.8506,48.8786,5903200
2007-09-21,49.1198,49.4283,49.1198,49.2937,2217600
2007-09-24,49.3722,49.5124,49.3049,49.4339,1943600
2007-09-25,49.6358,49.7031,49.2600,49.2600,2513500
2007-09-26,49.1422,49.4282,49.0356,49.3049,2646400
2007-09-27,49.4899,49.7928,49.4395,49.6470,1802900
2007-09-28,50.0059,50.1013,49.4787,49.7591,1254700
2007-10-01,49.9365,50.0998,49.7901,50.0435,1399400
2007-10-02,49.9703,50.3194,49.9309,50.2012,887800
2007-10-03,50.2969,50.3532,49.9590,50.0547,1164600
2007-10-04,50.1167,50.2913,50.0604,50.2462,1128700
2007-10-05,49.7225,49.7957,49.3847,49.7057,2184700
2007-10-08,49.4185,49.8295,49.4185,49.6662,280100
2007-10-09,49.6381,49.7507,49.4241,49.6043,901000
2007-10-10,49.5368,49.7902,49.4298,49.6325,855500
2007-10-11,49.2778,49.5987,49.2384,49.5818,1533400
2007-10-12,49.2778,49.6494,49.2553,49.3397,1133900
2007-10-15,49.2552,49.3904,49.2102,49.3510,553300
2007-10-16,49.3510,49.5368,49.2890,49.3679,855500
2007-10-17,49.4185,50.0829,49.4185,49.9084,2377000
2007-10-18,50.1730,50.3025,50.1223,50.1842,1374100
2007-10-19,50.4658,51.0119,50.4545,50.9331,2561800
2007-10-22,51.0007,51.0401,50.7135,50.9388,1866500
2007-10-23,50.8205,50.9669,50.7304,50.8712,1046600
2007-10-24,51.0738,51.4567,50.9894,51.2484,2829300
2007-10-25,51.2709,51.3385,51.0682,51.0739,3062200
2007-10-26,50.8824,51.2372,50.8655,50.9556,1366500
2007-10-29,50.9556,51.2315,50.9444,51.1527,881000
2007-10-30,51.0851,51.2428,50.9106,51.1246,1439600
2007-10-31,50.9557,51.0683,50.5334,50.6629,2498500
2007-11-01,50.8744,51.4682,50.8744,51.3211,2563400
2007-11-02,51.1515,51.7679,51.0157,51.4851,1927700
2007-11-05,51.5530,51.6830,51.3494,51.4625,1021500
2007-11-06,51.2363,51.5473,51.1684,51.2137,575800
2007-11-07,51.2024,51.3268,51.0780,51.3042,1456100
2007-11-08,51.2646,51.4286,51.1402,51.2137,2179600
2007-11-09,51.4851,51.7962,51.4229,51.6491,887200
2007-11-12,52.0224,52.0224,51.6605,51.8358,460600
2007-11-13,51.7000,51.7396,51.5586,51.6434,1116600
2007-11-14,51.4343,51.7509,51.4173,51.7000,684400
2007-11-15,51.8075,52.3447,51.7396,52.1864,1312900
2007-11-16,52.1807,52.4239,52.1468,52.2599,1333800
2007-11-19,52.3334,52.8311,52.2599,52.5992,1343900
2007-11-20,52.6444,52.7575,52.4804,52.5426,1367800
2007-11-21,52.8198,52.9216,52.7293,52.8480,1297800
2007-11-23,52.8424,53.0460,52.7689,53.0064,437400
2007-11-26,53.2835,54.4937,53.2269,54.0526,4427000
2007-11-27,53.7020,53.8660,53.1534,53.5380,3100300
2007-11-28,53.4757,53.5493,53.0686,53.1760,2088100
2007-11-29,53.6228,53.9621,53.5323,53.6341,1594500
2007-11-30,53.0912,53.3796,53.0120,53.3739,1952100
2007-12-03,53.8032,53.9963,53.5307,53.7975,1272700
2007-12-04,53.8827,53.9736,53.4569,53.7919,1721200
2007-12-05,53.4966,53.6386,53.1219,53.1503,1866000
2007-12-06,52.9856,52.9970,52.5427,52.6847,2270200
2007-12-07,52.3383,52.4349,51.8841,52.0942,2171000
2007-12-10,52.0317,52.0601,51.5264,51.7819,2242500
2007-12-11,52.0828,52.9345,51.9977,52.7983,2892400
2007-12-12,51.9239,52.6052,51.8217,52.2532,2225400
2007-12-13,52.0147,52.1340,51.6116,51.6854,1222100
2007-12-14,51.5491,51.6229,51.3844,51.4469,1354900
2007-12-17,51.7081,51.9750,51.6286,51.9068,2046200
2007-12-18,52.0033,52.4065,51.9806,52.2418,1417100
2007-12-19,52.4632,53.1219,52.1680,52.9345,2252400
2007-12-20,52.9515,53.2979,52.8153,52.8210,1659400
2007-12-21,52.7471,52.7585,52.0431,52.0488,1767600
2007-12-24,51.7933,51.9352,51.7138,51.8046,550300
2007-12-26,51.6797,52.0260,51.2595,51.3504,674700
2007-12-27,51.8075,51.9672,51.5966,51.9102,468600
2007-12-28,52.2465,52.7767,52.1610,52.7197,1967800
2007-12-31,52.8907,53.1758,52.7881,53.0389,1647600
2008-01-02,53.1586,54.0023,53.1301,53.8028,2959600
2008-01-03,53.5862,53.8028,53.3981,53.7287,1256700
2008-01-04,53.8713,54.0366,53.7002,53.7401,2420200
2008-01-07,53.6888,54.0308,53.6033,53.9738,1315500
2008-01-08,53.8370,53.9909,53.5463,53.9111,1604800
2008-01-09,54.0365,54.3273,53.9396,54.0137,2203500
2008-01-10,54.0822,54.1278,53.1929,53.2841,2681800
2008-01-11,53.3125,53.7458,53.2441,53.7002,1872900
2008-01-14,53.7002,53.8997,53.5862,53.8997,906100
2008-01-15,54.2474,54.5154,54.1961,54.5040,1435300
2008-01-16,54.5439,54.6636,54.0023,54.1107,3505100
2008-01-17,54.1334,54.8916,54.1163,54.8118,2940500
2008-01-18,54.4698,54.5952,54.2817,54.4356,2676800
2008-01-22,54.9600,55.0797,54.3272,55.0170,5423500
2008-01-23,55.8551,55.9577,54.6579,54.8917,7636600
2008-01-24,54.4698,54.5838,53.7800,53.7914,5676700
2008-01-25,53.6945,54.7263,53.6603,54.6978,4371100
2008-01-28,54.5439,54.7263,54.3615,54.4926,1633500
2008-01-29,54.3159,54.3387,53.9168,54.1220,3100200
2008-01-30,53.9795,54.0251,53.3525,53.7686,3468000
2008-01-31,54.3273,54.4014,53.9454,54.1506,11441000
2008-02-01,54.3445,54.5733,54.0928,54.4761,4163700
2008-02-04,53.9955,54.1500,53.8468,53.9155,1729600
2008-02-05,54.5790,54.6934,54.2128,54.3273,2594600
2008-02-06,54.1328,54.2587,53.9784,54.1614,1339800
2008-02-07,54.0756,54.0756,52.6570,52.9945,5419700
2008-02-08,53.3434,53.6180,53.2519,53.6008,2832800
2008-02-11,53.9326,54.1729,53.6180,53.8239,2960200
2008-02-12,53.3834,53.5722,53.1775,53.5036,2897700
2008-02-13,53.1603,53.4406,52.8571,52.9372,3697500
2008-02-14,52.5139,52.6855,51.8618,52.1593,7505000
2008-02-15,52.4052,52.6684,52.3194,52.5597,3687800
2008-02-19,52.1364,52.4567,51.8503,52.0277,2911600
2008-02-20,51.8389,52.3881,51.8046,52.3881,2550100
2008-02-21,52.6741,53.1146,52.6569,52.9430,4197200
2008-02-22,52.9086,53.1146,52.5540,52.6398,1959700
2008-02-25,52.5997,52.7084,51.8561,52.1021,3460900
2008-02-26,52.0334,52.2508,51.9019,52.1192,2618900
2008-02-27,52.3023,52.3824,51.8332,52.1650,2494400
2008-02-28,52.8228,53.1089,52.7370,53.0917,3410900
2008-02-29,53.5722,54.0356,53.4979,53.9040,3822000
2008-03-03,53.7823,54.0866,53.5411,53.7651,2036900
2008-03-04,53.9373,54.0407,53.1277,53.2426,3401100
2008-03-05,53.4320,53.4320,52.5363,52.6052,3871200
2008-03-06,52.7200,53.0760,52.6339,52.8866,1342600
2008-03-07,53.5641,53.5986,52.6742,52.9555,3601300
2008-03-10,53.2311,54.0464,53.1737,53.7363,3579000
2008-03-11,53.3976,53.4148,52.9440,53.2770,3309200
2008-03-12,53.4722,54.3622,53.3804,54.3048,4752900
2008-03-13,54.5631,54.6550,53.5469,53.8799,5763500
2008-03-14,54.3277,55.0110,54.3277,54.5459,6174800
2008-03-17,54.8846,55.2980,54.7239,54.9650,3329300
2008-03-18,54.7182,55.2119,54.5172,54.7526,4022300
2008-03-19,54.6149,55.9642,54.6149,55.6598,5206400
2008-03-20,55.6942,56.1249,55.6196,55.7976,3905900
2008-03-24,55.3957,55.3957,54.6607,54.7182,5596200
2008-03-25,54.7641,55.0167,54.7067,54.9478,2038200
2008-03-26,54.9938,55.2349,54.6780,54.7182,1652000
2008-03-27,54.3392,54.7526,54.2818,54.3335,2405700
2008-03-28,54.5976,54.8675,54.4024,54.8617,1745500
2008-03-31,55.1833,55.3038,54.9306,55.0569,2546300
2008-04-01,54.6683,54.6914,54.0744,54.1609,3821800
2008-04-02,54.1955,54.6971,54.1955,54.2762,3794200
2008-04-03,54.4895,54.5875,54.2704,54.3973,2839100
2008-04-04,54.8759,55.1007,54.7721,54.8932,1745200
2008-04-07,54.5587,54.6510,54.1436,54.6048,2231800
2008-04-08,54.8817,54.9163,54.3512,54.4146,1305200
2008-04-09,54.5242,55.1469,54.5184,54.9797,2883600
2008-04-10,54.9566,55.0661,54.5299,54.7951,1846500
2008-04-11,55.1238,55.3083,55.0488,55.1642,1987700
2008-04-14,54.9739,55.1814,54.7720,54.8412,3195300
2008-04-15,54.4435,54.5357,54.1436,54.1609,2821600
2008-04-16,54.0859,54.2358,53.2959,53.6304,4691100
2008-04-17,53.6131,53.7284,53.1864,53.5381,2020000
2008-04-18,53.0480,53.5554,52.9442,53.4920,2199700
2008-04-21,53.2844,53.7860,53.2210,53.7053,2805800
2008-04-22,53.5727,54.0110,53.5727,53.8899,1799700
2008-04-23,53.6765,53.9879,53.3536,53.7111,1221100
2008-04-24,53.1979,53.3132,52.9384,53.2556,3213600
2008-04-25,53.1288,53.1922,52.7597,52.9442,1742000
2008-04-28,52.7770,53.2498,52.7078,53.1057,1883900
2008-04-29,53.2671,53.5439,53.1345,53.3075,1269100
2008-04-30,53.2902,53.7399,52.9615,53.6880,2827500
2008-05-01,54.0735,54.1950,53.4600,53.6915,3226500
2008-05-02,53.1128,53.4774,52.9739,53.0145,2730800
2008-05-05,53.1591,53.1649,52.7425,53.0145,1309300
2008-05-06,53.2459,53.2865,52.5399,52.6325,4037500
2008-05-07,52.5052,52.9103,52.4416,52.8582,3876200
2008-05-08,52.9161,53.3559,52.9045,53.3328,2829500
2008-05-09,53.6626,53.7436,53.3616,53.5295,2064300
2008-05-12,53.6800,53.9114,53.4427,53.4485,1947400
2008-05-13,53.1418,53.2691,52.8409,52.8640,2123300
2008-05-14,53.2402,53.2460,52.4994,52.8872,2600900
2008-05-15,52.7598,53.4311,52.7135,53.3674,2164300
2008-05-16,53.1707,53.7552,53.1129,53.1476,1902600
2008-05-19,53.3906,53.3906,52.8351,53.2170,1348200
2008-05-20,53.4948,53.5295,53.1823,53.4948,1466000
2008-05-21,53.2691,53.6279,53.1591,53.5063,1762100
2008-05-22,53.1997,53.1997,52.5689,52.8756,2855900
2008-05-23,53.1418,53.4138,53.0666,53.1071,1802000
2008-05-27,52.8813,52.9855,52.6499,52.7482,1985800
2008-05-28,52.3952,52.4647,52.1638,52.2795,3250700
2008-05-29,52.0886,52.1407,51.5851,51.9034,3302400
2008-05-30,52.1580,52.3374,52.1175,52.2448,2514600
2008-06-02,52.2605,52.6438,52.0514,52.4463,3076400
2008-06-03,52.3070,53.0911,52.1618,52.8239,2447700
2008-06-04,53.0794,53.0794,52.2140,52.3534,2813000
2008-06-05,52.1675,52.2895,51.9526,52.0398,2632200
2008-06-06,52.5276,52.9051,52.3940,52.7135,3864800
2008-06-09,52.5509,53.0794,52.3824,52.7135,1812000
2008-06-10,52.6496,52.6845,52.0979,52.3709,1935300
2008-06-11,52.3011,52.6903,52.1037,52.2489,2265400
2008-06-12,52.0165,52.0630,51.5867,51.7261,4413100
2008-06-13,51.6739,52.0050,51.5055,51.6158,1983600
2008-06-16,51.7552,51.7958,51.4706,51.6274,1756800
2008-06-17,51.7784,51.8481,51.4531,51.7319,1712200
2008-06-18,51.8597,52.2546,51.7435,52.1675,2590000
2008-06-19,51.9933,52.1268,51.7087,51.8597,1700500
2008-06-20,52.2373,52.3128,52.0921,52.1618,4580900
2008-06-23,52.3185,52.5218,52.1733,52.2721,1594100
2008-06-24,52.4928,52.7426,52.3534,52.6206,3118400
2008-06-25,52.6496,52.7135,52.1617,52.6438,3251600
2008-06-26,52.8529,53.1084,52.7309,52.9981,4052300
2008-06-27,53.2769,53.6892,53.1142,53.6195,4144800
2008-06-30,53.6718,53.9099,53.4802,53.6312,3743000
2008-07-01,54.0287,54.0753,53.4400,53.5041,3805100
2008-07-02,53.6032,53.8480,53.5507,53.7839,2413700
2008-07-03,53.4575,53.8014,53.3584,53.6673,1405100
2008-07-07,53.6673,54.2968,53.3817,53.9121,3528400
2008-07-08,53.9179,54.2910,53.8713,54.2618,2176600
2008-07-09,54.1744,54.5824,54.1627,54.5008,1582000
2008-07-10,54.4017,54.6523,54.1744,54.4950,2723600
2008-07-11,54.5125,54.6408,53.5449,53.7198,5466000
2008-07-14,53.8480,54.3610,53.7956,54.1919,4135400
2008-07-15,54.2502,54.4600,54.0345,54.1744,4541400
2008-07-16,53.6731,53.7664,53.1660,53.1952,3435900
2008-07-17,53.1951,53.3992,52.7871,52.9212,5899900
2008-07-18,52.9037,53.1602,52.6356,52.7230,3475200
2008-07-21,52.7230,52.9853,52.6064,52.9270,3657200
2008-07-22,52.8338,52.9037,52.4782,52.6647,2675200
2008-07-23,52.5889,52.6764,52.3150,52.5598,2871900
2008-07-24,52.6647,53.1893,52.6647,53.0727,2613300
2008-07-25,52.7813,52.9503,52.4607,52.5423,3765300
2008-07-28,53.0145,53.3176,52.8687,53.0727,1275900
2008-07-29,52.8454,53.0377,52.6414,52.8570,1349100
2008-07-30,52.5132,53.2126,52.4782,52.9095,1667500
2008-07-31,53.4633,53.6557,53.2010,53.4342,3898700
2008-08-01,53.2189,53.5640,53.1370,53.5523,1804800
2008-08-04,53.2890,53.6108,53.2422,53.4294,2029900
2008-08-05,53.4411,53.5874,53.0141,53.0316,2191200
2008-08-06,52.8912,52.8912,52.5461,52.8152,3139500
2008-08-07,53.0200,53.7629,52.9030,53.6752,2765600
2008-08-08,53.7570,53.8682,53.5523,53.8214,1035400
2008-08-11,53.6927,53.6927,53.0024,53.3066,3939400
2008-08-12,53.7103,53.8390,53.6459,53.8039,1315000
2008-08-13,53.9969,54.0262,53.5055,53.6166,1940300
2008-08-14,53.9736,54.1725,53.8624,53.9619,2605300
2008-08-15,54.2134,54.5234,54.1549,54.4298,1964900
2008-08-18,54.4532,54.7223,54.3830,54.6463,1262200
2008-08-19,54.6639,54.7165,54.3421,54.4357,1944700
2008-08-20,54.6288,54.8218,54.4942,54.5878,2500000
2008-08-21,54.7750,54.7750,54.2602,54.4884,2267000
2008-08-22,54.4708,54.5059,54.1958,54.4532,1990000
2008-08-25,55.0617,55.1845,54.9037,54.9973,2028300
2008-08-26,54.9681,55.1085,54.8218,55.0441,1270900
2008-08-27,54.6931,55.1611,54.6638,55.1377,1555300
2008-08-28,54.9388,55.2313,54.8101,55.1435,1886500
2008-08-29,55.0031,55.0851,54.7048,54.8978,1739100
2008-09-02,54.5925,55.4321,54.5103,55.4086,2916000
2008-09-03,55.3499,55.7140,55.3441,55.6435,2105000
2008-09-04,55.7786,56.1074,55.6670,56.0897,3049800
2008-09-05,56.3774,56.5477,56.0193,56.0604,4167800
2008-09-08,55.7199,56.2953,55.5202,56.2953,5426200
2008-09-09,56.2659,56.8824,56.0957,56.8531,3890200
2008-09-10,56.3539,56.7532,56.2600,56.5007,2407900
2008-09-11,56.8296,56.8707,56.3657,56.4714,3592000
2008-09-12,56.4890,56.5594,55.6317,55.7433,4138200
2008-09-15,56.5301,57.6398,56.4068,57.5517,5889900
2008-09-16,59.1311,59.2192,57.4871,57.5400,6684400
2008-09-17,58.0801,58.3502,57.3814,57.8277,4371300
2008-09-18,57.5106,57.8277,56.9059,56.9822,4188300
2008-09-19,55.1093,55.7904,55.0153,55.1739,7169200
2008-09-22,54.5632,55.1679,54.3694,55.1679,4726300
2008-09-23,54.9624,55.2501,54.6806,54.9566,2236000
2008-09-24,55.1738,55.6318,54.9565,55.1973,1014900
2008-09-25,55.5379,55.5379,54.6924,55.0858,1881200
2008-09-26,55.2325,55.6553,55.2325,55.4850,1992800
2008-09-29,55.8784,57.4989,55.8725,57.0997,4799800
2008-09-30,56.9764,57.1232,55.5437,55.7081,1358100
2008-10-01,56.5621,57.0686,55.9201,56.4089,1767800
2008-10-02,56.8742,57.0391,56.5798,56.8624,931900
2008-10-03,57.3512,57.5927,56.2381,57.3630,1903100
2008-10-06,58.1522,58.8118,58.0815,58.4055,2906200
2008-10-07,57.9049,58.6999,57.7046,58.2288,1972000
2008-10-08,58.7059,58.8590,56.9390,57.3925,3386300
2008-10-09,57.3454,57.5397,56.6681,56.9096,1785400
2008-10-10,56.8977,57.0744,56.2499,56.5090,2200000
2008-10-13,56.0144,56.5091,55.5138,55.7847,1532100
2008-10-14,55.5079,56.1027,55.3017,55.4254,2100000
2008-10-15,55.4313,55.9731,55.0190,55.9555,1449500
2008-10-16,55.9437,56.1086,55.4667,55.6669,1063200
2008-10-17,55.7670,55.8907,54.7834,55.2840,1691800
2008-10-20,55.0308,55.9142,54.9837,55.7258,1146800
2008-10-21,56.0025,56.5326,55.7964,56.0202,1243700
2008-10-22,56.6091,57.4160,56.4501,57.1569,1069800
2008-10-23,57.6869,58.2406,57.0214,57.5809,1802000
2008-10-24,58.1993,58.3348,56.8035,56.9684,1495400
2008-10-27,57.5809,57.8401,56.7093,57.0097,1534100
2008-10-28,56.6445,57.0686,56.0379,56.1793,1505500
2008-10-29,56.4030,56.5444,55.6138,55.8965,1745800
2008-10-30,55.6551,55.8318,55.2428,55.3901,1326000
2008-10-31,55.7376,55.9025,54.5656,54.6716,2282500
2008-11-03,54.8253,55.0559,54.6065,54.8194,1111600
2008-11-04,54.9672,56.0020,54.7484,55.8482,1608800
2008-11-05,56.1084,56.5696,55.8187,56.5105,1931700
2008-11-06,55.9370,56.2031,55.4699,56.1026,919700
2008-11-07,55.8897,55.8897,55.3161,55.7359,1277100
2008-11-10,55.4639,56.2326,55.3929,56.0079,1352100
2008-11-11,56.2976,56.6524,56.1498,56.1735,696000
2008-11-12,56.5164,56.8062,56.2681,56.5342,1199400
2008-11-13,56.1203,56.3213,55.1387,55.1801,1631900
2008-11-14,56.2385,56.4455,56.0493,56.2740,1059300
2008-11-17,56.5756,56.7825,56.3450,56.5224,490300
2008-11-18,56.9894,57.3561,56.7411,57.2496,924800
2008-11-19,57.6340,58.7575,57.4803,58.7161,2090400
2008-11-20,60.2061,61.7553,59.7804,61.7494,5459800
2008-11-21,61.0517,61.4834,59.9874,60.8566,3249300
2008-11-24,60.4013,60.4841,59.7213,59.9046,1587300
2008-11-25,61.4656,61.7731,60.7147,61.6667,2632700
2008-11-26,61.9209,62.4531,61.5484,61.7494,2577600
2008-11-28,62.2343,62.6600,62.0510,62.5122,986400
2008-12-01,63.9272,65.5054,63.5594,64.9061,4031600
2008-12-02,64.4077,65.4816,64.1882,65.1553,3289300
2008-12-03,65.4223,65.7427,64.4078,65.3392,2951000
2008-12-04,65.9325,66.7394,65.4816,66.6267,2825400
2008-12-05,66.4191,67.0420,65.5113,65.5469,4557600
2008-12-08,65.5468,66.0037,65.0781,65.4044,2119500
2008-12-09,65.6063,66.7632,65.4105,66.6979,2055500
2008-12-10,66.0749,66.5377,65.9266,66.5377,2414900
2008-12-11,66.5555,66.7038,65.7783,66.6682,2416900
2008-12-12,66.7691,66.7809,65.4638,66.6682,2547100
2008-12-15,66.6564,67.5997,66.4784,67.4276,1707700
2008-12-16,69.0948,69.3559,67.6175,69.0948,4015100
2008-12-17,71.6518,71.8654,70.7560,70.9696,6407500
2008-12-18,71.6340,73.0639,71.4620,72.4587,4442000
2008-12-19,72.0494,72.9690,71.9545,72.5359,2668500
2008-12-22,72.6130,72.6130,71.6281,71.9782,2221400
2008-12-23,71.2781,72.0849,71.1357,71.8832,1746400
2008-12-24,71.6282,71.9782,71.5629,71.7290,717200
2008-12-26,72.1384,72.3638,71.9070,71.9663,454400
2008-12-29,72.2848,72.6301,71.7967,71.8800,1416000
2008-12-30,71.7252,72.5764,71.4752,72.5645,2590500
2008-12-31,72.2729,72.6241,70.7490,71.0466,2738000
2009-01-02,71.4633,71.7014,69.2607,69.2607,3464200
2009-01-05,68.8143,69.1477,67.0285,67.4749,5395200
2009-01-06,66.4451,67.4213,66.0760,66.7963,4109300
2009-01-07,66.6475,67.0761,66.3141,67.0582,2565600
2009-01-08,67.0523,67.2189,66.6653,67.0046,2603600
2009-01-09,66.3498,67.4749,66.2367,67.1058,2727900
2009-01-12,66.4153,67.8916,66.4153,67.8023,2462800
2009-01-13,67.5642,67.9095,67.2427,67.8737,1767400
2009-01-14,68.2488,69.0763,68.2488,68.9929,2494800
2009-01-15,69.1715,69.6001,68.8024,69.1060,2827200
2009-01-16,67.5166,69.1060,67.4809,68.0405,2994800
2009-01-20,66.8439,68.2369,66.8082,68.0285,3268300
2009-01-21,66.6296,67.2904,65.7188,65.8796,2838100
2009-01-22,65.8379,65.9391,64.2187,64.6116,4016600
2009-01-23,64.2426,64.4807,63.5104,64.1056,2676200
2009-01-26,63.9509,64.1830,63.2782,63.5461,2240900
2009-01-27,64.1711,65.2367,64.0699,65.0403,3420800
2009-01-28,65.0700,65.3676,62.9329,63.4151,4348100
2009-01-29,62.8377,63.2842,61.7067,61.9567,3724400
2009-01-30,62.2364,62.4269,61.5757,61.7602,2630000
2009-02-02,62.0915,63.0824,61.7155,62.9093,2700200
2009-02-03,62.2587,62.5751,61.3335,61.4111,2846400
2009-02-04,61.3334,61.4051,60.6589,61.1961,2305400
2009-02-05,61.6260,62.0080,61.0111,61.2499,2279500
2009-02-06,61.0350,61.3991,60.8261,61.0589,1667500
2009-02-09,60.7007,61.2857,60.3247,61.2558,2257300
2009-02-10,62.1452,62.6526,61.7512,62.5869,3782800
2009-02-11,63.1003,63.5719,62.9929,63.3988,2774200
2009-02-12,63.2614,63.3808,62.5213,62.8018,1818400
2009-02-13,62.0498,62.0498,61.0231,61.1305,2466800
2009-02-17,62.4079,63.0705,62.2885,63.0346,2813900
2009-02-18,63.3093,63.6077,62.2587,62.4975,2768600
2009-02-19,61.2976,62.1154,61.0230,61.4349,3219400
2009-02-20,62.2408,62.7720,61.6618,62.0319,4272000
2009-02-23,61.8408,62.6049,61.5842,62.6049,2688700
2009-02-24,63.0944,63.6794,62.5392,62.5392,4197100
2009-02-25,62.8197,62.9690,61.5005,61.8169,3908100
2009-02-26,61.4051,61.6379,60.8738,61.1663,2611100
2009-02-27,61.2260,61.4887,60.4142,60.8141,3267700
2009-03-02,61.1864,61.8209,61.1086,61.8209,3302000
2009-03-03,61.1924,61.9945,60.9410,61.4079,3084900
2009-03-04,60.7495,61.2044,60.5520,61.1266,3178400
2009-03-05,62.2639,63.1139,61.9167,62.8265,4562400
2009-03-06,62.4075,63.4311,62.3058,62.4075,3125900
2009-03-09,62.5572,62.5811,61.7251,62.0424,2070500
2009-03-10,61.3121,61.5037,60.7614,60.8512,2602600
2009-03-11,60.6298,61.5097,60.4143,61.5097,3101500
2009-03-12,61.4498,62.2339,61.2403,61.8030,3558900
2009-03-13,61.5037,62.1801,61.2523,61.4917,2504000
2009-03-16,60.3484,60.7255,60.1569,60.5220,3265600
2009-03-17,60.8871,61.2523,60.0910,60.1928,3076200
2009-03-18,60.5280,64.6881,60.3963,62.4734,8578800
2009-03-19,63.2216,63.2456,62.3836,62.5512,3650900
2009-03-20,62.6230,62.8505,62.1202,62.2040,3479700
2009-03-23,62.4255,62.5033,61.6354,61.6653,2097000
2009-03-24,61.1685,62.9462,61.0128,62.2519,5477100
2009-03-25,61.8269,62.0843,61.2403,61.4139,2549600
2009-03-26,61.3181,62.2878,61.1505,62.1262,2385300
2009-03-27,62.3416,62.8085,61.9885,62.5871,1853900
2009-03-30,63.1139,63.3713,62.2160,62.8265,2300100
2009-03-31,62.8745,63.3294,62.8505,63.2755,1094600
2009-04-01,63.7029,63.9670,63.3487,63.8529,2383400
2009-04-02,63.5648,63.6728,62.9345,63.0725,1766300
2009-04-03,62.9765,63.1266,61.6259,61.7819,3316800
2009-04-06,62.1542,62.1842,61.3618,61.5178,1418100
2009-04-07,61.5538,62.0161,61.5178,61.6739,1312600
2009-04-08,61.8720,62.3462,61.8000,62.2202,1007800
2009-04-09,61.5117,61.9380,61.2176,61.4397,1088800
2009-04-13,61.8059,62.1361,61.7879,62.0040,946600
2009-04-14,61.9800,62.5563,61.7879,62.3282,1336000
2009-04-15,62.5083,62.6104,61.7579,62.2202,1152500
2009-04-16,61.7399,62.1001,61.6979,61.7279,1055600
2009-04-17,61.5118,61.6559,60.8515,61.0496,2582800
2009-04-20,61.6079,62.0701,61.4998,61.9741,1714400
2009-04-21,62.4543,62.5563,61.3617,61.3617,909100
2009-04-22,61.4998,61.5658,60.6954,60.9896,2278100
2009-04-23,60.8395,61.0796,60.5934,60.9836,1688300
2009-04-24,60.5033,60.6174,60.0891,60.3713,2830000
2009-04-27,60.6714,60.7434,60.0651,60.6294,2294600
2009-04-28,60.9296,60.9776,59.4829,59.6390,2332500
2009-04-29,59.8310,60.0771,58.9186,59.1106,3752600
2009-04-30,58.8165,59.0446,58.4624,58.8766,2778100
2009-05-01,58.4773,58.5797,58.1462,58.4713,2772200
2009-05-04,58.6218,58.8988,58.2786,58.6640,2246700
2009-05-05,58.6821,58.9048,58.2606,58.5917,1369000
2009-05-06,58.4773,59.0071,58.4050,58.4532,2045900
2009-05-07,57.7668,58.2244,56.7974,57.0262,5755200
2009-05-08,57.2129,57.4357,56.9841,57.1647,2193400
2009-05-11,57.8331,58.0739,57.6765,57.9776,2167400
2009-05-12,57.9113,58.4171,57.6825,58.1883,2304800
2009-05-13,58.6219,58.9651,58.5496,58.8206,1917500
2009-05-14,58.7663,59.1577,58.5857,59.0493,1704600
2009-05-15,59.0072,59.0373,58.6820,59.0313,2306600
2009-05-18,59.0132,59.0734,58.0257,58.1161,2234700
2009-05-19,57.9173,58.0859,57.6283,57.8089,1624300
2009-05-20,57.7608,58.5014,57.7006,58.4171,2825700
2009-05-21,58.7362,58.7904,56.8095,56.9480,4771700
2009-05-22,56.4903,56.8938,56.2074,56.3157,4483400
2009-05-26,56.6288,56.6589,55.4668,55.4668,3633100
2009-05-27,55.5390,55.7437,54.4190,54.4853,7490200
2009-05-28,55.2560,55.3825,54.3288,55.2741,9824300
2009-05-29,55.2139,56.7372,55.1777,56.7011,4746700
2009-06-01,55.7799,55.8041,54.7107,55.0248,6987000
2009-06-02,55.3389,55.4356,54.8376,55.3208,5063600
2009-06-03,55.5503,55.9430,55.1698,55.8403,6727200
2009-06-04,55.2302,55.4054,54.5113,54.6865,5438600
2009-06-05,54.3120,54.9100,54.0945,54.2697,8439600
2009-06-08,54.6140,54.8073,54.0522,54.1308,4084000
2009-06-09,54.4811,54.5536,53.9133,54.1247,6046300
2009-06-10,53.6838,54.0221,52.8925,53.2730,12142000
2009-06-11,53.0132,54.0764,52.9709,53.8650,10692800
2009-06-12,54.0160,54.7590,54.0160,54.3482,6606800
2009-06-15,54.6926,55.0611,54.6564,54.8376,4518700
2009-06-16,54.9463,55.8342,54.8496,55.7920,5376000
2009-06-17,55.8463,56.3779,55.4778,55.4778,7197200
2009-06-18,55.1214,55.3207,54.4328,54.6381,6794000
2009-06-19,54.5657,55.3933,54.4932,55.3873,4750700
2009-06-22,55.8403,56.1242,55.6107,55.9248,3952300
2009-06-23,56.0396,56.6679,55.9249,56.5833,5356900
2009-06-24,56.5712,56.8249,55.9732,56.0155,6550400
2009-06-25,56.3114,57.0846,55.9792,57.0424,7140000
2009-06-26,57.1571,57.3263,56.9095,57.1390,4050400
2009-06-29,57.4290,57.6102,57.1330,57.2236,4334900
2009-06-30,56.8974,57.4531,56.6679,57.1269,3743700
2009-07-01,56.6137,57.0197,56.5046,57.0137,3379900
2009-07-02,57.1651,57.3348,56.9651,57.1470,2645100
2009-07-06,56.9954,57.1409,56.5955,57.0378,1886700
2009-07-07,56.7349,57.4984,56.7288,57.4196,2592400
2009-07-08,57.6439,58.6680,57.5045,58.4802,7912900
2009-07-09,57.7833,58.0136,57.2379,57.7833,5241400
2009-07-10,57.9469,58.3772,57.8318,58.3166,3981900
2009-07-13,58.3712,58.5408,57.9106,57.9894,2604300
2009-07-14,57.4257,57.6500,56.7834,57.0258,3629100
2009-07-15,56.1531,56.3591,55.5531,55.5592,4664200
2009-07-16,56.2440,56.4682,56.0561,56.1592,4225200
2009-07-17,55.6925,55.9713,55.2926,55.2926,3845700
2009-07-20,55.0563,56.0501,55.0260,55.5835,4436500
2009-07-21,55.4198,56.7834,55.3229,56.6925,3895300
2009-07-22,56.6016,56.6803,55.9713,56.1834,1986700
2009-07-23,56.2137,56.2379,54.8865,55.1532,3818800
2009-07-24,55.1471,55.4198,55.0077,55.4198,1765300
2009-07-27,54.6805,54.9411,54.5048,54.7836,2755900
2009-07-28,54.9775,55.6441,54.8017,55.2683,3324800
2009-07-29,55.8562,55.9289,55.1108,55.5714,2910200
2009-07-30,55.4744,56.4501,55.2865,56.3592,4040700
2009-07-31,56.8742,57.4863,56.5288,57.4560,5697000
2009-08-03,57.0413,57.0778,56.3117,56.5853,4029300
2009-08-04,56.9318,56.9866,55.7401,56.1353,3832200
2009-08-05,55.5212,56.3968,55.2537,55.2962,4458300
2009-08-06,55.2719,55.8738,54.9800,55.4847,3228500
2009-08-07,54.9800,55.2901,54.8584,55.0226,3543200
2009-08-10,55.0347,55.7218,54.9739,55.7097,3150100
2009-08-11,56.1779,56.4698,55.9347,56.3542,3677800
2009-08-12,56.5184,56.5914,55.3874,55.7523,4729200
2009-08-13,55.8192,56.6400,55.6367,56.5427,3922300
2009-08-14,56.7312,57.2785,56.6765,56.7616,4410400
2009-08-17,57.1265,57.6129,57.0778,57.6008,3569700
2009-08-18,57.5582,57.6251,57.1629,57.2663,2557900
2009-08-19,57.8683,57.9899,57.4062,57.7406,3518200
2009-08-20,57.9960,58.2940,57.6312,58.2149,3282700
2009-08-21,58.1541,58.2088,57.0049,57.0170,6258300
2009-08-24,56.8468,58.0507,56.8285,58.0507,4460200
2009-08-25,57.9899,58.4277,57.7102,58.3791,3359700
2009-08-26,58.4824,58.7074,58.3183,58.6466,3225800
2009-08-27,58.4825,58.7500,58.2088,58.4156,2514000
2009-08-28,58.0324,58.6830,57.9534,58.6830,2072500
2009-08-31,58.5919,58.8959,58.2271,58.7378,2899800
2009-09-01,58.4493,58.9129,58.0345,58.5957,3304200
2009-09-02,58.8519,59.5716,58.7055,59.4496,4345000
2009-09-03,59.0715,59.2423,58.8946,59.0837,2703800
2009-09-04,58.8275,58.9251,57.9857,58.0772,3643000
2009-09-08,57.6319,58.1747,57.5587,57.6685,2468900
2009-09-09,57.2720,57.6013,57.0463,57.6013,3182400
2009-09-10,57.9064,58.9921,57.8942,58.6628,4417300
2009-09-11,59.0593,59.5838,58.9251,58.9861,4826200
2009-09-14,58.5713,58.9678,58.3456,58.4005,2119500
2009-09-15,58.0650,58.4188,57.9918,58.1016,2187900
2009-09-16,58.1565,58.5286,57.7051,58.2053,3732300
2009-09-17,58.3700,59.0044,58.0528,58.9373,2832000
2009-09-18,58.6811,58.8824,58.3578,58.4127,2813300
2009-09-21,58.6201,58.8580,58.1687,58.5469,3050200
2009-09-22,58.3456,58.7848,58.2602,58.6689,2068000
2009-09-23,58.5225,58.9129,58.0711,58.8458,5712000
2009-09-24,58.8641,59.2239,58.6628,59.0165,4658400
2009-09-25,59.3886,59.8156,59.0287,59.7668,3854500
2009-09-28,59.9742,60.3463,59.8461,60.2914,4263300
2009-09-29,59.9743,60.4928,59.8706,60.2366,3123200
2009-09-30,60.1207,60.4683,59.9987,60.1817,2744800
2009-10-01,60.5531,61.2262,60.4552,61.0059,5754400
2009-10-02,61.3608,61.3791,60.5041,60.5837,4827700
2009-10-05,60.8651,60.9814,60.4368,60.5898,2910100
2009-10-06,60.4307,60.4551,59.9534,59.9901,3936200
2009-10-07,60.3756,60.7795,60.3328,60.6938,3591000
2009-10-08,61.0120,61.0426,59.7699,60.0574,5871600
2009-10-09,59.7332,59.7882,58.4359,58.6807,8135900
2009-10-12,58.7602,58.9438,58.4971,58.7725,1939700
2009-10-13,59.1212,59.2620,58.9010,59.0784,2886500
2009-10-14,58.4420,58.8030,58.0687,58.2033,5421000
2009-10-15,57.8669,58.3870,57.7445,57.9342,3736900
2009-10-16,58.2462,58.4542,57.9647,58.4053,3716800
2009-10-19,58.4910,58.8704,58.3625,58.8643,3163800
2009-10-20,59.3660,59.5067,59.0723,59.1824,2912400
2009-10-21,58.8398,58.8704,58.4421,58.8276,3355200
2009-10-22,58.3625,58.6378,58.3319,58.5399,2572200
2009-10-23,58.0566,58.3870,58.0504,58.0994,2996200
2009-10-26,57.7873,57.8302,57.2427,57.3468,4127400
2009-10-27,57.4997,58.1973,57.4691,58.1299,4476300
2009-10-28,58.2156,58.6194,58.1054,58.4053,4585400
2009-10-29,58.0198,58.1667,57.4875,57.7689,4645300
2009-10-30,58.1912,58.7480,58.0504,58.6073,5118000
2009-11-02,58.6306,58.6735,58.1947,58.3482,3463800
2009-11-03,58.4894,58.5385,57.7037,57.7651,4470700
2009-11-04,57.4642,57.7466,56.9670,57.2371,5349500
2009-11-05,57.0100,57.2371,56.9670,57.2371,2852000
2009-11-06,57.3230,57.3660,56.7583,57.2923,3381100
2009-11-09,57.2617,57.5195,57.1696,57.3599,1697800
2009-11-10,57.7343,57.7650,57.0345,57.2555,2549900
2009-11-11,57.4765,57.8019,57.3845,57.4949,1771100
2009-11-12,57.2371,57.4520,56.7522,57.3906,3431300
2009-11-13,57.5992,57.7404,57.3659,57.6545,1594200
2009-11-16,58.1026,58.5937,58.0228,58.3298,5175700
2009-11-17,58.3113,58.8086,58.2009,58.6428,3174400
2009-11-18,58.5876,58.6428,58.1579,58.2991,2413600
2009-11-19,58.4648,58.8209,58.2622,58.4034,2969800
2009-11-20,58.3174,58.5446,58.0658,58.3911,4136300
2009-11-23,58.0351,58.3789,57.9123,58.3175,3219300
2009-11-24,58.3850,58.7472,58.3114,58.6858,2895200
2009-11-25,58.6183,59.0726,58.2991,58.9559,2789300
2009-11-27,59.1769,59.2751,58.9866,59.1769,2249100
2009-11-30,59.0541,59.3795,58.9314,59.3181,3115800
2009-12-01,58.9714,59.0761,58.6204,58.6573,3979100
2009-12-02,58.6820,59.0946,58.4972,58.7066,2193900
2009-12-03,58.1524,58.4048,58.0353,58.0969,3947300
2009-12-04,57.4503,57.6720,57.2163,57.4811,6108100
2009-12-07,57.4380,57.7274,57.3271,57.5550,2774200
2009-12-08,57.9183,58.1154,57.4995,57.6412,2378600
2009-12-09,57.6966,57.9183,57.0747,57.3764,3494300
2009-12-10,57.0808,57.1485,56.6251,56.7174,4446300
2009-12-11,56.5573,56.8160,56.2310,56.7113,3053400
2009-12-14,56.8714,56.9638,56.6867,56.7791,2380400
2009-12-15,56.3911,56.6559,56.3418,56.5266,2993900
2009-12-16,56.6128,56.8098,56.2618,56.4588,3301600
2009-12-17,56.9638,57.4134,56.7729,57.3887,4428900
2009-12-18,57.3949,57.5796,57.0562,57.1424,3789500
2009-12-21,56.6928,56.7791,56.1263,56.1263,3524000
2009-12-22,55.9169,55.9601,55.6829,55.8123,3078800
2009-12-23,56.0154,56.2803,55.7322,55.8245,2336000
2009-12-24,55.6275,55.6459,55.2210,55.2456,1698900
2009-12-28,55.0917,55.1963,54.9931,55.0917,3170900
2009-12-29,55.1646,55.5540,55.1275,55.4551,2617000
2009-12-30,55.5725,55.9186,55.5354,55.8197,1919100
2009-12-31,55.4736,55.6899,55.0348,55.5539,3242400
2010-01-04,55.5231,55.6838,55.3624,55.5046,2829100
2010-01-05,55.6529,56.0113,55.6220,55.8630,2841600
2010-01-06,55.7270,55.7827,55.0781,55.1152,4099600
2010-01-07,55.1399,55.3995,55.0781,55.2079,2793200
2010-01-08,55.3191,55.3500,54.8556,55.1832,2910700
2010-01-11,54.9978,55.2264,54.8618,54.8803,2181300
2010-01-12,55.7208,55.8629,55.5230,55.8197,4321200
2010-01-13,55.5787,55.7950,55.1399,55.1708,4755000
2010-01-14,55.4303,55.9433,55.3376,55.9433,4188800
2010-01-15,56.2585,56.4439,56.2276,56.2894,4142800
2010-01-19,56.0669,56.3142,55.8815,56.1287,2496000
2010-01-20,56.4377,56.7158,56.4068,56.6973,2800500
2010-01-21,56.5799,57.0990,56.5243,56.9569,4363100
2010-01-22,56.9136,57.0496,56.7158,56.8580,3666900
2010-01-25,56.5737,56.8086,56.5428,56.5984,2419500
2010-01-26,56.8704,56.9260,56.4316,56.6170,3138100
2010-01-27,56.7035,56.9136,56.4687,56.5861,3325700
2010-01-28,56.3203,56.6726,56.2771,56.5552,3058200
2010-01-29,56.4934,57.0805,56.3945,57.0496,4930600
2010-02-01,56.8790,56.8914,56.4697,56.5317,3598500
2010-02-02,56.5503,56.7178,56.4635,56.6930,3047500
2010-02-03,56.3208,56.4201,55.9859,56.0355,5343700
2010-02-04,56.4325,56.9472,56.3766,56.9224,6095000
2010-02-05,56.6681,57.3194,56.5689,57.0465,6875800
2010-02-08,56.9783,57.1519,56.8418,57.1209,3386000
2010-02-09,56.8976,57.1953,56.5255,56.5503,4790000
2010-02-10,56.6372,56.8108,55.9425,56.0108,5068000
2010-02-11,55.9425,55.9921,55.4339,55.7068,5087500
2010-02-12,56.0107,56.0789,55.7874,55.9363,2833800
2010-02-16,55.6510,56.0914,55.6510,56.0418,2440900
2010-02-17,55.7689,55.8743,55.2479,55.4029,4368200
2010-02-18,55.4835,55.5083,54.8943,55.1796,5121800
2010-02-19,55.3471,55.5146,55.1362,55.4773,3502500
2010-02-22,55.2727,55.3967,55.1486,55.2479,3382600
2010-02-23,55.4091,56.1534,55.3843,56.1100,5474500
2010-02-24,56.1596,56.3643,55.9302,56.2465,4423200
2010-02-25,56.5503,56.6185,56.3767,56.5627,3707700
2010-02-26,56.7240,57.0961,56.6929,56.8542,4349100
2010-03-01,56.8231,56.9476,56.5929,56.8294,2415200
2010-03-02,56.5432,56.7920,56.4312,56.7547,2260600
2010-03-03,56.6240,56.6676,56.4311,56.6116,2156100
2010-03-04,56.5929,57.0409,56.5120,56.9102,2374700
2010-03-05,56.5121,56.5369,56.0703,56.1636,3823200
2010-03-08,55.9334,55.9769,55.8089,55.8712,2850400
2010-03-09,55.9832,55.9956,55.6223,55.8836,2573700
2010-03-10,55.6783,55.8090,55.4917,55.7405,3216200
2010-03-11,55.6161,56.0827,55.6036,55.9458,2621000
2010-03-12,55.8525,56.4000,55.8276,56.2943,3099100
2010-03-15,56.2134,56.2881,56.0268,56.2196,1936800
2010-03-16,56.3440,56.6738,56.3316,56.6675,3932600
2010-03-17,56.8107,56.9102,56.6614,56.9102,3481200
2010-03-18,56.8791,56.9164,56.6240,56.7235,2750300
2010-03-19,56.7796,56.9787,56.5369,56.7796,2976300
2010-03-22,56.8355,56.9226,56.7547,56.8418,2452300
2010-03-23,56.6614,56.8169,56.5618,56.5743,2910000
2010-03-24,55.8961,56.1512,55.4108,55.5414,8049300
2010-03-25,55.4544,55.5228,54.9815,55.1868,8268400
2010-03-26,55.0872,55.4481,55.0561,55.3423,4110700
2010-03-29,55.2366,55.2801,54.9442,55.1308,3245100
2010-03-30,55.0748,55.3423,54.9192,55.3050,3254600
2010-03-31,55.5103,55.6970,55.3423,55.6845,4263900
2010-04-01,55.4360,55.5984,55.2237,55.5484,2912400
2010-04-05,54.9426,55.0426,54.5867,54.6242,5652000
2010-04-06,54.8303,54.8615,54.5492,54.7116,3584600
2010-04-07,54.6117,55.5297,54.5180,55.4110,6389900
2010-04-08,55.5109,55.6608,55.2549,55.4360,3797600
2010-04-09,55.3361,55.6171,55.2112,55.5671,2311300
2010-04-12,55.6858,55.9293,55.6358,55.8606,2939600
2010-04-13,56.1354,56.1729,55.9044,56.0418,3090900
2010-04-14,56.0542,56.1229,55.6483,55.6483,3570100
2010-04-15,55.4860,55.8919,55.3798,55.7108,3698000
2010-04-16,55.8294,56.1978,55.7295,56.1166,8303900
2010-04-19,56.1229,56.2229,55.9044,55.9793,3211500
2010-04-20,56.1104,56.1979,55.9793,56.1791,2285000
2010-04-21,56.3728,56.7225,56.3665,56.6413,4162200
2010-04-22,56.7662,56.8848,56.4102,56.4727,2841400
2010-04-23,56.3353,56.4289,56.1229,56.2728,4776000
2010-04-26,56.5226,56.6100,56.1666,56.3352,4753900
2010-04-27,56.7349,57.4031,56.6413,57.1284,13199200
2010-04-28,56.9098,57.0472,56.5039,56.6413,8379500
2010-04-29,56.7412,56.9660,56.5288,56.8786,4067200
2010-04-30,57.0035,57.5592,56.8973,57.5343,6924800
2010-05-03,57.2899,57.6659,57.2022,57.4591,4211800
2010-05-04,58.1610,58.5746,58.0043,58.4931,11054800
2010-05-05,58.9443,59.4394,58.4994,58.8378,12219100
2010-05-06,59.0070,62.6667,58.7688,60.6551,19578200
2010-05-07,60.0848,61.4697,59.7025,59.8968,18740600
2010-05-10,58.3803,58.8691,58.3365,58.6561,10240100
2010-05-11,58.8941,58.9192,58.2737,58.5056,7729100
2010-05-12,58.3678,58.4430,58.0356,58.0607,5530800
2010-05-13,58.4430,58.6247,57.7787,58.4430,6849700
2010-05-14,58.9819,59.8467,58.9631,59.4582,9796500
2010-05-17,59.3579,59.9783,59.2012,59.2388,6302200
2010-05-18,59.4707,60.2666,59.3892,60.1475,9904100
2010-05-19,60.1224,60.7553,60.1161,60.3480,14121200
2010-05-20,61.3569,61.7705,61.1188,61.6201,17666900
2010-05-21,62.4223,62.5100,61.3256,61.6828,18670600
2010-05-24,61.8771,61.9585,61.3507,61.4697,7721100
2010-05-25,62.4474,62.5978,61.6640,61.7706,12952700
2010-05-26,61.5512,61.6640,61.0374,61.5951,12644800
2010-05-27,60.6801,60.7804,60.0848,60.1976,7653200
2010-05-28,60.4671,60.6488,60.1725,60.4733,5805500
2010-06-01,61.1373,61.1750,60.5211,60.8984,5536200
2010-06-02,60.9865,61.1122,60.2508,60.3199,5656400
2010-06-03,59.8672,60.3073,59.7980,59.8797,8499500
2010-06-04,60.9550,61.5901,60.8041,61.4895,7479600
2010-06-07,61.3197,61.9925,61.2002,61.9611,5288200
2010-06-08,61.5775,61.9422,61.4706,61.6530,5510800
2010-06-09,61.3700,61.6969,61.1247,61.5838,5598000
2010-06-10,61.1185,61.1751,60.4205,60.4834,6075100
2010-06-11,61.0493,61.5020,60.7475,61.2505,6266700
2010-06-14,60.5652,61.0179,60.5023,60.9361,5310400
2010-06-15,61.0619,61.1499,60.3954,60.6846,4920100
2010-06-16,61.1122,61.1311,60.6092,61.0305,4011100
2010-06-17,61.0871,61.7662,61.0368,61.5272,5650900
2010-06-18,61.5524,61.6907,61.3512,61.4266,4171700
2010-06-21,60.6531,61.3385,60.6217,61.2505,5740900
2010-06-22,61.4203,61.9988,61.2568,61.9799,5658900
2010-06-23,62.0051,62.6087,61.9799,62.4012,9137800
2010-06-24,62.4704,62.6213,61.8416,62.0302,6184600
2010-06-25,61.8227,62.4578,61.7221,62.2817,5148300
2010-06-28,62.6276,62.8791,62.5144,62.8665,5436000
2010-06-29,63.0803,63.5896,62.9797,63.5519,7334200
2010-06-30,63.7657,64.0046,63.3821,63.9795,7205700
2010-07-01,64.0615,64.7490,63.9416,64.0804,12893400
2010-07-02,63.7714,63.9795,63.1722,63.5695,6297600
2010-07-06,63.5947,64.1750,63.5379,64.0930,6620400
2010-07-07,63.9922,64.0237,63.2858,63.3425,5727800
2010-07-08,62.9577,63.1722,62.7875,62.9388,6260600
2010-07-09,62.6928,62.8442,62.5541,62.5793,4286000
2010-07-12,62.6487,62.9704,62.4658,62.5541,4062100
2010-07-13,62.3460,62.3712,61.9234,62.0180,5842500
2010-07-14,62.2639,62.7496,62.0558,62.6424,5417300
2010-07-15,62.9073,63.4434,62.8820,63.2668,6996100
2010-07-16,63.2668,63.7839,63.2415,63.5758,7512400
2010-07-19,63.4245,63.5443,63.0586,63.1848,4305800
2010-07-20,63.4938,63.6389,63.1848,63.2794,5076600
2010-07-21,63.3551,64.5093,63.3299,64.3517,7894200
2010-07-22,64.0236,64.0299,63.5884,63.6073,5759700
2010-07-23,63.5758,63.6831,62.8757,62.9325,6259100
2010-07-26,62.8379,62.9514,62.4406,62.8253,4856400
2010-07-27,62.3018,62.5541,62.1693,62.2198,5328000
2010-07-28,62.1188,62.5603,61.9801,62.4216,5507200
2010-07-29,61.8729,62.4531,61.7593,62.4027,6305500
2010-07-30,63.1974,63.4560,62.9767,63.3740,7683200
2010-08-02,62.7944,62.8514,62.4844,62.4844,5769200
2010-08-03,62.7691,63.0602,62.5983,62.8450,4363500
2010-08-04,62.9590,62.9653,62.3642,62.3642,3820400
2010-08-05,62.8577,62.9526,62.5413,62.6552,3704200
2010-08-06,63.1424,63.4082,62.9526,63.3386,6042400
2010-08-09,63.1108,63.2626,63.0285,63.1045,2578500
2010-08-10,63.3132,63.9144,62.9399,63.2373,11251000
2010-08-11,63.4714,64.1548,63.4714,64.0852,6778300
2010-08-12,64.2750,64.5028,63.8258,63.9270,7590100
2010-08-13,64.3003,64.8255,64.2117,64.7243,7843600
2010-08-16,65.9392,66.3694,65.8506,66.3441,7976200
2010-08-17,66.3441,66.3504,65.8063,65.9644,6756800
2010-08-18,66.4390,66.8503,66.1163,66.1416,7721600
2010-08-19,66.3062,67.4578,66.2112,67.1730,13128500
2010-08-20,67.3312,67.5970,66.9705,67.0971,7040300
2010-08-23,66.8503,67.1920,66.5972,67.1098,6360100
2010-08-24,67.7299,68.4196,67.4957,68.1854,9812100
2010-08-25,68.8436,69.1852,67.7489,67.9640,13299800
2010-08-26,68.0589,68.6474,67.8881,68.6031,7039900
2010-08-27,68.1918,68.5462,66.5656,66.6605,13514000
2010-08-30,67.2047,67.9577,66.9579,67.9387,5535300
2010-08-31,68.4765,68.7486,68.0969,68.6916,8397000
2010-09-01,67.9187,67.9377,66.6938,67.2713,12480700
2010-09-02,66.7637,66.8271,66.2559,66.5606,8167600
2010-09-03,65.1898,65.9640,65.1771,65.7355,9210700
2010-09-07,66.6938,67.1317,66.5161,67.0809,6018400
2010-09-08,66.6938,66.7700,66.2305,66.5478,6698400
2010-09-09,65.8117,65.9005,65.1389,65.2341,8588900
2010-09-10,64.8915,65.1770,64.6376,64.9359,6910300
2010-09-13,64.6059,65.3992,64.5869,65.2532,7054800
2010-09-14,65.3865,65.8878,65.3484,65.8815,5978100
2010-09-15,65.2088,65.5324,64.8216,64.9041,7919100
2010-09-16,64.4345,64.6186,64.0030,64.2632,17116200
2010-09-17,64.6249,64.8344,64.3013,64.5234,9203600
2010-09-20,64.8280,65.0184,64.5361,64.8978,5277800
2010-09-21,65.1580,66.0147,64.8978,65.7989,12664000
2010-09-22,66.3511,66.6811,65.9069,66.3892,8229400
2010-09-23,66.8969,66.9286,66.1544,66.5796,7412200
2010-09-24,65.9767,66.0719,65.6848,65.6848,8942500
2010-09-27,66.3384,66.9223,66.3067,66.8271,7061600
2010-09-28,66.8778,67.4744,66.8524,67.2840,8262900
2010-09-29,67.3792,67.4427,66.8588,67.0048,5507100
2010-09-30,66.8905,67.0111,66.0211,66.9603,10618400
2010-10-01,66.3947,66.9744,66.2355,66.6368,9368400
2010-10-04,66.6432,66.8406,66.5094,66.8088,4422700
2010-10-05,66.7132,66.7642,66.2036,66.4074,8491800
2010-10-06,66.8215,67.5859,66.7961,67.2420,6476100
2010-10-07,66.9935,67.1273,66.6750,66.6814,5780700
2010-10-08,66.8024,67.1782,66.3883,66.3883,6128700
2010-10-11,66.3183,66.5222,66.2100,66.4011,1474200
2010-10-12,66.5094,66.7324,65.7259,65.7450,6122400
2010-10-13,65.1972,65.6876,64.9997,65.6431,8168400
2010-10-14,65.7959,66.0252,64.6366,64.6621,10945000
2010-10-15,64.0824,64.3690,63.6301,63.8722,12694700
2010-10-18,64.4646,64.6239,64.1971,64.3882,5592200
2010-10-19,64.0696,65.0315,64.0505,64.7767,8017500
2010-10-20,64.5729,65.1526,64.4710,64.9169,5515800
2010-10-21,64.7767,64.9169,64.1397,64.1461,6836100
2010-10-22,63.9805,64.6366,63.9614,64.5793,4770700
2010-10-25,65.0506,65.1589,64.6876,64.7640,5632300
2010-10-26,64.2480,64.3754,63.7321,63.7639,8432000
2010-10-27,63.4964,63.8085,63.2033,63.2033,9245200
2010-10-28,63.4327,63.5919,63.1651,63.3753,8052600
2010-10-29,63.5856,63.9932,63.4582,63.9678,6753800
2010-11-01,64.4144,64.4208,63.5773,63.6923,5921000
2010-11-02,64.1971,64.5997,64.1716,64.5294,6537400
2010-11-03,65.0088,65.3538,62.8999,63.2131,25541800
2010-11-04,63.3728,63.8201,63.3153,63.7051,13246500
2010-11-05,62.8488,63.1364,62.6123,62.6123,12435000
2010-11-08,63.0022,63.2131,62.5101,62.8935,6795200
2010-11-09,62.9382,62.9574,61.4685,61.5068,15061700
2010-11-10,61.5707,61.8199,60.7080,61.5899,18540400
2010-11-11,61.6346,61.7497,61.4365,61.5580,3368100
2010-11-12,61.4813,61.8200,61.2257,61.2257,11739500
2010-11-15,60.9189,61.1681,59.9476,59.9476,14978700
2010-11-16,60.6505,61.5068,60.0626,61.4365,19901300
2010-11-17,61.2192,61.8327,60.9253,61.0978,9915600
2010-11-18,61.1426,61.3471,60.5802,61.3471,12424800
2010-11-19,61.4045,61.7241,61.2128,61.7241,8359500
2010-11-22,62.2225,62.3823,61.5004,61.9861,10413500
2010-11-23,62.4143,62.5932,62.1395,62.2928,9566900
2010-11-24,61.8647,61.9797,61.0787,61.1809,11467600
2010-11-26,61.8072,62.0628,61.6985,62.0308,4848900
2010-11-29,62.3439,62.5932,62.0436,62.5612,8950000
2010-11-30,63.3983,63.4367,62.6954,62.8871,11947600
2010-12-01,61.9765,62.2715,61.4892,61.4892,15441200
2010-12-02,61.5341,61.9060,61.2583,61.3289,9318700
2010-12-03,61.7393,61.7714,60.8223,60.8480,10194800
2010-12-06,61.2520,61.7201,61.1173,61.7072,7001800
2010-12-07,60.7390,60.8672,59.7386,60.3863,18533100
2010-12-08,60.0977,60.1490,59.0653,59.8028,19275900
2010-12-09,60.0208,60.4504,59.4629,60.0977,17477100
2010-12-10,59.8220,60.1875,59.7258,59.7322,7078500
2010-12-13,59.6681,60.2965,59.3538,59.9566,12399900
2010-12-14,59.2513,59.6488,58.6357,59.0845,23516400
2010-12-15,59.0461,59.1487,58.0136,58.3150,26084000
2010-12-16,58.3727,58.7254,58.0778,58.7190,17939000
2010-12-17,58.9178,60.1298,58.9050,59.7899,16849700
2010-12-20,60.1169,60.4247,59.4051,59.7258,13703500
2010-12-21,59.7194,60.1426,59.3090,60.1426,8985100
2010-12-22,59.9374,59.9887,59.5911,59.7130,6440900
2010-12-23,59.7514,59.7835,59.3346,59.5911,7091800
2010-12-27,59.4821,60.2003,59.1871,60.1233,5285900
2010-12-28,59.7952,59.8853,58.7528,58.9459,13972100
2010-12-29,59.0424,60.1748,58.8558,59.9432,13115400
2010-12-30,59.7630,60.0204,59.4606,59.8981,7029900
2010-12-31,60.1684,60.9341,60.1233,60.5609,8516000
2011-01-03,59.9689,60.6831,59.8081,60.1041,13799400
2011-01-04,60.1040,60.3357,59.7823,60.1748,10466900
2011-01-05,59.5121,59.6408,58.6756,58.8493,17568000
2011-01-06,58.9008,59.2740,58.6563,59.1067,9317500
2011-01-07,58.8815,59.6022,58.5727,59.4220,12694600
2011-01-10,59.5700,59.8338,59.3126,59.7437,8295200
2011-01-11,59.5121,59.5828,58.9973,59.4091,9495400
2011-01-12,59.0295,59.3062,58.8429,58.9459,9522900
2011-01-13,58.9523,59.6922,58.8429,59.4734,14502400
2011-01-14,59.6987,59.7759,59.0424,59.0938,8960700
2011-01-18,58.7400,59.0102,58.3796,58.8172,10663600
2011-01-19,58.8172,59.2419,58.7850,59.2419,8886900
2011-01-20,58.8751,58.9459,58.1609,58.4247,14203400
2011-01-21,58.3539,58.8880,58.2381,58.8880,9085600
2011-01-24,59.1131,59.1324,58.7978,58.9137,7700200
2011-01-25,59.1582,59.7759,58.7592,59.4734,13438100
2011-01-26,59.3384,59.3641,58.4826,58.5727,13322900
2011-01-27,58.5984,58.9716,58.3410,58.8365,10868700
2011-01-28,58.4311,59.3770,58.4054,59.1453,11993200
2011-01-31,58.9780,59.1839,58.5855,58.6949,8647600
2011-02-01,58.4689,58.6562,58.2042,58.4044,11508400
2011-02-02,58.6949,58.7595,58.0492,58.4172,13624600
2011-02-03,58.0879,58.4818,57.9265,57.9330,12785800
2011-02-04,57.7909,57.8877,57.3195,57.3453,17172200
2011-02-07,57.2744,57.6618,57.1904,57.6424,8554800
2011-02-08,57.6682,57.8168,57.0548,57.1129,10454200
2011-02-09,57.2679,57.8942,56.9127,57.6101,13078600
2011-02-10,57.4035,57.5585,56.9386,56.9451,10486800
2011-02-11,57.4875,57.8103,57.3002,57.7651,11333400
2011-02-14,57.6682,58.0686,57.6682,57.8038,8033500
2011-02-15,57.8297,58.0944,57.7070,58.0621,7298000
2011-02-16,58.0298,58.3204,57.6876,57.8748,8446300
2011-02-17,58.1267,58.2300,57.8942,57.9653,6732500
2011-02-18,57.7392,57.8232,57.5197,57.7844,6080700
2011-02-22,58.0557,58.7208,57.9265,58.6497,11905700
2011-02-23,58.8241,59.1147,58.5916,58.8628,14522600
2011-02-24,59.1663,59.4310,59.0436,59.2373,12110900
2011-02-25,59.2373,59.5860,59.1727,59.5860,6841700
2011-02-28,59.5989,59.7409,59.4568,59.6635,9682500
2011-03-01,59.2858,59.8559,59.2534,59.8364,8048700
2011-03-02,59.4931,59.5903,58.9101,58.9166,8526400
2011-03-03,58.6445,58.8065,58.2882,58.3401,10607600
2011-03-04,58.3659,58.8518,58.3012,58.8259,9316200
2011-03-07,58.3141,58.8583,58.2040,58.4502,7522300
2011-03-08,58.3724,58.5214,58.0744,58.0939,8498700
2011-03-09,58.3595,58.8323,58.2040,58.6574,8904800
2011-03-10,58.8648,59.6616,58.7158,59.6421,13385800
2011-03-11,59.6227,59.6486,59.1627,59.3053,8407600
2011-03-14,59.2599,59.5449,59.1562,59.2793,6765200
2011-03-15,60.1150,60.2769,59.8299,60.1668,14893800
2011-03-16,60.4842,61.5013,60.2964,60.8470,24294200
2011-03-17,60.4000,60.6397,60.0891,60.3806,10528500
2011-03-18,60.0826,60.5555,60.0437,60.5425,7260900
2011-03-21,60.3287,60.3611,59.9660,60.1862,10542900
2011-03-22,60.1215,60.4324,60.0761,60.3871,6904700
2011-03-23,60.7952,60.8146,60.1992,60.3093,8358000
2011-03-24,60.0891,60.1668,59.8494,59.8559,9477600
2011-03-25,60.1539,60.2186,59.6097,59.7069,6447200
2011-03-28,59.6745,60.0308,59.5968,59.7911,3996800
2011-03-29,59.5838,59.9206,59.3182,59.3311,6487200
2011-03-30,59.4154,59.8040,59.3117,59.8040,5048300
2011-03-31,60.0307,60.0631,59.3441,59.6809,9654300
2011-04-01,59.5223,60.0232,59.4702,59.9711,7860400
2011-04-04,59.9776,60.2248,59.9321,60.0362,4469100
2011-04-05,59.9516,60.0947,59.6328,59.7955,9951600
2011-04-06,59.6979,59.7109,58.8978,58.8978,9090900
2011-04-07,58.8912,59.0409,58.6310,58.7807,9265100
2011-04-08,58.5010,58.7547,58.4489,58.4685,7605700
2011-04-11,58.4359,58.6896,58.3188,58.5205,5734000
2011-04-12,58.9433,59.3531,58.9107,59.1514,7686500
2011-04-13,58.8978,59.5223,58.8327,59.5223,7959300
2011-04-14,59.5483,59.6979,59.3401,59.4767,7609600
2011-04-15,60.0166,60.3093,59.8930,60.2833,10222900
2011-04-18,59.8410,60.5631,59.4897,60.4199,12036700
2011-04-19,60.4069,60.6801,60.3419,60.6801,5295100
2011-04-20,60.5436,60.6672,60.2443,60.2899,6754100
2011-04-21,60.4264,60.6476,60.2118,60.2378,3365600
2011-04-25,60.2573,60.4785,60.1727,60.4655,3626900
2011-04-26,60.6737,61.0640,60.6152,61.0510,7506300
2011-04-27,60.7842,60.8688,60.3354,60.4264,8869300
2011-04-28,60.6411,60.8883,60.4785,60.8883,8110200
2011-04-29,60.8038,61.0966,60.7258,61.0770,5900000
2011-05-02,60.9659,61.2011,60.8679,61.1750,5285100
2011-05-03,61.3840,61.5212,61.1358,61.5212,6486600
2011-05-04,61.6127,61.8805,61.5865,61.7956,7406300
2011-05-05,62.0112,62.4750,61.9393,62.3836,9600000
2011-05-06,61.7433,62.3835,61.6388,62.1092,9451500
2011-05-09,61.9981,62.1941,61.9589,62.0438,3731200
2011-05-10,61.8675,61.9916,61.5996,61.5996,5458300
2011-05-11,61.6192,62.1222,61.5277,61.9524,6078700
2011-05-12,62.0308,62.1353,61.3514,61.5604,8015800
2011-05-13,61.8348,62.3836,61.7564,62.1157,8380000
2011-05-16,62.0830,62.5795,61.9066,62.4619,6053600
2011-05-17,62.7363,63.1087,62.7037,63.1022,9826900
2011-05-18,62.8932,62.9716,62.2464,62.2660,7707600
2011-05-19,61.7107,62.2725,61.7107,62.2399,8052400
2011-05-20,62.0765,62.3313,61.8806,62.2725,5602300
2011-05-23,62.5404,62.8409,62.4489,62.5730,6300000
2011-05-24,62.4816,62.8083,62.3640,62.8083,5549100
2011-05-25,62.8147,62.8997,62.4162,62.5142,5664500
2011-05-26,62.6972,63.0761,62.6449,63.0499,8307900
2011-05-27,62.8017,63.0499,62.6383,63.0238,5390600
2011-05-31,62.8343,63.2132,62.7755,63.1675,7003900
2011-06-01,63.5491,64.0737,63.5294,64.0212,12746400
2011-06-02,63.2672,63.5426,62.8016,62.8016,15738700
2011-06-03,63.3262,63.3393,62.6639,63.1622,10644100
2011-06-06,62.5984,62.9393,62.4279,62.6836,8776900
2011-06-07,62.4411,62.9853,62.3689,62.9722,7399200
2011-06-08,63.1163,63.4966,63.0573,63.4639,7401800
2011-06-09,63.6672,63.8180,62.9000,63.2082,9963000
2011-06-10,63.5426,63.8573,63.4704,63.6934,7710800
2011-06-13,63.4311,63.7918,63.3656,63.3721,5540000
2011-06-14,62.7754,62.8803,62.3755,62.4148,8672400
2011-06-15,62.5394,63.5623,62.5328,63.5492,12979100
2011-06-16,63.6672,63.9491,63.4705,63.8376,10961200
2011-06-17,63.5098,63.7000,63.3656,63.5360,9622900
2011-06-20,63.8179,63.8376,63.3327,63.6147,6613800
2011-06-21,63.4049,63.6213,63.1230,63.3328,7894900
2011-06-22,63.5754,63.6410,63.2148,63.3721,5503700
2011-06-23,63.7589,64.0868,63.6999,63.8573,8586800
2011-06-24,63.8376,64.0540,63.5885,63.5885,7960900
2011-06-27,63.5033,63.5164,62.6509,62.7164,9331300
2011-06-28,62.6050,62.7361,62.1066,62.2115,12634300
2011-06-29,62.2574,62.4214,61.6476,61.7985,11084900
2011-06-30,61.7853,61.8378,61.0706,61.7001,11555600
2011-07-01,61.9304,61.9962,61.4238,61.6014,6637200
2011-07-05,61.8712,61.9567,61.6409,61.7396,4615600
2011-07-06,61.9698,62.1409,61.7395,62.0554,5652700
2011-07-07,61.7330,61.9369,61.5488,61.8711,6823700
2011-07-08,62.3975,62.9041,62.3909,62.7462,12129300
2011-07-11,63.1870,63.6870,62.9962,63.6870,9760800
2011-07-12,64.0160,64.0226,63.5291,63.9041,9083900
2011-07-13,63.6278,64.1015,63.2330,64.0818,13112200
2011-07-14,63.5686,64.4108,63.1673,63.1673,11471500
2011-07-15,62.6936,63.2923,62.6607,63.2725,7086200
2011-07-18,63.2001,63.2725,62.6343,62.6606,8206500
2011-07-19,62.7133,63.9962,62.6146,63.9633,15249400
2011-07-20,63.6344,63.7133,63.0751,63.2067,9673300
2011-07-21,62.6607,63.0686,62.4370,62.7199,11099200
2011-07-22,62.9568,63.2199,62.8515,63.1936,4974500
2011-07-25,62.4831,63.1936,62.3910,62.5028,10869400
2011-07-26,62.7002,63.0752,62.6607,62.9304,7682800
2011-07-27,62.7265,63.0554,62.5686,62.9370,11224200
2011-07-28,63.2331,63.3646,62.9699,63.1738,7081600
2011-07-29,63.7463,64.8253,63.6739,64.4239,19582400
2011-08-01,64.2886,65.3117,64.2621,65.0741,14348200
2011-08-02,65.4966,67.0478,65.2787,67.0280,20850600
2011-08-03,67.0479,68.2691,66.9092,67.1601,21179700
2011-08-04,67.5826,69.6751,67.5099,69.5497,34076600
2011-08-05,68.2823,69.6421,67.5165,67.5429,41677700
2011-08-08,68.1107,69.8336,67.9588,69.6751,38259500
2011-08-09,69.3187,72.1968,67.9918,69.8864,39881400
2011-08-10,71.0482,71.9988,70.5927,71.9658,46221000
2011-08-11,70.8568,71.1670,68.1239,68.3351,37790100
2011-08-12,68.9424,69.7477,68.6981,69.6883,15590800
2011-08-15,69.2724,69.6289,68.9622,68.9820,10051700
2011-08-16,69.0876,70.3946,69.0678,70.1240,15993200
2011-08-17,70.1834,71.3584,69.8204,71.3518,15906600
2011-08-18,72.6720,74.0253,72.1373,72.8172,27274600
2011-08-19,73.0417,73.5434,72.7644,73.4047,15708400
2011-08-22,72.9163,73.4444,72.8701,73.2199,13157700
2011-08-23,72.4542,73.3849,72.1835,72.2099,16017800
2011-08-24,72.1439,72.2232,70.0712,70.1570,14621600
2011-08-25,70.4277,71.2264,70.2098,70.9162,10565900
2011-08-26,71.7479,72.1307,70.8501,71.6158,11504800
2011-08-29,70.4342,70.8963,70.3682,70.6257,6764300
2011-08-30,71.5763,72.0516,71.4574,71.7611,9508700
2011-08-31,71.8271,71.9261,70.6521,70.6521,12186000
2011-09-01,71.1566,72.1564,70.2363,72.1498,10686600
2011-09-02,73.7521,74.5400,73.2687,74.4936,16557100
2011-09-06,75.7583,76.0959,75.0763,75.2683,14016200
2011-09-07,74.3413,74.4009,73.6991,73.8315,11524300
2011-09-08,74.3546,74.5731,73.7190,74.4936,11480900
2011-09-09,74.5135,75.5994,74.2950,75.2882,11492700
2011-09-12,75.1955,75.6457,74.8843,75.3676,7602200
2011-09-13,75.0829,75.2087,74.2288,74.2950,9282400
2011-09-14,74.1361,75.0498,74.0368,74.9240,11948500
2011-09-15,74.1427,74.4804,73.7785,73.7785,8884000
2011-09-16,73.6991,74.5466,73.6594,74.3148,10053500
2011-09-19,75.6126,76.2681,75.5596,75.7318,13033500
2011-09-20,75.7252,76.0562,75.5133,76.0496,6360600
2011-09-21,75.8973,78.6517,75.6126,78.5656,18687100
2011-09-22,80.3864,82.0151,80.2672,81.5186,25041400
2011-09-23,81.5186,81.6775,80.0023,80.0023,15173800
2011-09-26,79.5323,79.8302,78.5126,78.7179,15110100
2011-09-27,77.3010,77.6651,76.9766,77.5129,13589600
2011-09-28,77.4003,77.5394,76.6455,77.4864,12642600
2011-09-29,77.8703,78.6715,77.5260,78.0226,12341800
2011-09-30,79.4660,80.0553,78.7841,79.9825,13546400
2011-10-03,80.9026,82.1837,80.3914,82.1837,15882000
2011-10-04,82.5554,82.9935,81.1017,81.1415,17301400
2011-10-05,80.7565,80.8362,80.0927,80.5574,14275000
2011-10-06,80.0794,80.3250,79.0704,79.0704,9681600
2011-10-07,78.1612,79.0241,77.5638,78.4864,11564600
2011-10-10,77.5437,77.6035,76.8667,77.3778,3567600
2011-10-11,77.8557,77.9022,76.9330,77.1189,7520200
2011-10-12,76.1365,76.4153,75.3267,75.9971,14033400
2011-10-13,76.3556,77.3645,76.3091,76.7538,11263300
2011-10-14,75.5922,76.0768,75.4130,75.6387,8411000
2011-10-17,75.8710,76.9795,75.8179,76.9464,9664000
2011-10-18,77.0923,77.5437,75.8709,76.4683,12495600
2011-10-19,76.0303,76.8268,75.7781,76.4418,6629300
2011-10-20,75.9772,76.7804,75.7183,75.8975,7832100
2011-10-21,75.5789,75.8046,75.0943,75.0943,9906300
2011-10-24,75.6254,75.7250,75.0413,75.2205,6344500
2011-10-25,75.2603,77.2318,75.2404,77.1322,11791200
2011-10-26,76.5945,77.1388,75.7183,75.7847,12747000
2011-10-27,74.6894,74.9085,72.8972,73.2158,19471400
2011-10-28,73.6141,74.3177,73.5212,73.9858,10127900
2011-10-31,75.4129,76.9197,75.3134,76.9197,15242100
2011-11-01,79.0022,79.5213,77.9773,79.4946,24400600
2011-11-02,77.6179,78.7693,77.4782,78.5031,13181100
2011-11-03,77.4249,78.0970,77.1919,77.4249,8386700
2011-11-04,77.0123,77.8974,76.8858,77.5181,7583700
2011-11-07,77.6245,78.7625,77.4115,78.0105,9279700
2011-11-08,77.6978,78.2235,76.8659,77.0123,7539400
2011-11-09,78.7027,79.2817,77.9107,78.6095,13004500
2011-11-10,77.7177,78.2701,76.6729,77.4382,11644600
2011-11-11,77.0855,77.3118,76.8659,76.9657,2483900
2011-11-14,77.4582,78.2634,77.3384,78.2035,9252600
2011-11-15,78.3300,78.8358,77.6778,78.0970,7587500
2011-11-16,78.5030,78.8158,77.9839,78.8092,7470000
2011-11-17,78.5562,79.9671,78.5562,79.4413,9907900
2011-11-18,79.3149,79.5612,78.7426,79.4214,6792600
2011-11-21,80.1136,80.3465,79.8008,79.8940,7345600
2011-11-22,80.0936,80.7990,79.7608,80.7857,7866300
2011-11-23,80.6327,81.8905,80.5461,81.5777,10129300
2011-11-25,81.0585,81.1051,80.3531,80.3930,4311900
2011-11-28,78.9489,80.6260,78.9156,80.3531,7661900
2011-11-29,79.8806,80.4729,79.2484,79.6943,8952800
2011-11-30,78.7559,78.9023,78.0372,78.4498,11806800
2011-12-01,77.5825,78.2163,77.2556,78.0562,9647200
2011-12-02,77.8026,79.1769,77.7626,79.1503,7764900
2011-12-05,78.0562,79.2771,77.9761,78.9902,7862800
2011-12-06,78.5965,78.9167,77.9027,78.2362,8506300
2011-12-07,78.2763,78.8834,77.9561,78.5165,6588300
2011-12-08,78.5365,79.6106,78.3297,79.4972,8800500
2011-12-09,79.4371,79.4771,77.8093,77.8626,9855100
2011-12-12,78.6632,79.0502,78.4631,78.7299,5734600
2011-12-13,78.2430,79.8108,78.1629,79.4639,8901800
2011-12-14,79.9175,80.9849,79.7173,80.9649,11247700
2011-12-15,80.4979,80.9382,80.3045,80.6647,5438700
2011-12-16,80.9783,81.8055,80.9182,81.6054,9321900
2011-12-19,81.6054,82.7395,81.5654,82.6395,7845100
2011-12-20,81.8322,81.8388,80.4645,80.5779,13945400
2011-12-21,80.4779,80.6114,79.4372,79.4572,11600100
2011-12-22,80.0576,80.3378,79.6239,79.7907,5247400
2011-12-23,79.0969,79.1970,78.5498,78.9034,5409700
2011-12-27,78.9369,79.2782,78.7227,79.2782,4270300
2011-12-28,79.4723,81.0184,79.2782,80.7440,8302300
2011-12-29,80.6369,81.0452,80.3558,80.8912,4305000
2011-12-30,81.0586,81.4936,80.9113,81.1523,5948800
2012-01-03,79.9275,80.4495,79.5995,79.9342,9076900
2012-01-04,79.8203,79.8337,78.7629,78.9837,8417100
2012-01-05,79.0908,79.7133,78.6893,78.8432,6465800
2012-01-06,78.8098,79.6196,78.7830,79.4657,7348500
2012-01-09,79.2917,80.0078,79.1779,79.3251,5582400
2012-01-10,78.7963,79.5593,78.7629,79.1912,8932500
2012-01-11,79.6731,80.3558,79.6330,80.2219,8634500
2012-01-12,80.2822,80.4428,79.8070,80.1082,7205400
2012-01-13,81.0519,81.4133,80.8578,80.9046,9819000
2012-01-17,80.9515,81.4066,80.8712,81.2795,5449900
2012-01-18,81.3397,81.3932,80.2554,80.2956,5804000
2012-01-19,79.8672,80.0212,78.9235,79.1912,8625700
2012-01-20,78.7830,78.9503,78.2877,78.2944,6548200
2012-01-23,77.7255,78.0668,77.3373,77.7991,7274800
2012-01-24,78.1137,78.1137,77.4913,77.9397,5776500
2012-01-25,77.6786,79.3318,77.5648,77.7523,12867600
2012-01-26,78.0735,78.7830,78.0334,78.7830,7638500
2012-01-27,78.8633,79.1979,78.3145,79.0306,5165300
2012-01-30,80.2086,80.5767,79.8739,79.9609,8388400
2012-01-31,79.8204,80.9247,79.7735,80.8845,7998300
2012-02-01,80.3405,80.4411,79.7098,79.9581,7925200
2012-02-02,79.8105,80.1593,79.5958,79.9245,5596900
2012-02-03,78.1332,78.3613,77.8044,78.2070,12467400
2012-02-06,78.2875,79.0322,78.0527,78.9852,6180600
2012-02-07,78.2406,78.4150,77.6703,78.0058,8794800
2012-02-08,77.9588,78.3546,77.8112,78.0661,7613400
2012-02-09,77.7307,77.8514,76.8987,77.4824,11477700
2012-02-10,78.3613,78.7169,78.1734,78.4888,7193100
2012-02-13,78.2271,78.7437,78.1131,78.5894,6422900
2012-02-14,78.7907,79.3542,78.6498,79.0053,8271200
2012-02-15,78.9383,79.3475,78.8242,78.8645,6846100
2012-02-16,78.6766,78.8980,77.9118,78.2338,9036200
2012-02-17,77.7306,78.2338,77.6635,78.2137,6338000
2012-02-21,77.6703,77.7709,77.1201,77.3482,8338300
2012-02-22,77.7508,78.3345,77.6971,78.3210,7736800
2012-02-23,77.9185,78.6431,77.7776,78.3210,5163900
2012-02-24,78.6498,78.8846,78.4619,78.8309,5676900
2012-02-27,79.5018,79.7366,79.2469,79.5287,8180700
2012-02-28,79.7501,79.9312,79.1261,79.2670,6615700
2012-02-29,79.4146,79.4482,78.4686,78.7840,14235000
2012-03-01,78.1163,78.4592,77.6926,78.0423,12265600
2012-03-02,78.4054,78.9971,78.3718,78.7752,6669600
2012-03-05,78.6475,78.9702,78.1499,78.1499,6921900
2012-03-06,78.9770,79.4208,78.9702,79.0980,6299700
2012-03-07,78.9837,79.0845,78.5466,78.6138,5567500
2012-03-08,78.2171,78.3852,77.7599,77.8271,7982100
2012-03-09,77.6590,77.9952,77.2622,77.9817,6975600
2012-03-12,78.2171,78.3516,77.9145,77.9683,5280000
2012-03-13,77.5111,77.6052,76.5831,76.5966,14413600
2012-03-14,75.7829,75.8165,74.6062,74.6667,24515300
2012-03-15,74.5725,75.1374,74.5591,74.7810,14154000
2012-03-16,74.3036,74.9357,74.1018,74.9289,13427200
2012-03-19,74.8818,74.9625,73.7589,74.0346,14011400
2012-03-20,74.2565,74.5524,73.8665,74.3305,9443800
2012-03-21,74.5456,75.2382,74.5120,75.1710,10242000
2012-03-22,75.5072,75.5610,75.2248,75.4131,8009800
2012-03-23,75.7762,76.2469,75.7560,76.1259,8465300
2012-03-26,75.8703,75.9913,75.1777,75.7358,8118600
2012-03-27,75.8367,76.4553,75.7829,76.2805,6972300
2012-03-28,75.9309,76.6168,75.8838,76.1730,7886000
2012-03-29,76.6705,76.7848,76.3746,76.7445,7692900
2012-03-30,76.7983,76.8386,75.4400,75.4467,9467500
2012-04-02,76.1816,76.3838,75.6422,75.8647,8944000
2012-04-03,76.1883,76.4782,74.5433,74.5501,14774300
2012-04-04,75.3523,75.5882,75.1096,75.5748,10095600
2012-04-05,76.1815,76.2287,75.7298,76.1209,6364100
2012-04-09,77.8940,78.0490,77.6917,77.9007,14374600
2012-04-10,78.1704,79.0738,78.0558,78.7839,14421300
2012-04-11,78.0086,78.2445,77.7659,77.8400,8713000
2012-04-12,77.9816,78.0355,77.4085,77.5164,9008500
2012-04-13,78.3052,78.8108,78.2850,78.7704,8607700
2012-04-16,78.6760,79.2827,78.5883,78.6557,7735000
2012-04-17,78.5614,78.7637,78.3726,78.6086,5398600
2012-04-18,78.9120,78.9592,78.6962,78.8378,4074400
2012-04-19,79.0468,79.1951,78.8917,78.9120,5374300
2012-04-20,78.5816,78.9659,78.4266,78.9254,5043300
2012-04-23,79.6265,79.8288,79.4108,79.4984,5170100
2012-04-24,79.2894,79.3906,78.9321,78.9389,4336600
2012-04-25,78.4804,79.0939,77.9950,78.5343,8859500
2012-04-26,79.1614,79.1883,78.6018,79.0063,5133000
2012-04-27,78.8917,79.1210,78.7367,79.0738,3112900
2012-04-30,79.2625,79.3839,79.0063,79.0940,4198400
2012-05-01,79.3596,79.4880,78.4405,78.6838,7214300
2012-05-02,79.2176,79.2852,78.9338,79.2379,3565700
2012-05-03,78.8257,79.3190,78.7716,79.2176,3522900
2012-05-04,79.3934,79.8732,79.3393,79.8394,6367300
2012-05-07,79.9610,80.0557,79.7583,79.8529,3228200
2012-05-08,80.2111,80.7652,80.1908,80.2786,6051600
2012-05-09,80.7247,80.8058,80.0421,80.3327,5828900
2012-05-10,79.7583,80.1638,79.3663,80.0962,6300000
2012-05-11,80.7517,80.8260,80.3935,80.7585,5234300
2012-05-14,81.6844,81.9750,81.5019,81.8871,8789400
2012-05-15,81.8330,82.2655,81.6506,82.2182,6766400
2012-05-16,81.7587,82.5696,81.5830,82.4548,6462300
2012-05-17,82.4682,83.9888,82.4615,83.9144,14863400
2012-05-18,83.3063,84.0970,83.1981,83.9348,10137700
2012-05-21,83.7320,84.1037,83.5428,83.7590,9583500
2012-05-22,82.9549,83.0427,82.4885,82.8264,12475500
2012-05-23,83.4954,84.1510,83.3670,83.4008,11744900
2012-05-24,83.2792,83.6577,82.9548,83.0832,10256200
2012-05-25,83.4143,83.4887,83.2184,83.3941,4723600
2012-05-29,83.3874,83.6712,83.1238,83.1373,5874100
2012-05-30,84.6916,85.3674,84.6781,85.2458,17170800
2012-05-31,85.8473,87.2327,85.6040,86.2325,31174500
2012-06-01,87.2706,88.2932,87.0404,88.2796,23526000
2012-06-04,87.5686,88.1577,87.3180,87.5821,11681200
2012-06-05,87.0404,87.1149,86.4038,86.4106,12482800
2012-06-06,86.3835,86.4106,84.6837,84.6837,20806700
2012-06-07,84.4129,85.1510,84.2368,84.8124,18898200
2012-06-08,85.8350,85.9704,84.3587,84.7921,11239600
2012-06-11,84.5077,85.4693,84.4941,85.1781,10693800
2012-06-12,84.6296,85.0765,84.3113,84.3993,10921700
2012-06-13,84.5483,85.5167,84.2300,85.2323,11100000
2012-06-14,85.2932,85.5167,84.7785,85.1239,7688200
2012-06-15,85.7198,85.9027,85.4219,85.5980,6421400
2012-06-18,86.1058,86.2345,85.5031,86.0584,6698400
2012-06-19,85.5167,85.5776,84.8733,84.9343,8227900
2012-06-20,84.3587,85.6725,84.0337,85.3542,13720300
2012-06-21,85.2932,86.1736,85.2526,85.8079,9776600
2012-06-22,85.2593,85.4760,84.6566,84.6634,7830400
2012-06-25,85.5708,86.0178,85.5099,85.8959,6113800
2012-06-26,85.4016,85.9704,85.2865,85.5573,5359700
2012-06-27,85.7063,85.8620,85.3473,85.6927,5860700
2012-06-28,86.2074,86.3293,85.8620,85.9027,5257800
2012-06-29,84.6702,85.0765,84.3993,84.7853,8881900
2012-07-02,85.1376,86.3320,85.0833,85.6601,7818500
2012-07-03,85.4769,85.5108,84.9747,85.0018,5773100
2012-07-05,85.0696,85.7279,85.0018,85.4361,5974700
2012-07-06,85.9654,86.3319,85.9247,86.2301,5818300
2012-07-09,86.4473,87.0445,86.2641,86.9902,5647000
2012-07-10,86.7730,87.3703,86.6780,87.1667,4288000
2012-07-11,87.2685,87.8658,87.0446,87.2753,5960900
2012-07-12,87.5807,87.9268,87.4789,87.8929,6421000
2012-07-13,87.7029,87.7096,87.2753,87.6621,4175300
2012-07-16,88.4290,88.6394,87.9607,88.0693,5283500
2012-07-17,87.7232,88.1033,87.3024,87.3771,5590900
2012-07-18,87.7232,87.7775,87.4042,87.4246,4011000
2012-07-19,87.1803,87.6146,86.9428,87.2007,5246300
2012-07-20,87.9539,88.4290,87.8318,88.2661,6365900
2012-07-23,89.1144,89.2027,88.5715,88.7615,6141100
2012-07-24,88.4629,89.6099,88.4154,89.4606,6748800
2012-07-25,89.3316,89.7252,89.2298,89.6913,5328000
2012-07-26,89.2638,89.4334,88.8362,88.8701,6606200
2012-07-27,88.1508,88.2322,86.1623,87.1938,14685100
2012-07-30,87.1328,87.8725,87.0378,87.8454,6025300
2012-07-31,88.0965,88.1440,87.2617,88.0218,7448600
2012-08-01,87.4118,88.2347,87.1533,87.5818,7972000
2012-08-02,88.1327,88.8808,87.8198,88.0783,7972000
2012-08-03,86.9425,87.0717,86.2148,86.6569,9084800
2012-08-06,86.8269,87.1465,86.6229,86.6909,3673600
2012-08-07,85.6639,85.7795,85.3035,85.5755,6613600
2012-08-08,85.8000,85.9564,85.0383,85.1199,7250700
2012-08-09,84.8546,85.2151,84.1609,85.0586,7553500
2012-08-10,85.8272,85.9088,85.4191,85.4871,4670500
2012-08-13,85.7660,85.9496,85.3443,85.3443,3543700
2012-08-14,84.3037,84.6098,84.1609,84.1881,7994000
2012-08-15,83.6645,83.7869,82.9028,83.0048,11191000
2012-08-16,83.1136,83.3108,81.9642,82.2975,13240000
2012-08-17,82.5628,83.0525,82.5084,82.6988,6341100
2012-08-20,82.6648,83.1000,82.6308,82.8688,4427100
2012-08-21,82.6104,83.2769,82.0595,83.2361,9532700
2012-08-22,84.0045,84.6778,83.7937,84.6098,11384400
2012-08-23,84.8343,85.1063,84.7730,84.9635,7139100
2012-08-24,85.3308,85.3920,84.7867,84.8819,5001400
2012-08-27,85.2423,85.5551,85.1947,85.3783,3906100
2012-08-28,85.5211,85.9360,85.4123,85.5823,3412600
2012-08-29,85.4259,85.4395,84.9771,85.2083,3762700
2012-08-30,85.8748,85.9904,85.5075,85.6504,3886400
2012-08-31,85.5415,86.8609,85.5075,86.8609,9192600
2012-09-04,86.5011,86.9850,86.3920,86.7737,6009300
2012-09-05,86.4329,86.6851,86.2489,86.3648,3466700
2012-09-06,85.5538,85.5538,84.8859,84.9267,6505100
2012-09-07,85.9695,85.9967,84.4564,84.5314,7335300
2012-09-10,84.2997,84.7359,84.1770,84.7359,4912100
2012-09-11,84.5246,84.5791,84.0271,84.2043,3523300
2012-09-12,83.2978,83.4273,82.9298,83.1547,7040900
2012-09-13,83.4137,83.8907,81.9688,82.8275,12280200
2012-09-14,81.6213,81.6826,80.4558,80.6262,16871600
2012-09-17,81.0147,81.7166,80.9670,81.5940,5573300
2012-09-18,82.2687,82.3982,81.7575,82.0029,5366200
2012-09-19,82.6981,82.7253,82.2006,82.5413,5903300
2012-09-20,83.2433,83.3660,82.4527,82.7458,4604200
2012-09-21,82.2959,82.9025,82.2414,82.8411,4144300
2012-09-24,83.3183,83.6250,83.2706,83.4887,3627400
2012-09-25,83.6931,84.3338,83.2365,84.3133,5893500
2012-09-26,84.8926,85.2538,84.8176,85.2197,7193400
2012-09-27,84.8858,85.0562,84.3542,84.6132,5147700
2012-09-28,85.0221,85.3561,84.3815,84.6609,7173400
2012-10-01,84.6677,85.0092,84.2647,84.9750,4842600
2012-10-02,84.6268,85.0434,84.5585,84.8590,3540100
2012-10-03,84.5926,84.8931,84.4287,84.8863,3800900
2012-10-04,84.3194,84.5516,83.7116,83.8277,6214800
2012-10-05,83.0286,83.1038,82.5847,82.7418,8340700
2012-10-08,83.3086,83.5066,83.1105,83.4383,1568400
2012-10-09,82.9603,83.4452,82.8988,83.2881,4752700
2012-10-10,82.9535,83.9779,82.8169,83.8755,5429800
2012-10-11,83.2950,84.4560,83.2472,84.4560,5194100
2012-10-12,84.7361,85.2210,84.5380,84.6678,4934900
2012-10-15,84.5380,84.7838,84.2989,84.4765,3036100
2012-10-16,83.9369,83.9642,83.2813,83.3086,5398700
2012-10-17,82.7554,82.8169,82.3456,82.5369,6932500
2012-10-18,82.7213,83.0013,81.8676,82.0315,8558600
2012-10-19,82.1885,83.1925,82.1476,83.1447,7616700
2012-10-22,82.9330,83.2130,82.5983,82.6120,6910600
2012-10-23,83.3906,83.8208,83.3359,83.7935,5760600
2012-10-24,83.2266,83.5203,82.9671,82.9671,6824500
2012-10-25,82.3388,83.0081,82.1817,82.5437,5292500
2012-10-26,82.9398,83.7662,82.8237,83.7594,5889400
2012-10-31,83.7867,84.4833,83.7525,84.2511,5025600
2012-11-01,83.8481,83.9232,83.3769,83.5613,3659700
2012-11-02,82.8305,83.5340,82.8032,83.4998,3527800
2012-11-05,83.8823,84.1760,83.8618,83.9711,2935700
2012-11-06,83.6979,83.9096,83.1720,83.1789,4484600
2012-11-07,84.6540,85.0502,84.5243,84.6882,10071000
2012-11-08,84.5448,85.9586,84.2989,85.9449,8579500
2012-11-09,85.8015,86.0405,85.4941,86.0405,5036900
2012-11-12,85.9449,86.3137,85.9107,86.1839,2072200
2012-11-13,86.6005,86.6142,86.0473,86.4708,2863800
2012-11-14,85.8629,86.5937,85.7809,86.5527,4694600
2012-11-15,86.1225,86.7508,86.0542,86.3820,5549600
2012-11-16,86.3000,86.8669,86.2454,86.3069,4591100
2012-11-19,85.6853,85.9244,85.5761,85.8219,3621600
2012-11-20,85.6990,85.8288,84.9477,84.9614,4659300
2012-11-21,84.8180,84.9751,84.7019,84.9136,2422800
2012-11-23,84.8931,84.9955,84.7633,84.8316,987200
2012-11-26,85.4805,85.7263,85.2004,85.2346,2799000
2012-11-27,85.3302,85.6375,85.1663,85.5693,2544400
2012-11-28,86.0336,86.1907,85.4326,85.4463,3569700
2012-11-29,85.2756,85.6717,85.1390,85.4600,2761000
2012-11-30,85.6990,85.7400,85.1732,85.2278,3702300
2012-12-03,84.6632,85.3954,84.5948,85.3065,5427800
2012-12-04,85.5528,85.8197,85.4296,85.7992,2586300
2012-12-05,85.8128,86.0934,85.6554,85.7581,1978200
2012-12-06,86.1276,86.2782,85.8881,85.9429,2301200
2012-12-07,85.1970,85.5118,85.0875,85.1491,4020900
2012-12-10,85.5118,85.5939,85.2244,85.5255,2134300
2012-12-11,85.0327,85.0669,84.7385,84.8753,3777900
2012-12-12,84.7385,85.0875,83.8762,83.8899,7119700
2012-12-13,83.6846,84.2936,83.5751,83.9515,6381500
2012-12-14,84.3006,84.6564,84.2253,84.5811,3832800
2012-12-17,84.5127,84.5264,83.2878,83.3151,6870000
2012-12-18,83.0756,83.3357,82.0491,82.4666,12024200
2012-12-19,82.7814,83.2467,82.6103,82.7403,4880500
2012-12-20,83.0004,83.2399,82.5419,82.7540,4567900
2012-12-21,83.6983,83.7804,83.4519,83.6572,6087700
2012-12-24,83.4862,83.5410,83.3973,83.5067,1071100
2012-12-26,83.6356,83.8140,83.5396,83.8071,2247800
2012-12-27,83.5876,84.5546,83.5533,84.0883,4262700
2012-12-28,84.4518,84.5889,84.2049,84.5684,3928200
2012-12-31,84.2667,84.3352,82.9225,83.1076,6423000
2013-01-02,82.1337,82.2297,81.8937,81.9966,7472700
2013-01-03,81.8731,81.9485,80.8581,80.8855,10004300
2013-01-04,80.6935,81.2284,80.4877,81.2010,9574600
2013-01-07,81.1804,81.4273,80.9267,81.2353,4193100
2013-01-08,81.6399,81.8114,81.4891,81.7702,4380900
2013-01-09,81.7839,81.9828,81.5233,81.6948,3870300
2013-01-10,81.3587,81.8182,81.1736,81.4685,5602800
2013-01-11,81.2833,82.2023,81.1667,82.1955,4770700
2013-01-14,82.3257,82.4903,81.8662,81.9691,3064600
2013-01-15,82.7167,82.7784,82.2778,82.3464,5357800
2013-01-16,82.7304,82.7647,82.3052,82.5178,4286100
2013-01-17,81.8388,81.9897,81.4410,81.6948,7019200
2013-01-18,82.0034,82.4423,81.9279,82.3257,4660000
2013-01-22,81.9897,82.5041,81.8731,82.4835,3874100
2013-01-23,82.5315,82.6961,82.2640,82.3600,2848800
2013-01-24,82.2092,82.2777,81.7908,82.0720,4178900
2013-01-25,81.2147,81.3381,80.7689,80.9472,8750700
2013-01-28,80.2545,80.7346,80.2408,80.6523,6059900
2013-01-29,80.6660,80.9815,80.1517,80.2065,5553900
2013-01-30,80.0145,80.2134,79.6648,80.0694,9586800
2013-01-31,80.2614,80.4740,79.9322,80.4603,6789200
2013-02-01,80.9209,81.0033,79.3950,79.4156,10928600
2013-02-04,80.1373,80.6115,80.0204,80.4328,9291900
2013-02-05,79.9173,80.0273,79.6355,79.7180,6676500
2013-02-06,80.0891,80.3984,79.7661,80.3709,5892000
2013-02-07,80.2610,80.8246,80.1579,80.1923,5951700
2013-02-08,80.2816,80.5291,79.8898,80.5016,5603400
2013-02-11,80.4534,80.6803,80.3641,80.4397,3679900
2013-02-12,80.2060,80.4328,80.0479,80.2404,4513700
2013-02-13,79.5943,79.9173,79.4224,79.5874,6586400
2013-02-14,79.9311,80.4466,79.7249,80.3091,7096000
2013-02-15,80.1853,80.2403,79.7798,80.0754,5861800
2013-02-19,80.3229,80.3504,79.6218,79.6768,7383600
2013-02-20,79.5187,79.9861,79.4362,79.9173,9603900
2013-02-21,80.3503,80.6322,80.2404,80.3847,8297400
2013-02-22,80.4053,80.6528,80.3366,80.4397,5316900
2013-02-25,79.9723,82.0343,79.9310,82.0205,15948700
2013-02-26,81.6081,82.2542,81.5119,81.5463,9822100
2013-02-27,82.1306,82.1649,81.1064,81.3058,7459600
2013-02-28,81.4019,81.5600,81.0926,81.4569,6023400
2013-03-01,81.8592,82.1141,81.6526,81.9005,7786800
2013-03-04,81.8248,81.9488,81.4597,81.4666,4511400
2013-03-05,81.3289,81.4184,81.0602,81.2324,6539300
2013-03-06,80.6676,80.9362,80.4885,80.4954,6514900
2013-03-07,80.1854,80.2543,79.8410,79.8754,8526700
2013-03-08,79.1246,79.4622,78.9524,79.0420,15423600
2013-03-11,79.2968,79.3726,79.0351,79.1177,5815800
2013-03-12,79.3864,79.7584,79.3726,79.6895,9264200
2013-03-13,79.3795,79.7239,79.2348,79.6068,7371500
2013-03-14,79.2762,79.6550,79.2004,79.3657,9352100
2013-03-15,79.4414,79.8203,79.4208,79.7376,9673400
2013-03-18,80.4747,80.5091,80.0063,80.3438,9152200
2013-03-19,80.4403,81.2048,80.3851,80.8880,11986200
2013-03-20,80.3920,80.5849,79.9581,79.9856,8543900
2013-03-21,80.4953,80.7640,80.2680,80.7571,6119400
2013-03-22,80.7985,80.9362,80.4334,80.8191,6323800
2013-03-25,80.4334,81.1291,80.3645,80.7433,5839800
2013-03-26,80.5023,81.2186,80.4403,80.8398,5093200
2013-03-27,81.4873,81.8110,81.4046,81.5286,7742900
2013-03-28,81.3633,81.5906,81.0602,81.1153,5826400
2013-04-01,81.1256,81.7469,81.1049,81.7262,6113800
2013-04-02,81.5053,81.5536,81.2844,81.3948,5438000
2013-04-03,81.6710,82.3475,81.6296,82.1266,9527400
2013-04-04,82.5546,83.1207,82.4718,83.1068,9365700
2013-04-05,84.8257,85.2054,84.6531,84.7843,18626200
2013-04-08,84.6808,84.8188,84.0664,84.1354,8020300
2013-04-09,84.2390,84.3840,83.7903,83.9284,7176100
2013-04-10,83.2449,83.2933,82.7686,82.7755,10765200
2013-04-11,82.9550,83.1759,82.7617,82.9343,7501800
2013-04-12,83.7557,84.1768,83.4589,84.1699,9253000
2013-04-15,84.3080,84.9293,84.1285,84.9016,12948400
2013-04-16,84.1631,84.5772,84.1354,84.2045,6553500
2013-04-17,84.4254,85.2744,84.4254,84.7636,9020900
2013-04-18,84.7774,85.0605,84.6325,84.9707,7009500
2013-04-19,84.8671,84.8948,84.6531,84.7912,5474300
2013-04-22,84.7981,85.1088,84.6808,84.8534,4519400
2013-04-23,85.0881,85.4539,84.4806,84.5565,8042900
2013-04-24,84.5427,84.7843,84.4254,84.7705,3673600
2013-04-25,84.3909,84.4737,84.2873,84.4047,4297800
2013-04-26,85.0466,85.2606,84.9155,85.1778,4898800
2013-04-29,85.3090,85.4125,84.7429,84.8672,4916000
2013-04-30,85.0881,85.3849,84.6808,84.9155,4477400
2013-05-01,85.4073,85.9608,85.3866,85.7878,10724600
2013-05-02,85.4973,85.7601,85.4419,85.6771,4171800
2013-05-03,84.5080,84.5287,83.5879,83.6571,11283600
2013-05-06,83.8093,83.8785,83.2351,83.4496,5121900
2013-05-07,83.1452,83.3597,83.0484,83.1245,5049200
2013-05-08,83.2006,83.5880,83.1314,83.2559,5732900
2013-05-09,83.3666,83.9269,82.9999,83.0414,7527000
2013-05-10,82.8478,82.8685,81.5265,82.1491,11689000
2013-05-13,81.5472,81.7617,81.3743,81.5195,8050800
2013-05-14,81.8723,81.9346,80.6202,80.6340,9236100
2013-05-15,81.3050,81.4365,80.5372,81.1736,14608600
2013-05-16,81.6095,82.2805,81.5818,82.0176,8458400
2013-05-17,81.5956,81.7340,80.9246,80.9799,7435500
2013-05-20,81.3743,81.4019,80.7932,80.8831,5839800
2013-05-21,80.8900,81.5403,80.5372,81.5195,7781800
2013-05-22,81.6441,82.0107,80.1083,80.3089,18361500
2013-05-23,81.0422,81.1045,80.0876,80.6894,9207100
2013-05-24,80.9246,81.2290,80.7378,80.8001,5357600
2013-05-28,80.3089,80.4334,78.7385,78.7524,13567500
2013-05-29,79.2920,79.6794,79.1813,79.6379,11298600
2013-05-30,79.7278,79.8108,79.2297,79.4442,10011800
2013-05-31,79.5341,79.5687,78.2889,79.1744,18158800
2013-06-03,78.9005,80.0863,78.8450,79.5939,15564500
2013-06-04,79.0253,79.3929,78.8173,78.8589,7504300
2013-06-05,79.2542,79.9684,79.1432,79.9476,8056100
2013-06-06,79.6633,80.9878,79.3373,79.8990,8925200
2013-06-07,79.2056,79.6286,78.4705,78.4705,10459300
2013-06-10,78.1515,78.4428,77.9296,78.0961,7892600
2013-06-11,77.8534,79.0253,77.7494,79.0253,12841200
2013-06-12,78.3596,78.9352,77.8534,77.8950,10193200
2013-06-13,78.4081,79.1709,78.2833,79.1154,12506300
2013-06-14,79.1224,79.5107,78.9282,78.9282,6679100
2013-06-17,79.0669,79.1085,78.3596,78.5121,5982100
2013-06-18,78.2556,78.8312,78.1654,78.5538,5192700
2013-06-19,78.8728,78.9074,77.4027,77.7425,17138200
2013-06-20,76.7993,77.1183,75.7799,76.4664,27898500
2013-06-21,76.3833,76.5636,75.1489,75.1697,19781000
2013-06-24,74.7745,75.8563,74.7259,75.4818,24588900
2013-06-25,75.5164,75.5996,74.7953,74.8091,11078000
2013-06-26,75.5857,75.6204,74.9200,75.2945,13582200
2013-06-27,75.9603,76.2585,75.5512,76.0643,12026000
2013-06-28,75.5927,76.6121,75.3916,76.5844,12017000
2013-07-01,76.2660,76.8012,76.0575,76.7387,5500400
2013-07-02,76.8012,77.0097,76.6205,76.6900,5333900
2013-07-03,76.6691,76.9054,76.4606,76.4606,3839000
2013-07-05,74.5632,74.7161,73.7917,73.8543,14511900
2013-07-08,74.4173,74.7578,74.3339,74.5702,8044200
2013-07-09,74.7092,74.7995,74.4173,74.6466,4700400
2013-07-10,74.6396,74.6396,73.8820,74.0627,10792200
2013-07-11,74.6814,74.9733,74.3269,74.9316,10035500
2013-07-12,75.3000,75.3903,74.6049,74.8690,4730800
2013-07-15,74.9246,75.2861,74.8551,75.2652,4574800
2013-07-16,75.3625,75.5919,75.2513,75.5224,3650200
2013-07-17,75.8907,76.0089,75.5224,75.6614,5932000
2013-07-18,75.4876,75.5293,74.7022,74.7161,9066400
2013-07-19,75.2791,75.9047,75.2374,75.8977,8523800
2013-07-22,76.0089,76.2383,75.8490,76.0089,3972600
2013-07-23,75.5293,75.7587,75.2861,75.6892,5015500
2013-07-24,74.8204,74.9872,74.2227,74.7300,8853100
2013-07-25,74.3478,74.7856,74.2365,74.7022,6443400
2013-07-26,75.0914,75.2582,74.8134,75.1609,6795500
2013-07-29,74.8204,74.9385,74.4172,74.6119,6397800
2013-07-30,74.8621,74.8968,74.4034,74.5841,3635400
2013-07-31,73.7153,75.0080,73.5693,74.8551,10483100
2013-08-01,74.2001,74.2001,73.1619,73.4128,13568600
2013-08-02,73.8657,74.2837,73.8448,74.2210,9568400
2013-08-05,73.9911,74.0329,73.5382,73.6497,6611800
2013-08-06,73.5313,73.8657,73.3989,73.8657,4589000
2013-08-07,73.9772,74.5137,73.9772,74.4161,7183400
2013-08-08,74.5416,74.9736,74.4092,74.6182,5510900
2013-08-09,74.2768,74.7437,74.1932,74.7367,3623400
2013-08-12,74.9805,74.9945,74.1862,74.2280,7562800
2013-08-13,73.3918,73.4127,73.0226,73.1549,11485600
2013-08-14,73.1201,73.4128,73.0714,73.2665,6431600
2013-08-15,72.5348,72.9041,72.2491,72.2770,11846300
2013-08-16,72.4373,72.4442,71.5384,72.0262,10175900
2013-08-19,71.7196,71.7754,71.2179,71.3991,9022000
2013-08-20,71.6918,72.0192,71.6639,71.9496,10050100
2013-08-21,71.6081,71.9078,71.1483,71.1622,13248800
2013-08-22,71.3921,71.9287,71.2388,71.8868,8751200
2013-08-23,71.7753,72.7369,71.5872,72.6672,17441200
2013-08-26,72.8554,73.0853,72.6951,73.0296,5879100
2013-08-27,73.3640,74.0329,73.1898,73.9493,11573300
2013-08-28,73.4476,73.5591,73.1201,73.3501,7497900
2013-08-29,73.0783,74.0747,73.0156,73.9354,6672400
2013-08-30,73.8727,74.3325,73.6776,73.8518,8987600
2013-09-03,73.0686,73.1245,72.3141,72.8101,12084300
2013-09-04,72.9708,73.1106,72.6215,72.6495,4579600
2013-09-05,72.2862,72.3770,71.6295,71.6365,12290600
2013-09-06,72.1325,72.5307,71.8251,71.9927,9478400
2013-09-09,72.5167,72.5237,72.0137,72.0277,6874900
2013-09-10,71.7692,72.1953,71.5107,71.5246,8069000
2013-09-11,71.9019,72.1743,71.3919,72.1604,8962400
2013-09-12,72.5516,72.6564,71.9997,72.0626,6254400
2013-09-13,72.3141,72.5377,72.1185,72.3421,6106200
2013-09-16,72.8870,72.9428,71.8530,71.8600,8231600
2013-09-17,72.2163,72.4748,71.9368,72.4538,8795300
2013-09-18,72.3979,73.7393,71.9438,73.3480,19749200
2013-09-19,73.3900,73.4179,72.7682,72.9149,11627800
2013-09-20,73.1385,73.4808,72.9708,73.2991,8421000
2013-09-23,73.5017,73.8650,73.4319,73.8371,10242100
2013-09-24,74.0467,74.6405,73.9419,74.6335,11446600
2013-09-25,74.4309,74.9479,74.3261,74.7872,8130900
2013-09-26,74.3890,74.4868,74.1864,74.2632,5117100
2013-09-27,74.2563,74.6265,74.2283,74.4449,6460000
2013-09-30,74.5148,74.6824,74.1794,74.3331,8438800
2013-10-01,74.1776,74.2686,73.9184,74.1075,7592500
2013-10-02,74.1986,74.5839,74.0795,74.2196,5967200
2013-10-03,74.0726,74.5349,74.0375,74.1006,6648900
2013-10-04,74.0165,74.0935,73.7923,74.0445,5545300
2013-10-07,74.3877,74.4998,74.2336,74.3457,5761100
2013-10-08,74.2336,74.6048,74.1285,74.3667,5904000
2013-10-09,74.1566,74.2056,73.7573,73.7713,8439000
2013-10-10,73.4071,73.9185,73.2040,73.8904,9944100
2013-10-11,74.3597,74.4088,73.8344,73.8694,6500800
2013-10-14,73.8204,73.9955,73.0779,73.2740,4205600
2013-10-15,73.6522,73.7573,73.2180,73.2250,8291000
2013-10-16,73.1760,74.1496,73.0359,74.1426,14460200
2013-10-17,74.6119,75.0321,74.4508,74.8150,11303400
2013-10-18,75.0251,75.2843,74.9341,74.9761,9487800
2013-10-21,74.8851,74.8921,74.5699,74.7380,6161600
2013-10-22,75.3684,75.7326,75.3404,75.5715,9708500
2013-10-23,75.6976,76.1599,75.6766,75.8657,9163100
2013-10-24,76.0758,76.1179,75.5575,75.5715,7631400
2013-10-25,75.7395,75.9637,75.7045,75.8516,4429500
2013-10-28,75.6555,75.9147,75.5855,75.5925,6466400
2013-10-29,75.3824,75.6976,75.3053,75.6906,5270500
2013-10-30,75.5995,75.7956,75.0952,75.2353,10199300
2013-10-31,75.5855,75.6556,75.0462,75.3964,11452100
2013-11-01,75.1281,75.1491,74.5451,74.5802,11349500
2013-11-04,74.7769,74.9174,74.6013,74.6505,4733200
2013-11-05,74.2993,74.3274,73.7375,73.7586,8753400
2013-11-06,73.7024,73.8428,73.5268,73.7937,5643000
2013-11-07,73.7796,74.4820,73.7235,74.4188,7893700
2013-11-08,73.0211,73.1195,72.6138,72.6278,16889900
2013-11-11,72.7121,72.7472,72.3118,72.3539,4927200
2013-11-12,72.4873,72.7542,72.4662,72.6910,4839500
2013-11-13,72.9508,73.0702,72.8595,72.9579,5782900
2013-11-14,73.2599,73.8288,73.1475,73.4074,8895500
2013-11-15,73.5057,73.5619,73.2599,73.5549,6344800
2013-11-18,73.4987,74.0324,73.4987,73.9973,5451300
2013-11-19,73.7094,73.8428,73.3301,73.4355,7251100
2013-11-20,73.3371,73.6321,72.0940,72.1853,14190900
2013-11-21,71.9957,72.4733,71.7499,72.3047,8903000
2013-11-22,72.6840,73.1335,72.6770,72.9790,7950700
2013-11-25,72.9298,73.3372,72.9298,73.1897,3755500
2013-11-26,73.3863,73.6953,73.3793,73.4636,6659200
2013-11-27,73.5198,73.5338,73.0141,73.3372,6063000
2013-11-29,73.0984,73.4636,73.0071,73.3582,5084400
2013-12-02,73.1187,73.1962,72.7102,72.7877,7527800
2013-12-03,73.0483,73.2314,72.8792,73.0553,5076900
2013-12-04,72.3791,72.5904,72.1184,72.3579,8502700
2013-12-05,72.1889,72.4496,72.0058,72.1537,7445700
2013-12-06,72.2453,72.5482,72.1044,72.4989,7352000
2013-12-09,72.4847,72.7172,72.4354,72.6679,5678800
2013-12-10,73.1469,73.2244,72.8722,73.1891,7040400
2013-12-11,72.9426,73.0976,72.5693,72.6256,8190900
2013-12-12,72.5763,72.6679,72.2946,72.3509,6208600
2013-12-13,72.6538,72.7665,72.4073,72.7031,6471300
2013-12-16,72.9638,73.0413,72.3650,72.4355,6376400
2013-12-17,72.2804,72.8369,72.2664,72.7595,6014400
2013-12-18,72.4354,73.0624,72.1748,72.3932,12973200
2013-12-19,72.4566,72.5623,72.1678,72.3227,6708400
2013-12-20,73.0624,73.4639,72.7665,73.4357,12425700
2013-12-23,73.2948,73.5484,73.0201,73.0201,6378600
2013-12-24,72.7172,72.8018,72.4143,72.4355,4897000
2013-12-26,72.3330,72.3401,72.0927,72.1563,4645300
2013-12-27,72.1351,72.3047,71.8665,71.9513,4755000
2013-12-30,72.1917,72.4955,72.1422,72.4461,4491700
2013-12-31,72.2906,72.4743,71.4990,71.9867,7218600
2014-01-02,71.8878,72.3613,71.8666,72.2058,8580800
2014-01-03,71.9514,72.4037,71.9160,72.2058,4083800
2014-01-06,72.3542,72.7923,72.3471,72.5097,7796200
2014-01-07,72.6651,72.7852,72.4813,72.6934,4428100
2014-01-08,72.4036,72.5732,72.1563,72.4955,8513000
2014-01-09,72.7711,72.9407,72.4460,72.9195,6991100
2014-01-10,73.3365,73.8807,73.2800,73.7888,13197400
2014-01-13,73.8595,74.3048,73.8313,74.1563,9667400
2014-01-14,73.9584,74.0857,73.7747,73.8171,10343100
2014-01-15,73.5273,73.8595,73.4496,73.7393,7507500
2014-01-16,74.0997,74.2552,74.0079,74.2340,7137700
2014-01-17,74.1068,74.5733,74.0574,74.5450,7588600
2014-01-21,74.5238,74.7287,74.4885,74.6015,6436000
2014-01-22,74.4672,74.7358,74.3753,74.4178,4646700
2014-01-23,74.8277,75.6829,74.8277,75.4709,12960600
2014-01-24,75.7535,75.9655,75.6121,75.9584,11122200
2014-01-27,75.7746,76.0432,75.4071,75.4283,9218200
2014-01-28,75.5556,75.6122,75.3012,75.6122,5661500
2014-01-29,75.8807,76.4319,75.6121,76.2341,11709400
2014-01-30,75.9513,76.0927,75.6969,76.0149,5956900
2014-01-31,76.4673,76.6157,76.2199,76.5238,14690900
2014-02-03,76.3722,77.4704,76.2447,77.4563,20780300
2014-02-04,76.8894,76.9957,76.4998,76.6344,9573500
2014-02-05,76.3013,76.3651,75.8195,75.9258,10312200
2014-02-06,75.7912,75.8267,75.4724,75.5999,5708700
2014-02-07,75.4299,75.9684,75.4157,75.6637,7039200
2014-02-10,75.5362,75.8975,75.5078,75.8762,4370500
2014-02-11,75.5361,75.5928,75.2173,75.4369,5904900
2014-02-12,75.2244,75.2527,74.8347,75.0472,6723300
2014-02-13,75.5220,75.6212,75.3165,75.4724,6874600
2014-02-14,75.5078,75.5574,75.2952,75.5149,4989100
2014-02-18,75.5715,75.9541,75.5432,75.6849,4855800
2014-02-19,75.9400,75.9400,75.3165,75.3661,5522500
2014-02-20,75.3307,75.5503,74.8843,75.1819,5103200
2014-02-21,75.0685,75.5857,75.0685,75.5786,5250700
2014-02-24,75.5999,75.6283,75.2244,75.3874,3816700
2014-02-25,75.7487,76.0676,75.7345,76.0605,6225400
2014-02-26,76.0321,76.4643,75.9825,76.4643,7203900
2014-02-27,76.7194,76.9178,76.5918,76.8823,5394700
2014-02-28,76.7194,77.0453,76.3651,76.9249,8462600
2014-03-03,77.3318,77.5449,77.1614,77.4384,11089400
2014-03-04,76.9554,76.9554,76.2522,76.2736,8068100
2014-03-05,76.2380,76.5505,76.1386,76.4369,4798500
2014-03-06,75.8261,75.9752,75.6556,75.6840,7418200
2014-03-07,75.0306,75.4070,75.0022,75.2082,8270300
2014-03-10,75.2437,75.3644,75.1300,75.3147,3744300
2014-03-11,75.2721,75.5278,75.1301,75.5136,3815700
2014-03-12,75.9397,76.1812,75.8403,76.0392,6430500
2014-03-13,75.7835,77.0832,75.7480,77.0619,11815500
2014-03-14,77.3957,77.4029,76.9341,77.0761,9232800
2014-03-17,76.8347,76.9199,76.4724,76.5009,7381900
2014-03-18,76.4795,76.8133,76.4227,76.7778,4819500
2014-03-19,76.6499,76.6926,75.8616,76.1812,11557600
2014-03-20,76.0605,76.4440,75.9895,76.0463,5224400
2014-03-21,76.2877,76.9341,76.2593,76.8701,8986200
2014-03-24,76.7423,77.4810,76.6713,77.4170,7536400
2014-03-25,76.9980,77.2892,76.8276,77.1259,5032000
2014-03-26,77.0974,77.7580,77.0477,77.7295,7147200
2014-03-27,77.8716,78.4043,77.7154,78.1202,9772200
2014-03-28,78.0278,78.0491,77.4312,77.6798,6027000
2014-03-31,77.2324,78.8873,76.9483,77.4881,7488400
2014-04-01,77.0894,77.1606,76.7903,76.8259,9067300
2014-04-02,76.4698,76.5837,76.3131,76.3843,6887200
2014-04-03,76.5624,76.8615,76.5054,76.7190,4937400
2014-04-04,76.8116,77.3955,76.7974,77.2317,8977500
2014-04-07,77.3457,77.8228,77.3315,77.6946,7562500
2014-04-08,77.6376,77.9509,77.4168,77.8797,4213800
2014-04-09,77.5308,77.8655,77.3599,77.4952,5771500
2014-04-10,77.5593,78.4850,77.5451,78.2144,12706400
2014-04-11,78.7129,78.8909,78.4209,78.8482,10267000
2014-04-14,78.6701,78.8268,78.5420,78.6417,4142600
2014-04-15,78.7627,79.4036,78.5776,79.1330,7752000
2014-04-16,78.6345,79.2326,78.5989,79.2326,5523000
2014-04-17,79.3039,79.3609,78.1147,78.3640,8622500
2014-04-21,78.5918,78.7698,78.2144,78.2999,4316300
2014-04-22,78.0862,78.6772,78.0506,78.5633,5748700
2014-04-23,78.7556,79.0760,78.7057,79.0119,5748600
2014-04-24,78.6487,79.1899,78.6487,79.1614,6337800
2014-04-25,79.3894,79.7454,79.2683,79.2754,5976500
2014-04-28,79.1187,79.2398,78.7199,78.8908,7606000
2014-04-29,78.4493,78.8481,78.3568,78.7840,5235200
2014-04-30,78.8410,79.2255,78.5989,79.1116,7721400
2014-05-01,79.1466,80.0031,79.1180,79.9603,11556500
2014-05-02,79.6177,80.7312,79.4464,80.4528,12702100
2014-05-05,80.4886,80.5242,79.8675,79.9675,8043000
2014-05-06,80.0246,80.4457,79.9746,80.2887,6522600
2014-05-07,80.1673,80.3529,79.9032,80.0032,8199200
2014-05-08,80.1887,80.4885,79.5606,79.6605,10878800
2014-05-09,79.6106,79.8104,79.2180,79.4035,6000600
2014-05-12,79.2394,79.3250,78.9039,79.0824,4563800
2014-05-13,79.5463,79.7676,79.4678,79.7676,5501000
2014-05-14,80.3958,80.8241,80.3458,80.6313,8851400
2014-05-15,81.2166,81.6663,81.0881,81.2737,12627900
2014-05-16,81.0953,81.3736,80.9596,81.0453,5019200
2014-05-19,81.3237,81.3451,80.3886,80.4457,7403300
2014-05-20,80.3744,81.0026,80.3673,80.6242,6549800
2014-05-21,80.1031,80.2315,79.8532,80.1316,8224600
2014-05-22,80.1317,80.2316,79.7962,80.0174,6495700
2014-05-23,80.3172,80.5956,80.2672,80.4457,3835000
2014-05-27,80.5528,80.9454,80.2316,80.9168,6658300
2014-05-28,81.4450,81.9732,81.4379,81.9161,10361000
2014-05-29,81.9947,82.2231,81.4665,81.4807,10692000
2014-05-30,81.3451,81.6592,81.2380,81.4450,6518900
2014-06-02,80.8968,81.3548,80.5462,80.8396,11728200
2014-06-03,80.4460,80.5390,79.8019,79.8448,12694100
2014-06-04,79.9808,80.0237,79.6301,79.8234,7882000
2014-06-05,79.5300,80.1311,79.4512,79.8592,6915600
2014-06-06,80.2456,80.4460,79.7876,79.8592,7832800
2014-06-09,79.7590,79.8950,79.5801,79.7447,5162800
2014-06-10,79.4655,79.6301,79.3153,79.4512,5986000
2014-06-11,79.6230,79.8234,79.3296,79.5944,5569700
2014-06-12,79.6516,80.4031,79.4369,80.3029,9775900
2014-06-13,79.8448,80.5963,79.8162,80.2599,5412500
2014-06-16,80.3029,80.6034,80.2242,80.4603,5184600
2014-06-17,80.2026,80.2170,79.7804,79.8234,6668800
2014-06-18,80.0094,80.6965,79.8377,80.4388,11256500
2014-06-19,80.5176,80.5534,79.2509,79.4083,14215500
2014-06-20,79.4154,80.0094,79.3653,80.0094,7319100
2014-06-23,80.2098,80.2814,79.7304,79.7590,5821700
2014-06-24,80.2599,80.6177,80.0238,80.5676,9698300
2014-06-25,80.9398,81.1258,80.6464,80.7752,5699300
2014-06-26,81.0185,81.4407,81.0185,81.1616,6628900
2014-06-27,81.3549,81.4551,80.9899,81.0400,7216500
2014-06-30,81.2690,81.4407,80.9326,81.2404,5593100
2014-07-01,80.7180,80.8902,80.5027,80.5601,8019200
2014-07-02,80.0938,80.1225,79.6203,79.6992,9382500
2014-07-03,79.1969,79.5413,79.1682,79.4121,6173900
2014-07-07,79.8355,80.2229,79.8068,79.9933,5928900
2014-07-08,80.5315,80.9763,80.5315,80.8902,6352100
2014-07-09,80.8328,81.1772,80.6319,80.9548,6395200
2014-07-10,81.4642,81.5503,80.9476,80.9763,7196900
2014-07-11,81.3279,81.5647,81.2777,81.4929,4676500
2014-07-14,81.2776,81.3709,81.0265,81.1413,4743300
2014-07-15,80.9548,81.4140,80.7180,80.9763,7720000
2014-07-16,81.0768,81.4929,81.0337,81.4068,4615800
2014-07-17,81.9593,82.5476,81.7512,82.4328,10901000
2014-07-18,82.4257,82.4831,81.8732,82.1674,6677900
2014-07-21,82.5190,82.9638,82.5190,82.5764,5724100
2014-07-22,82.5763,82.8418,82.2606,82.7485,5753200
2014-07-23,82.8777,82.9638,82.6337,82.6409,3489600
2014-07-24,82.1674,82.2104,81.9736,82.0239,6609000
2014-07-25,82.7557,82.9997,82.6266,82.9925,7041800
2014-07-28,82.9351,83.1575,82.5979,82.8777,5138300
2014-07-29,83.1359,83.2794,82.8131,83.1790,6579300
2014-07-30,82.6194,82.7844,81.9162,82.0239,12251200
2014-07-31,81.4570,82.2104,81.4140,81.7799,18254000
2014-08-01,81.7080,82.6360,81.3267,82.4130,14951200
2014-08-04,82.3914,82.5928,82.1971,82.1971,5183800
2014-08-05,82.0605,82.5856,81.7799,82.4633,8032000
2014-08-06,83.0676,83.0676,82.4417,82.5137,7289200
2014-08-07,82.6144,83.2835,82.4202,83.2835,9745500
2014-08-08,83.3986,83.7510,83.0029,83.1036,9536700
2014-08-11,83.1971,83.3194,82.9381,83.0964,6668800
2014-08-12,83.0244,83.0460,82.5353,82.5568,8122400
2014-08-13,82.6360,83.1036,82.5712,83.0964,8210500
2014-08-14,83.3985,83.8086,83.0101,83.7654,9028200
2014-08-15,83.9596,85.1466,83.9452,84.6790,17606700
2014-08-18,84.3194,84.3841,83.7295,83.8374,7595300
2014-08-19,84.2259,84.2762,83.4345,83.5784,5936900
2014-08-20,83.4777,83.5281,83.1396,83.4417,7275600
2014-08-21,83.4993,83.9956,83.4633,83.9093,6790700
2014-08-22,83.9813,84.4776,83.6000,84.3769,10149900
2014-08-25,84.4920,84.7294,84.3194,84.6934,5760700
2014-08-26,84.8445,84.8805,84.3193,84.4201,5487600
2014-08-27,84.6718,85.1826,84.4560,85.1394,7265800
2014-08-28,85.7005,85.8732,85.3696,85.5854,9463600
2014-08-29,85.5495,85.9164,85.4272,85.6431,8512900
2014-09-02,84.5622,84.6343,84.1440,84.1656,10506000
2014-09-03,83.9277,84.6343,83.8628,84.6343,6553900
2014-09-04,84.0863,84.2738,83.5888,83.6032,12528900
2014-09-05,83.9565,84.0719,83.2355,83.4446,6886000
2014-09-08,83.9349,84.0935,83.2427,83.4806,9326400
2014-09-09,83.2715,83.5599,83.2427,83.4157,5353100
2014-09-10,82.8966,83.0048,82.7668,82.8894,8729400
2014-09-11,83.1057,83.3076,82.6082,82.6154,9274800
2014-09-12,81.9737,82.1395,81.6348,81.7502,11114900
2014-09-15,82.0891,82.2478,81.7358,81.8728,5510700
2014-09-16,81.9161,82.0963,81.5339,81.5411,9304700
2014-09-17,81.8584,82.0747,81.2816,81.3320,12917000
2014-09-18,81.6060,81.8223,81.3681,81.5916,7031200
2014-09-19,81.8944,82.6875,81.6204,82.6298,13236900
2014-09-22,82.6731,82.9471,82.5145,82.7308,6617200
2014-09-23,82.8534,83.2572,82.7524,83.2427,6362400
2014-09-24,83.1274,83.3148,82.6587,82.7813,5223300
2014-09-25,83.1417,83.7690,83.1417,83.7618,8947800
2014-09-26,83.6537,83.8484,83.3653,83.6393,7799600
2014-09-29,84.3603,84.4829,84.1152,84.3098,6791800
2014-09-30,84.1152,84.3892,83.7330,83.8340,7277500
2014-10-01,84.4910,85.4813,84.4477,85.4596,17194900
2014-10-02,85.1705,85.4379,84.6717,84.7151,8251800
2014-10-03,84.5705,85.1271,84.4476,85.0765,8561500
2014-10-06,85.0187,85.4307,84.8308,85.1271,4485500
2014-10-07,85.5174,86.3270,85.4235,86.2764,8837700
2014-10-08,86.3414,86.3920,85.6620,86.2980,9391300
2014-10-09,86.2114,86.5005,85.8572,85.9222,10291700
2014-10-10,86.3920,86.7968,86.2402,86.7751,8774400
2014-10-13,86.8547,87.5847,86.7752,87.3028,6450700
2014-10-14,87.6859,88.0256,87.2305,87.8738,11285400
2014-10-15,90.0496,92.2903,88.0690,88.5678,37407500
2014-10-16,89.7171,89.7243,87.7799,88.0040,18096600
2014-10-17,87.5992,87.9750,87.0859,87.5124,8524300
2014-10-20,88.0256,88.0762,87.4185,87.8305,7742500
2014-10-21,87.3461,87.6353,87.1221,87.1293,9754700
2014-10-22,87.0787,87.3534,86.8980,87.2233,9260200
2014-10-23,86.7679,86.8691,86.0596,86.4499,10936300
2014-10-24,86.6884,87.0354,86.3559,86.5366,5704900
2014-10-27,86.6595,86.9342,86.4933,86.6956,3391900
2014-10-28,86.3631,86.4860,86.0740,86.1535,5141300
2014-10-29,85.9873,86.6089,85.5969,86.3487,9105100
2014-10-30,86.9703,87.0715,86.3848,86.4210,7024400
2014-10-31,86.2620,86.5294,85.8933,86.1969,6664200
2014-11-03,86.1534,86.3418,85.6534,86.1969,9726600
2014-11-04,86.5302,86.8853,86.2838,86.4650,3664800
2014-11-05,86.1607,86.4940,86.0954,86.3418,4799600
2014-11-06,85.9360,86.1751,85.7259,85.7838,5901900
2014-11-07,86.0230,86.7693,85.9940,86.7693,8550500
2014-11-10,86.6461,86.6461,85.9070,85.9722,4787300
2014-11-11,85.8491,86.0882,85.7476,86.0302,2416500
2014-11-12,86.3708,86.6099,85.8274,85.9578,4040800
2014-11-13,86.0085,86.3563,85.8201,86.1606,4475900
2014-11-14,86.1099,86.6534,85.9940,86.5809,5191200
2014-11-17,86.7911,86.7983,86.1389,86.3635,4726200
2014-11-18,86.4578,86.6461,86.3418,86.6027,4471200
2014-11-19,86.1389,86.6461,86.0519,86.0519,5792500
2014-11-20,86.8780,86.9143,86.2694,86.5012,5683600
2014-11-21,86.6389,87.0664,86.6027,87.0229,3640100
2014-11-24,86.7113,87.1461,86.6244,87.0953,4033900
2014-11-25,87.2186,87.8707,87.1751,87.8200,6770000
2014-11-26,88.1388,88.3054,88.0156,88.0591,4339100
2014-11-28,88.4938,88.8851,88.4938,88.7546,4562200
2014-12-01,89.0938,89.1882,88.2078,88.2369,7728600
2014-12-02,87.7576,87.7649,87.3582,87.3800,5757200
2014-12-03,87.3654,87.7285,87.2419,87.7213,4868600
2014-12-04,87.6922,88.4547,87.5978,88.4547,4250500
2014-12-05,88.2877,88.3095,87.5251,87.9391,8030700
2014-12-08,88.1788,89.2100,87.9754,89.0139,6021800
2014-12-09,89.7620,90.0307,89.2972,89.4715,6639700
2014-12-10,89.4569,90.3429,89.3843,90.1251,6439200
2014-12-11,89.8636,90.4954,89.5368,90.4954,7863500
2014-12-12,91.1055,91.7591,90.7932,91.7228,9317400
2014-12-15,91.2435,92.0133,91.0910,91.5340,9387400
2014-12-16,92.4926,92.7540,91.7663,92.6668,7426400
2014-12-17,92.1658,92.3691,91.2870,91.8317,11558800
2014-12-18,90.7278,90.8513,90.1977,90.1977,12758200
2014-12-19,90.4737,91.4686,90.3720,91.4105,7894500
2014-12-22,91.1055,91.6429,91.0111,91.5340,4118800
2014-12-23,91.1054,91.2144,89.6820,89.7184,7406100
2014-12-24,89.5590,90.2868,89.4644,90.2067,4871400
2014-12-26,90.6434,90.6725,90.2576,90.5415,2921300
2014-12-29,90.9054,91.4512,90.8326,91.2183,4070700
2014-12-30,91.6841,91.8515,91.3566,91.4657,4372600
2014-12-31,91.4803,91.8223,91.4439,91.6404,4993300
2015-01-02,91.9097,92.9067,91.8078,92.6593,9432000
2015-01-05,93.1614,94.3404,93.1251,94.1148,9789500
2015-01-06,95.1191,96.4218,94.7480,95.8105,18331300
2015-01-07,95.1192,96.0434,94.7334,95.6213,9762900
2015-01-08,94.8717,94.8790,94.1876,94.3550,8055300
2015-01-09,94.0275,95.4175,93.9111,95.3884,9398800
2015-01-12,95.3375,96.2909,95.2793,95.9343,6658100
2015-01-13,95.6213,96.5092,95.4394,95.9343,8260800
2015-01-14,97.3170,97.6081,96.5747,96.6620,12324500
2015-01-15,96.6838,98.2703,96.5601,98.1830,11454200
2015-01-16,97.7610,98.0157,96.8149,96.9313,9390500
2015-01-20,97.6154,98.3286,97.5717,98.2194,7758700
2015-01-21,98.3941,98.6779,96.7639,97.0841,9803900
2015-01-22,97.5208,97.6518,96.2690,96.7348,10200000
2015-01-23,97.7391,98.3359,97.6300,98.0812,7334600
2015-01-26,98.1320,98.3868,97.5571,97.7827,5966500
2015-01-27,98.7798,99.0709,97.6299,97.9356,8079600
2015-01-28,98.0666,100.0025,98.0302,99.5367,12230300
2015-01-29,99.0636,99.4639,98.5833,98.8817,8881400
2015-01-30,100.2208,100.7957,99.8351,100.6356,14871200
2015-02-02,99.6869,100.5766,99.6577,100.2557,13689900
2015-02-03,98.9212,99.0232,97.9877,98.1336,14008700
2015-02-04,97.3460,98.4399,97.0762,98.3013,11360400
2015-02-05,97.7179,97.8857,97.0689,97.2221,8334600
2015-02-06,96.2959,96.5147,95.2312,95.5010,13685600
2015-02-09,96.2376,96.2449,95.3479,95.3479,8025500
2015-02-10,94.9031,95.1437,94.3926,94.5895,8290700
2015-02-11,94.5822,94.9979,94.0426,94.7645,6506400
2015-02-12,94.5530,95.1947,94.3999,94.4509,12548300
2015-02-13,94.4436,94.4582,93.4081,93.4810,8325200
2015-02-17,93.1967,93.2915,91.8257,92.0736,14968800
2015-02-18,92.4820,93.1529,92.2268,92.6205,14009200
2015-02-19,92.4528,92.9414,92.0080,92.0080,8584800
2015-02-20,92.6497,93.3498,91.8840,92.2778,12502500
2015-02-23,92.7518,93.4664,92.7299,93.3352,7500500
2015-02-24,93.0873,94.6478,92.7445,94.5603,11958300
2015-02-25,94.4072,95.0854,94.1301,94.9687,8019800
2015-02-26,94.5822,95.0198,93.6342,93.6707,11020500
2015-02-27,94.0863,94.5238,93.5394,94.4582,9225100
2015-03-02,94.2551,94.3062,92.6257,92.6988,11324000
2015-03-03,92.7134,93.0641,92.3408,92.3627,8599000
2015-03-04,92.7500,92.8230,92.1801,92.3919,6478900
2015-03-05,92.4504,92.7061,91.9901,92.2750,6045000
2015-03-06,91.0913,91.2082,89.8492,90.2365,20022900
2015-03-09,91.0987,91.2375,90.6968,91.0694,8889100
2015-03-10,92.0412,92.3846,91.8878,92.2677,9277900
2015-03-11,92.2531,93.1299,92.1508,92.9399,6663100
2015-03-12,93.6706,93.6706,92.5892,92.8742,10295900
2015-03-13,92.6184,93.2249,92.4211,92.5892,7247200
2015-03-16,93.4806,93.6341,92.9911,93.4806,6374600
2015-03-17,93.9263,94.3355,93.7291,94.2551,6314000
2015-03-18,94.9200,96.1037,93.9702,96.0745,13981900
2015-03-19,95.8625,96.1694,95.1830,95.5849,9543800
2015-03-20,95.8772,96.2279,95.8187,96.0890,5953800
2015-03-23,96.2279,96.2644,95.7091,95.9722,5555500
2015-03-24,96.3229,96.9147,96.0671,96.9001,6713000
2015-03-25,96.9732,97.0024,96.0526,96.0818,5635800
2015-03-26,95.7529,95.8187,94.3866,94.5839,9536300
2015-03-27,95.0077,95.8114,94.9711,95.7602,7907900
2015-03-30,95.6434,95.7164,95.0515,95.2853,7010600
2015-03-31,95.1612,95.6872,94.9200,95.4900,6844300
2015-04-01,96.1584,97.0004,96.1365,96.7442,9273900
2015-04-02,96.5977,96.6270,95.6313,95.7191,6663400
2015-04-06,96.2316,96.2682,94.9796,95.1846,5923800
2015-04-07,95.3530,96.0779,95.0748,95.9827,4764900
2015-04-08,95.9315,96.1804,95.1993,96.0120,5378900
2015-04-09,95.8216,95.8582,94.5476,94.7672,6484200
2015-04-10,95.4189,95.5141,94.8551,94.9064,4843000
2015-04-13,94.8405,95.1700,94.7380,95.0382,4010600
2015-04-14,96.1438,96.5465,95.5360,95.7118,6075500
2015-04-15,95.9534,96.1145,95.4189,95.6312,4425200
2015-04-16,95.7923,95.8143,94.7526,95.1553,7085500
2015-04-17,95.0162,96.4293,94.9650,96.2463,7268800
2015-04-20,95.8729,95.9241,95.1334,95.3969,4949400
2015-04-21,95.3530,95.5141,94.8625,94.9650,4563800
2015-04-22,94.8185,94.8551,93.3834,93.5152,9707600
2015-04-23,93.5738,94.3426,93.4347,93.9180,6843400
2015-04-24,94.1888,94.7673,94.1522,94.5037,4773000
2015-04-27,94.5037,94.8185,93.9911,94.5037,4334900
2015-04-28,93.8447,94.2620,93.1784,93.2004,7464300
2015-04-29,92.1167,92.5780,91.7287,92.0582,11554800
2015-04-30,91.5529,92.3803,91.1649,92.2192,12876000
2015-05-01,91.5134,91.7409,90.7504,90.9778,12378500
2015-05-04,91.1979,91.3667,90.0387,90.1194,9144700
2015-05-05,90.1414,90.2662,89.2830,89.9947,13935500
2015-05-06,89.5031,89.5545,88.3145,88.4539,14355000
2015-05-07,89.0922,89.9286,89.0335,89.6425,11933700
2015-05-08,90.5229,90.6476,89.7378,89.8846,11716400
2015-05-11,89.2317,89.2537,87.6762,87.6982,13738600
2015-05-12,87.4121,88.5053,87.1773,87.9257,15861700
2015-05-13,88.5200,88.5713,87.0452,87.2213,15760000
2015-05-14,87.2507,87.9183,87.0819,87.4561,9128400
2015-05-15,88.3219,89.4444,88.2558,89.2096,12630600
2015-05-18,88.2778,88.3585,87.6542,87.7129,10208300
2015-05-19,86.7737,87.9256,86.6710,86.9351,8435300
2015-05-20,87.1406,87.6395,86.7077,87.0819,7789700
2015-05-21,87.7349,88.4906,87.6395,88.2999,11760700
2015-05-22,88.5199,88.5933,87.8963,88.3365,5417900
2015-05-26,88.6594,89.9140,88.5860,89.8479,10469700
2015-05-27,89.6425,90.1414,89.2243,90.0534,6490300
2015-05-28,89.8773,90.2661,89.6718,89.8332,6237600
2015-05-29,90.4129,90.6624,89.8847,90.0314,7912000
2015-06-01,89.7843,89.9828,88.7402,89.0637,13108100
2015-06-02,88.3579,88.4240,87.5785,87.8211,10076200
2015-06-03,87.0491,87.2035,86.1741,86.4094,14810900
2015-06-04,86.9535,87.7108,86.8653,87.5344,10859300
2015-06-05,86.6447,87.1814,86.3065,86.4682,11200200
2015-06-08,86.7329,86.8800,86.2991,86.3727,5334000
2015-06-09,86.0712,86.1226,85.3726,85.6888,12393900
2015-06-10,85.2329,85.3874,84.7477,84.9388,12183600
2015-06-11,85.7035,86.7403,85.4682,86.7256,13849300
2015-06-12,86.4609,87.5491,86.4315,86.7256,7863100
2015-06-15,87.4167,87.5417,86.5712,86.8653,8194200
2015-06-16,87.2109,87.5564,86.7182,87.5491,7046400
2015-06-17,87.1300,87.2256,86.2109,86.8727,13626100
2015-06-18,86.2991,86.5712,85.8432,86.4462,10123300
2015-06-19,87.1373,87.6373,87.1226,87.5564,10439200
2015-06-22,86.6447,86.8653,85.7256,85.7697,9769000
2015-06-23,85.0933,85.9976,85.0639,85.2550,8945100
2015-06-24,85.6667,86.1520,85.4094,85.9903,8600400
2015-06-25,85.7256,86.0859,85.4315,85.6888,8287800
2015-06-26,85.0491,85.1962,84.4683,84.7256,11673000
2015-06-29,85.9977,87.2550,85.6300,86.9682,17132900
2015-06-30,86.3211,87.2770,86.2697,86.3652,13469000
2015-07-01,85.3469,85.7448,85.0595,85.1995,12451500
2015-07-02,85.7153,85.9659,85.3911,85.4795,6682100
2015-07-06,86.9902,87.4323,86.2607,87.0639,10605800
2015-07-07,88.1766,88.7882,87.6534,87.8818,16160100
2015-07-08,88.4418,88.8471,88.0587,88.6408,9951800
2015-07-09,87.4691,87.7786,86.8428,86.8944,11108900
2015-07-10,85.5090,86.0101,85.3027,85.5164,13636600
2015-07-13,85.0300,85.8184,85.0300,85.2510,8006700
2015-07-14,85.4943,85.6785,85.2290,85.5311,4227800
2015-07-15,85.5606,86.6217,85.5090,86.4375,8720400
2015-07-16,86.1354,87.0712,86.1206,87.0344,7306500
2015-07-17,87.2260,87.6091,87.2186,87.4839,7404900
2015-07-20,87.1670,87.4323,86.8796,87.1154,5941000
2015-07-21,86.7175,87.6386,86.7028,87.5871,5627500
2015-07-22,87.6976,88.3534,87.6533,88.1323,6228900
2015-07-23,88.1324,89.3114,88.0218,89.2303,9087700
2015-07-24,89.5324,89.5693,89.1050,89.4514,7307900
2015-07-27,90.0409,90.1146,89.5177,89.9304,8172000
2015-07-28,89.2819,89.5841,89.0903,89.2746,9128200
2015-07-29,89.1787,89.2893,88.7366,88.9429,6706400
2015-07-30,89.3187,89.8567,89.2745,89.6282,6146600
2015-07-31,90.2251,90.5641,89.9451,90.2915,9178400
2015-08-03,90.3336,91.3896,90.3336,91.2419,11753700
2015-08-04,90.9539,91.0721,90.4370,90.5182,6448800
2015-08-05,89.9274,90.0307,89.4990,89.8387,7574400
2015-08-06,90.0972,90.7397,90.0972,90.6363,6118100
2015-08-07,91.0573,91.9435,91.0129,91.8253,8317000
2015-08-10,91.1385,91.2567,90.4812,90.6880,7461700
2015-08-11,91.7958,92.4087,91.6924,92.1281,11145700
2015-08-12,92.2610,92.8371,91.5742,91.6259,8455200
2015-08-13,91.4487,91.8844,90.9982,91.3305,7691400
2015-08-14,91.1828,91.8475,90.9834,91.5447,4324700
2015-08-17,92.0985,92.3865,91.8622,91.9582,7880300
2015-08-18,91.4265,91.7884,91.1164,91.2345,5024300
2015-08-19,90.8800,92.2610,90.8283,92.1355,10736000
2015-08-20,92.5860,93.1251,92.4457,93.0660,9078300
2015-08-21,93.1694,93.5977,92.7484,93.3466,10718300
2015-08-24,94.7571,95.2076,92.9183,93.3171,16663400
2015-08-25,91.9804,92.1576,91.2493,91.8179,15354800
2015-08-26,90.8357,91.2124,89.6246,90.0455,16429900
2015-08-27,89.9643,90.7397,89.8388,90.0972,9127000
2015-08-28,90.9465,91.1828,90.2671,90.3631,9946200
2015-08-31,91.1016,91.1828,89.6098,89.6689,8617600
2015-09-01,90.0264,90.3594,89.5379,90.3150,15298200
2015-09-02,89.8635,90.2780,89.4491,89.5379,9515200
2015-09-03,89.8340,90.0486,89.3381,89.9746,7042500
2015-09-04,90.6258,90.9811,90.1596,90.7961,7951300
2015-09-08,89.8339,89.9672,89.3751,89.4565,7049500
2015-09-09,88.5388,90.0782,88.4870,89.8858,7441900
2015-09-10,89.5675,89.6933,89.1456,89.2788,6789700
2015-09-11,89.9006,90.3520,89.7969,89.8413,5890900
2015-09-14,90.2558,90.4038,89.7599,89.9820,4221700
2015-09-15,89.4713,89.5897,88.1613,88.2575,11895000
2015-09-16,88.0429,88.3981,87.7394,87.9245,6949800
2015-09-17,87.9837,89.0864,87.8727,88.9976,19843600
2015-09-18,89.7081,90.4408,89.6489,90.3668,14963300
2015-09-21,89.5601,89.6341,88.6498,88.8940,10085600
2015-09-22,89.8784,90.5815,89.6563,90.1300,9968200
2015-09-23,90.0116,90.3446,89.5453,90.1226,6769900
2015-09-24,91.1587,91.5361,90.6554,90.7368,9605800
2015-09-25,90.0337,90.2410,89.7525,89.9523,8383700
2015-09-28,90.4408,91.6028,90.4408,91.4918,9833400
2015-09-29,91.4326,91.9876,91.2179,91.7508,9006100
2015-09-30,91.3364,91.6250,91.1217,91.4326,9832600
2015-10-01,92.0229,92.3492,91.7114,91.8226,9069400
2015-10-02,93.1428,93.6026,92.0970,92.3789,13000400
2015-10-05,91.7559,91.8375,91.0587,91.1255,11362700
2015-10-06,90.8882,91.6669,90.7844,91.5186,5687800
2015-10-07,91.0810,91.4667,90.8585,91.2145,6712800
2015-10-08,91.4370,91.4963,90.2281,90.4506,12882300
2015-10-09,90.4580,90.9549,90.4061,90.6879,9038100
2015-10-12,91.2442,91.5409,91.1552,91.3777,4241000
2015-10-13,91.6150,91.6669,91.0736,91.5334,6147200
2015-10-14,91.7411,92.3715,91.4444,92.3344,9738100
2015-10-15,92.1935,92.3048,91.8004,91.8820,6924300
2015-10-16,92.1490,92.3121,91.8672,91.9117,8048300
2015-10-19,91.8079,91.9414,91.1552,91.6595,6238400
2015-10-20,91.0736,91.1997,90.8882,91.0958,6431300
2015-10-21,91.6743,92.1267,91.5705,92.0007,6603800
2015-10-22,92.0377,92.5420,91.6001,92.1564,6934100
2015-10-23,91.2962,91.5631,91.1107,91.3703,7058200
2015-10-26,91.8672,92.1119,91.8227,91.9784,5859800
2015-10-27,92.3418,92.6311,92.0823,92.2084,7156800
2015-10-28,92.1639,92.2158,91.4445,91.8376,8468700
2015-10-29,91.3555,91.3851,90.2578,90.3765,12108000
2015-10-30,90.6583,91.0810,90.4951,91.0588,11861400
2015-11-02,90.5140,90.8113,90.4397,90.6403,8751000
2015-11-03,90.4173,90.4842,89.7781,89.8970,8921600
2015-11-04,90.0086,90.3356,89.7113,90.0011,5980800
2015-11-05,89.9714,89.9788,89.4139,89.7633,7268400
2015-11-06,88.8119,88.8416,88.2544,88.4477,10604700
2015-11-09,87.7788,88.3734,87.7045,87.9497,9159500
2015-11-10,88.0761,88.6038,87.9869,88.2099,6712500
2015-11-11,87.9646,88.1355,87.9051,88.0240,2857900
2015-11-12,88.2619,88.7747,88.2247,88.4477,6805700
2015-11-13,88.6856,89.1167,88.6113,88.9532,7906600
2015-11-16,89.0349,89.1910,88.5443,88.8714,5485300
2015-11-17,88.4477,89.2876,88.1950,89.0200,5122900
2015-11-18,88.8788,89.3322,88.7153,89.2058,5233900
2015-11-19,89.8450,90.0457,89.6964,89.8005,6643000
2015-11-20,89.8822,89.9640,89.3991,89.5254,5971000
2015-11-23,89.5849,90.0234,89.4288,89.8005,5436300
2015-11-24,89.8599,90.0829,89.6221,89.7930,3371500
2015-11-25,90.0606,90.2464,89.8971,90.0011,3280900
2015-11-27,90.1200,90.1721,89.9045,89.9119,2570600
2015-11-30,90.0085,90.3281,89.9788,90.2687,5179800
2015-12-01,90.3186,91.5029,90.3186,91.4880,12766600
2015-12-02,91.3614,91.6444,91.0113,91.5178,7345800
2015-12-03,90.3931,90.4229,88.6278,89.0300,16612200
2015-12-04,89.0300,90.0728,88.9853,89.8121,11843800
2015-12-07,89.9834,91.2124,89.9760,90.6836,9016700
2015-12-08,91.0784,91.1901,90.4601,90.7283,7257500
2015-12-09,90.3856,90.9815,89.7600,90.6314,8993900
2015-12-10,90.7133,90.8921,90.4899,90.7506,5606900
2015-12-11,91.6369,92.4339,91.5178,92.1807,12300000
2015-12-14,91.6742,91.7263,90.6836,90.9889,10661100
2015-12-15,90.1398,90.5718,89.9983,90.4526,8795500
2015-12-16,90.1771,90.9964,89.7526,90.2590,10988600
2015-12-17,90.7059,91.4507,90.6016,91.2794,9923000
2015-12-18,91.6742,92.0019,91.4806,91.7859,10171700
2015-12-21,91.9349,92.1956,91.5550,91.7635,7494900
2015-12-22,91.3539,91.4657,90.8624,91.1007,5445800
2015-12-23,90.2963,90.5793,90.0281,90.4155,7287100
2015-12-24,90.6647,90.9633,90.6125,90.9334,3364600
2015-12-28,91.0529,91.5604,90.9484,91.2021,7586600
2015-12-29,90.8290,90.8663,89.5750,89.6870,7787500
2015-12-30,89.5078,89.9706,89.3212,89.5974,5508900
2015-12-31,89.9930,90.2094,89.7541,90.0004,7897700
2016-01-04,91.0081,91.3962,90.5528,90.6498,10591900
2016-01-05,90.2243,90.6871,90.0601,90.2840,6242600
2016-01-06,91.2843,91.5231,91.0977,91.5007,8916900
2016-01-07,91.5679,91.7545,90.9036,91.6649,10202200
2016-01-08,91.3813,92.1575,91.2320,92.0754,9577200
2016-01-11,91.0901,91.6499,90.9558,91.0677,10040300
2016-01-12,91.3140,92.7919,91.1722,92.3814,12897700
2016-01-13,92.2023,93.6727,92.0082,93.2920,15577600
2016-01-14,92.9039,93.2771,92.0605,92.4188,12873800
2016-01-15,93.5981,94.0160,93.3592,93.8593,13976300
2016-01-19,93.3965,94.0981,93.2622,93.5682,8926600
2016-01-20,94.7774,95.4790,94.3594,94.5535,17283300
2016-01-21,94.7475,95.0088,93.7996,93.9116,11001600
2016-01-22,93.2323,93.6951,92.9412,93.5533,10164300
2016-01-25,94.0086,94.2474,93.7847,94.0608,5738200
2016-01-26,94.0384,94.3892,93.8593,94.1056,5692600
2016-01-27,93.8593,94.2623,93.4413,94.0832,7957800
2016-01-28,93.7026,94.3519,93.6428,94.2176,10575400
2016-01-29,95.0983,95.4342,94.7326,95.0162,13170700
2016-02-01,94.8150,95.0244,94.4411,94.7253,9948400
2016-02-02,95.7947,96.4976,95.7199,96.4827,10400000
2016-02-03,95.9293,97.1707,95.6601,95.6825,13309000
2016-02-04,95.8844,96.1611,95.3535,96.1461,9953500
2016-02-05,95.6376,96.4677,95.4133,96.2583,9200800
2016-02-08,97.0062,98.4345,96.9763,98.3298,14452200
2016-02-09,98.7410,98.7560,97.9334,98.4344,15232100
2016-02-10,98.4868,99.3393,98.0456,99.3019,12797100
2016-02-11,100.5358,101.1415,99.4664,99.9974,21620200
2016-02-12,99.1897,99.5562,97.9110,98.3372,13888400
2016-02-16,97.7539,97.7764,97.0734,97.2978,11766000
2016-02-17,96.9463,97.0884,96.2509,96.6995,13157300
2016-02-18,96.7743,97.9633,96.7369,97.8885,10196700
2016-02-19,97.9185,98.5766,97.7614,97.9708,8188700
2016-02-22,98.0381,98.0456,97.7390,97.9185,5054300
2016-02-23,97.1258,98.5167,97.0510,98.3148,8320700
2016-02-24,99.0103,99.7506,97.9259,98.1204,9091200
2016-02-25,98.3223,99.1299,98.2027,98.4719,6097200
2016-02-26,97.4473,97.8212,97.2454,97.5221,9245000
2016-02-29,97.5670,98.0905,97.5296,97.9484,8016100
2016-03-01,98.0143,98.0368,96.1412,96.2236,13729100
2016-03-02,96.1412,96.6282,96.0588,96.6207,7047700
2016-03-03,96.7032,97.3550,96.4784,96.9729,6394800
2016-03-04,96.4634,96.7481,95.7217,96.3510,8687000
2016-03-07,96.2386,96.4034,95.9389,96.3210,5493300
2016-03-08,97.6621,98.1417,97.3624,97.3849,7175400
2016-03-09,96.7106,97.1676,96.5083,96.7930,7194700
2016-03-10,97.0253,97.2801,95.8416,96.3960,10091600
2016-03-11,96.5159,96.5608,95.3096,95.4220,8927000
2016-03-14,95.7666,96.1937,95.6467,95.7216,5177000
2016-03-15,96.2761,96.3960,95.6093,95.8116,6413200
2016-03-16,95.7142,96.2911,95.4295,96.0963,9728900
2016-03-17,96.2836,96.9054,96.2686,96.4933,7805500
2016-03-18,96.6807,97.0328,96.4260,96.6957,8198600
2016-03-21,96.0888,96.3660,95.7142,95.9539,5514800
2016-03-22,96.5233,96.6657,95.8415,95.9314,4997900
2016-03-23,96.2087,97.2651,96.1188,97.0178,10628200
2016-03-24,97.8345,97.8794,96.6507,97.0553,6343300
2016-03-28,96.9354,97.5198,96.8605,97.1827,5058700
2016-03-29,97.6846,98.2166,97.4149,98.2016,9396700
2016-03-30,97.4224,97.4524,96.6357,97.1677,8478700
2016-03-31,97.3850,98.0068,97.2426,97.8570,7832300
2016-04-01,98.3375,98.4501,97.5266,98.1122,9341400
2016-04-04,98.1948,98.3300,97.8044,98.1723,5145100
2016-04-05,99.1107,99.3735,98.9381,99.2459,6482800
2016-04-06,98.7504,98.8555,98.1573,98.5252,6393700
2016-04-07,99.2459,99.8465,99.1108,99.7414,5963300
2016-04-08,99.2309,99.4036,98.8330,99.1108,5584800
2016-04-11,98.5928,99.2384,98.4351,98.9832,4805500
2016-04-12,98.4126,98.7655,97.9997,98.3000,4276000
2016-04-13,98.1197,98.7879,97.9921,98.6452,5207900
2016-04-14,98.2849,98.5852,97.9696,98.1723,6967000
2016-04-15,98.5702,99.2234,98.5402,99.0132,5831100
2016-04-18,98.6003,98.6829,98.0973,98.5853,4486600
2016-04-19,98.4125,98.5852,97.8194,98.2774,5212200
2016-04-20,98.4726,98.8405,97.0536,97.1963,10920700
2016-04-21,96.4305,96.9035,96.3179,96.6182,11154200
2016-04-22,96.7383,96.7833,96.2803,96.3704,5826400
2016-04-25,96.1452,96.4906,95.9725,95.9725,5539500
2016-04-26,95.9200,95.9200,95.4395,95.5371,7840000
2016-04-27,96.0401,96.7158,95.8149,96.4906,8380100
2016-04-28,96.2578,96.9560,96.1302,96.8885,7974600
2016-04-29,96.4380,97.3840,96.2503,97.1362,7416300
2016-05-02,96.7901,96.9707,96.1432,96.1582,11035200
2016-05-03,97.4597,97.8133,97.3092,97.3694,10736700
2016-05-04,97.5575,97.9261,97.1889,97.9035,7211200
2016-05-05,97.8434,98.6032,97.5725,98.5580,7870400
2016-05-06,98.4377,98.4452,98.0164,98.1367,7232500
2016-05-09,98.1443,98.4678,98.0390,98.4452,4950800
2016-05-10,98.4377,98.6408,98.2872,98.4527,4331900
2016-05-11,98.4226,99.3028,98.2947,99.0094,9256000
2016-05-12,98.2947,98.6784,98.2421,98.5580,6087400
2016-05-13,98.9116,99.5436,98.7236,99.5135,8707300
2016-05-16,99.0320,99.0470,98.5355,98.6558,5137000
2016-05-17,98.7085,99.1749,98.7085,98.8213,4449100
2016-05-18,98.4076,98.4377,96.9782,97.4146,12681000
2016-05-19,97.5575,98.0465,97.5349,97.8359,6209400
2016-05-20,97.5349,98.0991,97.4596,97.9110,5348900
2016-05-23,98.0691,98.3474,97.7380,98.1292,6979700
2016-05-24,97.7757,97.9412,97.2265,97.6929,5968200
2016-05-25,97.6704,97.9863,97.2792,97.3243,6367400
2016-05-26,97.6553,98.1367,97.6477,97.8283,5419300
2016-05-27,97.8510,97.9939,97.5726,97.6855,5267600
2016-05-31,97.0610,98.1292,97.0309,97.9186,8344300
2016-06-01,98.4742,98.9567,98.0822,98.3159,9874900
2016-06-02,98.6777,99.2733,98.6551,99.0245,5835400
2016-06-03,100.1553,100.4342,99.9593,100.4342,11077200
2016-06-06,100.0949,100.1778,99.5823,99.6878,7573700
2016-06-07,99.9894,100.2457,99.9140,99.9291,4680200
2016-06-08,100.1628,100.5849,100.0422,100.4643,5313200
2016-06-09,101.2559,101.4217,100.9619,101.1126,6820300
2016-06-10,101.6101,102.0172,101.2106,101.6026,6984600
2016-06-13,101.8363,102.0624,101.5951,102.0549,7283300
2016-06-14,102.6655,102.6882,101.9343,101.9795,9012500
2016-06-15,102.1604,102.6957,102.0021,102.3715,7953200
2016-06-16,103.0802,103.6983,102.6580,102.8691,10372700
2016-06-17,102.6730,102.7258,101.9644,102.2283,8489900
2016-06-20,101.1955,101.4292,101.0221,101.1352,7365900
2016-06-21,101.2332,101.4519,100.6076,100.6679,6005800
2016-06-22,100.6377,101.0071,100.4492,100.8337,5773700
2016-06-23,99.9668,100.5021,99.5673,99.6804,9029100
2016-06-24,102.9822,102.9822,101.9947,102.3565,17155000
2016-06-27,104.3617,105.2286,104.3315,104.9120,16577100
2016-06-28,105.1155,105.4623,104.6934,105.1306,14006400
2016-06-29,105.2964,105.6356,104.2259,104.3239,12999800
2016-06-30,104.6406,105.4924,104.0978,104.7084,14698500
2016-07-01,106.3435,106.3511,105.1201,106.1623,15430200
2016-07-05,107.1290,107.9295,107.0157,107.4915,8840800
2016-07-06,107.8389,107.9975,107.2121,107.6652,14352800
2016-07-07,107.3102,108.1409,107.0761,107.6576,9676400
2016-07-08,107.9371,108.4657,107.5141,108.4506,10355300
2016-07-11,108.0352,108.3524,107.4235,107.4990,8099000
2016-07-12,106.0490,106.3813,105.4599,105.7318,15810600
2016-07-13,106.7664,107.0685,106.4492,106.9778,8181700
2016-07-14,105.1880,105.6109,105.0445,105.4221,10817000
2016-07-15,104.8934,105.0596,104.3572,104.5158,9958600
2016-07-18,105.0294,105.1729,104.0174,104.4177,5955900
2016-07-19,104.9313,105.2107,104.5234,105.0068,8073900
2016-07-20,104.3950,104.6065,104.1533,104.4328,6942500
2016-07-21,103.4963,104.6895,103.4585,104.6442,10398400
2016-07-22,104.1685,105.1578,104.1232,104.8255,5811400
2016-07-25,104.9312,105.1729,104.6669,104.7500,4243800
2016-07-26,105.3693,105.3693,104.5687,104.9161,5243400
2016-07-27,105.3919,106.2227,105.2786,106.2227,8508100
2016-07-28,105.5807,106.3661,105.5127,106.0263,7336100
2016-07-29,106.0716,107.0006,105.8979,106.9100,8766700
2016-08-01,105.7583,106.3031,105.6297,105.7508,9809300
2016-08-02,104.2830,105.3650,104.0333,104.6613,10051200
2016-08-03,104.8656,105.0018,104.3435,104.7218,4930600
2016-08-04,105.5163,106.0459,105.3726,105.5088,5646000
2016-08-05,105.2061,105.3044,104.2754,104.4116,7778600
2016-08-08,104.1090,104.8202,103.8972,104.6084,5185200
2016-08-09,104.9488,105.7130,104.8807,105.6373,5503200
2016-08-10,105.8492,106.3107,105.5238,106.0459,5843500
2016-08-11,105.9702,105.9854,104.8202,105.1002,7624600
2016-08-12,106.2350,106.5755,105.8264,105.9853,7989600
2016-08-15,105.4255,105.6449,104.9791,104.9867,5108600
2016-08-16,105.1531,105.2817,104.5857,104.7067,6182700
2016-08-17,104.8883,105.5011,104.7899,105.3347,5002000
2016-08-18,105.3195,105.7432,105.0093,105.5011,3805200
2016-08-19,104.8959,105.2061,104.4873,104.9488,5516300
2016-08-22,105.6600,106.0308,105.4482,105.8340,5549700
2016-08-23,106.1291,106.3712,105.6752,105.9475,6841400
2016-08-24,106.0004,106.0685,105.4633,105.6978,6027800
2016-08-25,105.3649,105.7584,105.1380,105.2969,5855500
2016-08-26,105.7206,106.4469,104.5781,104.6840,12962500
2016-08-29,105.4557,106.1896,105.3271,106.0837,7310400
2016-08-30,106.0535,106.1216,105.6752,105.6752,5161800
2016-08-31,105.6676,106.0534,105.4254,105.8264,7349700
2016-09-01,105.0715,106.1933,105.0336,105.9432,9149100
2016-09-02,105.3292,105.3975,104.7304,105.0791,8397000
2016-09-06,105.1398,106.1782,104.9882,105.8447,8542600
2016-09-07,106.3980,106.4359,105.7689,105.7689,5421800
2016-09-08,105.2534,105.5642,104.0406,104.4424,14301500
2016-09-09,103.1387,103.1766,102.6384,102.7218,13347700
2016-09-12,102.5702,102.9567,102.4489,102.7748,9096600
2016-09-13,102.9871,103.0856,101.0845,101.6076,15645400
2016-09-14,101.6076,102.2594,101.6076,101.7592,7037700
2016-09-15,101.2740,101.6075,100.8344,101.3195,9874500
2016-09-16,102.0093,102.1836,101.7364,102.1382,7507900
2016-09-19,101.9638,102.2291,101.7591,101.8046,7105900
2016-09-20,102.4413,102.7672,102.0774,102.1608,6054800
2016-09-21,102.0244,103.0022,101.7061,102.9871,10698100
2016-09-22,103.5934,104.0634,103.4646,103.8057,12426200
2016-09-23,103.8663,104.1013,103.6238,103.7071,5928800
2016-09-26,103.8967,104.4727,103.8588,104.3666,8661300
2016-09-27,105.0488,105.2080,104.5637,105.1322,9450400
2016-09-28,104.9806,105.4732,104.7683,104.9048,7958700
2016-09-29,104.2680,105.4126,104.1846,105.1700,8319800
2016-09-30,105.0185,105.0867,103.7451,104.2302,11747100
2016-10-03,104.5468,104.6151,103.8482,103.8862,7588800
2016-10-04,103.7419,103.9090,102.6333,102.6713,12048700
2016-10-05,102.5269,102.5725,101.8435,102.1928,8917700
2016-10-06,101.7296,102.2764,101.5094,101.6233,7839900
2016-10-07,101.6992,101.9726,101.0614,101.6917,9953200
2016-10-10,100.8791,101.1145,100.6209,101.0918,6089100
2016-10-11,100.8868,101.4107,100.6666,100.8640,9670400
2016-10-12,100.7425,101.0082,100.4160,100.9627,7582400
2016-10-13,101.4790,101.6992,101.2740,101.3423,7080600
2016-10-14,100.4388,100.9552,99.8769,99.9224,11415100
2016-10-17,100.3097,100.7956,100.3021,100.5602,10595900
2016-10-18,100.1274,100.9096,100.1047,100.8868,7151000
2016-10-19,100.5147,101.1981,100.4767,100.9703,6941300
2016-10-20,101.4791,101.5626,100.9171,101.0766,6082300
2016-10-21,101.3880,101.5398,100.8944,101.2285,9222700
2016-10-24,101.3044,101.3348,100.4539,100.7880,6507500
2016-10-25,100.6362,101.4183,100.6058,101.0538,5134700
2016-10-26,100.5830,100.8412,100.2261,100.3704,5842500
2016-10-27,99.5275,99.5275,98.7606,99.2769,10044700
2016-10-28,99.0112,99.4212,98.9656,99.0567,7541000
2016-10-31,99.3909,99.6946,99.2542,99.6642,7047500
2016-11-01,99.0252,100.1207,98.8121,99.6718,12622400
2016-11-02,99.8925,100.5087,99.6870,100.1055,8666200
2016-11-03,99.4740,99.7022,99.2381,99.3370,6085400
2016-11-04,99.8696,100.2652,99.7631,100.2272,7622600
2016-11-07,99.4740,99.6642,99.2381,99.3751,5386700
2016-11-08,99.6795,99.8240,98.6828,98.9719,7576500
2016-11-09,96.7884,96.9026,94.5061,94.7723,31233500
2016-11-10,94.3158,95.0690,93.3648,93.3724,22961200
2016-11-11,93.5474,93.6159,92.5508,92.8475,10040200
2016-11-14,92.2693,93.3192,91.8508,92.2921,21174400
2016-11-15,92.9844,93.4333,92.6497,92.7486,11963700
2016-11-16,93.0453,93.6844,92.9464,93.5855,9149500
2016-11-17,92.7790,92.9008,92.0487,92.2085,11221600
2016-11-18,92.5356,92.7942,91.5541,91.9421,13577700
2016-11-21,92.2160,92.4215,91.9726,92.1704,6488100
2016-11-22,92.5584,92.6345,91.9650,92.1399,9989900
2016-11-23,91.2879,91.9878,90.7249,91.7824,13563500
2016-11-25,92.2008,92.2769,91.5998,91.9193,3126300
2016-11-28,92.3682,92.6116,92.1247,92.5964,8555000
2016-11-29,92.3910,93.1213,92.2160,92.9844,8363000
2016-11-30,91.2726,92.0638,90.8998,91.4780,21163500
2016-12-01,90.3445,90.7104,89.6812,90.5122,21715700
2016-12-02,90.8476,91.6405,90.8248,91.1754,12487500
2016-12-05,90.6646,91.7853,90.2987,91.0763,12100100
2016-12-06,90.9772,91.4346,90.8095,91.0077,11526600
2016-12-07,91.3431,91.9530,91.3431,91.7853,10392200
2016-12-08,90.8324,90.9543,90.5503,90.7028,12041100
2016-12-09,90.4436,90.6113,89.4068,89.5745,14646400
2016-12-12,89.3992,89.8032,89.1019,89.7422,9496300
2016-12-13,90.2606,90.3292,89.5288,90.0624,12189200
2016-12-14,90.7790,90.8781,89.0408,89.0561,16618400
2016-12-15,89.6203,90.1768,89.2162,89.5059,12400500
2016-12-16,89.6584,89.8947,89.0409,89.3001,14924600
2016-12-19,89.9404,90.3978,89.7574,90.2606,10868300
2016-12-20,89.6736,89.8794,89.4830,89.8108,7030600
2016-12-21,89.8947,90.2606,89.7498,90.2072,4624700
2016-12-22,89.8319,90.1912,89.8090,90.0459,5177800
2016-12-23,90.3746,90.4893,90.1530,90.2294,4461600
2016-12-27,89.7479,89.9619,89.6026,89.9389,5276600
2016-12-28,90.0842,90.8638,89.9619,90.5963,7578600
2016-12-29,90.8027,91.1619,90.6957,90.9173,8581400
2016-12-30,90.7873,91.4523,90.7415,91.0548,10613900
2017-01-03,90.5046,91.7122,90.3288,91.4447,13217300
2017-01-04,91.5364,91.9033,91.2994,91.7963,6699600
2017-01-05,92.0638,93.2714,91.8498,93.2332,13265800
2017-01-06,92.5835,92.8969,92.2931,92.3772,8369300
2017-01-09,93.1568,93.2485,92.8358,93.1186,8839100
2017-01-10,92.9046,93.1797,92.6982,93.0574,8417900
2017-01-11,93.2026,93.7759,92.7976,93.3708,9402500
2017-01-12,93.8600,94.1198,93.1186,93.1644,9977600
2017-01-13,92.7364,93.0575,92.1938,92.7212,9820000
2017-01-17,93.8676,93.9670,93.2409,93.6918,7853300
2017-01-18,93.0727,93.2179,92.4154,92.4918,9064700
2017-01-19,92.0944,92.1632,91.3760,91.8575,11795600
2017-01-20,91.5976,91.9568,91.1772,91.6740,16953200
2017-01-23,91.9797,93.1491,91.7351,92.5912,13118400
2017-01-24,92.3084,92.5835,91.5670,91.9568,8395000
2017-01-25,91.1695,91.4141,90.6192,90.8026,11115100
2017-01-26,90.8867,91.1542,90.4434,91.1084,7827900
2017-01-27,91.2613,91.5899,91.1466,91.4371,7197800
2017-01-30,91.2918,91.6281,91.1084,91.1619,6569500
2017-01-31,91.2077,92.0256,91.1466,91.7963,13298500
2017-02-01,91.2287,91.5581,90.8304,91.2287,10975500
2017-02-02,91.8645,92.0253,91.1521,91.1904,6978600
2017-02-03,91.4891,91.8185,90.7461,91.1521,10275600
2017-02-06,91.7343,92.0177,91.2440,91.7036,8433800
2017-02-07,91.7496,92.6917,91.5121,92.3777,8418400
2017-02-08,93.0058,93.6569,92.9981,93.6339,15734200
2017-02-09,92.9981,93.1360,92.4237,92.5539,16890600
2017-02-10,92.0024,92.6458,92.0024,92.5003,7978500
2017-02-13,92.1096,92.2322,91.8262,92.2092,11536800
2017-02-14,92.1019,92.1479,91.0219,91.5427,13210500
2017-02-15,90.9682,91.3206,90.8840,91.1214,8481000
2017-02-16,91.3206,92.0789,91.2440,91.6193,10005800
2017-02-17,92.3853,92.4542,92.0176,92.1632,7886400
2017-02-21,91.6730,92.3853,91.6117,92.0023,8703800
2017-02-22,92.5309,92.5462,91.6041,92.1556,8101500
2017-02-23,92.3547,92.4849,92.1708,92.4313,5330800
2017-02-24,92.9522,93.5573,92.8832,93.4577,11336000
2017-02-27,93.3045,93.3734,92.8602,92.9062,11039800
2017-02-28,93.0671,93.5113,92.9292,93.2509,8410500
2017-03-01,91.6653,91.7497,91.2893,91.6883,10717100
2017-03-02,91.3353,91.4888,91.0360,91.3583,8201200
2017-03-03,91.5041,91.5962,90.9823,91.5962,9515200
2017-03-06,91.4197,91.4197,90.9593,91.1588,4489200
2017-03-07,90.9286,91.0821,90.7521,90.8825,7080100
2017-03-08,90.0306,90.5218,89.9693,90.3913,11336300
2017-03-09,90.0537,90.1611,89.6162,89.6699,10575400
2017-03-10,89.9002,90.0383,89.5471,89.9846,9218500
2017-03-13,89.6623,89.8618,89.4013,89.4167,6993100
2017-03-14,89.6162,90.0613,89.5702,89.8465,9869200
2017-03-15,90.2225,91.1972,90.1228,90.9440,14600500
2017-03-16,90.5525,90.6753,90.2762,90.4834,8018200
2017-03-17,90.6446,91.1358,90.5832,91.0514,7266800
2017-03-20,90.9823,91.5042,90.9439,91.4428,5497800
2017-03-21,91.3660,92.3253,91.3430,92.2025,12540700
2017-03-22,92.6477,92.9930,92.4251,92.5709,11661400
2017-03-23,92.7321,92.8779,92.1411,92.4405,6746500
2017-03-24,92.5019,92.9393,92.4021,92.7705,5819600
2017-03-27,93.4995,93.6069,93.0083,93.1925,6878500
2017-03-28,93.4688,93.4919,92.4711,92.5709,6811200
2017-03-29,92.8165,93.1542,92.7705,93.1235,6291000
2017-03-30,92.9163,92.9316,92.3407,92.3714,7042400
2017-03-31,92.3100,92.7167,92.2563,92.6400,5144800
2017-04-03,92.6362,93.7283,92.5977,93.5745,12996500
2017-04-04,93.3437,93.5129,93.0207,93.0668,6976700
2017-04-05,92.7207,93.4590,92.5669,93.3514,8555200
2017-04-06,93.2437,93.3744,92.6900,93.2129,6497000
2017-04-07,93.7052,94.0205,92.8207,92.8361,10270000
2017-04-10,93.1668,93.5360,93.0591,93.2668,5314500
2017-04-11,93.6744,94.3282,93.6129,94.1513,11297400
2017-04-12,94.2205,94.7434,94.0513,94.6665,11532500
2017-04-13,94.9434,95.1664,94.5281,94.9588,8396700
2017-04-17,94.9511,95.0203,94.4896,94.6665,8015000
2017-04-18,95.2587,96.1201,95.0203,95.9048,11529700
2017-04-19,95.4433,95.4972,95.1357,95.3818,7344000
2017-04-20,94.9972,95.3049,94.7050,95.0126,7932900
2017-04-21,95.2280,95.5510,94.9742,95.0126,9798500
2017-04-24,94.2512,94.7204,94.1820,94.5435,8066400
2017-04-25,93.9897,94.1820,93.3514,93.4052,8122300
2017-04-26,93.4591,93.9359,93.3899,93.9205,5766200
2017-04-27,93.6359,94.0974,93.5052,93.8897,4978300
2017-04-28,93.5206,94.1666,93.4822,94.0974,8166300
2017-05-01,93.7853,94.1321,93.0300,93.3152,8795900
2017-05-02,93.2304,93.8546,93.2072,93.7930,6727800
2017-05-03,94.1938,94.3248,93.6774,93.8546,8932900
2017-05-04,93.2612,93.4230,92.9991,93.3922,9707200
2017-05-05,93.5463,93.6157,93.1687,93.4770,5605400
2017-05-08,93.3383,93.3614,92.8913,92.9683,8057800
2017-05-09,92.7757,92.9684,92.5907,92.9607,5536700
2017-05-10,93.1841,93.2997,92.6061,92.8527,6517000
2017-05-11,92.4828,92.9221,92.4134,92.8527,7479800
2017-05-12,93.2612,93.6312,93.2381,93.5541,7463900
2017-05-15,93.2998,93.4154,93.0608,93.2998,5173200
2017-05-16,93.3383,93.9394,93.3383,93.6466,6722700
2017-05-17,94.5097,95.2110,94.3247,95.0106,11236400
2017-05-18,95.3729,95.5193,94.9413,95.1186,8350500
2017-05-19,95.0723,95.3960,94.8026,95.3420,11277400
2017-05-22,95.1109,95.2265,94.9953,95.0801,4062900
2017-05-23,95.1879,95.2727,94.3941,94.4403,7901300
2017-05-24,94.6408,94.9953,94.4404,94.9722,7355200
2017-05-25,94.8103,95.0107,94.6099,95.0030,6464800
2017-05-26,95.2188,95.3652,94.9875,95.1648,2963800
2017-05-30,95.5887,95.6735,95.3652,95.6349,4819400
2017-05-31,95.6041,96.0665,95.5887,95.8738,8000200
2017-06-01,95.5363,95.9148,95.5054,95.8839,9037300
2017-06-02,96.7103,97.1350,96.5790,97.0192,13245000
2017-06-05,96.4631,96.6639,96.3704,96.4168,6775500
2017-06-06,97.0733,97.2123,96.8493,96.9420,12841500
2017-06-07,96.7257,96.9420,96.3782,96.4786,12852400
2017-06-08,96.4477,96.4477,95.9997,96.2237,8758600
2017-06-09,95.8298,96.2623,95.7526,96.0770,5130500
2017-06-12,95.9302,96.5326,95.8762,96.0461,4335800
2017-06-13,95.7757,96.1696,95.7603,96.0615,4742600
2017-06-14,97.2509,97.8610,97.1041,97.5444,20212300
2017-06-15,97.3822,97.5675,97.1814,97.3899,5863700
2017-06-16,97.3745,97.6525,97.3204,97.5830,6672500
2017-06-19,97.5598,97.6834,97.3358,97.4440,5641300
2017-06-20,97.9228,98.3940,97.9228,98.3167,8405700
2017-06-21,98.1700,98.5793,98.0155,98.5175,5914800
2017-06-22,98.6334,98.7569,98.3244,98.7338,6608100
2017-06-23,98.4480,98.7801,98.3940,98.6874,4329900
2017-06-26,99.0659,99.2976,98.9809,99.0581,5541600
2017-06-27,98.4171,98.4634,97.7915,98.0000,8354200
2017-06-28,97.8302,97.8611,97.2973,97.6757,7357900
2017-06-29,96.5481,97.0964,96.4631,96.8570,9115800
2017-06-30,96.6871,96.8416,96.4245,96.6330,10189800
2017-07-03,96.7398,96.7708,95.9814,96.3219,11021100
2017-07-05,96.1207,96.4690,96.0588,96.3451,11394500
2017-07-06,95.5945,95.6873,95.1378,95.5480,10853100
2017-07-07,95.0682,95.2152,94.8747,94.9753,9401800
2017-07-10,95.0914,95.2694,94.9443,95.1146,3859200
2017-07-11,95.0837,95.4474,94.9676,95.2772,4425600
2017-07-12,95.8808,95.9969,95.5712,95.9350,7839900
2017-07-13,95.6564,95.6950,95.0450,95.3313,7449300
2017-07-14,96.0433,96.0897,95.2849,95.4474,6566800
2017-07-17,95.4474,95.9582,95.4010,95.7105,4737300
2017-07-18,96.2987,96.5619,96.1440,96.5464,9163000
2017-07-19,96.5696,96.7476,96.4225,96.5851,5140900
2017-07-20,97.1191,97.3048,96.7166,96.8637,12239100
2017-07-21,97.3048,97.5370,97.1810,97.2739,6201500
2017-07-24,97.0881,97.2506,96.8637,96.8946,5378500
2017-07-25,96.0743,96.1130,95.5558,95.6332,9743300
2017-07-26,95.4009,96.0356,95.2539,95.7879,8459500
2017-07-27,95.2772,95.4861,95.0527,95.3158,6390800
2017-07-28,95.4010,95.9582,95.3933,95.8808,5491800
2017-07-31,95.5480,96.0046,95.5016,95.9969,5464600
2017-08-01,95.5386,96.7252,95.5231,96.6709,9676800
2017-08-02,96.7717,97.0820,96.7019,96.7252,5745600
2017-08-03,97.1750,97.7412,97.1517,97.7257,10324500
2017-08-04,97.0664,97.0897,96.5158,96.8958,8485500
2017-08-07,96.8260,97.0276,96.6476,97.0044,4684600
2017-08-08,96.8492,96.9346,96.2908,96.6553,6197400
2017-08-09,97.6714,97.6869,97.1052,97.1828,9221800
2017-08-10,97.4310,98.0670,97.3534,98.0127,10378200
2017-08-11,97.5473,98.0825,97.3767,98.0592,5717800
2017-08-14,97.7180,97.9429,97.5163,97.5551,5111000
2017-08-15,96.7407,97.3689,96.7251,97.1440,7473200
2017-08-16,96.8182,97.7412,96.8027,97.5008,5283800
2017-08-17,97.4930,98.2531,97.3457,98.2298,9364700
2017-08-18,98.4858,98.6176,97.9274,98.2066,8382500
2017-08-21,98.3229,98.5168,98.1135,98.4470,7669800
2017-08-22,98.3384,98.3539,97.9351,98.0669,6140700
2017-08-23,98.5324,98.7418,98.3152,98.7340,7446400
2017-08-24,98.4082,98.7417,98.2841,98.3695,5569400
2017-08-25,98.5168,98.8503,98.4005,98.7495,7303300
2017-08-28,98.4393,98.8038,98.2919,98.6875,4448500
2017-08-29,99.6337,99.6802,98.7417,99.0054,7659400
2017-08-30,98.8581,99.0752,98.7650,98.9744,4735200
2017-08-31,98.9977,99.3002,98.9434,99.2691,7978400
2017-09-01,98.9450,98.9684,98.2611,98.5098,14128600
2017-09-05,99.2404,100.1031,99.2404,100.0720,15215700
2017-09-06,100.0409,100.2585,99.2793,99.4580,9066400
2017-09-07,99.7378,100.7015,99.7378,100.4761,13618900
2017-09-08,100.3440,100.3829,99.9243,100.2585,9808500
2017-09-11,99.3803,99.5202,98.9062,99.0616,17856700
2017-09-12,98.7430,98.7741,98.3388,98.5409,7557400
2017-09-13,98.6342,98.6420,98.1445,98.1523,6740000
2017-09-14,98.2145,98.5720,98.1834,98.5565,6674500
2017-09-15,98.7041,98.7119,98.3466,98.5953,9769200
2017-09-18,98.3155,98.3699,97.8026,98.0280,6863000
2017-09-19,98.1446,98.1679,97.7171,97.7870,5554900
2017-09-20,97.9036,97.9658,97.4062,97.8570,8037000
2017-09-21,98.0513,98.3622,97.7871,97.8026,6147800
2017-09-22,98.3155,98.4943,97.9736,98.0824,5660700
2017-09-25,98.1757,98.9140,98.0824,98.6964,9679000
2017-09-26,98.5254,98.6186,98.2611,98.5176,7251900
2017-09-27,97.0487,97.3829,96.8466,97.0332,12145700
2017-09-28,96.5358,96.8777,96.3492,96.7456,8883700
2017-09-29,96.9632,97.1731,96.5824,96.9632,11285500
2017-10-02,97.1984,97.3463,96.7545,96.7856,7860700
2017-10-03,96.5053,96.9648,96.5053,96.8791,6219800
2017-10-04,96.9803,97.0271,96.4741,96.8869,7447000
2017-10-05,96.7779,96.8012,96.3262,96.5209,8180300
2017-10-06,96.0147,96.6455,95.8122,96.2483,10375000
2017-10-09,96.3963,96.6143,96.2872,96.5520,3590900
2017-10-10,96.6766,97.2451,96.5831,96.7077,6666800
2017-10-11,97.0115,97.0816,96.7701,96.8947,4385900
2017-10-12,96.9959,97.3308,96.7545,97.3074,7141600
2017-10-13,97.7981,98.0784,97.4788,98.0083,7746900
2017-10-16,97.7591,98.0472,97.6423,97.9382,5737300
2017-10-17,97.6501,98.1952,97.6501,98.0628,4969600
2017-10-18,97.3853,97.4865,97.0971,97.4164,5943800
2017-10-19,97.9227,98.1329,97.5566,97.5878,8966500
2017-10-20,96.5676,96.7856,96.2872,96.5520,12326900
2017-10-23,96.6922,96.9492,96.5832,96.7234,6871100
2017-10-24,96.0770,96.3262,95.9056,96.1237,6842800
2017-10-25,95.4228,95.7732,95.3371,95.6642,9961400
2017-10-26,95.8355,95.8355,95.3449,95.3449,8179400
2017-10-27,95.7421,96.0458,95.5941,95.9757,10480900
2017-10-30,96.4586,96.9258,96.2249,96.8947,9051600
2017-10-31,96.9803,97.0815,96.8791,96.9258,4424300
2017-11-01,97.0452,97.6618,97.0062,97.3574,8940400
2017-11-02,97.5525,97.9583,97.4900,97.7866,7222700
2017-11-03,97.9193,98.0988,97.6617,98.0520,10984100
2017-11-06,98.2783,98.5046,98.1144,98.4187,6246700
2017-11-07,98.5124,98.9416,98.4343,98.8324,6422700
2017-11-08,98.7934,98.9573,98.4968,98.6139,3356200
2017-11-09,98.2314,98.5202,97.9817,98.3329,6280400
2017-11-10,97.3262,97.4276,96.7409,96.8501,11981000
2017-11-13,97.3964,97.4042,97.0140,97.0530,5880800
2017-11-14,97.3730,97.7398,97.3730,97.7086,6195900
2017-11-15,98.3797,98.8558,98.0520,98.7700,9568200
2017-11-16,98.3407,98.5904,97.9037,97.9115,5894900
2017-11-17,98.3876,98.6763,98.3017,98.6373,6938800
2017-11-20,98.2627,98.6295,98.2627,98.5983,4232300
2017-11-21,99.1836,99.3397,98.5749,98.9104,5818400
2017-11-22,98.8168,99.2694,98.7309,99.2304,4140700
2017-11-24,99.0587,99.1368,98.8714,98.9573,3141400
2017-11-27,99.0041,99.1523,98.6607,98.8168,6079900
2017-11-28,98.9338,99.2538,98.6997,98.9494,5983000
2017-11-29,97.9895,98.0832,97.6305,97.9739,14547100
2017-11-30,97.7944,97.9583,97.1155,97.6461,9630000
2017-12-01,98.4321,99.8553,97.8299,98.9638,24583100
2017-12-04,98.4712,99.0577,98.3852,99.0108,9609200
2017-12-05,98.9013,99.7068,98.8857,99.5034,10958900
2017-12-06,99.9961,100.2776,99.8319,99.8475,11834200
2017-12-07,100.0430,100.1760,98.7684,99.0655,13056800
2017-12-08,98.9951,99.1124,98.7214,99.0733,4786100
2017-12-11,99.2063,99.3861,98.8544,98.8700,3863800
2017-12-12,98.6667,98.8544,98.2757,98.8309,7502400
2017-12-13,99.1672,99.6207,98.9951,99.5738,8532900
2017-12-14,99.3549,100.0821,99.1515,99.9961,6885000
2017-12-15,99.9492,100.5591,99.7536,100.3714,7239400
2017-12-18,100.0743,100.0978,99.2454,99.4565,7239700
2017-12-19,98.7840,98.8309,97.8065,98.1662,11045800
2017-12-20,97.2121,97.5249,96.9306,97.0792,10005800
2017-12-21,97.1983,97.8488,97.1748,97.6450,7026900
2017-12-22,97.7234,97.8331,97.5901,97.7782,3974300
2017-12-26,97.9428,98.3738,97.9349,98.0681,3168400
2017-12-27,98.5149,99.5102,98.5071,99.3456,9059700
2017-12-28,99.1574,99.3925,99.0321,99.2593,5297100
2017-12-29,99.1340,99.6198,99.1183,99.4161,7580500
2018-01-02,99.1262,99.1418,98.0134,98.3425,16238200
2018-01-03,98.7421,98.8988,98.3424,98.8126,8605100
2018-01-04,98.4678,98.8675,98.2484,98.7970,9217900
2018-01-05,98.6402,98.8832,98.2406,98.5149,10915400
2018-01-08,98.7343,98.7657,98.0917,98.4522,8850600
2018-01-09,97.8096,97.8252,97.0259,97.1356,16226400
2018-01-10,96.2423,97.1200,96.1247,97.0181,14302600
2018-01-11,96.7908,97.6372,96.6341,97.4177,12511000
2018-01-12,97.2532,97.7939,97.1043,97.5823,9987100
2018-01-16,98.0917,98.1779,97.6137,97.9898,9125900
2018-01-17,98.0211,98.4600,97.6450,97.8566,8327000
2018-01-18,97.1199,97.3864,96.8143,96.9475,10843900
2018-01-19,96.7046,96.8300,96.3755,96.4382,11374300
2018-01-22,96.7438,96.9475,96.3833,96.5322,8984700
2018-01-23,97.0259,97.3315,96.5792,96.9475,12325700
2018-01-24,96.2736,96.4930,96.0306,96.4225,9038900
2018-01-25,96.5165,97.2923,96.2344,97.2140,12173300
2018-01-26,97.0807,97.1042,96.4695,96.8535,6462900
2018-01-29,96.3677,96.3677,95.8426,96.1796,12223000
2018-01-30,95.8269,95.8974,95.3724,95.6153,12064400
2018-01-31,96.2893,96.3363,95.5605,96.1796,18045100
2018-02-01,96.1835,96.2227,94.7307,94.7856,18632800
2018-02-02,94.3537,94.4401,93.6391,93.9061,23944400
2018-02-05,93.5841,95.6651,93.1679,94.7935,28606200
2018-02-06,94.5657,94.9191,94.0160,94.2045,10935400
2018-02-07,94.3380,94.4951,93.1051,93.3093,16271100
2018-02-08,92.6732,93.5920,92.5475,93.2072,15155100
2018-02-09,92.7517,93.5213,92.5004,92.6182,15661600
2018-02-12,93.1051,93.6862,92.8146,93.0266,10944600
2018-02-13,93.1444,93.4585,92.9716,93.4428,8157600
2018-02-14,93.0266,93.0894,92.2491,92.4062,12043300
2018-02-15,92.8145,93.2936,92.6575,92.7203,8222400
2018-02-16,93.4820,93.6155,92.9323,93.2229,8454100
2018-02-20,92.8852,93.0659,92.4926,92.8146,8268800
2018-02-21,92.8538,92.8931,91.4952,91.6758,12054300
2018-02-22,92.0685,92.3983,91.8800,91.9507,9317900
2018-02-23,92.5711,92.9088,92.4455,92.7674,9072900
2018-02-26,93.1993,93.3799,92.6967,92.7988,8771600
2018-02-27,93.0737,93.1836,92.0842,92.6653,12525700
2018-02-28,93.0344,93.3171,92.8616,93.2543,9311600
2018-03-01,93.1906,94.1269,92.9702,93.8909,12287700
2018-03-02,93.5211,93.5840,92.9466,93.1276,10064300
2018-03-05,93.4424,93.4817,92.5610,92.8758,5658200
2018-03-06,93.1355,93.3873,92.9466,92.9624,5452000
2018-03-07,93.3007,93.3873,92.8207,92.8601,4461800
2018-03-08,93.0961,93.6312,93.0568,93.3952,7086700
2018-03-09,92.8443,93.0647,92.5296,92.7814,6570400
2018-03-12,93.0961,93.3715,93.0017,93.3165,5801300
2018-03-13,93.0961,93.9302,93.0017,93.7886,7455300
2018-03-14,93.9538,94.7407,93.9302,94.6148,10175000
2018-03-15,94.5597,94.8115,94.3709,94.6148,6757900
2018-03-16,94.2686,94.4339,94.0719,94.2765,6084300
2018-03-19,93.8043,94.4024,93.7965,93.9774,8491200
2018-03-20,93.5683,93.8122,93.5053,93.5997,5446000
2018-03-21,93.3716,93.9696,92.9388,93.7020,9742400
2018-03-22,94.6699,95.0712,94.1663,94.6306,12136600
2018-03-23,94.1741,94.6699,94.1269,94.5597,7250400
2018-03-26,94.4260,94.7800,94.1663,94.1978,8237900
2018-03-27,94.2922,95.3073,94.2765,95.2050,9168500
2018-03-28,95.5669,95.7164,95.1735,95.4568,7412500
2018-03-29,95.6378,96.2280,95.6142,95.9211,9694300
2018-04-02,95.6924,96.4888,95.5426,96.1103,12036500
2018-04-03,95.7002,95.7949,95.2823,95.3690,9855000
2018-04-04,95.6923,95.7791,95.1009,95.1719,6654300
2018-04-05,94.7067,94.8407,94.4465,94.4622,7603700
2018-04-06,95.1482,95.5346,94.8012,95.4952,8831200
2018-04-09,95.1325,95.6529,94.9038,95.6529,6307500
2018-04-10,95.5741,95.7160,95.2429,95.4794,6046000
2018-04-11,96.0866,96.1182,95.6293,95.8185,5901300
2018-04-12,95.4479,95.4716,94.9511,95.1167,6622800
2018-04-13,95.0378,95.5189,95.0221,95.3375,4964000
2018-04-16,94.8092,95.3927,94.7697,95.3690,4491300
2018-04-17,95.3533,95.8737,95.2744,95.6293,5590400
2018-04-18,95.6450,95.6845,94.8486,94.8644,8138400
2018-04-19,94.1704,94.2572,93.6894,94.0916,9875800
2018-04-20,93.7525,93.9417,93.3897,93.4134,7579400
2018-04-23,93.3109,93.5396,93.1137,93.4371,7073200
2018-04-24,93.2162,93.4055,92.8614,93.0112,8190800
2018-04-25,92.5854,92.7747,92.2148,92.3883,6603800
2018-04-26,92.8377,93.1531,92.7273,93.0348,6528600
2018-04-27,93.4213,93.7998,93.3977,93.7525,5401800
2018-04-30,93.9023,94.2808,93.7919,93.9181,8321100
2018-05-01,93.8644,93.9197,93.4376,93.5798,7979200
2018-05-02,93.7616,93.9434,93.4613,93.4771,4644000
2018-05-03,93.9196,94.2911,93.7932,93.8959,6345300
2018-05-04,94.2279,94.2279,93.6430,94.0382,4283500
2018-05-07,94.0224,94.0619,93.8406,93.8881,3647800
2018-05-08,93.6905,94.0462,93.4930,93.8012,6091200
2018-05-09,93.3506,93.5877,93.2400,93.2400,7832500
2018-05-10,93.6905,94.0303,93.5324,93.9908,7101500
2018-05-11,94.2991,94.3307,93.9039,94.2279,4273400
2018-05-14,93.8881,94.0382,93.7221,93.7300,4996200
2018-05-15,92.9081,92.9239,92.2284,92.6631,12901000
2018-05-16,92.7974,92.8844,92.2995,92.3074,6518000
2018-05-17,92.1731,92.3232,91.7463,91.8411,7330300
2018-05-18,92.0783,92.6947,92.0783,92.6315,9606500
2018-05-21,92.5682,92.7658,92.4260,92.6789,4448500
2018-05-22,92.6947,92.7421,92.3470,92.5366,4700700
2018-05-23,93.0582,93.3427,92.9871,93.2084,9634000
2018-05-24,93.8012,94.0936,93.7616,93.9513,8204100
2018-05-25,94.4887,94.7100,94.4176,94.5361,8482800
2018-05-29,95.4608,96.8280,95.1763,96.6067,21668100
2018-05-30,95.6267,96.0061,95.4212,95.9586,11616300
2018-05-31,96.0693,96.4012,95.5872,95.8006,10769900
2018-06-01,95.1914,95.6192,94.9379,95.2944,8718800
2018-06-04,95.1439,95.1677,94.5577,94.6052,7156500
2018-06-05,95.0251,95.1835,94.7557,94.8270,5635900
2018-06-06,94.3280,94.3438,93.8052,94.0586,7813300
2018-06-07,94.0191,95.4449,94.0112,94.9696,13238300
2018-06-08,94.7082,94.9380,94.6132,94.6845,6790600
2018-06-11,94.3201,94.5736,94.2171,94.5102,6844200
2018-06-12,94.2092,94.6291,94.1775,94.5340,6048200
2018-06-13,94.6211,94.7716,93.9715,94.4864,8834700
2018-06-14,94.8825,95.2944,94.6449,95.2707,10078800
2018-06-15,95.7142,95.9202,95.2944,95.3578,7992800
2018-06-18,95.4370,95.5004,95.0885,95.2707,4893700
2018-06-19,95.8251,96.0311,95.6112,95.8251,6133300
2018-06-20,95.6668,95.6826,94.9776,94.9855,6879100
2018-06-21,95.3419,95.6509,95.2310,95.4845,7235800
2018-06-22,95.1281,95.5479,95.1043,95.4766,4082500
2018-06-25,95.5796,95.9361,95.5638,95.6905,8363700
2018-06-26,95.6667,95.8726,95.5796,95.8251,5450000
2018-06-27,96.4430,96.7837,96.2846,96.7282,8173400
2018-06-28,96.7440,96.8391,96.5064,96.7520,7109500
2018-06-29,96.7757,97.0371,96.3638,96.4193,11164700
2018-07-02,96.6534,96.6614,96.2962,96.3438,9662000
2018-07-03,96.4868,96.8837,96.4868,96.8599,3808800
2018-07-05,96.9075,97.2807,96.8678,97.1378,3860400
2018-07-06,97.4553,97.5903,97.2409,97.4553,4679900
2018-07-09,96.9154,97.0266,96.7805,96.8281,5952700
2018-07-10,96.7567,96.9631,96.7091,96.8202,5759700
2018-07-11,97.2171,97.2965,96.9313,97.1933,6869100
2018-07-12,96.9948,97.2330,96.9710,97.1854,4824700
2018-07-13,97.3442,97.5506,97.2330,97.4315,4079000
2018-07-16,97.0266,97.0901,96.5741,97.0266,5517100
2018-07-17,97.0901,97.1695,96.7805,96.8440,3764300
2018-07-18,96.8758,96.8917,96.3756,96.4550,6330000
2018-07-19,96.7011,97.2172,96.6773,97.0663,6166700
2018-07-20,96.5264,96.5344,95.8278,95.8754,10469500
2018-07-23,95.5737,95.5737,94.6210,94.6924,11571800
2018-07-24,94.7004,95.1291,94.5892,95.0180,9053500
2018-07-25,95.2879,95.4784,94.6845,94.8671,7357900
2018-07-26,95.0418,95.1767,94.6051,94.6845,6821100
2018-07-27,95.1529,95.1688,94.7957,94.8433,4542000
2018-07-30,94.4701,94.8036,94.4543,94.5178,7111200
2018-07-31,95.1053,95.1609,94.9227,95.0338,6797400
2018-08-01,94.1243,94.5620,93.9493,94.2596,13312600
2018-08-02,94.3869,94.4824,94.1323,94.3949,4451100
2018-08-03,94.5540,94.9200,94.5381,94.8643,6162400
2018-08-06,95.1190,95.3577,94.9041,94.9200,4200200
2018-08-07,94.7131,94.7688,94.3471,94.4267,5346900
2018-08-08,94.4188,94.7132,94.3790,94.5222,5640900
2018-08-09,94.8723,95.3498,94.7848,95.3179,7144100
2018-08-10,95.7794,96.3205,95.7078,96.0102,8457900
2018-08-13,95.6839,96.0420,95.6521,95.8112,7923200
2018-08-14,95.9147,95.9306,95.5089,95.5964,4251200
2018-08-15,96.0102,96.3842,95.9386,96.1534,7649800
2018-08-16,96.1295,96.2250,95.7078,96.1454,5400400
2018-08-17,96.3523,96.5911,96.0818,96.2648,3537600
2018-08-20,96.7900,97.0048,96.7104,96.9093,5603700
2018-08-21,96.5751,96.7024,96.3364,96.5831,4695000
2018-08-22,97.0764,97.1162,96.7422,96.9650,5309600
2018-08-23,97.0764,97.1799,96.9014,97.1162,5328700
2018-08-24,96.7741,97.3390,96.6706,97.3072,6092200
2018-08-27,96.9014,96.9730,96.6945,96.7502,6407400
2018-08-28,96.2807,96.3523,96.0261,96.1693,4929300
2018-08-29,96.2330,96.4001,95.9784,96.2967,5613300
2018-08-30,96.5274,96.6467,96.3444,96.5035,5302900
2018-08-31,96.9889,97.0128,96.1932,96.2807,9677500
2018-09-04,95.6682,95.7799,95.5008,95.7241,18343600
2018-09-05,95.5087,95.6204,95.3412,95.4688,9422600
2018-09-06,95.5087,96.0191,95.4529,95.8198,9566000
2018-09-07,95.1658,95.2216,94.8947,95.0063,11212600
2018-09-10,95.0382,95.3811,95.0382,95.3572,6386400
2018-09-11,94.9664,95.0382,94.5836,94.6314,5440000
2018-09-12,94.9425,95.0382,94.8229,94.8548,3347200
2018-09-13,95.1738,95.3572,94.8867,94.9983,4833000
2018-09-14,94.4321,94.8309,94.3444,94.5438,5579500
2018-09-17,94.2487,94.7591,94.2008,94.5438,5433000
2018-09-18,94.1530,94.1609,93.4352,93.5548,10182300
2018-09-19,93.3954,93.3954,92.6617,92.9966,13379600
2018-09-20,92.9727,93.5469,92.8850,93.4273,8657300
2018-09-21,93.2040,93.5310,93.1801,93.3874,6173800
2018-09-24,93.1003,93.5230,93.0843,93.1481,5505500
2018-09-25,92.8929,93.1003,92.8291,93.0524,6650900
2018-09-26,93.2518,93.7702,93.0365,93.7064,9512700
2018-09-27,93.4990,93.8260,93.3874,93.7702,5758500
2018-09-28,93.9855,94.0334,93.4831,93.5230,12807700
2018-10-01,93.2440,93.3799,92.8124,92.8364,22442400
2018-10-02,93.2520,93.6197,93.1960,93.4039,8266900
2018-10-03,92.9323,93.0042,91.3097,91.7813,20829200
2018-10-04,91.2218,91.4296,90.8861,91.1339,16207400
2018-10-05,90.6303,90.8941,90.0149,90.3506,18096500
2018-10-08,90.3107,90.4066,90.0309,90.0469,5855900
2018-10-09,90.4306,90.9981,90.3746,90.9581,11530800
2018-10-10,90.4305,90.7822,90.1508,90.7103,15290100
2018-10-11,91.1179,92.0371,90.9501,91.8133,16086800
2018-10-12,91.4296,91.9252,91.3417,91.4936,6794100
2018-10-15,91.6454,91.7733,91.3497,91.4536,7146300
2018-10-16,91.4297,91.6934,91.2458,91.6614,4762300
2018-10-17,91.6455,91.7494,91.1020,91.1179,5880700
2018-10-18,90.8142,91.4296,90.7583,91.0860,5728800
2018-10-19,90.9980,91.0779,90.6463,90.8861,10892400
2018-10-22,91.0780,91.1819,90.7423,90.7662,3244200
2018-10-23,91.7254,91.9332,90.9900,91.0540,10330700
2018-10-24,91.4057,91.7733,91.3098,91.7414,16008000
2018-10-25,91.5495,91.7094,91.3018,91.3577,12613200
2018-10-26,91.8612,92.1730,91.7493,91.9092,18582500
2018-10-29,91.7893,91.9332,91.3257,91.7014,7679900
2018-10-30,91.3257,91.5495,91.1339,91.2458,9939500
2018-10-31,90.9101,91.0860,90.4865,90.7822,8706400
2018-11-01,90.4177,90.9865,90.4096,90.8663,6100200
2018-11-02,90.6741,90.7462,89.6565,89.7366,11314800
2018-11-05,90.1212,90.3055,90.0171,90.0892,4760200
2018-11-06,90.2174,90.3215,90.0011,90.0331,3159900
2018-11-07,90.6901,90.8583,90.0651,90.1532,9313100
2018-11-08,90.5058,90.5138,90.0651,90.1452,6905100
2018-11-09,90.3375,90.9385,90.3135,90.8183,6465300
2018-11-12,91.2991,91.5875,91.2670,91.4112,6840000
2018-11-13,91.1067,91.3551,90.9224,91.3551,6525800
2018-11-14,90.9225,91.7557,90.7783,91.4112,8690800
2018-11-15,91.6916,91.7718,91.0827,91.3711,7879600
2018-11-16,91.4993,91.9881,91.2750,91.8999,9236700
2018-11-19,91.6676,92.1563,91.6676,92.1563,7027200
2018-11-20,92.3326,92.5088,92.0842,92.1883,6332600
2018-11-21,92.0522,92.2124,91.7717,92.1563,4951100
2018-11-23,92.6771,92.7492,92.2124,92.2524,3027900
2018-11-26,92.0281,92.1884,91.9640,92.0441,6599000
2018-11-27,91.9881,92.3406,91.9480,92.1483,5967200
2018-11-28,92.0201,92.1563,91.6275,91.6996,7814000
2018-11-29,92.0762,92.3406,91.8118,92.0602,7295600
2018-11-30,92.3887,92.4768,92.1243,92.4047,9127800
2018-12-03,92.0971,93.0608,92.0811,93.0608,9763800
2018-12-04,93.8077,95.3014,93.6631,94.6188,18100500
2018-12-06,95.1970,95.7270,94.8677,94.9159,15319400
2018-12-07,94.6107,95.1890,94.3778,95.0926,8608400
2018-12-10,95.4620,95.7913,95.1167,95.4861,8777700
2018-12-11,95.5423,95.8716,95.2532,95.4701,8071900
2018-12-12,95.2291,95.3416,94.9561,95.0444,6182200
2018-12-13,95.1327,95.2291,94.7472,94.8195,5564200
2018-12-14,95.2050,95.3817,94.9400,95.1488,8169200
2018-12-17,95.2372,95.8073,95.2291,95.7029,9726800
2018-12-18,95.8494,96.4290,95.7448,96.2761,10018800
2018-12-19,96.6866,97.9344,96.5337,97.5480,23046300
2018-12-20,98.2161,98.2322,97.1374,97.1937,18543700
2018-12-21,97.5157,97.5721,96.9120,97.1777,9945100
2018-12-24,97.5077,97.7411,97.3306,97.6606,8377500
2018-12-26,97.3950,97.7170,96.5739,96.6142,11700400
2018-12-27,97.6123,97.7089,96.5820,96.6303,12146500
2018-12-28,96.9201,97.4433,96.8315,97.4433,9879100
2018-12-31,97.1213,97.8539,96.9684,97.8136,17409000
2019-01-02,97.9344,98.3369,97.6768,98.3288,19841500
2019-01-03,98.4415,99.7053,98.3932,99.4477,21187000
2019-01-04,98.4817,98.6588,97.9263,98.2966,12970200
2019-01-07,98.7072,98.7313,97.9022,98.0068,8498100
2019-01-08,97.9585,98.1598,97.7170,97.7492,7737100
2019-01-09,97.6123,97.7492,97.2421,97.5962,9349200
2019-01-10,97.6284,97.7331,96.8718,96.9684,8222900
2019-01-11,97.2662,97.6204,97.1455,97.3467,5786900
2019-01-14,97.3226,97.4111,96.7913,96.9845,6730500
2019-01-15,97.0489,97.0569,96.5578,96.6303,8997400
2019-01-16,96.2680,96.9120,96.2036,96.7269,6048400
2019-01-17,96.7752,97.0247,96.5095,96.7510,8153400
2019-01-18,96.4693,96.6947,96.1070,96.2439,14106400
2019-01-22,96.8476,97.1777,96.6544,96.8959,8881100
2019-01-23,96.5015,97.0972,96.4612,96.8557,5776800
2019-01-24,97.3306,97.6124,97.1696,97.4916,7121900
2019-01-25,97.0730,97.2018,96.8557,97.0247,6460800
2019-01-28,97.0328,97.3548,96.9281,96.9281,6435800
2019-01-29,97.0247,97.4353,96.9120,97.4192,5750100
2019-01-30,97.2743,97.3870,96.8637,97.3467,10571300
2019-01-31,97.8458,98.3529,97.8056,98.1839,11843400
2019-02-01,98.0104,98.0830,97.4941,97.5909,12024600
2019-02-04,97.1714,97.2601,96.8325,97.1552,8966200
2019-02-05,97.4054,97.8088,97.3489,97.5990,6983300
2019-02-06,97.9136,97.9540,97.4053,97.6474,5184000
2019-02-07,97.9943,98.3574,97.8087,98.2928,8781000
2019-02-08,98.6397,98.8092,98.4865,98.7124,5885400
2019-02-11,98.3170,98.5752,98.2283,98.3251,4352800
2019-02-12,98.1557,98.2283,97.7845,98.0750,7939600
2019-02-13,97.7442,97.9378,97.5506,97.7039,4757700
2019-02-14,98.5429,98.5914,98.0911,98.2606,5868900
2019-02-15,98.0750,98.4461,98.0589,98.4138,5527200
2019-02-19,98.7688,98.8656,98.3896,98.6639,5872800
2019-02-20,98.3896,98.4945,98.0992,98.3816,4455800
2019-02-21,97.6796,97.7523,97.3811,97.5021,7382500
2019-02-22,98.0024,98.3896,97.9620,98.0830,6374600
2019-02-25,97.7603,97.8652,97.5586,97.7926,6293500
2019-02-26,98.2121,98.2848,97.9136,98.2767,6028900
2019-02-27,97.7200,97.7281,97.0423,97.1633,7737300
2019-02-28,97.2682,97.3166,96.5824,96.8325,9533400
2019-03-01,96.4792,96.6409,95.9213,95.9375,13541100
2019-03-04,96.4468,96.8349,96.2609,96.6894,9808500
2019-03-05,96.4388,96.9158,96.4307,96.8916,5595200
2019-03-06,96.9562,97.4413,96.9320,97.2473,7766700
2019-03-07,97.5383,98.0396,97.5141,97.8779,8187200
2019-03-08,97.9264,98.3873,97.7081,98.2903,7517600
2019-03-11,98.1528,98.1690,97.8132,97.9992,5157800
2019-03-12,98.0719,98.8238,98.0396,98.6864,6422300
2019-03-13,98.3630,98.6056,98.3307,98.5005,4386300
2019-03-14,98.3872,98.4438,97.7647,97.7889,8188400
2019-03-15,98.4277,98.5975,98.1528,98.4358,4302000
2019-03-18,98.2902,98.5328,98.2498,98.3792,3893300
2019-03-19,97.9022,98.3307,97.7405,98.1609,5220200
2019-03-20,98.4277,99.3251,98.4196,99.1877,10123700
2019-03-21,99.4141,99.5192,99.2362,99.4060,7182600
2019-03-22,100.4247,101.2898,100.3034,100.9502,13077000
2019-03-25,100.9098,101.8234,100.6672,101.1119,9736300
2019-03-26,100.8209,101.2979,100.7562,101.0392,7502000
2019-03-27,101.4030,102.1468,101.3141,101.9689,14207200
2019-03-28,102.0741,102.4298,101.8800,102.3247,9143200
2019-03-29,101.6132,102.2520,101.5809,102.2277,10841400
2019-04-01,101.5211,101.5778,100.6298,100.7756,16501500
2019-04-02,100.8648,101.0754,100.6784,100.9620,9725000
2019-04-03,100.1598,100.3705,99.9654,100.0869,10407000
2019-04-04,100.1517,100.3867,100.0221,100.3705,7503400
2019-04-05,100.1679,100.6136,100.1355,100.5002,6321800
2019-04-08,100.3381,100.4353,100.0869,100.1436,4446400
2019-04-09,100.6541,100.7513,100.2895,100.4596,7020300
2019-04-10,100.6946,100.8971,100.5568,100.7027,7519900
2019-04-11,100.4191,100.4920,99.9978,100.1112,8679300
2019-04-12,99.5764,99.7142,99.3657,99.3982,7005500
2019-04-15,99.4873,99.6574,99.4387,99.6493,3070000
2019-04-16,99.2685,99.3657,98.9687,99.0254,8927300
2019-04-17,98.9606,99.3172,98.9444,99.0660,6118500
2019-04-18,99.5116,99.7466,99.4873,99.5845,27589400
2019-04-22,99.2361,99.3171,99.0497,99.1065,6241200
2019-04-23,99.3495,99.4224,99.1712,99.3171,6239700
2019-04-24,99.7547,100.1436,99.7385,100.1274,7302000
2019-04-25,100.0626,100.1680,99.7466,99.9816,5380900
2019-04-26,100.4596,100.4920,100.1841,100.3219,5950700
2019-04-29,99.8519,99.9491,99.5440,99.6817,10246000
2019-04-30,99.6250,100.2652,99.6088,100.1922,7957400
2019-05-01,100.4350,101.0522,100.3620,100.6056,14371900
2019-05-02,100.4269,100.5325,99.9072,100.1265,6612800
2019-05-03,100.4107,100.5893,100.1752,100.4107,6191700
2019-05-06,100.9385,100.9953,100.6299,100.6868,4482500
2019-05-07,101.1171,101.6124,101.0034,101.4581,8984900
2019-05-08,101.6205,101.7423,100.9303,101.0197,6907600
2019-05-09,101.5880,101.7423,100.9384,101.4337,9411900
2019-05-10,101.4094,101.8641,101.1658,101.2957,6037800
2019-05-13,101.8235,102.2539,101.7017,102.0915,10501600
2019-05-14,101.9128,102.0265,101.6611,101.7910,5690400
2019-05-15,102.4812,102.5299,102.1239,102.4162,9566300
2019-05-16,102.1565,102.1727,101.9291,102.0753,7666400
2019-05-17,102.5381,102.5543,102.0590,102.3026,4747100
2019-05-20,102.4082,102.6193,102.0265,102.0915,6043100
2019-05-21,101.9859,102.0834,101.7423,101.9291,4021800
2019-05-22,102.1240,102.5787,102.0834,102.5137,5675300
2019-05-23,103.0334,104.0078,103.0253,103.6667,9743700
2019-05-24,103.5774,103.7561,103.4394,103.7561,4981900
2019-05-28,104.1540,104.6655,104.0078,104.5031,8098600
2019-05-29,105.2907,105.4775,104.7467,104.8198,13260600
2019-05-30,105.0147,105.7454,104.6574,105.7211,13024800
2019-05-31,106.2894,107.1014,106.2163,107.0446,18933600
2019-06-03,107.3294,107.8746,107.0365,107.7607,17822400
2019-06-04,106.9063,107.2074,106.2228,106.5320,14250000
2019-06-05,106.1984,106.5483,105.8729,105.9299,8815200
2019-06-06,106.5646,107.0690,106.0357,106.2717,9621100
2019-06-07,107.2317,107.4596,106.9469,107.1910,11378500
2019-06-10,106.3286,106.3449,106.0357,106.1822,8288700
2019-06-11,106.1171,106.3937,106.0357,106.2472,5115100
2019-06-12,106.0927,106.3856,106.0194,106.3286,5278700
2019-06-13,106.4262,106.7924,106.4181,106.6947,5560400
2019-06-14,106.6703,107.1667,106.6622,106.9632,5838800
2019-06-17,106.9063,107.2074,106.6948,107.1504,6046400
2019-06-18,108.0047,108.1024,107.3619,107.6874,10320700
2019-06-19,107.2887,107.9885,107.0609,107.8420,11962500
2019-06-20,108.1431,108.6313,107.8827,108.1268,10721500
2019-06-21,107.8176,107.8339,106.8982,106.9389,14495000
2019-06-24,107.5328,107.8338,107.4677,107.7362,6378800
2019-06-25,108.0454,108.2895,107.9884,108.0698,9604600
2019-06-26,107.9559,107.9722,107.3050,107.3782,12766800
2019-06-27,107.6548,108.2895,107.3944,108.1349,9724200
2019-06-28,107.8745,108.2814,107.7687,108.0617,8149200
2019-07-01,108.0780,108.2247,107.2790,107.8090,14131200
2019-07-02,108.0780,108.7465,107.9883,108.6405,10494300
2019-07-03,108.8525,109.4802,108.8443,109.4150,5380300
2019-07-05,108.0535,108.0617,107.3443,107.9639,12180100
2019-07-08,108.4693,108.6079,108.1106,108.1106,6490000
2019-07-09,108.1677,108.1921,107.7438,108.0698,6215700
2019-07-10,107.8986,107.9720,107.2138,107.4746,9470000
2019-07-11,107.0507,107.1323,105.7871,106.0398,14126800
2019-07-12,105.9175,106.3496,105.7219,106.1621,6992000
2019-07-15,106.3497,106.8388,106.3497,106.7736,6055500
2019-07-16,106.1214,106.4720,105.9502,106.4557,6172700
2019-07-17,106.8470,107.6296,106.8388,107.6051,9662200
2019-07-18,107.1812,107.8742,106.9937,107.6133,5724900
2019-07-19,107.2791,107.5562,107.2138,107.3606,5804800
2019-07-22,107.9964,108.0127,107.4013,107.5643,5204100
2019-07-23,107.2872,107.4013,106.7736,106.9774,8108900
2019-07-24,107.2872,107.5318,107.1812,107.4421,6389700
2019-07-25,107.0018,107.1323,106.3986,106.9285,8893100
2019-07-26,107.3687,107.4339,107.0019,107.1812,6188400
2019-07-29,107.4665,107.5725,107.1241,107.2138,6231800
2019-07-30,107.6132,107.6948,107.1485,107.4746,5678500
2019-07-31,107.3687,108.6976,107.3361,108.3389,15798700
2019-08-01,108.9630,110.5967,108.8568,110.4905,26664800
2019-08-02,110.8173,111.5116,110.6049,111.5116,15143100
2019-08-05,112.8431,113.4558,112.4510,113.4394,18543000
2019-08-06,112.8921,114.3462,112.8023,114.3462,12747400
2019-08-07,116.3230,116.8622,114.1828,114.3870,32582000
2019-08-08,113.6600,114.7138,112.7124,114.6321,14746000
2019-08-09,114.9098,115.6287,114.2563,114.4033,10626000
2019-08-12,115.7675,117.1644,115.5960,116.7886,14094300
2019-08-13,117.4748,117.5565,115.9554,116.3884,15974900
2019-08-14,118.5776,119.0432,118.2100,119.0105,15068900
2019-08-15,119.2229,121.3877,118.9207,120.3339,23588700
2019-08-16,119.3127,119.6803,118.3162,119.3699,17150500
2019-08-19,117.2788,118.1692,117.2297,117.6627,13614700
2019-08-20,118.6756,118.9533,118.3162,118.8798,7451500
2019-08-21,118.2182,119.0922,117.8669,118.0875,9372000
2019-08-22,117.6300,118.2018,117.2052,117.3033,13878800
2019-08-23,117.2380,119.4844,117.1644,119.2311,16191800
2019-08-26,119.1575,119.5006,118.6837,118.7491,12174500
2019-08-27,119.7784,120.6688,119.6559,120.5789,11332300
2019-08-28,121.5347,121.6327,120.6198,120.7341,10095900
2019-08-29,120.2849,120.3584,119.3700,120.2767,8884900
2019-08-30,119.7620,120.4727,119.5578,120.3093,13550800
2019-09-03,120.3667,121.6597,119.9412,120.4649,15660800
2019-09-04,119.9084,120.8004,119.8675,120.6449,7962200
2019-09-05,119.1964,119.3110,117.7480,118.4600,19382900
2019-09-06,118.8691,119.4992,118.7218,119.3028,9466400
2019-09-09,117.6989,117.8380,117.1752,117.1834,15862700
2019-09-10,116.8887,117.2570,115.1048,115.1293,13851400
2019-09-11,114.8921,115.5058,114.8839,114.9248,10941700
2019-09-12,115.7922,116.0377,113.7955,114.1720,19163300
2019-09-13,113.1572,113.5091,111.7334,111.7334,18922200
2019-09-16,112.8299,113.3946,112.3144,113.1572,10971600
2019-09-17,113.2227,114.2374,112.9445,113.7710,9081200
2019-09-18,114.5075,115.1048,114.1801,114.2538,10984600
2019-09-19,115.1867,115.3749,114.5402,114.5975,13176200
2019-09-20,115.1948,116.1850,114.9248,116.1114,11519800
2019-09-23,116.3978,117.1507,115.9559,116.0869,15246700
2019-09-24,116.5450,117.7152,116.5369,117.4861,12421600
2019-09-25,117.2324,117.4697,115.4976,115.7676,14147100
2019-09-26,116.4224,117.0116,116.1196,116.5124,9636500
2019-09-27,116.4633,117.0034,116.3160,116.7988,10386900
2019-09-30,116.1032,117.0934,116.0705,117.0852,8006900
2019-10-01,115.7982,117.9705,115.6998,117.4377,16613700
2019-10-02,117.6016,118.2656,117.4212,117.7245,12891500
2019-10-03,118.0279,119.4133,117.9787,118.7985,13470500
2019-10-04,119.1510,119.7084,119.0280,119.6756,11516200
2019-10-07,118.9952,119.2985,118.6263,118.6837,11013900
2019-10-08,119.5362,119.6264,118.5525,119.0034,14529700
2019-10-09,118.5361,118.5443,117.8803,118.3312,8608800
2019-10-10,117.3229,117.3721,116.1835,116.5688,15054200
2019-10-11,115.5686,115.6670,114.5276,115.1260,26294000
2019-10-14,115.9785,116.0031,115.6506,115.9621,5936900
2019-10-15,115.3145,115.5441,114.3964,114.5604,11832300
2019-10-16,114.4702,114.8145,114.2324,114.6997,7729500
2019-10-17,114.3718,115.0768,114.1915,114.4210,6219300
2019-10-18,114.6095,114.9538,114.3144,114.4210,6456100
2019-10-21,113.5931,113.9373,113.3143,113.5603,8038000
2019-10-22,114.2571,114.3800,113.6505,114.2243,6683300
2019-10-23,114.7898,115.0194,114.2406,114.3390,5995400
2019-10-24,114.5029,114.9620,113.9701,114.1095,6161700
2019-10-25,114.3800,114.3964,113.3799,113.5520,5669800
2019-10-28,112.7815,112.7815,112.2978,112.5192,11402100
2019-10-29,112.8143,112.9126,112.4454,112.5929,5296600
2019-10-30,112.9372,114.3144,112.9372,114.2406,10914100
2019-10-31,115.1588,116.1425,115.1178,115.7818,15834100
2019-11-01,115.5650,116.0084,114.7931,115.4254,11425500
2019-11-04,114.1196,114.2592,113.7583,113.9061,11124300
2019-11-05,112.6826,112.8633,112.2802,112.6251,13493000
2019-11-06,113.3396,113.6598,112.7812,113.3067,9351900
2019-11-07,111.9682,111.9764,110.4080,111.2538,19209800
2019-11-08,110.9828,111.6397,110.6789,110.7857,10222900
2019-11-11,111.1716,111.1798,110.5640,110.8596,4577000
2019-11-12,111.0896,111.6398,110.6872,111.3688,5772900
2019-11-13,112.3460,112.4692,111.8204,112.0914,6672400
2019-11-14,113.1589,113.6845,113.0522,113.2493,10213300
2019-11-15,112.8961,113.4545,112.8551,113.1260,4657600
2019-11-18,113.4956,113.8241,113.2657,113.3314,5943900
2019-11-19,113.6271,114.3415,113.6271,114.2758,7893100
2019-11-20,114.8916,115.4582,114.7767,115.4582,7905500
2019-11-21,114.6699,115.0313,114.2429,114.7356,5980900
2019-11-22,115.0477,115.1955,114.7028,114.8834,4664800
2019-11-25,115.2118,115.4007,115.1133,115.2201,4157300
2019-11-26,115.7867,116.0413,115.7374,115.8935,4281100
2019-11-27,115.4582,115.7128,115.3104,115.5567,4095700
2019-11-29,115.4747,115.5240,114.7849,115.3104,6251100
2019-12-02,113.6332,114.0692,113.4769,113.7730,17702200
2019-12-03,115.1961,116.6192,115.1056,116.1585,13062400
2019-12-04,115.4429,115.5745,114.5134,114.9987,8586300
2019-12-05,114.0609,114.7025,114.0116,114.4393,7273800
2019-12-06,113.5427,114.4393,113.4028,113.8059,7931100
2019-12-09,114.3324,114.4311,113.9869,114.0527,4016900
2019-12-10,114.4886,114.6285,113.8553,114.0609,4947600
2019-12-11,114.5874,115.2783,114.5298,114.9575,6256700
2019-12-12,114.4969,114.5709,112.3746,113.0655,14857000
2019-12-13,113.6167,114.8423,112.8846,114.3735,11335100
2019-12-16,113.8470,113.8963,113.0491,113.3452,9156600
2019-12-17,113.6907,113.7976,112.8681,113.1889,6179700
2019-12-18,112.9421,113.0655,112.1031,112.2594,6244700
2019-12-19,112.0518,112.7603,111.8540,112.4390,6591100
2019-12-20,112.1589,112.6203,111.9941,112.5873,5455700
2019-12-23,112.7191,112.8510,112.0518,112.4225,5175000
2019-12-24,111.9859,112.9251,111.9611,112.7439,4667400
2019-12-26,112.8016,113.0570,112.4720,113.0158,5290200
2019-12-27,113.2383,113.3948,113.1147,113.1394,7300500
2019-12-30,111.9611,112.7933,111.7716,112.7274,7979700
2019-12-31,112.2248,112.4308,111.5410,111.6234,10707400
2020-01-02,112.7026,113.3123,112.6038,112.8839,11034100
2020-01-03,113.9221,114.6554,113.6008,114.6224,12366000
2020-01-06,115.0920,115.1085,113.8232,113.9715,11369800
2020-01-07,113.8809,114.0869,113.4030,113.4112,8381200
2020-01-08,113.6420,113.9550,112.3155,112.6615,10621700
2020-01-09,112.0518,113.2382,111.9777,113.0570,7411500
2020-01-10,113.4277,114.0868,113.3947,114.0621,8776000
2020-01-13,113.6008,113.7738,113.1970,113.7161,5966900
2020-01-14,113.8479,114.3752,113.8150,114.3011,13920300
2020-01-15,114.9519,115.1497,114.5400,115.0590,6290500
2020-01-16,114.7377,114.9602,114.3093,114.6965,6798600
2020-01-17,113.3536,113.8150,113.1723,113.7161,9693100
2020-01-21,114.3670,115.0590,114.3340,114.9107,6794900
2020-01-22,115.1167,115.4628,115.0096,115.3145,6317000
2020-01-23,116.0477,116.4844,115.9901,116.1219,9747400
2020-01-24,116.5174,117.4484,116.4185,117.0612,8585000
2020-01-27,118.6019,118.8820,118.2311,118.8820,10935200
2020-01-28,118.5854,118.7172,117.6708,117.9510,10612900
2020-01-29,118.1817,119.2198,118.1734,119.1044,9566800
2020-01-30,119.3845,120.0189,118.8819,119.1209,14711800
2020-01-31,119.6070,120.2826,119.5411,120.2085,14538100
2020-02-03,119.6242,120.2927,118.9392,120.1111,15309000
2020-02-04,118.8320,118.9557,118.0644,118.4936,11388300
2020-02-05,117.4372,117.7673,117.1071,117.1979,10782600
2020-02-06,117.3381,117.9159,117.1896,117.7260,6683100
2020-02-07,119.0217,119.4509,118.7329,119.1950,11374800
2020-02-10,119.7480,119.8718,119.4013,119.5251,6699300
2020-02-11,119.3271,119.4344,118.7907,118.9227,7784100
2020-02-12,118.3202,118.4688,118.0066,118.3202,5595500
2020-02-13,118.3781,119.0053,118.2378,118.7742,7883400
2020-02-14,119.4673,119.7314,119.2115,119.2940,7137400
2020-02-18,119.9461,120.5320,119.5995,120.1111,6909200
2020-02-19,119.7645,120.1771,119.6489,120.1029,5707700
2020-02-20,120.5568,121.2665,120.4908,121.0437,9332900
2020-02-21,121.9763,122.8676,121.8525,122.1743,13860300
2020-02-24,124.4768,124.5841,123.7918,123.9982,15929300
2020-02-25,123.9652,125.2444,123.9074,124.6584,20802900
2020-02-26,123.7506,125.2113,123.4452,123.9982,22589500
2020-02-27,126.0201,126.3337,124.4769,125.3434,30687900
2020-02-28,127.4643,128.7270,127.2250,128.1741,44935200
2020-03-02,128.3550,129.3468,127.0822,127.2310,28152400
2020-03-03,127.1236,131.9917,125.9252,129.2064,38608000
2020-03-04,129.2725,130.0494,127.4377,127.8344,23463700
2020-03-05,129.8676,131.2644,129.6031,131.0164,17786200
2020-03-06,138.2730,139.9508,135.6365,137.8350,76288300
2020-03-09,148.0257,148.5216,140.7855,141.5707,41552800
2020-03-10,140.2070,142.9262,133.9174,134.3141,37728300
2020-03-11,136.7275,138.0499,128.6279,129.3717,29519300
2020-03-12,135.1406,137.4961,128.6526,130.1734,24361800
2020-03-13,128.1071,130.7519,125.7846,127.2310,19812900
2020-03-16,132.5538,137.3227,130.4297,135.4713,30496700
2020-03-17,135.1324,136.8929,126.2145,126.4377,18570900
2020-03-18,126.3219,127.3963,114.8914,119.3049,47061000
2020-03-19,121.4539,126.8261,120.0488,122.5531,21175300
2020-03-20,126.7020,131.7684,125.7185,131.7684,20863100
2020-03-23,130.1734,137.7689,129.4048,137.1986,19971800
2020-03-24,133.2728,136.7440,132.5785,134.6447,11948600
2020-03-25,135.2068,137.7607,133.5786,134.3390,10750600
2020-03-26,135.5456,136.9341,134.1158,135.0001,10576200
2020-03-27,136.8019,139.0583,136.0333,138.6037,12550000
2020-03-30,139.0996,140.5956,137.1491,137.4631,13473200
2020-03-31,136.9507,137.9590,136.0085,136.3473,11464800
2020-04-01,139.4495,139.8468,137.7279,138.2576,11334700
2020-04-02,139.7392,140.0620,138.4397,139.1350,5771200
2020-04-03,139.5075,140.9807,139.1681,139.4661,6570800
2020-04-06,138.2245,139.2756,137.8355,139.1018,9434800
2020-04-07,136.5360,137.7444,135.5014,137.6451,13811400
2020-04-08,136.6602,137.5541,135.8490,136.6436,10147100
2020-04-09,135.9732,137.2230,135.5594,136.8920,14259100
2020-04-13,136.3623,137.1569,135.6422,135.6422,8750300
2020-04-14,135.6090,136.3540,135.3111,135.6090,9019100
2020-04-15,138.0590,139.5489,138.0094,139.2012,10027800
2020-04-16,140.0951,140.9724,139.8964,140.7821,8265400
2020-04-17,140.5586,141.4029,138.4480,138.8950,8612100
2020-04-20,139.4164,140.1200,139.0191,140.0124,6462600
2020-04-21,142.3050,142.4871,141.3532,141.7753,7850700
2020-04-22,140.6828,141.0304,139.6399,140.3269,6230200
2020-04-23,140.6000,141.4774,140.3848,141.0718,5968600
2020-04-24,140.3849,141.4029,140.3518,141.4029,6211800
2020-04-27,140.4262,140.5006,138.5887,138.7708,9039500
2020-04-28,139.5074,140.5834,139.4246,140.3682,9905400
2020-04-29,140.3186,140.9229,139.0192,139.6399,8619600
2020-04-30,139.6647,140.0703,137.9845,138.0093,11606100
2020-05-01,138.8182,139.3237,137.9397,139.1911,10209400
2020-05-04,138.8679,138.9673,137.9728,138.5364,8300900
2020-05-05,137.2187,137.7989,136.9701,137.6497,7831800
2020-05-06,135.2794,135.6192,134.3015,135.4286,14721500
2020-05-07,135.5529,137.8817,135.3706,137.6911,9164800
2020-05-08,136.3236,137.0778,135.6523,135.9010,8129800
2020-05-11,135.6358,136.0999,134.3429,134.8401,8713500
2020-05-12,135.2214,136.6884,135.1966,136.2242,10057300
2020-05-13,136.8209,137.8154,136.6054,137.1772,13305600
2020-05-14,138.6690,139.3569,138.4452,138.5198,10080000
2020-05-15,139.4812,139.6387,137.8486,138.1635,7225600
2020-05-18,136.6882,136.7960,134.6080,135.1302,10073100
2020-05-19,134.6910,135.6690,134.6579,135.6358,8639100
2020-05-20,135.2296,136.4976,134.9893,136.0418,10927300
2020-05-21,136.6302,137.0446,136.1578,136.3816,8920000
2020-05-22,136.5141,137.3097,136.4230,137.2020,4956700
2020-05-26,135.6772,135.7435,135.0722,135.3622,8098900
2020-05-27,134.9146,135.8429,134.7489,135.1136,8047400
2020-05-28,134.2268,134.7324,133.9782,134.6163,10272600
2020-05-29,134.8484,135.9921,134.5501,135.5777,14632700
2020-06-01,134.5155,134.7976,134.1587,134.6649,13341400
2020-06-02,134.1587,134.5072,133.8102,134.1753,11517100
2020-06-03,132.9223,133.0468,131.8933,132.3912,12255700
2020-06-04,131.8767,131.9514,130.4411,130.4743,14038600
2020-06-05,128.3001,129.5864,127.0969,129.5449,17778500
2020-06-08,128.6818,130.1589,128.6652,130.0427,10346700
2020-06-09,131.9845,132.4741,131.3621,131.5198,9095300
2020-06-10,132.1422,133.5197,131.9846,133.4700,13135500
2020-06-11,135.4699,136.2831,134.9554,135.9927,17086400
2020-06-12,134.7728,135.8101,134.4740,134.6815,9716100
2020-06-15,136.0010,136.2748,134.5488,134.7563,7759800
2020-06-16,132.2833,133.7936,131.6941,132.6899,13698900
2020-06-17,132.9971,133.4120,132.2253,133.2377,7113900
2020-06-18,134.4657,134.8309,134.1089,134.6483,7691400
2020-06-19,133.6028,134.8475,133.5281,134.7563,8565500
2020-06-22,135.4200,135.6108,134.4906,134.7727,9319700
2020-06-23,134.0010,134.4824,133.7023,133.8517,9088600
2020-06-24,134.0425,135.3370,134.0342,135.2873,11436500
2020-06-25,136.2666,136.3828,135.5944,135.6774,10968000
2020-06-26,136.2997,137.1876,136.2416,137.1295,12119300
2020-06-29,136.7976,137.1461,136.4076,136.6980,7274400
2020-06-30,137.1129,137.1627,135.6607,136.0341,14841700
2020-07-01,135.2632,135.8863,134.7148,135.7700,13181000
2020-07-02,135.1718,136.0358,134.7896,135.9112,7599800
2020-07-06,134.8643,135.4376,134.3825,135.3545,7972700
2020-07-07,135.7700,137.3651,135.5872,137.2571,12791900
2020-07-08,136.5177,137.0161,136.1106,136.7087,7253900
2020-07-09,136.8002,139.1181,136.7503,138.8855,13373100
2020-07-10,139.5335,139.7495,138.0464,138.1876,8478000
2020-07-13,137.4980,138.7110,137.2737,138.6446,8054000
2020-07-14,139.5169,139.6914,138.7276,138.8439,11344600
2020-07-15,137.8469,138.7026,137.7721,138.1958,7840300
2020-07-16,139.0766,139.3840,138.7775,138.8522,9107400
2020-07-17,138.9685,139.0765,138.3039,138.5614,8549900
2020-07-20,139.1679,139.2593,138.5781,138.9021,6907200
2020-07-21,138.9934,139.3424,138.8106,138.9851,8454400
2020-07-22,139.7911,139.9572,139.3175,139.4006,6592100
2020-07-23,140.3394,141.1370,139.9738,141.0290,10471800
2020-07-24,140.4141,141.1702,140.2978,141.0206,7520700
2020-07-27,141.4442,141.4858,140.3974,140.4971,6146400
2020-07-28,140.8544,141.5191,140.7630,141.4692,8520700
2020-07-29,141.2782,141.5607,140.3892,141.2283,6733700
2020-07-30,142.1090,142.2835,141.8598,142.1588,9376100
2020-07-31,141.3612,142.4496,141.1867,142.0674,8886000
2020-08-03,140.7616,141.3854,140.5370,141.3521,9066200
2020-08-04,142.0840,142.7078,141.9926,142.6995,9878900
2020-08-05,141.4436,141.8595,141.1359,141.4519,6954100
2020-08-06,142.5416,143.2652,141.9095,142.2422,9481800
2020-08-07,142.4584,142.6413,141.0444,141.2939,8176900
2020-08-10,141.5767,141.6017,140.6202,140.6618,6408500
2020-08-11,139.0399,139.3061,137.9670,138.9900,19234200
2020-08-12,137.8173,138.1251,137.2268,137.7258,11744800
2020-08-13,137.4929,137.7175,135.7130,136.2537,12744700
2020-08-14,136.2453,136.5281,135.7047,135.7213,6398100
2020-08-17,136.3784,136.7859,135.9293,136.0623,6901500
2020-08-18,136.7029,137.1270,136.4783,137.0355,8140600
2020-08-19,137.5428,137.7425,135.8212,136.1788,12497700
2020-08-20,137.5595,137.7758,137.1769,137.4098,10319900
2020-08-21,137.8755,138.3413,137.2434,138.2332,6836000
2020-08-24,138.3330,138.8736,137.9504,138.0086,6490600
2020-08-25,136.6944,137.3099,136.2619,136.9523,10518300
2020-08-26,136.4450,136.6779,135.8045,136.4283,8276600
2020-08-27,137.0355,137.0855,134.0413,134.1079,19860100
2020-08-28,134.5486,134.7815,133.6088,134.0080,8415400
2020-08-31,134.4072,135.7796,134.3739,134.8979,11388100
2020-09-01,134.6923,136.6157,134.2093,136.4409,10587000
2020-09-02,136.1494,137.8564,136.1328,137.7398,15167700
2020-09-03,138.0146,139.2553,137.7565,138.1312,16416600
2020-09-04,136.8989,137.1404,135.2669,135.5083,13780300
2020-09-08,136.8655,137.6066,136.3410,136.3410,13790400
2020-09-09,136.5075,136.7656,135.5249,135.9746,9558900
2020-09-10,135.2751,136.8489,134.8505,136.6657,8847700
2020-09-11,136.8156,137.0321,136.6241,136.9571,5458200
2020-09-14,137.2152,137.4567,136.7489,136.9487,4274900
2020-09-15,136.6990,136.9488,136.3826,136.6157,6928500
2020-09-16,137.2069,137.2985,135.7081,136.2077,8815200
2020-09-17,137.3068,137.3568,136.3909,136.6241,7813900
2020-09-18,136.6990,136.7573,136.0079,136.1994,7246300
2020-09-21,137.2985,137.7232,136.6740,136.8905,11086900
2020-09-22,136.9238,137.2902,136.4492,136.7823,10524100
2020-09-23,136.8073,136.9988,136.1245,136.9655,6224800
2020-09-24,137.3568,137.4901,137.0737,137.4901,8278100
2020-09-25,137.4817,137.7399,137.1487,137.4901,5140300
2020-09-28,137.2819,137.3069,136.8656,137.0987,4470100
2020-09-29,137.2236,137.5900,137.0238,137.2569,10297600
2020-09-30,136.5574,136.5574,135.3500,135.9412,12971000
2020-10-01,135.4570,136.4823,135.1153,136.1655,11523900
2020-10-02,136.3739,136.4239,135.1819,135.6570,8828800
2020-10-05,134.1568,134.1568,132.9648,133.0065,14726000
2020-10-06,132.8063,134.5401,132.2645,133.7232,22419400
2020-10-07,132.9981,133.7149,132.4146,132.7480,9429200
2020-10-08,133.3398,133.5732,133.0814,133.4648,8431500
2020-10-09,132.9647,133.5898,132.3728,133.4398,8441500
2020-10-12,133.7233,133.9317,133.4566,133.8651,3962000
2020-10-13,134.3734,134.8902,134.3484,134.8235,7914300
2020-10-14,135.3070,135.6570,135.0069,135.1319,6954800
2020-10-15,135.8988,136.0238,134.7318,134.8985,9458800
2020-10-16,134.7484,135.2986,134.2817,134.5234,8416300
2020-10-19,133.7816,134.1817,133.4065,134.0150,9286600
2020-10-20,133.2482,133.3732,132.4896,132.7397,11189000
2020-10-21,132.3563,132.8398,132.0062,132.2813,10453700
2020-10-22,131.9395,132.2229,130.8392,130.9059,12664900
2020-10-23,130.7058,131.8728,130.6558,131.7061,8783800
2020-10-26,132.7063,133.3815,132.5396,132.9314,7227300
2020-10-27,133.5565,133.9483,133.2815,133.8233,6062300
2020-10-28,134.5151,134.5818,133.5315,133.9483,11765800
2020-10-29,133.9733,134.0567,132.0895,132.6480,11932400
2020-10-30,132.5562,132.8230,131.3393,131.3393,13095400
2020-11-02,132.4232,132.8321,132.1145,132.3231,10810500
2020-11-03,131.7140,131.8225,131.0381,131.5555,16228700
2020-11-04,134.8766,135.3188,133.9587,134.4093,21570800
2020-11-05,134.8765,134.9600,133.9920,134.6429,18537500
2020-11-06,133.1909,133.4412,132.6235,133.0157,12408400
2020-11-09,130.1453,130.2955,129.0272,130.2204,23245000
2020-11-10,129.3025,130.0118,129.1523,129.4694,12561000
2020-11-11,129.3526,130.1202,129.3108,129.9367,5888200
2020-11-12,130.9546,132.1729,130.7627,132.1479,15999700
2020-11-13,132.1395,132.2564,131.7641,131.9727,7344600
2020-11-16,131.6138,132.0728,131.5137,131.6556,6310400
2020-11-17,132.4817,132.8071,132.3315,132.5151,7444600
2020-11-18,133.0407,133.1492,132.1312,132.8989,10333300
2020-11-19,133.4829,134.1088,133.3745,133.5831,10637200
2020-11-20,133.9503,134.7931,133.8335,134.7680,7246800
2020-11-23,134.1923,134.3341,133.7417,134.1505,11300000
2020-11-24,133.4997,133.5247,132.6819,132.8154,10891700
2020-11-25,132.8822,133.4330,132.3566,132.4066,9145800
2020-11-27,133.1826,133.7333,133.1575,133.6916,4708200
2020-11-30,133.5330,133.9502,133.3077,133.5247,13071600
2020-12-01,132.4330,132.5917,130.8710,131.5560,13662800
2020-12-02,131.0381,131.0799,129.8687,130.5119,12114300
2020-12-03,131.0882,131.8233,130.7875,131.5643,9626500
2020-12-04,130.0442,130.1277,129.2757,129.6349,12734500
2020-12-07,130.5955,131.0382,130.4535,130.8043,9316100
2020-12-08,131.6144,132.0321,131.3054,131.4223,7397200
2020-12-09,130.7625,131.4056,130.3114,130.9880,7750100
2020-12-10,131.3388,132.2158,130.9963,132.1490,10025100
2020-12-11,132.5165,133.1346,132.2409,132.6168,8135900
2020-12-14,131.5476,132.5499,131.2302,132.2492,7535900
2020-12-15,131.7899,132.2994,131.3973,131.8066,6847500
2020-12-16,130.7875,131.8817,130.6288,131.4557,9954200
2020-12-17,132.2200,132.4959,130.7985,131.1079,9422700
2020-12-18,131.3755,131.5929,130.5895,130.7149,6505000
2020-12-21,131.4424,131.5594,130.8152,131.2333,8988200
2020-12-22,131.7434,131.9692,131.3421,131.9106,7370800
2020-12-23,130.9574,131.0159,129.9874,130.9992,9266600
2020-12-24,131.1916,131.6347,131.1498,131.5177,3117100
2020-12-28,130.7567,131.6514,130.5226,131.5761,7791100
2020-12-29,130.7650,131.5176,130.7400,131.4089,9030900
2020-12-30,131.1246,131.7183,131.0076,131.6932,9097300
2020-12-31,131.6598,132.1782,131.6514,131.8855,7742100
2021-01-04,130.9992,132.2618,130.8905,131.7266,13152900
2021-01-05,131.2334,131.2334,130.1547,130.7484,10458100
2021-01-06,128.6162,128.6413,127.3369,128.0643,22827300
2021-01-07,126.9188,127.2365,126.4756,126.9355,14651900
2021-01-08,126.6596,127.0610,125.9740,126.5258,13622500
2021-01-11,126.2582,126.4338,125.8318,126.3168,8370700
2021-01-12,126.0827,126.3920,125.3636,126.2164,12186300
2021-01-13,126.8101,127.9891,126.7349,127.6379,12533300
2021-01-14,127.5793,127.6295,126.0826,126.4422,14835500
2021-01-15,127.2533,127.3954,126.6512,126.9439,11624700
2021-01-19,126.7766,127.3953,126.6846,127.3535,9575600
2021-01-20,127.0860,127.4957,126.9188,127.4790,5368900
2021-01-21,126.6261,126.8853,126.3418,126.5843,8162700
2021-01-22,126.9690,127.1027,126.6094,126.9941,9507200
2021-01-25,127.7299,128.5075,127.6295,128.4908,8712600
2021-01-26,128.0141,128.4322,127.8636,128.2482,7690300
2021-01-27,128.8252,129.1847,128.3737,128.5744,7895200
2021-01-28,128.2650,128.3152,127.2282,127.8636,10667800
2021-01-29,126.6094,127.5041,126.5091,127.0944,14965900
2021-02-01,126.9571,127.5431,126.8148,127.2417,8165500
2021-02-02,126.1869,126.4799,126.0028,126.4213,9177500
2021-02-03,125.9274,126.0613,125.2159,125.2996,9633100
2021-02-04,124.8643,125.1406,124.5630,124.9648,8262600
2021-02-05,124.8141,125.2075,123.9100,123.9184,10258900
2021-02-08,124.1445,124.9481,123.9268,124.4626,11574800
2021-02-09,124.9145,125.2912,124.4457,124.5545,5218300
2021-02-10,124.9648,125.3833,124.8476,125.3833,8079800
2021-02-11,125.2996,125.3917,124.5211,124.6969,11962700
2021-02-12,123.6421,123.9602,123.0812,123.1482,14088400
2021-02-16,121.5661,121.9344,121.0973,121.2731,17789100
2021-02-17,122.1771,122.5371,121.3651,122.0432,11199100
2021-02-18,121.0555,121.8842,120.8127,121.5493,10755300
2021-02-19,120.5950,120.8127,119.5821,119.9337,12741700
2021-02-22,119.7328,120.3272,118.6362,119.0213,13203900
2021-02-23,118.4687,119.2891,118.1506,118.6780,12658500
2021-02-24,116.6522,118.1841,116.4932,117.8995,17363100
2021-02-25,116.7945,117.1293,114.3585,115.9741,52621700
2021-02-26,117.8410,119.9589,116.9285,119.8082,45423300
2021-03-01,117.8905,118.5191,117.4127,118.2257,22048000
2021-03-02,117.6726,118.2844,117.5804,118.2341,12482200
2021-03-03,116.8177,117.4630,116.2980,116.9518,19763700
2021-03-04,117.0272,117.2870,115.6276,116.1975,22366600
2021-03-05,115.8035,116.7841,115.6527,116.4238,20598000
2021-03-08,116.3567,116.4154,115.5186,115.5186,15236600
2021-03-09,116.7255,117.1865,116.4741,117.1194,14463400
2021-03-10,117.1698,117.4631,116.7339,117.3541,12387600
2021-03-11,116.6417,116.8177,116.0466,116.5076,14150700
2021-03-12,114.3201,114.3704,113.6915,114.0351,20402700
2021-03-15,114.3955,114.8984,114.3285,114.7056,11366500
2021-03-16,114.8397,114.9235,113.7753,114.2446,15567900
2021-03-17,113.2725,113.5910,112.4344,113.3898,27107500
2021-03-18,111.7303,112.7025,111.6297,112.2415,21615100
2021-03-19,112.3757,113.0043,112.1410,112.9372,18685000
2021-03-22,113.7251,114.3285,113.4568,114.2028,17047500
2021-03-23,114.4793,115.2755,114.1105,115.2336,16768400
2021-03-24,114.8732,115.8957,114.7810,115.8538,13863000
2021-03-25,115.9880,116.2143,114.8984,114.9403,20782000
2021-03-26,114.3368,115.0241,114.1692,114.5380,8433300
2021-03-29,114.6805,114.6973,113.1216,113.5658,13968100
2021-03-30,113.3982,114.4123,113.1551,114.1609,15020800
2021-03-31,114.2698,114.4793,113.1300,113.5239,19271300
2021-04-01,114.6023,115.5003,114.3925,115.4080,14885900
2021-04-05,114.6024,114.9549,114.0904,114.9045,8243000
2021-04-06,115.1143,115.8024,114.9884,115.6850,9282400
2021-04-07,115.3576,115.9032,114.8793,114.8793,11052700
2021-04-08,115.3073,115.8780,115.2821,115.8277,7847900
2021-04-09,115.3996,115.9787,115.0555,115.4080,8717800
2021-04-12,115.3660,115.4248,115.0639,115.3576,7659000
2021-04-13,115.2319,116.2474,115.1479,116.2222,13232800
2021-04-14,115.8445,116.0207,115.4584,115.8528,7293200
2021-04-15,117.0698,118.3203,117.0446,117.7916,23896700
2021-04-16,116.7425,117.2712,116.5998,116.8767,15238400
2021-04-19,116.4403,116.9187,116.2809,116.5410,13886800
2021-04-20,116.1969,117.2964,116.1802,117.0782,11476500
2021-04-21,117.1118,117.4223,116.7173,117.3132,11902200
2021-04-22,117.4978,117.8251,116.8264,117.8251,14156400
2021-04-23,117.8168,117.8923,117.0698,117.5482,12302200
2021-04-26,117.6238,117.9259,117.3720,117.3804,9103500
2021-04-27,117.1537,117.3468,116.2641,116.3564,14137300
2021-04-28,116.3648,116.5662,115.7857,116.4319,15263700
2021-04-29,115.3576,116.1214,115.0891,116.0878,17178200
2021-04-30,116.2473,116.4319,115.8025,116.3564,15692000
2021-05-03,116.5775,117.3759,116.2244,116.4262,16447700
2021-05-04,117.2414,117.8045,116.9640,117.2162,18639700
2021-05-05,116.8548,117.5440,116.7623,117.4095,11127900
2021-05-06,117.0398,117.8298,116.9977,117.6029,21907600
2021-05-07,117.7542,118.1744,116.7540,117.0229,18346900
2021-05-10,116.7876,117.0397,115.7286,115.8378,15146200
2021-05-11,115.3419,115.5521,114.9553,115.1822,15158600
2021-05-12,114.8713,114.9805,113.7702,113.9719,20859400
2021-05-13,114.2493,114.6191,113.9971,114.1484,13073900
2021-05-14,114.7536,115.2159,114.4930,115.2159,17566700
2021-05-17,115.0057,115.2915,114.7872,114.9721,6113800
2021-05-18,114.6443,114.7872,114.3670,114.6779,11423100
2021-05-19,114.7620,115.4007,113.9887,114.4005,14296000
2021-05-20,114.9469,115.5605,114.8713,115.3419,13310500
2021-05-21,115.7034,115.7370,115.1991,115.7118,10171600
2021-05-24,115.9807,116.4766,115.8966,116.1404,6868700
2021-05-25,116.5186,117.2498,116.5102,117.2162,12346900
2021-05-26,117.3255,117.5945,116.7288,117.0145,9793700
2021-05-27,116.4094,116.5691,115.9807,116.5439,10695200
2021-05-28,116.4766,117.0818,116.2749,116.3590,10258000
2021-06-01,116.0046,116.3750,115.5248,116.3329,11778500
2021-06-02,116.6190,116.8210,116.4254,116.6022,7347900
2021-06-03,116.5853,116.5853,116.0298,116.1645,10994000
2021-06-04,116.5938,117.7553,116.5938,117.7553,15773700
2021-06-07,117.4944,117.5954,117.2671,117.3934,7799800
2021-06-08,118.3950,118.3950,118.0163,118.2183,11230900
2021-06-09,119.3209,119.6492,118.8917,119.2620,12768300
2021-06-10,118.5381,119.9942,118.4118,119.9774,19698300
2021-06-11,119.7839,119.8596,119.3883,119.7839,8646700
2021-06-14,119.6071,119.6071,118.6896,118.8663,9401300
2021-06-15,118.5129,118.7570,118.2435,118.7233,18207300
2021-06-16,119.0179,119.2451,118.0162,118.6223,19676300
2021-06-17,119.4051,121.9891,119.2199,120.3983,35225800
2021-06-18,121.4421,122.9235,121.3074,122.6625,26616900
2021-06-21,121.5346,121.6188,120.3815,120.6087,16485000
2021-06-22,119.6660,120.9370,119.6239,120.9033,14530200
2021-06-23,120.4572,120.7855,120.1206,120.5919,12040900
2021-06-24,120.7181,121.1221,120.6424,120.7855,8788400
2021-06-25,120.5835,120.7013,118.9927,119.5314,15562200
2021-06-28,120.1290,121.0380,120.1121,120.7602,11460700
2021-06-29,120.4488,120.9707,120.3983,120.9623,11217900
2021-06-30,121.4167,121.9891,121.2652,121.5009,15708900
2021-07-01,121.3475,121.6257,120.9683,121.5077,10810000
2021-07-02,121.5583,122.2409,121.4571,122.2409,9650200
2021-07-06,122.8140,123.8844,122.8140,123.6737,20037200
2021-07-07,124.3732,125.2076,124.0783,124.7694,20964400
2021-07-08,125.4773,125.9493,124.8789,125.2582,17487800
2021-07-09,123.7833,123.8844,123.4630,123.4967,14483600
2021-07-12,123.9687,124.0867,123.1933,123.3366,10610400
2021-07-13,123.7411,124.2805,121.9038,122.3926,23340200
2021-07-14,123.0585,123.8254,122.8899,123.7833,16038600
2021-07-15,124.6935,125.2413,123.9181,125.1486,18462400
2021-07-16,124.1794,125.0222,124.1625,124.9126,12787900
2021-07-19,127.2220,128.0648,126.9438,127.6518,40203900
2021-07-20,128.5536,128.7053,126.2190,126.4213,25674800
2021-07-21,124.8873,125.1570,123.6147,124.8199,19988900
2021-07-22,124.8284,126.2611,124.7862,125.9999,18136900
2021-07-23,124.6851,125.2919,124.6429,125.1570,12639300
2021-07-26,125.5785,125.6291,124.6346,124.7863,10737700
2021-07-27,125.8566,126.1600,125.5701,126.1179,13036500
2021-07-28,125.3003,126.1431,124.9632,126.1263,14346700
2021-07-29,125.3930,125.7639,125.1823,125.4268,11532000
2021-07-30,125.6881,126.1853,125.6290,126.0167,14342100
2021-08-02,126.1112,127.6133,125.8834,127.1407,21232700
2021-08-03,127.2082,127.6132,126.9044,127.2082,13361900
2021-08-04,127.8411,128.1111,126.3391,127.4698,18267900
2021-08-05,127.2166,127.3516,126.5753,126.8200,15345400
2021-08-06,125.1577,125.5290,124.6261,124.7020,21144300
2021-08-09,125.0142,125.3602,124.2379,124.2548,12942400
2021-08-10,124.4573,124.5248,123.6725,123.6810,13716900
2021-08-11,123.5460,124.2379,122.9553,123.6051,17227600
2021-08-12,123.2759,123.5712,122.7189,123.4024,14709400
2021-08-13,123.9003,125.3602,123.8834,125.3517,18653800
2021-08-16,125.8918,126.5922,125.5712,125.6555,19170900
2021-08-17,125.6302,126.1280,125.4530,125.6049,14126900
2021-08-18,125.4869,126.1282,125.2675,126.0269,13144000
2021-08-19,126.8369,126.9635,126.4150,126.9551,15474300
2021-08-20,127.0731,127.2588,126.6681,127.0394,12388400
2021-08-23,126.7441,126.9973,126.5078,126.9551,10615000
2021-08-24,126.3728,126.6344,125.9678,125.9678,13835900
2021-08-25,125.9087,126.0437,124.5332,124.9214,16743800
2021-08-26,124.8624,125.3687,124.4742,125.2674,16657400
2021-08-27,125.3686,126.1450,125.1661,126.1197,15384700
2021-08-30,125.7231,126.4910,125.6725,126.4488,10596300
2021-08-31,126.2968,126.6512,125.3095,125.5880,15262400
2021-09-01,126.1195,126.2209,125.4604,125.7984,10807100
2021-09-02,126.0942,126.3561,125.6802,126.3476,9765900
2021-09-03,125.2746,125.4774,124.9958,125.1986,12928000
2021-09-07,124.4212,124.6409,123.9143,124.1424,15547800
2021-09-08,124.7592,125.2070,124.5311,124.9873,14533700
2021-09-09,125.1901,126.6434,124.9198,126.4997,20324600
2021-09-10,125.8069,126.0350,125.1816,125.3844,14894600
2021-09-13,125.9251,126.3053,125.8491,126.1448,15036100
2021-09-14,126.5082,128.0628,126.3814,127.6741,19918400
2021-09-15,127.7586,127.7924,126.6771,127.2263,11940300
2021-09-16,126.4575,127.1165,126.3139,126.6434,13328900
2021-09-17,126.0435,126.1956,125.6379,126.0350,13782900
2021-09-20,127.2179,127.8938,126.9306,127.5981,14660400
2021-09-21,127.3361,127.5474,126.9052,127.4882,10035800
2021-09-22,127.4037,128.2486,127.1080,128.2486,22277800
2021-09-23,127.0912,127.1165,125.3338,125.3507,23853300
2021-09-24,124.9113,124.9197,123.9819,124.1255,20203900
2021-09-27,123.4073,124.0917,123.2552,123.6692,13464300
2021-09-28,121.9456,122.5709,121.3626,121.7428,26613500
2021-09-29,122.3428,122.8750,121.4049,121.9541,23569400
2021-09-30,121.7513,122.0977,121.3711,121.9372,22567600
2021-10-01,122.5404,123.0057,121.9905,122.9634,26151800
2021-10-04,122.3880,123.0564,121.9058,122.6503,28027600
2021-10-05,122.3288,122.4134,121.3644,121.4659,22659200
2021-10-06,122.0158,122.4304,121.8466,122.1512,18696500
2021-10-07,121.1360,121.2629,120.6284,120.8738,14856000
2021-10-08,120.3493,120.4254,119.7317,120.0278,17257800
2021-10-11,119.7909,120.0447,119.6640,119.7233,7213400
2021-10-12,120.6623,121.8297,120.5354,121.7705,17968700
2021-10-13,122.3374,123.1157,122.3120,122.9549,23584600
2021-10-14,122.9803,123.4795,122.6250,123.4118,12946400
2021-10-15,122.6673,122.7857,122.2189,122.6927,11811500
2021-10-18,122.6673,123.5133,122.2612,123.2680,12115900
2021-10-19,122.3796,122.4389,121.5252,121.5675,12156300
2021-10-20,121.1868,121.5505,120.5607,120.7468,12782500
2021-10-21,120.9753,121.1022,120.3239,120.6031,13660000
2021-10-22,121.3560,122.1597,121.1530,121.9313,13740000
2021-10-25,121.5421,122.0751,121.5083,121.7451,8137900
2021-10-26,122.3458,122.7519,121.6013,122.7519,13671000
2021-10-27,123.8517,125.3575,123.4541,124.9853,22092300
2021-10-28,125.0275,125.4844,124.2239,124.5623,17497600
2021-10-29,123.9108,125.2052,123.7839,124.9429,19087300
2021-11-01,123.5013,124.3144,123.4166,124.0434,18035500
2021-11-02,124.0942,125.0006,124.0942,124.5940,9836700
2021-11-03,125.2123,125.3479,123.2726,123.3065,20639400
2021-11-04,123.5605,124.8227,123.5436,124.6024,15922400
2021-11-05,125.8053,126.7032,125.4749,126.4660,21513000
2021-11-08,126.1780,126.4490,125.7968,126.2288,12083800
2021-11-09,127.7365,128.5582,127.6010,127.8721,23430200
2021-11-10,127.7620,127.8467,124.5432,125.5342,28170600
2021-11-11,125.7969,125.9239,125.2717,125.3479,5552500
2021-11-12,125.3648,125.7968,124.3144,124.7973,12712000
2021-11-15,124.4246,124.4839,123.0100,123.2302,15232700
2021-11-16,123.4081,123.9925,122.6965,122.9168,12998700
2021-11-17,122.4594,123.9164,122.3662,123.8909,14239900
2021-11-18,123.6623,124.4331,123.6284,124.3568,11054600
2021-11-19,125.0090,125.8730,125.0090,125.6697,14022100
2021-11-22,124.8565,125.0598,123.7808,124.1958,15266000
2021-11-23,123.6113,123.7638,122.4001,122.4001,15318500
2021-11-24,122.7728,124.3653,122.6458,124.3653,13769700
2021-11-26,126.0679,127.6349,125.9323,127.5079,20064800
2021-11-29,125.6274,126.7540,125.5088,126.4829,23234200
2021-11-30,127.7620,128.8124,127.2707,128.4058,31481100
2021-12-01,127.6289,129.2572,127.0352,129.1978,30826500
2021-12-02,129.6982,129.7491,127.8578,129.3590,17754200
2021-12-03,128.6381,131.5555,128.3582,130.9025,34427100
2021-12-06,130.6481,130.9025,128.8502,129.1046,30924200
2021-12-07,128.6720,129.3590,127.9427,128.0614,22115900
2021-12-08,127.6119,127.6204,125.8225,125.8479,33633900
2021-12-09,126.6536,127.0776,125.9242,126.5518,17544900
2021-12-10,127.1455,127.4169,126.2041,126.2465,14298700
2021-12-13,127.5441,128.3243,127.4762,128.1123,17860500
2021-12-14,127.5271,128.0020,126.6281,127.8070,14015500
2021-12-15,126.8825,127.8833,126.4755,126.5772,25383900
2021-12-16,126.2954,127.2548,126.2784,126.6265,18677900
2021-12-17,127.6453,128.1887,127.4925,128.0614,18093500
2021-12-20,127.9934,128.2227,127.0170,127.1019,17147300
2021-12-21,125.7775,126.6774,125.3359,126.6180,16598200
2021-12-22,127.1274,127.2378,126.5246,127.2039,12253900
2021-12-23,127.0085,127.0170,125.6840,126.1001,11642500
2021-12-27,126.0491,126.5161,125.9303,126.4057,7821800
2021-12-28,127.0170,127.1699,125.6671,125.9048,9174600
2021-12-29,124.7332,125.0728,124.3087,124.5294,11771200
2021-12-30,125.0218,125.6331,124.3426,125.5737,10355000
2021-12-31,125.4973,126.5331,125.1746,125.8199,13402300
2022-01-03,124.3086,124.7586,122.5001,122.5171,33860400
2022-01-04,121.9313,122.3728,121.1926,122.0077,21996400
2022-01-05,122.3813,122.3983,121.1671,121.3454,20911700
2022-01-06,121.0653,121.7870,120.8106,121.6596,18996400
2022-01-07,121.5237,121.6171,120.1907,120.7850,18756800
2022-01-10,120.2671,121.2520,120.0209,121.0822,13775800
2022-01-11,121.3115,121.9483,121.1587,121.8889,24388700
2022-01-12,122.1775,122.2709,121.4134,121.4218,14440600
2022-01-13,121.7445,122.6190,121.4388,122.5002,15166000
2022-01-14,121.7699,121.8039,120.3860,120.6492,22997500
2022-01-18,119.6813,119.9785,118.8832,118.9511,21171700
2022-01-19,119.3163,120.3182,119.1295,119.7748,17930500
2022-01-20,120.0294,120.5559,119.7917,120.5134,13959000
2022-01-21,121.7529,122.3473,121.1331,121.9482,28916600
2022-01-24,122.5171,122.5766,120.9294,120.9464,25001600
2022-01-25,121.5067,122.0162,120.3945,120.7511,15599000
2022-01-26,120.7851,121.0483,119.2823,119.2908,23655500
2022-01-27,120.9124,121.7275,120.8445,121.4813,21501800
2022-01-28,120.6407,121.8039,120.4370,121.5237,12826500
2022-01-31,120.7172,121.3709,120.5304,120.8955,13998400
2022-02-01,120.9703,121.0383,119.9330,120.4941,20806100
2022-02-02,120.6897,122.0670,120.6727,120.9022,18404600
2022-02-03,119.4059,120.2901,119.1848,119.9585,17234100
2022-02-04,118.9042,119.1508,117.9945,118.1900,23609800
2022-02-07,118.1050,118.4451,117.7989,118.2666,12962400
2022-02-08,117.5099,117.8244,117.1783,117.4758,16269200
2022-02-09,117.9435,118.4961,117.4929,117.6969,14349100
2022-02-10,117.0422,117.1868,115.4948,115.8264,30896200
2022-02-11,116.3705,117.7649,115.0867,117.5439,43210300
2022-02-14,116.5916,117.1102,115.6053,116.0815,23157400
2022-02-15,115.2908,115.4948,114.7296,114.7636,18198500
2022-02-16,115.5884,115.6904,114.3640,115.4438,16473700
2022-02-17,116.0135,116.9657,115.5458,116.3025,24508200
2022-02-18,116.9232,117.6459,116.6171,117.5268,17522600
2022-02-22,117.0678,117.9010,116.8807,117.8330,19534000
2022-02-23,117.0592,117.2038,116.1155,116.2090,17757800
2022-02-24,118.2666,118.4961,115.8434,116.2855,28150400
2022-02-25,116.3621,116.7447,115.7839,116.3706,15025400
2022-02-28,117.6969,119.0658,117.6034,118.9212,25817700
2022-03-01,119.4959,121.1731,119.1894,120.2962,35664400
2022-03-02,119.0532,119.5470,116.1331,116.1841,30397400
2022-03-03,117.0526,118.0827,116.6524,117.3676,20649100
2022-03-04,119.4959,119.8875,118.6020,119.3937,25853100
2022-03-07,118.4402,119.7343,118.1423,118.4828,23710900
2022-03-08,117.0695,117.6995,116.8482,117.2909,28331300
2022-03-09,116.6949,116.9248,115.8947,116.1416,18819200
2022-03-10,114.7879,115.0774,113.8429,114.4729,26868900
2022-03-11,114.3623,115.3158,114.2601,114.8561,15583800
2022-03-14,112.9745,113.1363,112.1402,112.1743,24385000
2022-03-15,113.1107,113.3576,111.6890,111.9784,17518800
2022-03-16,112.2339,113.3406,110.9483,113.0767,25857700
2022-03-17,113.0767,113.5194,111.5868,112.2338,19330600
2022-03-18,112.8639,113.6897,112.8639,113.6046,55891700
2022-03-21,111.7656,112.0976,110.4630,110.9738,26122000
2022-03-22,109.7905,110.1140,109.2626,109.5521,21830900
2022-03-23,110.1395,112.0380,109.7053,111.9529,21266100
2022-03-24,110.3779,111.6805,110.3354,111.0760,17141600
2022-03-25,110.2502,110.2672,108.6752,109.5351,25684500
2022-03-28,110.1565,111.1526,109.8586,110.4715,17657800
2022-03-29,111.1526,111.9955,110.4545,111.3059,19319700
2022-03-30,110.7355,112.3871,110.6674,112.1743,16310200
2022-03-31,112.3615,112.9490,112.0891,112.4467,19901000
2022-04-01,110.8539,113.3693,110.5981,112.8747,23489700
2022-04-04,112.4910,112.5336,111.4508,112.0903,13609900
2022-04-05,111.4934,111.5104,109.3873,109.5579,25196900
2022-04-06,107.8014,109.3959,107.7758,108.6711,22952000
2022-04-07,107.5285,108.0060,106.9317,107.8526,23458800
2022-04-08,106.9658,107.2898,105.9512,106.6844,26859200
2022-04-11,105.6612,105.8915,104.5016,104.9962,30020700
2022-04-12,105.7721,105.8659,104.5954,104.8512,23124200
2022-04-13,104.9194,105.9853,104.7830,105.0644,17189500
2022-04-14,104.7574,104.8171,102.6429,102.9583,34274500
2022-04-18,103.0606,103.2397,102.0545,102.4467,18784300
2022-04-19,101.5941,102.0801,101.1848,101.6793,26012300
2022-04-20,102.5064,103.9986,102.2506,103.7257,31423200
2022-04-21,103.0265,103.0948,101.6111,102.9583,23323200
2022-04-22,102.3785,103.5467,102.1568,102.3103,19773400
2022-04-25,103.4955,104.1861,103.2823,103.3335,25418900
2022-04-26,104.3993,104.9024,103.8195,104.3737,26931300
2022-04-27,104.1861,104.2970,102.9754,103.0351,14560500
2022-04-28,102.6514,103.2312,102.3274,103.1885,16892500
2022-04-29,101.7305,103.1459,101.5599,101.8498,26153400
2022-05-02,100.6652,101.0154,99.8709,100.0844,29233900
2022-05-03,101.6731,101.9037,100.6908,100.7592,21256700
2022-05-04,100.7592,101.6133,100.2296,101.3143,25575700
2022-05-05,99.3755,99.4780,97.3854,98.5385,48384500
2022-05-06,97.4879,98.2566,96.7790,97.0865,32790500
2022-05-09,96.3947,97.9748,96.1897,97.9406,26773000
2022-05-10,98.9826,99.8965,98.6325,98.8289,33640800
2022-05-11,98.0004,100.7336,97.7442,100.7336,34173600
2022-05-12,100.8019,101.5450,100.4944,100.5457,26405700
2022-05-13,99.9136,100.0588,98.9912,99.0595,20782700
2022-05-16,99.2559,99.8794,98.9485,98.9570,11050600
2022-05-17,97.9747,98.5214,97.6758,97.7612,15040800
2022-05-18,97.9833,99.9307,97.8894,99.8453,21337300
2022-05-19,101.3314,101.3998,99.8026,100.0844,21937500
2022-05-20,100.0075,101.6560,99.9819,101.2204,22780900
2022-05-23,100.5371,100.9983,99.5378,99.5549,15925200
2022-05-24,100.6994,102.1855,100.6652,101.5193,23388200
2022-05-25,102.1599,102.1685,101.2887,101.9208,14410800
2022-05-26,101.6560,101.7158,100.6140,101.4595,14912900
2022-05-27,101.9464,102.2709,101.4168,101.7072,11190400
2022-05-31,100.0844,100.1271,99.0168,99.5549,28393700
2022-06-01,100.1341,100.3994,98.9876,99.4411,15544800
2022-06-02,99.7919,99.8603,98.7908,99.4924,9832000
2022-06-03,98.4742,99.3042,98.2860,99.2785,15330400
2022-06-06,98.5256,98.8336,97.3790,97.4475,20815400
2022-06-07,98.0635,99.0646,98.0378,98.4999,14278700
2022-06-08,98.1234,98.5084,97.6100,97.6271,11476100
2022-06-09,97.4047,98.1491,97.2678,97.9523,15527300
2022-06-10,97.8496,98.0635,96.6603,97.3448,21917100
2022-06-13,95.3939,95.5480,93.4688,94.2902,36968300
2022-06-14,94.5725,94.9576,92.9126,93.1009,21865900
2022-06-15,94.1961,94.9662,93.2891,94.8378,25202800
2022-06-16,92.7928,95.5907,92.5105,95.5907,26067300
2022-06-17,95.8389,96.5405,94.9405,95.8988,21614300
2022-06-21,94.1961,94.9918,93.9565,94.2731,17663800
2022-06-22,96.4207,96.9512,96.1555,96.8656,23703800
2022-06-23,97.4560,98.5426,97.1052,97.6614,20669200
2022-06-24,97.0796,97.6871,96.2582,96.3095,18161300
2022-06-27,95.1629,96.0186,95.1116,95.4881,12053000
2022-06-28,95.2228,95.9843,94.8635,95.9330,13706600
2022-06-29,96.1555,97.4560,95.9758,97.4304,12925400
2022-06-30,98.2774,99.0561,98.1833,98.2860,25802100
2022-07-01,99.3636,100.8125,98.7807,99.2951,21858800
2022-07-05,100.2124,100.9497,99.5951,100.0752,16689700
2022-07-06,100.6411,100.7697,98.3949,98.3949,20205400
2022-07-07,98.6778,98.7378,97.3146,97.5290,13088000
2022-07-08,97.3061,97.3061,96.0629,96.4487,15320000
2022-07-11,97.5547,98.4120,97.4775,98.1120,13639900
2022-07-12,99.0293,99.6465,98.5663,98.6949,18547300
2022-07-13,97.5375,100.0066,97.2632,99.8266,20594800
2022-07-14,98.6606,99.5865,98.1377,99.0121,15665000
2022-07-15,99.3122,100.1524,99.1064,99.5694,16022600
2022-07-18,98.8064,98.8664,97.8890,98.5320,15838300
2022-07-19,98.5149,98.7206,97.4432,98.0005,9276800
2022-07-20,99.0036,99.0636,97.7776,98.2577,9117300
2022-07-21,98.7549,100.0666,98.6006,99.9552,14754900
2022-07-22,101.4126,102.2528,101.1383,101.6356,17715300
2022-07-25,100.0581,100.7697,99.8523,100.6411,24868100
2022-07-26,101.9013,102.2271,100.6496,100.7182,13536000
2022-07-27,101.1726,101.5841,100.0581,100.1524,15725600
2022-07-28,101.2069,101.9527,100.5810,100.9497,16637900
2022-07-29,100.9068,102.2871,100.5896,100.6753,16655900
2022-08-01,101.5626,103.1515,101.4166,103.1000,17974600
2022-08-02,103.1944,103.6582,100.7380,100.9184,17896300
2022-08-03,100.6350,102.6276,99.9135,102.5073,16731200
2022-08-04,102.1895,102.6791,101.8116,102.4730,11003000
2022-08-05,100.5491,100.5834,99.5356,100.0338,19492300
2022-08-08,101.0386,101.8031,100.9699,101.6485,17476300
2022-08-09,101.1159,101.6570,100.8840,101.2534,8223200
2022-08-10,101.1159,102.1294,100.2570,100.5920,14665300
2022-08-11,100.3773,100.5405,97.9896,98.2473,20663800
2022-08-12,98.8571,99.2608,98.2816,99.2436,12178400
2022-08-15,99.9135,100.2742,99.1577,99.1577,9031800
2022-08-16,98.9859,99.6473,98.1185,99.5700,11066000
2022-08-17,98.8228,98.8571,98.1786,98.5307,14131300
2022-08-18,98.7454,99.3209,98.4190,98.6767,10738200
2022-08-19,97.2510,97.3455,96.8301,97.0878,16330900
2022-08-22,96.9332,97.0191,96.3062,96.7614,10457200
2022-08-23,96.3578,97.4657,95.9713,96.2289,17813200
2022-08-24,95.7565,96.0829,95.2154,95.5246,13971600
2022-08-25,95.6105,97.1307,95.3271,96.8559,21429700
2022-08-26,96.4522,97.9037,96.2032,97.5860,18764400
2022-08-29,97.0019,97.0620,96.3062,96.7786,14278300
2022-08-30,96.7271,97.4915,96.3749,97.0191,14346600
2022-08-31,96.7872,97.3454,95.8338,96.0915,13623500
2022-09-01,94.5646,94.8917,93.7642,94.3322,22490400
2022-09-02,94.4011,95.1585,94.2203,94.8659,13024400
2022-09-06,93.7297,93.7900,92.4559,92.5161,24648500
2022-09-07,93.2305,94.2289,93.1358,93.9793,17050100
2022-09-08,93.6781,94.2634,92.9982,93.0154,14671400
2022-09-09,93.2391,93.6436,92.6366,93.2219,12529800
2022-09-12,93.4974,93.7211,92.0256,92.4559,14806900
2022-09-13,91.7157,92.7313,91.4403,92.6711,22158900
2022-09-14,92.3871,93.1359,92.1977,92.9896,13077800
2022-09-15,92.8260,93.1186,92.5936,92.9293,10260200
2022-09-16,92.1202,92.9981,91.8965,92.1547,18903800
2022-09-19,92.0600,92.8002,91.9223,92.3699,11084400
2022-09-20,90.9669,91.9567,90.7173,91.4489,20133800
2022-09-21,91.8362,92.9896,91.2079,92.9810,23132900
2022-09-22,91.0530,91.1993,90.1407,90.6054,29030600
2022-09-23,90.6657,91.6038,89.9943,90.9755,23042200
2022-09-26,90.6829,90.7259,88.8410,89.2369,25104600
2022-09-27,88.4020,88.6344,86.8442,86.8872,34609500
2022-09-28,88.7635,89.8997,88.2041,89.7964,39283100
2022-09-29,88.5656,89.7103,88.4795,89.3316,19127100
2022-09-30,89.7447,90.2525,87.9889,88.1783,26485700
2022-10-03,89.5966,90.3127,88.9927,89.5794,27192200
2022-10-04,89.8555,90.2868,89.1221,89.3292,13788700
2022-10-05,88.6304,88.7253,87.6382,88.4751,20522100
2022-10-06,88.5096,88.7253,87.5950,87.9833,13965700
2022-10-07,86.9739,87.6727,86.6806,87.1292,14814800
2022-10-10,86.7064,86.7151,85.2397,85.7747,15652600
2022-10-11,86.0507,87.0515,85.4036,86.1542,33246700
2022-10-12,85.6538,86.7409,85.5762,86.5770,21447600
2022-10-13,84.8601,86.6029,84.8429,85.7488,30292500
2022-10-14,86.4389,86.4389,84.7652,85.0413,18728200
2022-10-17,85.6625,85.9817,84.4978,84.6272,18969900
2022-10-18,84.5064,84.9464,83.5746,84.8256,16931500
2022-10-19,83.8507,84.0491,83.1001,83.2813,25431600
2022-10-20,82.7636,83.1087,81.7369,81.8577,25434900
2022-10-21,80.2530,81.0382,79.5974,80.3825,46280300
2022-10-24,80.0805,80.7103,79.2436,79.7181,31332600
2022-10-25,81.5989,82.1597,81.4782,82.0389,31213100
2022-10-26,82.6256,83.4193,82.6256,83.2209,24843900
2022-10-27,83.6695,84.4633,83.0138,84.0923,20270000
2022-10-28,83.5660,84.2303,83.1777,83.5142,22244100
2022-10-31,83.1346,83.3589,81.9872,82.9189,23956700
2022-11-01,84.2214,84.2560,83.2095,83.6939,17585100
2022-11-02,83.8149,84.4376,82.9933,83.3306,25010500
2022-11-03,82.3101,83.3566,82.2409,82.8809,29097500
2022-11-04,82.2495,82.7338,81.4884,81.4884,23561400
2022-11-07,81.9901,82.0420,80.6409,80.6755,14522800
2022-11-08,81.1252,82.1284,81.0992,81.5576,20360600
2022-11-09,81.1425,82.1803,81.0300,81.8257,15637500
2022-11-10,83.6593,85.1296,83.5814,84.9739,45380900
2022-11-11,84.3858,85.0777,84.3598,84.6625,15943100
2022-11-14,84.6798,84.7490,83.9706,84.4550,13741100
2022-11-15,84.9739,85.8820,84.8528,85.8214,26608200
2022-11-16,86.5047,87.7415,86.2625,87.6982,28507700
2022-11-17,86.6604,86.9804,86.2971,86.7728,24528900
2022-11-18,87.0063,87.2571,86.0982,86.1760,14941300
2022-11-21,87.0842,87.1966,86.3144,86.5393,15534000
2022-11-22,87.0496,87.8885,86.9458,87.7674,18103100
2022-11-23,88.3382,89.2982,88.2863,89.2982,23234600
2022-11-25,88.7447,89.0215,88.5891,88.9956,9486100
2022-11-28,89.6096,89.7826,88.8139,89.2464,14563200
2022-11-29,88.3469,89.0474,88.1393,88.1998,16576400
2022-11-30,87.8885,88.8485,87.6723,88.8485,21581700
2022-12-01,89.4242,91.7302,89.3808,91.6869,53156800
2022-12-02,91.2881,92.8485,90.6899,92.8399,24479500
2022-12-05,91.7562,91.8862,90.9413,91.5395,20159700
2022-12-06,92.3284,93.1000,92.0596,92.7185,21754500
2022-12-07,93.9496,95.0852,93.8022,94.9032,30546700
2022-12-08,94.2356,94.8858,94.0362,94.6431,13377300
2022-12-09,93.5768,93.7761,92.1290,92.1810,25872200
2022-12-12,93.5074,93.7241,92.1203,92.4758,16897100
2022-12-13,94.5304,94.5651,93.1606,93.3687,23854700
2022-12-14,93.3340,93.9062,92.6665,93.7675,19517500
2022-12-15,94.1942,94.8286,93.9943,94.1334,20246200
2022-12-16,92.6386,93.7075,92.3866,93.0818,20838300
2022-12-19,91.9695,91.9782,91.2308,91.5176,26126800
2022-12-20,89.8403,90.2140,89.5970,89.8925,28869000
2022-12-21,90.6312,90.7268,89.4754,90.1184,15894100
2022-12-22,90.0924,90.4834,89.8403,90.1011,11322500
2022-12-23,89.1451,89.3450,88.6585,88.7801,15408900
2022-12-27,87.3288,87.8329,86.9117,87.0247,26475700
2022-12-28,87.4679,87.5809,86.3382,86.5120,17302900
2022-12-29,86.7814,87.7634,86.7205,87.4940,16593000
2022-12-30,86.7901,87.3810,86.3555,86.5207,20810200
2023-01-03,88.8149,88.9366,87.6330,88.1718,25313200
2023-01-04,89.7013,89.9272,88.8236,89.3797,21678200
2023-01-05,88.5281,89.7621,88.4499,89.7534,14771100
2023-01-06,89.2494,91.5089,89.1972,91.4046,27473700
2023-01-09,90.7354,92.0564,90.6138,91.8912,21472200
2023-01-10,90.8397,91.0917,89.9446,90.3704,20545200
2023-01-11,91.2221,91.8739,90.9875,91.8391,18794000
2023-01-12,91.9608,93.6901,90.8658,93.6467,32029600
2023-01-13,93.0731,93.6815,92.4474,92.7690,17750800
2023-01-17,91.8304,92.6908,91.8131,92.1694,13911700
2023-01-18,94.2550,94.5244,93.0905,94.4028,35497200
2023-01-19,93.9422,94.1768,93.3686,93.8118,17194700
2023-01-20,92.9515,93.1948,92.2128,92.2910,22754100
2023-01-23,91.7435,92.2910,91.6740,91.8565,12961500
2023-01-24,92.2215,93.3773,91.5871,93.1774,16417200
2023-01-25,93.3078,93.7771,92.6734,93.4034,11906500
2023-01-26,93.1079,93.5511,92.5430,92.9689,15549400
2023-01-27,92.2823,92.9515,92.2128,92.7342,11845500
2023-01-30,92.5170,93.1253,92.2823,92.3953,11459700
2023-01-31,92.9688,93.2296,92.0042,93.1340,13705300
2023-02-01,93.7047,94.6108,92.7201,94.2535,25305800
2023-02-02,94.8983,95.2729,94.1751,94.3755,19548400
2023-02-03,93.0251,93.3213,92.4239,92.9641,20619500
2023-02-06,92.1364,92.6243,92.0754,92.2758,15182400
2023-02-07,91.7705,92.5546,91.4829,91.5352,18290300
2023-02-08,91.5178,91.9883,90.9515,91.9708,13530700
2023-02-09,92.7637,92.8944,90.9514,91.0995,20469900
2023-02-10,90.9602,90.9950,89.8450,90.0802,16598300
2023-02-13,90.3590,90.9776,90.2457,90.8382,13134300
2023-02-14,90.7859,91.3348,89.8624,90.6291,15440300
2023-02-15,90.2196,90.5681,89.3048,89.7840,15246900
2023-02-16,88.9301,89.0608,88.2854,88.5119,19267300
2023-02-17,88.0850,89.2002,87.9717,89.2002,19560900
2023-02-21,88.0066,88.1721,87.3706,87.4664,22728000
2023-02-22,87.9891,88.5990,87.9543,88.2679,15165400
2023-02-23,88.4684,89.3832,88.4074,89.1305,15829100
2023-02-24,88.3812,88.6949,87.6145,87.9717,21403600
2023-02-27,88.2505,88.6077,87.9194,88.2157,14209200
2023-02-28,87.6232,88.6252,87.3705,88.6164,14955700
2023-03-01,88.0575,88.2409,87.3063,87.6644,19000000
2023-03-02,86.5203,87.0356,86.3630,86.8871,23763600
2023-03-03,88.1535,89.0008,87.8391,88.9920,30877300
2023-03-06,89.2802,89.3851,88.2059,88.3020,16631900
2023-03-07,88.6165,89.4113,88.1099,88.8436,23096500
2023-03-08,89.4375,89.9353,88.5815,88.9309,20252400
2023-03-09,88.6950,89.5422,88.5029,89.1492,21550400
2023-03-10,90.8611,92.3110,90.8349,92.2237,43921500
2023-03-13,94.5033,95.2893,91.7433,92.4333,51502500
2023-03-14,91.8306,92.2411,90.6166,90.9136,38417800
2023-03-15,93.2630,94.0753,92.0140,92.6691,45164100
2023-03-16,93.7871,94.3548,91.7433,91.9442,43089300
2023-03-17,93.1495,94.0928,92.9835,93.3242,38129000
2023-03-20,93.3504,93.4202,92.3372,92.5032,24242800
2023-03-21,91.7782,92.0752,91.3066,91.7083,18934900
2023-03-22,91.4114,92.9748,91.2192,92.9311,26388500
2023-03-23,92.0228,93.0621,91.5511,92.9311,25475100
2023-03-24,93.5338,93.8307,92.8088,93.3242,23652700
2023-03-27,91.7520,92.3721,91.1232,91.1319,22224500
2023-03-28,91.0445,91.4288,90.8524,91.2978,17794300
2023-03-29,90.5729,91.2279,90.4855,91.1144,16804400
2023-03-30,91.2367,91.7520,91.0708,91.5337,14315800
2023-03-31,92.0140,93.0709,91.7782,92.9049,25396700
2023-04-03,92.7114,93.7796,92.5538,93.3418,18234800
2023-04-04,92.6238,94.3926,92.5976,93.8059,18052400
2023-04-05,94.3663,94.8917,94.0511,94.7866,23047700
2023-04-06,94.9355,95.3295,94.9092,95.0318,16447300
2023-04-10,94.2525,94.3576,93.3068,93.4994,19134400
2023-04-11,93.7359,93.7709,93.2631,93.6921,13971200
2023-04-12,93.7359,93.8410,92.7114,93.5958,20563000
2023-04-13,93.7359,94.0336,92.7114,92.8602,22079400
2023-04-14,92.2823,92.4224,91.7394,92.0109,19801900
2023-04-17,91.4330,91.5818,90.8113,90.9164,19528800
2023-04-18,90.8988,91.5818,90.8901,91.2403,15922600
2023-04-19,90.9864,91.2754,90.6099,91.1528,16093900
2023-04-20,91.7920,92.1861,91.7220,91.9321,16450100
2023-04-21,92.2035,92.3436,91.3016,91.4155,15244700
2023-04-24,91.9058,92.3699,91.8008,92.2999,17034300
2023-04-25,93.1055,93.8060,93.0617,93.6571,21899900
2023-04-26,93.5082,93.9022,92.5275,92.6589,19610400
2023-04-27,92.1160,92.1773,91.5994,91.7395,20247600
2023-04-28,93.0004,93.4820,92.6939,93.2193,26954100
2023-05-01,92.4099,92.5416,90.2767,90.5313,32487300
2023-05-02,91.2951,92.7874,91.1985,92.7874,30057800
2023-05-03,93.0507,93.5774,92.4187,93.3053,23656200
2023-05-04,92.3660,93.4458,92.3046,92.3836,25110500
2023-05-05,91.6023,92.0851,91.3916,92.0763,15096500
2023-05-08,90.8737,91.1809,90.6981,90.7859,20587000
2023-05-09,90.8561,90.9790,90.4172,90.4611,19182500
2023-05-10,91.0054,91.5057,90.9790,91.3390,22886800
2023-05-11,92.4362,92.6294,91.9271,92.3046,19147200
2023-05-12,92.2168,92.3923,91.5145,91.5321,14198500
2023-05-15,90.7596,90.8298,90.5226,90.5840,20085300
2023-05-16,89.8905,90.3294,89.6359,90.3119,29251700
2023-05-17,90.4875,90.5577,89.8466,90.0485,21340900
2023-05-18,89.7149,89.7676,89.3199,89.3813,25536600
2023-05-19,88.8898,89.4165,88.6001,88.7493,29038000
2023-05-22,88.8810,89.2848,88.3719,88.4333,20131100
2023-05-23,88.1612,88.8810,88.0295,88.6879,21749500
2023-05-24,88.9073,88.9776,88.2489,88.2489,18473400
2023-05-25,88.3982,88.4860,87.8100,88.0295,22492800
2023-05-26,87.8890,88.8107,87.7837,88.7405,17030300
2023-05-30,89.0127,89.7501,88.8810,89.6272,23125200
2023-05-31,89.5306,90.5752,89.4253,90.4084,23787000
2023-06-01,90.9040,91.2120,90.3319,90.7632,21040400
2023-06-02,90.6575,90.7191,89.7245,89.7685,19136500
2023-06-05,89.2053,90.1646,89.0820,89.6013,14433200
2023-06-06,89.6365,90.1910,89.2405,90.1294,14332100
2023-06-07,89.9270,90.1558,88.7035,88.7915,25251100
2023-06-08,88.7828,89.9006,88.7212,89.8302,23845100
2023-06-09,89.4253,90.0150,89.1964,89.7069,22147400
2023-06-12,89.9886,90.0414,89.0028,89.9710,19010300
2023-06-13,89.8742,90.0678,88.8708,89.0820,25910800
2023-06-14,89.4517,90.0326,89.3021,89.7950,29094200
2023-06-15,90.6839,91.2120,90.3054,90.6575,25732000
2023-06-16,90.1646,90.5079,89.8037,90.3054,16759100
2023-06-20,90.7544,91.2384,90.7544,90.9304,17162900
2023-06-21,90.4903,91.2296,90.0766,91.1504,19720100
2023-06-22,90.4815,90.8776,89.9534,90.0502,23630700
2023-06-23,91.3880,91.4937,90.6399,90.9480,22901900
2023-06-26,91.2032,91.3617,90.7984,91.0448,12894900
2023-06-27,91.1768,91.4937,90.4463,90.8072,18105700
2023-06-28,91.0184,91.3968,90.5079,91.1944,23826800
2023-06-29,89.9270,90.0766,89.2932,89.5485,41091600
2023-06-30,89.8302,90.7103,89.6629,90.6047,32024900
2023-07-03,90.7618,91.1325,90.0734,90.0911,16011800
2023-07-05,89.9234,90.0204,88.9084,89.2350,28170300
2023-07-06,88.4319,88.5907,87.7876,87.9729,41375700
2023-07-07,87.5317,87.9023,87.3640,87.4434,28996500
2023-07-10,87.2493,87.8406,87.2404,87.5581,24665200
2023-07-11,87.8758,88.2289,87.6287,88.0082,20485500
2023-07-12,88.3436,89.2438,88.0524,88.9879,31928000
2023-07-13,89.4115,89.9940,89.1644,89.9234,32441500
2023-07-14,89.7733,89.9675,89.3497,89.3938,18569000
2023-07-17,89.3409,89.5703,89.0673,89.4380,18822000
2023-07-18,89.8440,90.0823,89.6410,89.8440,15407400
2023-07-19,90.0204,90.8854,89.7822,90.8589,27192500
2023-07-20,90.2146,90.2940,89.3850,89.7557,56951200
2023-07-21,90.1617,90.3294,89.6939,89.7822,20657500
2023-07-24,90.0116,90.1528,89.4026,89.4556,17546700
2023-07-25,88.9879,89.5792,88.9614,89.2879,17160600
2023-07-26,89.7381,89.7469,89.0761,89.3762,19310700
2023-07-27,88.8820,89.0761,87.2934,87.6376,44794400
2023-07-28,87.7258,88.1318,87.5052,88.0877,27434000
2023-07-31,87.9465,88.5466,87.9200,88.2995,28663800
2023-08-01,87.4720,87.5428,86.6401,86.8525,34943400
2023-08-02,85.8790,86.0560,85.3215,85.9233,38121300
2023-08-03,84.2418,84.3569,83.6666,83.9409,59394800
2023-08-04,84.2064,85.5604,84.1887,85.4277,42071800
2023-08-07,85.0560,85.1357,84.5162,84.5870,35862900
2023-08-08,85.7198,86.1711,85.3481,85.5693,24010500
2023-08-09,85.7375,86.1003,85.7021,86.0118,20151100
2023-08-10,85.8791,86.1622,84.5958,84.5958,37253200
2023-08-11,84.3392,84.8436,84.2507,84.4011,26753500
2023-08-14,84.2595,84.8967,83.9852,84.2153,19072000
2023-08-15,83.8967,84.2507,83.6843,83.7020,24125000
2023-08-16,83.4365,83.8878,82.9409,83.0471,23076700
2023-08-17,82.7462,82.8435,82.3214,82.6931,32244900
2023-08-18,82.6842,83.3568,82.5692,82.9851,24181700
2023-08-21,82.0028,82.0913,81.6223,81.8789,29254100
2023-08-22,81.9851,82.5515,81.8258,82.5073,21308700
2023-08-23,83.4542,84.5604,83.3922,84.5516,38294700
2023-08-24,84.1887,84.5604,83.9763,83.9940,22300800
2023-08-25,83.7728,84.5250,83.6400,84.2684,23865200
2023-08-28,84.6489,84.6578,83.9763,84.3569,16037300
2023-08-29,84.0471,85.4100,84.0206,85.2330,28478100
2023-08-30,85.1003,85.3127,84.8525,85.1445,17550100
2023-08-31,85.4365,85.8879,85.3392,85.5250,26959700
2023-09-01,85.0360,85.0537,83.9885,84.1927,32469700
2023-09-05,83.6868,83.6957,82.9855,83.0122,29435900
2023-09-06,83.5181,83.5358,82.9589,83.2163,23636300
2023-09-07,83.4382,83.5003,83.1541,83.4471,18091500
2023-09-08,83.7755,84.2371,83.5891,83.7666,17052100
2023-09-11,83.1719,83.4205,83.0388,83.1630,17061500
2023-09-12,83.3406,83.6512,83.0654,83.6424,20034300
2023-09-13,83.3672,83.9086,83.2784,83.6246,23332300
2023-09-14,83.3849,83.6246,82.9056,83.0210,27800600
2023-09-15,82.9589,82.9766,82.5151,82.5151,25642900
2023-09-18,82.4174,83.0210,82.3908,82.9855,17963400
2023-09-19,82.6216,82.9323,82.3730,82.3730,24941800
2023-09-20,82.8080,83.0832,82.5861,82.6305,29451200
2023-09-21,81.0327,81.1037,80.5001,80.5090,59958700
2023-09-22,80.6066,81.3167,80.4823,81.1570,29524500
2023-09-25,79.5858,79.9231,79.1331,79.1598,45587900
2023-09-26,79.3817,79.5503,78.7426,78.8846,38104100
2023-09-27,79.4793,79.5503,78.1923,78.4763,47111200
2023-09-28,77.7751,78.7604,77.3135,78.7160,60238000
2023-09-29,79.2397,79.4349,78.2278,78.7248,49010100
2023-10-02,78.1995,78.2974,77.2111,77.4070,44704300
2023-10-03,76.8549,77.1576,75.5904,75.7418,71362600
2023-10-04,76.3740,76.8549,76.0179,76.8104,56281600
2023-10-05,76.6768,76.7480,76.2583,76.4275,35758800
2023-10-06,74.9760,76.3028,74.8513,75.5014,62787900
2023-10-09,76.1336,77.2912,75.6439,77.2734,29424900
2023-10-10,76.4453,77.6207,76.1514,77.1665,54743900
2023-10-11,78.2262,78.7783,78.0036,78.7783,58517700
2023-10-12,78.4043,78.5289,76.5165,76.6412,66986700
2023-10-13,78.0035,78.2084,77.6207,78.0125,44183800
2023-10-16,76.7480,76.9083,76.4898,76.7569,38309800
2023-10-17,75.5904,76.2494,75.2432,75.9110,52949100
2023-10-18,75.1363,75.4391,74.6644,75.2432,63724600
2023-10-19,74.6911,75.3055,73.6760,73.7027,87696900
2023-10-20,73.8986,74.3883,73.7027,74.1212,52188800
2023-10-23,73.7383,75.5637,73.3910,75.0116,70890400
2023-10-24,75.1898,76.0001,74.8781,76.0001,46267700
2023-10-25,74.8158,74.9137,74.0233,74.3082,60737200
2023-10-26,74.3349,75.5281,74.2637,75.4480,49704100
2023-10-27,74.9671,75.6617,74.5664,75.1274,32362300
2023-10-30,74.6287,75.2432,74.1212,74.7890,45026900
2023-10-31,75.1274,75.4836,74.3972,74.4240,37269200
2023-11-01,75.0905,76.0555,75.0727,76.0376,72308500
2023-11-02,77.4494,78.0123,77.0384,77.7710,69739400
2023-11-03,79.3526,79.5670,78.2535,78.2982,77692300
2023-11-06,77.7978,77.9140,77.3779,77.5387,41341900
2023-11-07,78.2803,79.0756,78.2625,78.6824,37834200
2023-11-08,79.0577,80.0763,79.0309,80.0227,53893400
2023-11-09,79.4687,79.5491,77.5030,78.1821,88975100
2023-11-10,78.8343,79.0130,78.4233,78.6199,36516400
2023-11-13,77.9319,78.5752,77.6459,78.4412,25661500
2023-11-14,80.4158,80.5499,79.7814,80.2193,65666800
2023-11-15,79.5312,79.6474,78.9058,79.0934,56205300
2023-11-16,79.7904,80.3801,79.7457,80.0763,49473900
2023-11-17,80.5588,80.8000,80.0942,80.4516,44091400
2023-11-20,80.0763,81.0055,80.0674,80.9430,40477800
2023-11-21,80.8626,81.1306,80.3175,80.9073,27721000
2023-11-22,81.4166,81.5953,80.7554,81.1932,31197500
2023-11-24,80.5052,80.6482,80.2282,80.2371,20199600
2023-11-27,80.6839,81.6131,80.6035,81.5774,39804400
2023-11-28,81.2289,81.7829,81.1217,81.7382,44989300
2023-11-29,82.3011,82.8283,82.0063,82.7658,61647800
2023-11-30,82.1760,82.4619,81.4523,81.8097,60520900
2023-12-01,81.8447,83.4132,81.6833,83.3505,64172200
2023-12-04,82.9023,83.2071,82.5438,83.0189,33766300
2023-12-05,83.9242,84.8115,83.8704,84.8026,73588600
2023-12-06,85.2239,86.0933,85.0356,85.9320,61606100
2023-12-07,85.3135,86.1202,85.2059,85.4390,47970200
2023-12-08,84.6323,84.9012,84.1751,84.7398,44809200
2023-12-11,84.2648,84.6502,83.8345,84.5606,33909700
2023-12-12,84.3903,84.8833,84.1662,84.8116,36996900
2023-12-13,85.3045,86.9269,85.1701,86.8014,70828500
2023-12-14,87.8184,89.0594,87.6026,89.0594,87798600
2023-12-15,88.7447,89.3381,88.6457,89.1583,59941300
2023-12-18,88.5738,88.5738,88.1422,88.4479,34746000
2023-12-19,88.8975,89.2572,88.7177,88.9245,30018400
2023-12-20,89.1223,89.6439,88.6457,89.5270,51229400
2023-12-21,89.6888,89.7787,88.7986,88.9605,65231200
2023-12-22,89.3651,89.3651,88.3400,88.5558,29244200
2023-12-26,88.6098,88.9065,88.5558,88.8076,24019700
2023-12-27,89.7248,90.3992,89.4730,90.3812,45082800
2023-12-28,90.0036,90.4352,89.5270,89.7248,36213000
2023-12-29,89.1403,89.7608,88.8436,88.9155,41616200
2024-01-02,88.3310,88.7087,88.1242,88.4029,47797400
2024-01-03,87.5667,88.8885,87.3599,88.7716,58159500
2024-01-04,87.6026,87.8005,87.2879,87.4228,52604500
2024-01-05,86.7753,87.8364,86.5145,86.5865,45894800
2024-01-08,86.5326,87.5667,86.4067,87.4408,39485800
2024-01-09,86.9012,87.3778,86.8563,86.8832,34374000
2024-01-10,87.1530,87.2699,86.4336,86.4786,48227800
2024-01-11,86.4786,87.0721,86.0650,86.9642,78858900
2024-01-12,87.0271,87.4677,86.5685,86.7933,38883900
2024-01-16,85.9840,86.1369,84.9859,85.2646,61716700
2024-01-17,85.0668,85.4265,84.6711,85.1297,55506800
2024-01-18,84.9409,85.0488,84.0867,84.3384,77339100
2024-01-19,84.2665,84.6801,83.8618,84.6082,47030900
2024-01-22,85.2646,85.4984,84.8780,85.1118,35756400
2024-01-23,84.4284,84.5183,84.0147,84.4373,35786700
2024-01-24,84.9859,85.0128,83.7180,83.9428,54574900
2024-01-25,84.5272,84.7251,84.1406,84.4913,57019400
2024-01-26,84.4643,84.5902,84.0687,84.3294,29276900
2024-01-29,84.8060,85.5793,84.6352,85.3006,38243600
2024-01-30,85.8581,86.1818,85.1927,86.0739,40151400
2024-01-31,86.5236,87.1440,86.3257,86.9192,80646700
2024-02-01,87.8845,89.0121,87.6770,88.6242,84291200
2024-02-02,86.8470,87.1628,86.3238,86.6666,63823300
2024-02-05,85.3676,85.5660,84.8173,84.9165,53827400
2024-02-06,85.0157,85.8367,84.9887,85.7465,33411500
2024-02-07,85.3134,85.9088,85.2683,85.3315,40120200
2024-02-08,84.8173,85.0699,84.4925,84.8353,50087700
2024-02-09,84.5827,84.8083,84.4925,84.6639,27951300
2024-02-12,84.7090,84.9255,84.3482,84.7632,27890300
2024-02-13,83.7708,83.9512,83.2927,83.3107,49768500
2024-02-14,83.2656,83.9422,83.2025,83.7347,44191600
2024-02-15,84.4023,84.5466,83.8971,84.1677,49598500
2024-02-16,83.4280,83.7618,83.3017,83.6806,33116800
2024-02-20,83.7077,84.0685,83.6445,83.7528,24469300
2024-02-21,83.7438,83.8069,83.0040,83.1574,36343100
2024-02-22,83.2927,83.6806,83.2386,83.5633,45190700
2024-02-23,83.6716,84.7992,83.6716,84.6820,38406700
2024-02-26,84.7992,84.8263,84.0685,84.4294,27855000
2024-02-27,84.1136,84.3211,83.7618,83.8340,30242000
2024-02-28,83.9693,84.4384,83.8069,84.3662,34574200
2024-02-29,84.6369,85.0699,84.6008,84.9616,51038600
2024-03-01,84.5589,85.5272,84.1698,85.4910,45832800
2024-03-04,84.7942,85.2105,84.7761,85.1471,23864200
2024-03-05,86.1788,86.5860,85.9435,86.3598,37721900
2024-03-06,86.4141,87.0294,86.3417,86.8666,40571600
2024-03-07,87.2014,87.2376,86.4050,86.7851,39075000
2024-03-08,86.6946,86.9208,86.4050,86.6313,25023200
2024-03-11,86.8394,86.8847,86.3055,86.5860,17787900
2024-03-12,86.0068,86.1607,85.6901,85.8620,29566000
2024-03-13,85.5182,85.7354,85.2557,85.4458,38270100
2024-03-14,84.8214,84.8394,84.0340,84.1336,58365600
2024-03-15,84.2150,84.3327,83.9707,84.1064,34997700
2024-03-18,83.9164,84.1516,83.7082,83.8530,29519500
2024-03-19,84.0250,84.4051,83.8802,84.0883,26953100
2024-03-20,84.2512,84.8756,83.5182,84.0612,43460100
2024-03-21,84.4050,84.5498,83.9164,84.2422,34276600
2024-03-22,85.2376,85.2557,84.8666,85.0476,30262300
2024-03-25,84.8032,84.8394,84.4322,84.6223,24011800
2024-03-26,84.6223,84.9480,84.4141,84.8575,34423000
2024-03-27,85.0566,85.6991,85.0114,85.6991,50157800
2024-03-28,85.5091,85.9888,85.3553,85.6268,34540400
2024-04-01,84.7025,84.7115,83.9489,84.0306,48945400
2024-04-02,83.1408,83.7128,82.9320,83.5675,43086300
2024-04-03,82.8593,83.5766,82.6687,83.5494,45494400
2024-04-04,84.1032,84.2213,83.5675,84.1486,47957400
2024-04-05,83.2498,83.6947,82.9683,82.9774,42495900
2024-04-08,82.8321,83.1589,82.7413,82.9683,37879800
2024-04-09,83.4132,83.8581,83.3859,83.7400,32522000
2024-04-10,82.8049,82.8957,81.7607,81.9151,74368900
2024-04-11,82.0603,82.1148,81.2704,81.5428,65751200
2024-04-12,82.2964,82.5779,81.9695,81.9786,47900100
2024-04-15,81.0071,81.0434,80.3715,80.7075,55993100
2024-04-16,79.9448,80.4260,79.7088,80.1718,45103200
2024-04-17,80.6894,81.1524,80.3171,81.0616,57947000
2024-04-18,81.0253,81.0525,80.4351,80.6530,43839500
2024-04-19,81.1615,81.1615,80.7257,80.9436,44826800
2024-04-22,80.5168,80.9163,80.4896,80.8074,24969000
2024-04-23,80.5622,81.2977,80.3988,80.8346,27222700
2024-04-24,80.4078,80.4714,79.4454,80.2626,48986800
2024-04-25,79.4091,79.8086,79.3002,79.6997,49282600
2024-04-26,80.1264,80.4532,79.9448,80.1173,31589800
2024-04-29,80.4987,80.8255,80.3352,80.7892,39228600
2024-04-30,80.2808,80.5622,79.9902,80.0992,41054700
2024-05-01,80.7260,81.2818,80.3980,80.6896,59679500
2024-05-02,80.3707,81.0996,80.2067,81.0358,58925400
2024-05-03,81.9378,82.1109,81.3365,81.8558,50066100
2024-05-06,81.8832,82.2294,81.7009,82.1747,23868200
2024-05-07,82.8216,83.1314,82.5574,82.6758,30525800
2024-05-08,82.2840,82.4207,82.1474,82.1747,31171700
2024-05-09,81.8832,82.7032,81.8376,82.5756,39606700
2024-05-10,82.2567,82.3478,81.9652,82.1110,21913800
2024-05-13,82.5027,82.5574,82.2840,82.3205,23157500
2024-05-14,82.5938,82.8398,82.3843,82.7852,25746400
2024-05-15,83.7054,84.0607,83.4867,83.9150,65142900
2024-05-16,84.1792,84.2065,83.7692,83.8330,37902400
2024-05-17,83.4959,83.6417,83.2225,83.2681,24755000
2024-05-20,82.9856,83.2043,82.9218,83.0221,17922800
2024-05-21,83.5779,83.6143,83.3045,83.4503,15334400
2024-05-22,83.1587,83.6234,83.1496,83.5505,38073700
2024-05-23,83.6416,83.6416,82.7487,83.0130,51294700
2024-05-24,82.8854,83.3410,82.8216,83.2589,19164400
2024-05-28,83.2134,83.2407,82.0289,82.0654,45973700
2024-05-29,81.4003,81.4549,80.7989,81.0723,45508400
2024-05-30,81.6372,81.9743,81.4914,81.8558,29548600
2024-05-31,82.4389,82.6029,82.2294,82.4116,41308800
2024-06-03,82.8669,83.8086,82.8395,83.7446,42272100
2024-06-04,84.2931,84.8417,84.1011,84.7228,42581500
2024-06-05,85.0245,85.3445,84.4668,85.3445,43153900
2024-06-06,84.9513,85.4176,84.8965,85.2165,22891900
2024-06-07,83.9549,83.9549,83.5617,83.6532,35240500
2024-06-10,83.1960,83.2509,82.8761,83.0955,20586500
2024-06-11,83.2235,83.9914,83.1229,83.9549,30329200
2024-06-12,85.0428,85.5456,84.5582,84.5857,42554600
2024-06-13,85.2256,85.9296,84.9788,85.8290,33093800
2024-06-14,86.3227,86.7067,86.1582,86.5513,28776700
2024-06-17,85.4999,85.7650,85.2805,85.6919,31040200
2024-06-18,85.8382,86.4873,85.6919,86.4781,26881000
2024-06-20,85.3994,85.9388,85.3354,85.9022,30246300
2024-06-21,86.1582,86.3776,85.5639,85.9022,22596400
2024-06-24,85.9845,86.2496,85.7011,86.2496,56939100
2024-06-25,86.0028,86.4416,85.9753,86.3959,22890200
2024-06-26,85.2805,85.4542,85.1251,85.1617,38489100
2024-06-27,85.4999,85.6736,85.4085,85.4999,23140800
2024-06-28,85.6919,85.7285,83.9091,83.9091,55119600
2024-07-01,82.9287,83.5340,82.3784,82.4610,49735400
2024-07-02,83.1672,83.2864,82.6169,83.1030,34204700
2024-07-03,83.6166,84.2769,83.5432,84.1944,35563300
2024-07-05,84.6254,85.0473,84.2861,84.8914,34895500
2024-07-08,84.8731,85.1574,84.5796,85.0748,16095700
2024-07-09,84.8089,85.0015,84.2586,84.6988,30289800
2024-07-10,84.7905,85.0015,84.6163,84.9648,23572500
2024-07-11,85.9186,86.3405,85.7260,85.7902,49761800
2024-07-12,85.7810,86.1571,85.6068,86.1571,27796500
2024-07-15,85.2949,85.5701,85.0932,85.1665,37918900
2024-07-16,85.7810,86.4047,85.6526,86.3680,36383700
2024-07-17,86.1387,86.5790,85.9278,86.3864,29036800
2024-07-18,85.9186,86.3405,85.6435,85.7260,34553100
2024-07-19,85.3317,85.4417,85.1299,85.2216,32164700
2024-07-22,85.6618,85.7719,84.6529,84.9739,36160400
2024-07-23,85.1207,85.3225,84.8272,84.8547,23498000
2024-07-24,84.9189,85.1574,83.8917,83.9376,50757100
2024-07-25,84.4053,85.1666,84.3411,84.6254,44999100
2024-07-26,85.2491,85.4325,85.0290,85.2858,34423800
2024-07-29,85.9094,85.9278,85.4967,85.7443,25801300
2024-07-30,85.9828,86.2580,85.5701,86.0745,28169800
2024-07-31,86.6982,86.9825,86.4322,86.9550,47445300
2024-08-01,87.5485,88.2571,87.5301,87.7050,77254200
2024-08-02,89.2601,90.5208,89.1589,90.4380,91912900
2024-08-05,91.7355,91.9655,90.0883,90.9165,90686300
2024-08-06,90.3183,90.5576,88.8828,88.8828,61316900
2024-08-07,88.2939,88.7540,87.8798,88.2571,51337100
2024-08-08,87.5301,87.7878,87.2725,87.7142,37815800
2024-08-09,88.8092,88.8368,88.4227,88.5791,32141800
2024-08-12,88.3675,89.0945,88.2295,88.9012,24261400
2024-08-13,89.5362,89.5914,89.2417,89.5178,30366900
2024-08-14,89.7662,90.3276,89.7294,90.0791,31334100
2024-08-15,88.7172,89.3521,88.5331,89.3521,38723700
2024-08-16,89.6650,89.7570,89.2693,89.6650,28541000
2024-08-19,89.6466,90.3276,89.6374,90.0791,25322100
2024-08-20,90.4748,90.9717,90.2907,90.7969,25239300
2024-08-21,90.7969,91.2846,90.3736,90.8521,29230000
2024-08-22,90.3920,90.4564,89.6558,89.9503,33453800
2024-08-23,90.3552,90.7969,90.1435,90.5392,32005100
2024-08-26,90.8153,90.8245,90.2539,90.3092,23198700
2024-08-27,89.7110,90.2540,89.6374,90.1527,21507700
2024-08-28,90.1895,90.3644,89.9319,90.0423,18501400
2024-08-29,89.6006,89.8490,89.3797,89.7478,24988200
2024-08-30,89.8858,90.1711,88.7724,88.7908,42896200
2024-09-03,90.0676,90.5292,89.9383,90.2430,48947900
2024-09-04,90.3630,91.4247,90.2984,91.4062,40885200
2024-09-05,91.7109,92.0248,91.1939,91.9232,47450900
2024-09-06,91.9048,93.0403,91.5724,91.9140,57406400
2024-09-09,91.7663,92.4125,91.5447,92.3110,26961400
2024-09-10,92.2002,93.1604,92.1541,92.9572,31703400
2024-09-11,92.7726,93.4650,92.6433,92.8834,39497100
2024-09-12,92.6526,92.8280,92.0340,92.4495,41618700
2024-09-13,92.7449,92.8834,92.3387,92.6987,25722100
2024-09-16,92.9018,93.5850,92.6987,93.5481,30866300
2024-09-17,93.6773,93.8343,93.0034,93.0957,31699400
2024-09-18,92.5418,92.9942,91.8955,91.9417,48897000
2024-09-19,91.3232,91.6832,91.1847,91.6371,39979800
2024-09-20,91.3878,91.6278,91.1385,91.2862,37067600
2024-09-23,90.9354,91.4801,90.4923,91.0923,35703900
2024-09-24,90.4738,91.2954,90.3353,91.0739,31005400
2024-09-25,90.7138,90.7692,90.2799,90.3169,36738200
2024-09-26,90.5384,90.7046,89.9383,90.5292,33332300
2024-09-27,90.9724,91.1755,90.6677,91.0001,28317600
2024-09-30,91.0647,91.1293,90.3630,90.5661,34175500
2024-10-01,91.5071,91.9980,91.1274,91.2200,45254200
2024-10-02,90.1734,90.5161,89.8955,90.4513,35810800
2024-10-03,90.1549,90.3124,89.5992,89.5992,39677800
2024-10-04,88.3952,88.8768,88.3581,88.4970,56954100
2024-10-07,87.9691,88.2377,87.7653,87.8302,42606600
2024-10-08,87.4227,88.0154,87.3763,87.9784,33709600
2024-10-09,87.6820,87.9043,87.2745,87.4782,35807700
2024-10-10,86.9503,87.1448,86.5150,87.1355,53667400
2024-10-11,86.5798,87.1263,86.5243,86.7836,27406400
2024-10-14,86.1723,86.8577,86.1167,86.8484,28795300
2024-10-15,87.4875,87.9876,87.4041,87.9043,46429100
2024-10-16,88.3488,88.5619,88.1173,88.2747,32281500
2024-10-17,87.3300,87.4690,86.7558,86.8762,43427200
2024-10-18,87.1078,87.3208,86.9318,86.9410,25258600
2024-10-21,86.1538,86.2186,85.4221,85.4221,49504700
2024-10-22,85.8111,85.9130,85.2924,85.5054,32096900
2024-10-23,85.0609,85.5518,84.8942,85.2739,33354200
2024-10-24,85.4221,86.1353,85.1720,85.8204,32507400
2024-10-25,86.1260,86.1723,85.2276,85.3387,28667100
2024-10-28,85.4591,85.4777,84.6719,85.1072,33156500
2024-10-29,84.4403,85.2646,84.2644,85.2369,46545200
2024-10-30,85.9871,86.4039,85.3573,85.4869,41951100
2024-10-31,85.3943,86.0797,85.0887,85.6259,52173800
2024-11-01,85.7383,85.9799,84.3815,84.4187,80402000
2024-11-04,85.7569,86.0264,85.1528,85.7290,49747600
2024-11-05,85.5246,86.3331,85.1249,86.1844,46986000
2024-11-06,83.3035,84.3072,83.2199,83.8239,98895700
2024-11-07,84.3350,85.1435,84.2421,84.8740,56221400
2024-11-08,85.4967,86.0543,85.3480,85.9520,56756200
2024-11-11,85.7290,85.7755,85.1436,85.5339,22369200
2024-11-12,84.9112,85.3573,84.1120,84.2514,57908400
2024-11-13,85.0506,85.0692,83.3778,83.4522,49009100
2024-11-14,84.1584,84.5952,83.8889,83.9354,53328300
2024-11-15,83.5637,84.2421,83.1827,83.7124,73722400
2024-11-18,83.3221,84.1863,83.0990,83.8611,36010600
2024-11-19,84.4001,84.6324,84.2142,84.2886,29585100
2024-11-20,83.7775,84.4094,83.7403,84.0191,27755400
2024-11-21,84.0562,84.4280,83.6381,83.9540,28365700
2024-11-22,84.1120,84.2886,83.7775,84.0005,21547500
2024-11-25,85.6825,86.2215,85.4874,86.1751,56858000
2024-11-26,85.6454,85.9056,85.3201,85.8405,31122200
2024-11-27,86.4632,86.7791,86.1193,86.4353,39442200
2024-11-29,87.1509,87.3460,86.8349,87.3274,31905700
2024-12-02,86.9777,87.7983,86.7259,87.5372,39406000
2024-12-03,87.5932,87.6864,86.7166,86.7819,32768900
2024-12-04,86.3622,87.8357,86.2970,87.7144,35851100
2024-12-05,87.3974,88.0221,87.3414,87.8916,23695800
2024-12-06,88.3299,88.4511,87.6771,88.0222,31761500
2024-12-09,87.6491,87.6958,87.1642,87.2108,30509600
2024-12-10,86.7446,87.0057,86.6420,86.8005,28706500
2024-12-11,86.7912,86.9964,85.8960,85.9799,38748400
2024-12-12,85.4577,85.5603,84.8609,84.9355,45368400
2024-12-13,84.6744,84.7210,84.0029,84.0682,39486000
2024-12-16,84.4412,84.5065,83.9750,84.3200,23482300
2024-12-17,84.4132,84.8515,84.3573,84.5251,23839900
2024-12-18,84.2265,84.6010,83.4495,83.4682,61328400
2024-12-19,82.4478,82.7474,81.9236,82.2044,99083300
2024-12-20,82.8784,83.2342,82.6538,82.6725,45542400
2024-12-23,82.5321,82.5976,81.8580,81.9142,32764600
2024-12-24,81.4836,82.2793,81.4274,82.2606,22377600
2024-12-26,81.6427,82.3448,81.6334,82.2138,19981800
2024-12-27,81.8955,82.1763,81.5023,81.5397,27262300
2024-12-30,82.2231,82.4197,82.0733,82.1950,48519600
2024-12-31,82.5040,82.6444,81.6895,81.7550,31917300
2025-01-02,82.1950,82.4946,81.6427,81.9797,27841300
2025-01-03,82.1202,82.2699,81.6146,81.7176,21962200
2025-01-06,81.4929,81.6614,81.1372,81.3525,30231500
2025-01-07,81.0716,81.2308,80.3134,80.4351,41757200
2025-01-08,80.0138,80.6972,79.8921,80.5380,44590800
2025-01-10,79.8359,80.3695,79.7236,80.0044,47115800
2025-01-13,80.0700,80.1917,79.6112,79.9763,33258900
2025-01-14,79.7891,79.9108,79.4708,79.8453,33412900
2025-01-15,81.1653,81.4274,80.8844,81.2214,54120700
2025-01-16,81.1091,81.8206,80.7721,81.4836,34651100
2025-01-17,81.8487,81.8955,81.4836,81.6240,29875600
2025-01-21,82.2793,82.5414,82.0359,82.3542,30548600
2025-01-22,82.2606,82.3636,81.7457,81.9236,25278400
2025-01-23,81.1091,81.4367,81.0061,81.2870,31949000
2025-01-24,81.1840,81.7082,81.0716,81.6521,21110400
2025-01-27,82.5321,82.7848,82.2418,82.6163,42864200
2025-01-28,82.2325,82.5695,82.0640,82.5602,25519100
2025-01-29,82.7848,82.9627,82.0359,82.3916,25342800
2025-01-30,82.7661,83.0470,82.5414,82.7006,25094900
2025-01-31,82.7380,83.0001,81.8487,82.1576,48790100
2025-02-03,83.2211,83.7097,82.4883,82.8265,70657200
2025-02-04,82.2534,83.0990,82.1877,83.0802,33414000
2025-02-05,84.0385,84.7243,83.9821,84.4519,48331200
2025-02-06,84.4237,84.6961,84.1324,84.4143,22509900
2025-02-07,83.8412,84.0385,83.5593,83.8694,31171200
2025-02-10,83.8600,84.1136,83.4748,83.6157,22736100
2025-02-11,83.1741,83.3151,83.0332,83.0802,21513000
2025-02-12,82.0091,82.3004,81.6052,81.9528,48536200
2025-02-13,82.7608,83.5124,82.7420,83.3151,42718100
2025-02-14,83.9727,84.2546,83.7285,83.7566,27460700
2025-02-18,83.1835,83.4654,82.7138,82.7701,29429200
2025-02-19,82.6292,83.0990,82.5729,82.8735,20584300
2025-02-20,83.0990,83.3902,83.0990,83.1835,27913400
2025-02-21,83.4936,84.4894,83.4466,84.1888,46912300
2025-02-24,83.9257,84.6116,83.8600,84.4331,26218000
2025-02-25,85.4665,85.9645,85.3068,85.8893,50125100
2025-02-26,85.8893,86.4906,85.6826,86.3966,32220200
2025-02-27,85.7859,86.2369,85.6262,85.7859,53373600
2025-02-28,86.2933,86.8852,85.9363,86.8382,49388600
2025-03-03,86.1502,87.3754,86.1125,87.2434,42904200
2025-03-04,87.1209,87.4508,86.0182,86.1690,56722000
2025-03-05,86.2916,86.5178,85.3962,85.4810,50215900
2025-03-06,85.2737,85.5753,84.5669,85.1983,42827500
2025-03-07,85.8957,85.9146,84.8119,84.9250,36903600
2025-03-10,85.8392,86.3575,85.6790,85.8109,41440800
2025-03-11,85.7355,86.2256,84.9533,85.1983,40555700
2025-03-12,84.8213,85.1795,84.6140,84.6894,32734600
2025-03-13,84.4255,85.4905,84.2370,85.4340,38675400
2025-03-14,84.8308,85.2077,84.6894,84.9816,24658000
2025-03-17,85.5753,85.9334,85.1795,85.4057,26700300
2025-03-18,84.9533,85.7826,84.9344,85.4905,23654700
2025-03-19,85.4622,85.9711,85.1795,85.9334,31378700
2025-03-20,86.8947,86.9324,85.9146,85.9900,35645800
2025-03-21,86.0748,86.1785,85.4056,85.4810,29192100
2025-03-24,85.0098,85.0664,84.5386,84.6046,27985600
2025-03-25,84.4161,84.8967,84.3595,84.5951,22333800
2025-03-26,84.2464,84.4443,83.9637,84.0391,25095600
2025-03-27,83.7375,83.9072,83.5302,83.7941,23674500
2025-03-28,84.7083,85.1418,84.6423,84.9533,39869400
2025-03-31,85.9805,86.0842,85.1606,85.7921,38824300
2025-04-01,86.3085,86.9328,86.2707,86.5355,39800100
2025-04-02,87.3678,87.3678,85.7504,86.4787,43488400
2025-04-03,87.5097,87.7083,86.8665,86.8760,57467400
2025-04-04,88.5785,88.9947,87.7935,87.8218,92794200
2025-04-07,86.9044,87.1976,84.9370,85.1735,124987600
2025-04-08,84.4452,85.3154,83.4426,83.5655,73861900
2025-04-09,82.5440,84.0952,81.2388,84.0574,131353500
2025-04-10,82.9886,83.4048,81.6738,81.7401,78592000
2025-04-11,81.2199,82.5724,80.3970,82.1846,94814100
2025-04-14,82.6670,82.9602,82.1184,82.7710,37596400
2025-04-15,82.4305,83.4142,82.3265,83.0642,22553900
2025-04-16,83.0453,83.7074,82.7332,83.5277,35607300
2025-04-17,83.2723,83.4237,82.5062,82.7900,31758400
2025-04-21,81.9103,82.3549,81.3239,81.3428,39343200
2025-04-22,82.1184,82.3076,81.7211,81.7968,32552100
2025-04-23,84.0669,84.2371,82.4495,82.5913,44082200
2025-04-24,83.2629,83.5655,83.0075,83.4615,24190800
2025-04-25,84.0858,84.2844,83.8020,84.0763,22513900
2025-04-28,83.8588,84.6816,83.8115,84.6060,20130500
2025-04-29,84.4830,85.3248,84.4641,85.3153,22129500
2025-04-30,84.9181,85.1735,84.4925,84.6249,42630600
2025-05-01,84.7369,84.7559,83.8256,84.1958,29932800
2025-05-02,83.2655,83.6072,83.1041,83.2844,32090400
2025-05-05,82.9237,82.9807,82.4301,82.8193,22862800
2025-05-06,82.4016,83.0946,82.2497,83.0946,21095200
2025-05-07,83.4648,83.7401,83.3699,83.4458,23161600
2025-05-08,83.5597,83.5977,82.4870,82.5155,25483700
2025-05-09,82.5914,82.8857,82.5155,82.6389,17007900
2025-05-12,82.0029,82.3826,81.8225,81.8699,32115000
2025-05-13,81.7655,81.9174,81.1674,81.5377,53912200
2025-05-14,81.4048,81.5187,80.8826,80.9966,42119800
2025-05-15,81.2909,81.9459,81.1485,81.7086,59448000
2025-05-16,82.4680,82.4870,81.8320,81.9269,31778200
2025-05-19,80.6073,81.7560,80.5314,81.6896,49361900
2025-05-20,81.1010,81.2624,80.7497,81.1010,35493100
2025-05-21,80.3890,80.7497,79.5156,79.7150,77053100
2025-05-22,79.2878,80.1517,79.0789,80.1327,61747900
2025-05-23,80.4744,80.5219,80.0377,80.2656,47139200
2025-05-27,81.0250,81.6706,80.8352,81.3858,56773400
2025-05-28,81.0820,81.2054,80.6643,81.0345,34806800
2025-05-29,81.4238,81.8889,81.3003,81.7845,38933200
2025-05-30,81.7275,82.0883,81.5282,81.9079,49042100
2025-06-02,81.2695,81.4410,80.7931,81.1456,46213100
2025-06-03,81.4124,81.6983,80.8884,81.0027,33731300
2025-06-04,81.7459,82.5654,81.6125,82.3176,57441500
2025-06-05,82.5940,82.8322,82.1557,82.3748,37664700
2025-06-06,81.7459,81.8793,81.2600,81.3267,38130100
2025-06-09,81.0313,81.6030,81.0313,81.4124,26560800
2025-06-10,82.0413,82.1175,81.4887,81.8317,24857000
2025-06-11,81.7650,82.3272,81.6697,82.0794,36334800
2025-06-12,82.7941,83.0895,82.5177,83.0609,43017800
2025-06-13,82.6416,82.7845,81.7364,82.2605,49374000
2025-06-16,82.0223,82.3558,81.4315,81.4315,36496600
2025-06-17,81.9460,82.5749,81.7078,82.4225,34521600
2025-06-18,82.7845,82.9846,82.2795,82.5654,38589000
2025-06-20,82.0794,82.6988,81.8984,82.4129,26001900
2025-06-23,82.8322,83.3181,82.6797,82.6797,36851800
2025-06-24,82.3939,83.4611,82.3558,83.2801,32959100
2025-06-25,83.0037,83.3849,82.7083,83.3849,26345300
2025-06-26,83.4611,83.8041,83.0895,83.8041,30467500
2025-06-27,83.4420,84.0042,83.1276,83.2705,74993500
2025-06-30,83.7184,84.2710,83.4802,84.0900,53695200
2025-07-01,84.2889,84.4611,83.8394,84.2985,38960600
2025-07-02,83.3899,83.7724,83.3038,83.7629,39382200
2025-07-03,83.3707,83.4855,83.0647,83.1795,26729100
2025-07-07,82.7682,82.7873,82.1752,82.3856,38314700
2025-07-08,81.8405,82.2900,81.7162,82.2804,31407000
2025-07-09,82.4335,83.1412,82.4239,83.1412,29821900
2025-07-10,83.0456,83.2655,82.7204,83.1986,24525500
2025-07-11,82.4717,82.5100,81.9074,82.0509,40764800
2025-07-14,81.8118,82.1370,81.6014,81.8787,24609500
2025-07-15,82.1465,82.1657,81.1997,81.3049,40455000
2025-07-16,81.5631,81.9266,80.5206,81.4197,65987700
2025-07-17,81.5057,81.7640,81.2858,81.4005,31875500
2025-07-18,81.7066,81.7353,81.3910,81.5249,27534900
2025-07-21,82.4622,82.7395,82.2135,82.2517,40019500
2025-07-22,82.4143,82.9882,82.3569,82.7491,35190300
2025-07-23,82.2996,82.4430,82.0509,82.2900,31008500
2025-07-24,81.8214,82.4813,81.7831,82.1465,25164800
2025-07-25,82.0605,82.6726,81.9839,82.6630,27196200
2025-07-28,82.2422,82.4430,82.0891,82.1274,26812500
2025-07-29,82.4717,83.5333,82.4430,83.5142,47828300
2025-07-30,82.9882,83.1699,82.7873,83.0838,40670900
2025-07-31,83.3325,83.6003,83.0551,83.1316,49814100
2025-08-01,84.0639,84.4191,84.0255,84.3135,63434500
2025-08-04,84.4479,84.6303,84.1503,84.5439,36425200
2025-08-05,84.3423,84.9183,84.2751,84.8031,28586100
2025-08-06,84.3327,84.5343,83.4494,84.3135,42589300
2025-08-07,84.4095,84.7263,84.0927,84.1695,29213100
2025-08-08,83.8719,83.9007,83.6702,83.8047,21596300
2025-08-11,84.0447,84.1695,83.7950,83.9007,20100900
2025-08-12,83.4302,83.4974,83.0942,83.4782,41052300
2025-08-13,83.9487,84.3039,83.9391,84.1695,30817500
2025-08-14,84.0159,84.0159,83.4206,83.5454,33397400
2025-08-15,83.1998,83.3150,82.8062,82.9502,36343600
2025-08-18,83.0462,83.0846,82.5566,82.7102,26777500
2025-08-19,82.9982,83.2862,82.9982,83.1902,28780600
2025-08-20,83.1326,83.4974,83.1038,83.3726,25912500
2025-08-21,83.1038,83.2190,82.6718,82.9598,28643900
2025-08-22,83.3630,83.8143,83.2574,83.5742,49871900
2025-08-25,83.2670,83.5742,83.1902,83.3342,27011900
2025-08-26,83.0558,83.3246,82.7774,83.2862,30259300
2025-08-27,82.6718,83.1998,82.5662,83.1902,38142800
2025-08-28,83.3150,83.7759,83.1998,83.7374,32205900
2025-08-29,83.2958,83.3918,82.9886,83.1422,41686400
2025-09-02,82.5235,82.7259,82.3789,82.5235,48760600
2025-09-03,82.8126,83.6607,82.7741,83.4294,52499500
2025-09-04,83.8631,84.0751,83.4390,84.0655,40501600
2025-09-05,85.0195,85.3954,84.9424,85.3472,69668000
2025-09-08,85.9351,86.5037,85.8869,86.4844,54538700
2025-09-09,86.1567,86.3013,85.7616,85.9929,37126400
2025-09-10,86.1567,86.8024,85.9543,86.4844,40713600
2025-09-11,86.6482,87.1975,86.6386,87.0626,46694400
2025-09-12,86.5711,86.7157,86.2434,86.6868,32968600
2025-09-15,86.8795,87.1783,86.8024,86.8891,24820100
2025-09-16,86.8217,87.2168,86.7735,87.0723,26794200
2025-09-17,87.4192,87.7372,86.6097,86.8506,49121800
2025-09-18,86.0218,86.2242,85.6749,85.9543,55717900
2025-09-19,85.8387,85.9929,85.5689,85.7905,32509200
2025-09-22,85.5978,85.6845,85.3279,85.4821,24758200
2025-09-23,85.7423,86.1182,85.5303,86.0796,26689000
2025-09-24,85.8483,85.9254,85.4821,85.7520,28098000
2025-09-25,85.6267,85.8001,85.2508,85.7520,29882500
2025-09-26,85.7616,86.2242,85.4725,85.6749,30955100
2025-09-29,86.0507,86.4844,86.0218,86.3784,32286200
2025-09-30,86.4073,86.7735,85.9736,86.1278,38584000
2025-10-01,86.5050,86.6887,86.1568,86.3502,39408900
2025-10-02,86.3696,86.7371,86.2535,86.6017,23208300
2025-10-03,86.6790,86.7661,86.3309,86.4373,25884500
2025-10-06,85.7893,86.2245,85.7313,85.7507,28371000
2025-10-07,86.0408,86.4373,85.8860,86.2439,29103300
2025-10-08,86.6500,86.6694,86.1955,86.3116,22506200
2025-10-09,86.2342,86.3502,86.0794,86.2439,21578700
2025-10-10,87.0175,87.7332,86.9402,87.6365,59389400
2025-10-13,87.3076,87.5978,86.9015,87.5881,28035500
2025-10-14,87.6655,87.9266,87.4527,87.8686,29800000
2025-10-15,87.9653,88.2941,87.4914,87.6751,31333900
2025-10-16,87.5397,88.4875,87.4720,88.3327,39631200
2025-10-17,88.2457,88.2844,87.9072,88.1974,40240400
2025-10-20,88.4488,88.5455,88.2747,88.5358,28429300
2025-10-21,88.9613,89.1548,88.8840,88.9710,24514300
2025-10-22,88.9613,89.1451,88.7969,89.0290,30496200
2025-10-23,88.5939,88.7679,88.2844,88.4198,28275100
2025-10-24,88.5745,88.5842,88.1587,88.4585,28266000
2025-10-27,88.3134,88.7679,88.0910,88.7583,30033600
2025-10-28,88.8259,89.1451,88.7873,88.9903,23564500
2025-10-29,88.8550,88.8646,88.0233,88.0910,39551600
2025-10-30,87.4140,87.9749,87.3753,87.5784,42649200
2025-10-31,87.5784,87.6751,87.2303,87.3173,38247300
2025-11-03,86.9825,87.1766,86.7883,87.0989,40752300
2025-11-04,87.1378,87.4095,87.0989,87.2931,26383800
2025-11-05,86.8757,86.9145,86.2642,86.3419,44643400
2025-11-06,86.9242,87.2057,86.8951,87.1184,33027400
2025-11-07,86.7301,87.2251,86.7301,86.9339,28530100
2025-11-10,86.8563,87.0310,86.7592,86.9145,24093500
2025-11-11,87.3028,87.4192,87.1378,87.3125,18942300
2025-11-12,87.3028,87.6619,87.2348,87.4678,23594900
2025-11-13,87.1572,87.2931,86.7495,86.7495,33825900
2025-11-14,87.1475,87.1960,86.2546,86.2546,38550500
2025-11-17,86.4584,86.6719,86.3613,86.4681,25605800
2025-11-18,86.7204,86.8175,86.1866,86.4389,31967400
2025-11-19,86.6040,86.6816,86.2351,86.2643,25782400
2025-11-20,86.3710,86.7884,86.3710,86.6040,32945000
2025-11-21,87.0116,87.0310,86.5748,86.8660,41938600
2025-11-24,87.3028,87.4192,87.1378,87.3610,30865700
2025-11-25,87.6522,87.9239,87.4774,87.5842,36503300
2025-11-26,87.4969,87.9725,87.1863,87.9725,34099000
2025-11-28,87.7977,87.8657,87.3028,87.5551,40704300
2025-12-01,86.5431,86.6794,86.4067,86.4651,47086600
2025-12-02,86.2801,86.6502,86.1632,86.5041,27605700
2025-12-03,86.6113,86.8450,86.4359,86.7476,23278600
2025-12-04,86.6015,86.6210,86.1827,86.2801,25541500
2025-12-05,86.2509,86.2509,85.7639,85.8807,32808100
2025-12-08,85.9002,85.9100,85.2866,85.5983,32255200
2025-12-09,86.0463,86.0561,85.5593,85.6859,25771800
2025-12-10,85.7151,86.2216,85.5788,86.0171,46833500
2025-12-11,86.3872,86.5236,85.8710,85.9002,26778700
2025-12-12,85.1112,85.2281,84.9262,85.0723,47030100
2025-12-15,85.4424,85.5983,85.1210,85.1307,28611800
2025-12-16,84.9262,85.6372,84.9067,85.5983,41018700
2025-12-17,85.3547,85.7054,85.3061,85.5203,24668300
2025-12-18,85.8418,86.0853,85.7833,85.9294,39048900
2025-12-19,85.6674,85.8141,85.4718,85.6087,37858100
2025-12-22,85.4816,85.5207,85.3154,85.4229,25547100
2025-12-23,85.1393,85.6380,85.1002,85.5598,33624100
2025-12-24,85.8140,86.1270,85.7065,86.0781,25942000
2025-12-26,86.1465,86.2150,85.6576,85.7945,26522700
2025-12-29,85.9998,86.1172,85.8434,86.1172,29399800
2025-12-30,85.7945,86.0879,85.7261,85.9118,25106800
2025-12-31,85.7358,85.9607,85.1980,85.2274,36500000
2026-01-02,85.4620,85.4718,85.0905,85.1002,40731300
2026-01-05,85.2469,85.5794,85.1785,85.5207,30178000
2026-01-06,85.2176,85.4034,84.9731,85.3447,39015200
2026-01-07,85.8923,86.0585,85.5403,85.8434,39930900
2026-01-08,85.3936,85.6087,85.3154,85.4131,28204900
2026-01-09,85.3643,86.0487,85.1883,85.9803,57348800
2026-01-12,85.5598,85.9607,85.4718,85.7261,36103100
2026-01-13,85.9314,85.9607,85.5989,85.8727,30451400
2026-01-14,85.9607,86.4692,85.9412,86.3714,39233500
2026-01-15,86.6745,86.6941,86.3519,86.3519,37988900
2026-01-16,86.1758,86.3616,85.7652,85.8532,46382400
2026-01-20,84.7091,85.1002,84.6211,84.7287,66009500
2026-01-21,84.8753,85.5403,84.6993,85.3740,51220100
2026-01-22,85.3349,85.8141,85.2078,85.7456,42419300
2026-01-23,85.8825,86.0781,85.5598,85.9803,35968800
2026-01-26,86.4399,86.5279,86.2443,86.3910,38882400
2026-01-27,86.1563,86.2932,85.7358,85.8532,35180100
2026-01-28,85.5696,85.7554,85.3545,85.6576,38750300
2026-01-29,85.2176,85.7945,85.1491,85.6772,43855000
2026-01-30,85.4425,85.6185,85.1980,85.1980,45832200
2026-02-02,85.4159,85.4552,84.9546,84.9546,38171400
2026-02-03,84.8957,85.1804,84.8368,85.1607,27438200
2026-02-04,85.0331,85.1804,84.8663,84.9448,37872900
2026-02-05,85.3276,85.8675,85.1509,85.8675,50268900
2026-02-06,85.8380,85.9264,85.5926,85.9264,33461800
2026-02-09,85.5926,85.9656,85.4257,85.9067,24708900
2026-02-10,86.6134,86.8981,86.5938,86.8981,37253700
2026-02-11,86.4171,86.8490,86.3190,86.4368,37014000
2026-02-12,86.7312,87.6343,86.7214,87.5852,48454900
2026-02-13,87.9778,88.1545,87.8699,88.0662,56785200
2026-02-17,88.2723,88.4588,88.1054,88.2134,32356700
2026-02-18,88.0367,88.2036,87.8208,87.8797,35415400
2026-02-19,87.7521,88.0662,87.7226,87.9680,28658600
2026-02-20,88.0465,88.0858,87.2907,87.7619,49610800
2026-02-23,87.8993,88.3410,87.8797,88.0858,33614600
2026-02-24,88.2919,88.3901,88.1054,88.2428,24933900
2026-02-25,88.0564,88.4195,88.0564,88.2527,23625800
2026-02-26,88.3999,88.6551,88.3901,88.6060,29447100
2026-02-27,89.0183,89.1851,88.8809,89.1459,51272000
2026-03-02,88.6151,88.6249,88.0045,88.2507,55465500
2026-03-03,87.6302,88.3098,87.5908,88.0734,51850400
2026-03-04,87.9158,88.0833,87.7484,87.7977,47069500
2026-03-05,87.2855,87.5908,87.1674,87.4431,45768900
2026-03-06,86.9802,87.5908,86.6848,87.1181,58136900
2026-03-09,86.9605,87.9651,86.8719,87.8764,52478700
2026-03-10,87.4530,87.6007,86.9310,86.9409,48651500
2026-03-11,86.4189,86.4780,85.7591,85.8181,54679900
2026-03-12,85.5916,85.9265,85.4636,85.6507,48977000
2026-03-13,85.6113,85.8280,85.1583,85.2272,43460000
2026-03-16,85.8575,86.0151,85.6409,85.8871,37341500
2026-03-17,86.0348,86.2416,85.9954,86.1234,19578100
2026-03-18,86.0348,86.1530,85.6113,85.6409,37596600
2026-03-19,85.7394,86.3992,85.6507,86.1628,60307400
2026-03-20,85.4932,85.5424,84.4591,84.5280,78948500
2026-03-23,84.8727,85.4045,84.6364,85.0795,69686700
2026-03-24,84.4197,84.9810,84.2621,84.7053,51799400
2026-03-25,85.4341,85.5621,85.1682,85.5227,37861000
2026-03-26,85.0303,85.2962,84.6265,84.8038,39537000
2026-03-27,84.2030,84.7939,84.1538,84.3409,39928900
2026-03-30,85.3159,85.6310,85.1780,85.4636,36473200
2026-03-31,85.6113,85.8378,85.2568,85.3750,47112200
2026-04-01,85.3107,85.7359,85.2613,85.2909,31157600
2026-04-02,85.2415,85.8743,85.1822,85.8150,33310600
2026-04-06,85.5282,85.8743,85.4195,85.6765,14660300
2026-04-07,85.5480,85.7062,84.9449,85.6666,22747200
2026-04-08,86.3786,86.3885,85.7556,85.9435,22244900
2026-04-09,85.7161,86.1512,85.4195,85.7260,18909100
2026-04-10,85.6271,85.7062,85.3601,85.5183,13247700
2026-04-13,85.4689,85.8249,85.2810,85.7754,12719700
2026-04-14,85.7260,86.2599,85.6568,86.2303,16606900
2026-04-15,86.0424,86.0918,85.7556,85.8545,15119600
2026-04-16,85.9435,85.9930,85.2316,85.3107,20001000
2026-04-17,86.0721,86.2303,85.9138,86.0918,29604100
2026-04-20,86.1314,86.1511,85.7359,86.0721,14623500
2026-04-21,85.9930,86.1116,85.5579,85.5974,19798700
2026-04-22,86.0721,86.1808,85.7359,85.7655,13676800
2026-04-23,85.8545,86.0622,85.2711,85.5777,21106700
2026-04-24,85.4887,85.8446,85.2810,85.7359,22285700
2026-04-27,85.5183,85.6469,85.2217,85.3107,19250100
2026-04-28,85.1525,85.3997,84.9745,85.3997,14553600
2026-04-29,85.0239,85.0239,84.5889,84.7372,29020800
2026-04-30,84.9251,84.9350,84.4307,84.6581,28516200
2026-05-01,84.8516,85.3478,84.6928,84.9608,21281000
2026-05-04,84.7028,84.7127,84.1172,84.3157,27226000
2026-05-05,84.5043,84.8417,84.4447,84.7822,18226500
2026-05-06,85.3975,85.5166,85.2684,85.4272,22530700
2026-05-07,85.6257,85.6356,84.9509,85.0005,21178300
2026-05-08,85.4074,85.6257,85.3379,85.4272,30797600
2026-05-11,85.2288,85.2684,84.8417,84.9112,17713700
2026-05-12,84.5440,84.5539,84.2760,84.3455,27680600
2026-05-13,84.2959,84.4051,83.9485,84.1570,26295100
2026-05-14,84.6135,84.7325,84.2661,84.2760,25247200
2026-05-15,83.2340,83.3332,82.9561,83.0256,50796000
2026-05-18,83.0653,83.2836,82.6882,82.9263,26166200
2026-05-19,82.3309,82.5989,82.1423,82.3904,35346600
2026-05-20,82.4301,83.3630,82.4103,83.2737,44498000
2026-05-21,82.9859,83.6210,82.6981,83.5813,24887000
2026-05-22,83.9684,84.0378,83.5019,84.0378,27987700
2026-05-26,84.6928,84.7325,84.2562,84.4547,22531200
2026-05-27,84.6035,84.8318,84.5043,84.6532,23589600
2026-05-28,84.7127,85.1990,84.6234,85.0898,25417300
2026-05-29,85.1593,85.3082,84.9013,85.1097,33118600
2026-06-01,84.6175,85.2252,84.4880,85.1555,26322400
2026-06-02,85.4843,85.5042,85.1854,85.3348,20319000
2026-06-03,84.9762,85.1156,84.7869,84.9961,15372000
2026-06-04,85.2950,85.3946,85.1057,85.1854,15866500
2026-06-05,84.6773,85.0359,84.6075,84.7470,26461200
2026-06-08,84.9164,85.0160,84.3086,84.3086,22922700
2026-06-09,84.6573,84.8666,84.4680,84.8068,22617700
2026-06-10,84.8068,84.9861,84.3883,84.5677,21258300
2026-06-11,84.8566,85.7234,84.7271,85.6636,35190500
2026-06-12,85.3249,85.5142,85.0957,85.4544,23092600
2026-06-15,85.6437,85.7931,85.3548,85.4046,17632700
2026-06-16,85.6437,86.0621,85.6138,85.8728,26472500
2026-06-17,86.0123,86.2714,85.6138,86.0123,34507500
2026-06-18,86.7496,86.8592,86.3312,86.4308,32350900
2026-06-22,85.9824,86.0123,85.6537,85.7732,28595100
2026-06-23,85.8031,86.1120,85.7832,85.8828,19145500
2026-06-24,86.8293,87.1481,86.7994,87.0585,41837000
2026-06-25,87.2577,87.4670,86.9688,87.0286,28380000
2026-06-26,86.6898,87.0485,86.6799,87.0385,21650800
2026-06-29,87.0385,87.2179,86.9788,87.1282,19457200
2026-06-30,86.8293,86.8592,86.0621,86.1020,31079500
2026-07-01,85.4800,85.7900,85.4300,85.5200,28109800
2026-07-02,85.3800,85.7800,85.3700,85.5100,20816300
2026-07-06,85.4300,85.4800,85.1800,85.4500,17940900
2026-07-07,85.1200,85.1700,84.5400,84.5500,24816400
2026-07-08,84.3100,84.4500,84.0600,84.3600,25806600
2026-07-09,84.2800,84.6800,84.2600,84.4900,18625300
2026-07-10,84.5100,84.6300,84.2800,84.4700,14454100
2026-07-13,84.1900,84.2800,83.9300,83.9700,18742500
2026-07-14,84.1700,84.4900,84.0377,84.0800,23792252
