date,o,h,l,c,v
1986-05-19,0.8288,0.8288,0.8288,0.8288,0
1986-05-20,0.8271,0.8271,0.8271,0.8271,0
1986-05-21,0.8354,0.8354,0.8354,0.8354,0
1986-05-22,0.8338,0.8338,0.8338,0.8338,0
1986-05-23,0.8354,0.8354,0.8354,0.8354,0
1986-05-27,0.8396,0.8396,0.8396,0.8396,0
1986-05-28,0.8288,0.8288,0.8288,0.8288,0
1986-05-29,0.8274,0.8274,0.8274,0.8274,0
1986-05-30,0.8274,0.8274,0.8274,0.8274,0
1986-06-02,0.8166,0.8166,0.8166,0.8166,0
1986-06-03,0.8182,0.8182,0.8182,0.8182,0
1986-06-04,0.8166,0.8166,0.8166,0.8166,0
1986-06-05,0.8141,0.8141,0.8141,0.8141,0
1986-06-06,0.8257,0.8257,0.8257,0.8257,0
1986-06-09,0.8216,0.8216,0.8216,0.8216,0
1986-06-10,0.8182,0.8182,0.8182,0.8182,0
1986-06-11,0.8174,0.8174,0.8174,0.8174,0
1986-06-12,0.8199,0.8199,0.8199,0.8199,0
1986-06-13,0.8241,0.8241,0.8241,0.8241,0
1986-06-16,0.8357,0.8357,0.8357,0.8357,0
1986-06-17,0.8357,0.8357,0.8357,0.8357,0
1986-06-18,0.8332,0.8332,0.8332,0.8332,0
1986-06-19,0.8282,0.8282,0.8282,0.8282,0
1986-06-20,0.8324,0.8324,0.8324,0.8324,0
1986-06-23,0.8374,0.8374,0.8374,0.8374,0
1986-06-24,0.8407,0.8407,0.8407,0.8407,0
1986-06-25,0.8423,0.8423,0.8423,0.8423,0
1986-06-26,0.8432,0.8432,0.8432,0.8432,0
1986-06-27,0.8465,0.8465,0.8465,0.8465,0
1986-06-30,0.8540,0.8540,0.8540,0.8540,0
1986-07-01,0.8540,0.8540,0.8540,0.8540,0
1986-07-02,0.8540,0.8540,0.8540,0.8540,0
1986-07-03,0.8599,0.8599,0.8599,0.8599,0
1986-07-07,0.8590,0.8590,0.8590,0.8590,0
1986-07-08,0.8507,0.8507,0.8507,0.8507,0
1986-07-09,0.8540,0.8540,0.8540,0.8540,0
1986-07-10,0.8574,0.8574,0.8574,0.8574,0
1986-07-11,0.8574,0.8574,0.8574,0.8574,0
1986-07-14,0.8582,0.8582,0.8582,0.8582,0
1986-07-15,0.8590,0.8590,0.8590,0.8590,0
1986-07-16,0.8657,0.8657,0.8657,0.8657,0
1986-07-17,0.8590,0.8590,0.8590,0.8590,0
1986-07-18,0.8582,0.8582,0.8582,0.8582,0
1986-07-21,0.8599,0.8599,0.8599,0.8599,0
1986-07-22,0.8548,0.8548,0.8548,0.8548,0
1986-07-23,0.8465,0.8465,0.8465,0.8465,0
1986-07-24,0.8423,0.8423,0.8423,0.8423,0
1986-07-25,0.8406,0.8406,0.8406,0.8406,0
1986-07-28,0.8348,0.8348,0.8348,0.8348,0
1986-07-29,0.8340,0.8340,0.8340,0.8340,0
1986-07-30,0.8373,0.8373,0.8373,0.8373,0
1986-07-31,0.8474,0.8474,0.8474,0.8474,0
1986-08-01,0.8474,0.8474,0.8474,0.8474,0
1986-08-04,0.8491,0.8491,0.8491,0.8491,0
1986-08-05,0.8457,0.8457,0.8457,0.8457,0
1986-08-06,0.8423,0.8423,0.8423,0.8423,0
1986-08-07,0.8449,0.8449,0.8449,0.8449,0
1986-08-08,0.8558,0.8558,0.8558,0.8558,0
1986-08-11,0.8642,0.8642,0.8642,0.8642,0
1986-08-12,0.8634,0.8634,0.8634,0.8634,0
1986-08-13,0.8684,0.8684,0.8684,0.8684,0
1986-08-14,0.8692,0.8692,0.8692,0.8692,0
1986-08-15,0.8701,0.8701,0.8701,0.8701,0
1986-08-18,0.8709,0.8709,0.8709,0.8709,0
1986-08-19,0.8760,0.8760,0.8760,0.8760,0
1986-08-20,0.8802,0.8802,0.8802,0.8802,0
1986-08-21,0.8802,0.8802,0.8802,0.8802,0
1986-08-22,0.8785,0.8785,0.8785,0.8785,0
1986-08-25,0.8751,0.8751,0.8751,0.8751,0
1986-08-26,0.8760,0.8760,0.8760,0.8760,0
1986-08-27,0.8751,0.8751,0.8751,0.8751,0
1986-08-28,0.8802,0.8802,0.8802,0.8802,0
1986-08-29,0.8872,0.8872,0.8872,0.8872,0
1986-09-02,0.8838,0.8838,0.8838,0.8838,0
1986-09-03,0.8694,0.8694,0.8694,0.8694,0
1986-09-04,0.8694,0.8694,0.8694,0.8694,0
1986-09-05,0.8610,0.8610,0.8610,0.8610,0
1986-09-08,0.8576,0.8576,0.8576,0.8576,0
1986-09-09,0.8584,0.8584,0.8584,0.8584,0
1986-09-10,0.8584,0.8584,0.8584,0.8584,0
1986-09-11,0.8491,0.8491,0.8491,0.8491,0
1986-09-12,0.8441,0.8441,0.8441,0.8441,0
1986-09-15,0.8441,0.8441,0.8441,0.8441,0
1986-09-16,0.8441,0.8441,0.8441,0.8441,0
1986-09-17,0.8491,0.8491,0.8491,0.8491,0
1986-09-18,0.8466,0.8466,0.8466,0.8466,0
1986-09-19,0.8356,0.8356,0.8356,0.8356,0
1986-09-22,0.8441,0.8441,0.8441,0.8441,0
1986-09-23,0.8407,0.8407,0.8407,0.8407,0
1986-09-24,0.8474,0.8474,0.8474,0.8474,0
1986-09-25,0.8491,0.8491,0.8491,0.8491,0
1986-09-26,0.8491,0.8491,0.8491,0.8491,0
1986-09-29,0.8449,0.8449,0.8449,0.8449,0
1986-09-30,0.8550,0.8550,0.8550,0.8550,0
1986-10-01,0.8593,0.8593,0.8593,0.8593,0
1986-10-02,0.8584,0.8584,0.8584,0.8584,0
1986-10-03,0.8644,0.8644,0.8644,0.8644,0
1986-10-06,0.8644,0.8644,0.8644,0.8644,0
1986-10-07,0.8644,0.8644,0.8644,0.8644,0
1986-10-08,0.8627,0.8627,0.8627,0.8627,0
1986-10-09,0.8584,0.8584,0.8584,0.8584,0
1986-10-10,0.8567,0.8567,0.8567,0.8567,0
1986-10-13,0.8567,0.8567,0.8567,0.8567,0
1986-10-14,0.8508,0.8508,0.8508,0.8508,0
1986-10-15,0.8499,0.8499,0.8499,0.8499,0
1986-10-16,0.8508,0.8508,0.8508,0.8508,0
1986-10-17,0.8482,0.8482,0.8482,0.8482,0
1986-10-20,0.8414,0.8414,0.8414,0.8414,0
1986-10-21,0.8474,0.8474,0.8474,0.8474,0
1986-10-22,0.8499,0.8499,0.8499,0.8499,0
1986-10-23,0.8542,0.8542,0.8542,0.8542,0
1986-10-24,0.8533,0.8533,0.8533,0.8533,0
1986-10-27,0.8567,0.8567,0.8567,0.8567,0
1986-10-28,0.8567,0.8567,0.8567,0.8567,0
1986-10-29,0.8601,0.8601,0.8601,0.8601,0
1986-10-30,0.8661,0.8661,0.8661,0.8661,0
1986-10-31,0.8689,0.8689,0.8689,0.8689,0
1986-11-03,0.8749,0.8749,0.8749,0.8749,0
1986-11-04,0.8732,0.8732,0.8732,0.8732,0
1986-11-05,0.8723,0.8723,0.8723,0.8723,0
1986-11-06,0.8698,0.8698,0.8698,0.8698,0
1986-11-07,0.8646,0.8646,0.8646,0.8646,0
1986-11-10,0.8612,0.8612,0.8612,0.8612,0
1986-11-11,0.8612,0.8612,0.8612,0.8612,0
1986-11-12,0.8638,0.8638,0.8638,0.8638,0
1986-11-13,0.8672,0.8672,0.8672,0.8672,0
1986-11-14,0.8698,0.8698,0.8698,0.8698,0
1986-11-17,0.8741,0.8741,0.8741,0.8741,0
1986-11-18,0.8758,0.8758,0.8758,0.8758,0
1986-11-19,0.8809,0.8809,0.8809,0.8809,0
1986-11-20,0.8800,0.8800,0.8800,0.8800,0
1986-11-21,0.8809,0.8809,0.8809,0.8809,0
1986-11-24,0.8826,0.8826,0.8826,0.8826,0
1986-11-25,0.8809,0.8809,0.8809,0.8809,0
1986-11-26,0.8800,0.8800,0.8800,0.8800,0
1986-11-28,0.8855,0.8855,0.8855,0.8855,0
1986-12-01,0.8837,0.8837,0.8837,0.8837,0
1986-12-02,0.8872,0.8872,0.8872,0.8872,0
1986-12-03,0.8932,0.8932,0.8932,0.8932,0
1986-12-04,0.8967,0.8967,0.8967,0.8967,0
1986-12-05,0.8932,0.8932,0.8932,0.8932,0
1986-12-08,0.8924,0.8924,0.8924,0.8924,0
1986-12-09,0.8915,0.8915,0.8915,0.8915,0
1986-12-10,0.8932,0.8932,0.8932,0.8932,0
1986-12-11,0.8949,0.8949,0.8949,0.8949,0
1986-12-12,0.8898,0.8898,0.8898,0.8898,0
1986-12-15,0.8889,0.8889,0.8889,0.8889,0
1986-12-16,0.8881,0.8881,0.8881,0.8881,0
1986-12-17,0.8898,0.8898,0.8898,0.8898,0
1986-12-18,0.8898,0.8898,0.8898,0.8898,0
1986-12-19,0.8906,0.8906,0.8906,0.8906,0
1986-12-22,0.8915,0.8915,0.8915,0.8915,0
1986-12-23,0.8924,0.8924,0.8924,0.8924,0
1986-12-24,0.8941,0.8941,0.8941,0.8941,0
1986-12-26,0.8932,0.8932,0.8932,0.8932,0
1986-12-29,0.8924,0.8924,0.8924,0.8924,0
1986-12-30,0.8863,0.8863,0.8863,0.8863,0
1986-12-31,0.8888,0.8888,0.8888,0.8888,0
1987-01-02,0.8941,0.8941,0.8941,0.8941,0
1987-01-05,0.8958,0.8958,0.8958,0.8958,0
1987-01-06,0.8975,0.8975,0.8975,0.8975,0
1987-01-07,0.9001,0.9001,0.9001,0.9001,0
1987-01-08,0.9027,0.9027,0.9027,0.9027,0
1987-01-09,0.9019,0.9019,0.9019,0.9019,0
1987-01-12,0.9053,0.9053,0.9053,0.9053,0
1987-01-13,0.9027,0.9027,0.9027,0.9027,0
1987-01-14,0.9010,0.9010,0.9010,0.9010,0
1987-01-15,0.8993,0.8993,0.8993,0.8993,0
1987-01-16,0.9010,0.9010,0.9010,0.9010,0
1987-01-19,0.8993,0.8993,0.8993,0.8993,0
1987-01-20,0.9053,0.9053,0.9053,0.9053,0
1987-01-21,0.9062,0.9062,0.9062,0.9062,0
1987-01-22,0.9045,0.9045,0.9045,0.9045,0
1987-01-23,0.9036,0.9036,0.9036,0.9036,0
1987-01-26,0.8993,0.8993,0.8993,0.8993,0
1987-01-27,0.8949,0.8949,0.8949,0.8949,0
1987-01-28,0.8949,0.8949,0.8949,0.8949,0
1987-01-29,0.8923,0.8923,0.8923,0.8923,0
1987-01-30,0.8975,0.8975,0.8975,0.8975,0
1987-02-02,0.8948,0.8948,0.8948,0.8948,0
1987-02-03,0.8948,0.8948,0.8948,0.8948,0
1987-02-04,0.8931,0.8931,0.8931,0.8931,0
1987-02-05,0.8957,0.8957,0.8957,0.8957,0
1987-02-06,0.8966,0.8966,0.8966,0.8966,0
1987-02-09,0.9001,0.9001,0.9001,0.9001,0
1987-02-10,0.8905,0.8905,0.8905,0.8905,0
1987-02-11,0.8879,0.8879,0.8879,0.8879,0
1987-02-12,0.8879,0.8879,0.8879,0.8879,0
1987-02-13,0.8922,0.8922,0.8922,0.8922,0
1987-02-17,0.8896,0.8896,0.8896,0.8896,0
1987-02-18,0.8914,0.8914,0.8914,0.8914,0
1987-02-19,0.8948,0.8948,0.8948,0.8948,0
1987-02-20,0.8966,0.8966,0.8966,0.8966,0
1987-02-23,0.8966,0.8966,0.8966,0.8966,0
1987-02-24,0.8992,0.8992,0.8992,0.8992,0
1987-02-25,0.9001,0.9001,0.9001,0.9001,0
1987-02-26,0.9010,0.9010,0.9010,0.9010,0
1987-02-27,0.9072,0.9072,0.9072,0.9072,0
1987-03-02,0.9107,0.9107,0.9107,0.9107,0
1987-03-03,0.9116,0.9116,0.9116,0.9116,0
1987-03-04,0.9098,0.9098,0.9098,0.9098,0
1987-03-05,0.9142,0.9142,0.9142,0.9142,0
1987-03-06,0.9098,0.9098,0.9098,0.9098,0
1987-03-09,0.9090,0.9090,0.9090,0.9090,0
1987-03-10,0.9090,0.9090,0.9090,0.9090,0
1987-03-11,0.9081,0.9081,0.9081,0.9081,0
1987-03-12,0.9116,0.9116,0.9116,0.9116,0
1987-03-13,0.9116,0.9116,0.9116,0.9116,0
1987-03-16,0.9098,0.9098,0.9098,0.9098,0
1987-03-17,0.9107,0.9107,0.9107,0.9107,0
1987-03-18,0.9125,0.9125,0.9125,0.9125,0
1987-03-19,0.9125,0.9125,0.9125,0.9125,0
1987-03-20,0.9107,0.9107,0.9107,0.9107,0
1987-03-23,0.9090,0.9090,0.9090,0.9090,0
1987-03-24,0.9063,0.9063,0.9063,0.9063,0
1987-03-25,0.9054,0.9054,0.9054,0.9054,0
1987-03-26,0.9081,0.9081,0.9081,0.9081,0
1987-03-27,0.9028,0.9028,0.9028,0.9028,0
1987-03-30,0.8879,0.8879,0.8879,0.8879,0
1987-03-31,0.8929,0.8929,0.8929,0.8929,0
1987-04-01,0.8894,0.8894,0.8894,0.8894,0
1987-04-02,0.8903,0.8903,0.8903,0.8903,0
1987-04-03,0.8885,0.8885,0.8885,0.8885,0
1987-04-06,0.8920,0.8920,0.8920,0.8920,0
1987-04-07,0.8876,0.8876,0.8876,0.8876,0
1987-04-08,0.8885,0.8885,0.8885,0.8885,0
1987-04-09,0.8726,0.8726,0.8726,0.8726,0
1987-04-10,0.8629,0.8629,0.8629,0.8629,0
1987-04-13,0.8593,0.8593,0.8593,0.8593,0
1987-04-14,0.8443,0.8443,0.8443,0.8443,0
1987-04-15,0.8514,0.8514,0.8514,0.8514,0
1987-04-16,0.8611,0.8611,0.8611,0.8611,0
1987-04-20,0.8496,0.8496,0.8496,0.8496,0
1987-04-21,0.8408,0.8408,0.8408,0.8408,0
1987-04-22,0.8434,0.8434,0.8434,0.8434,0
1987-04-23,0.8381,0.8381,0.8381,0.8381,0
1987-04-24,0.8266,0.8266,0.8266,0.8266,0
1987-04-27,0.8301,0.8301,0.8301,0.8301,0
1987-04-28,0.8346,0.8346,0.8346,0.8346,0
1987-04-29,0.8381,0.8381,0.8381,0.8381,0
1987-04-30,0.8501,0.8501,0.8501,0.8501,0
1987-05-01,0.8421,0.8421,0.8421,0.8421,0
1987-05-04,0.8341,0.8341,0.8341,0.8341,0
1987-05-05,0.8359,0.8359,0.8359,0.8359,0
1987-05-06,0.8341,0.8341,0.8341,0.8341,0
1987-05-07,0.8359,0.8359,0.8359,0.8359,0
1987-05-08,0.8403,0.8403,0.8403,0.8403,0
1987-05-11,0.8385,0.8385,0.8385,0.8385,0
1987-05-12,0.8314,0.8314,0.8314,0.8314,0
1987-05-13,0.8314,0.8314,0.8314,0.8314,0
1987-05-14,0.8323,0.8323,0.8323,0.8323,0
1987-05-15,0.8190,0.8190,0.8190,0.8190,0
1987-05-18,0.8190,0.8190,0.8190,0.8190,0
1987-05-19,0.8154,0.8154,0.8154,0.8154,0
1987-05-20,0.8092,0.8092,0.8092,0.8092,0
1987-05-21,0.8092,0.8092,0.8092,0.8092,0
1987-05-22,0.8127,0.8127,0.8127,0.8127,0
1987-05-26,0.8279,0.8279,0.8279,0.8279,0
1987-05-27,0.8296,0.8296,0.8296,0.8296,0
1987-05-28,0.8252,0.8252,0.8252,0.8252,0
1987-05-29,0.8375,0.8375,0.8375,0.8375,0
1987-06-01,0.8438,0.8438,0.8438,0.8438,0
1987-06-02,0.8276,0.8276,0.8276,0.8276,0
1987-06-03,0.8303,0.8303,0.8303,0.8303,0
1987-06-04,0.8303,0.8303,0.8303,0.8303,0
1987-06-05,0.8366,0.8366,0.8366,0.8366,0
1987-06-08,0.8366,0.8366,0.8366,0.8366,0
1987-06-09,0.8339,0.8339,0.8339,0.8339,0
1987-06-10,0.8393,0.8393,0.8393,0.8393,0
1987-06-11,0.8375,0.8375,0.8375,0.8375,0
1987-06-12,0.8500,0.8500,0.8500,0.8500,0
1987-06-15,0.8509,0.8509,0.8509,0.8509,0
1987-06-16,0.8527,0.8527,0.8527,0.8527,0
1987-06-17,0.8554,0.8554,0.8554,0.8554,0
1987-06-18,0.8536,0.8536,0.8536,0.8536,0
1987-06-19,0.8518,0.8518,0.8518,0.8518,0
1987-06-22,0.8554,0.8554,0.8554,0.8554,0
1987-06-23,0.8554,0.8554,0.8554,0.8554,0
1987-06-24,0.8518,0.8518,0.8518,0.8518,0
1987-06-25,0.8536,0.8536,0.8536,0.8536,0
1987-06-26,0.8455,0.8455,0.8455,0.8455,0
1987-06-29,0.8446,0.8446,0.8446,0.8446,0
1987-06-30,0.8496,0.8496,0.8496,0.8496,0
1987-07-01,0.8514,0.8514,0.8514,0.8514,0
1987-07-02,0.8541,0.8541,0.8541,0.8541,0
1987-07-06,0.8550,0.8550,0.8550,0.8550,0
1987-07-07,0.8559,0.8559,0.8559,0.8559,0
1987-07-08,0.8550,0.8550,0.8550,0.8550,0
1987-07-09,0.8505,0.8505,0.8505,0.8505,0
1987-07-10,0.8541,0.8541,0.8541,0.8541,0
1987-07-13,0.8496,0.8496,0.8496,0.8496,0
1987-07-14,0.8523,0.8523,0.8523,0.8523,0
1987-07-15,0.8469,0.8469,0.8469,0.8469,0
1987-07-16,0.8496,0.8496,0.8496,0.8496,0
1987-07-17,0.8523,0.8523,0.8523,0.8523,0
1987-07-20,0.8496,0.8496,0.8496,0.8496,0
1987-07-21,0.8460,0.8460,0.8460,0.8460,0
1987-07-22,0.8397,0.8397,0.8397,0.8397,0
1987-07-23,0.8397,0.8397,0.8397,0.8397,0
1987-07-24,0.8379,0.8379,0.8379,0.8379,0
1987-07-27,0.8379,0.8379,0.8379,0.8379,0
1987-07-28,0.8352,0.8352,0.8352,0.8352,0
1987-07-29,0.8343,0.8343,0.8343,0.8343,0
1987-07-30,0.8343,0.8343,0.8343,0.8343,0
1987-07-31,0.8402,0.8402,0.8402,0.8402,0
1987-08-03,0.8320,0.8320,0.8320,0.8320,0
1987-08-04,0.8302,0.8302,0.8302,0.8302,0
1987-08-05,0.8338,0.8338,0.8338,0.8338,0
1987-08-06,0.8347,0.8347,0.8347,0.8347,0
1987-08-07,0.8365,0.8365,0.8365,0.8365,0
1987-08-10,0.8365,0.8365,0.8365,0.8365,0
1987-08-11,0.8356,0.8356,0.8356,0.8356,0
1987-08-12,0.8365,0.8365,0.8365,0.8365,0
1987-08-13,0.8374,0.8374,0.8374,0.8374,0
1987-08-14,0.8420,0.8420,0.8420,0.8420,0
1987-08-17,0.8447,0.8447,0.8447,0.8447,0
1987-08-18,0.8374,0.8374,0.8374,0.8374,0
1987-08-19,0.8329,0.8329,0.8329,0.8329,0
1987-08-20,0.8356,0.8356,0.8356,0.8356,0
1987-08-21,0.8347,0.8347,0.8347,0.8347,0
1987-08-24,0.8347,0.8347,0.8347,0.8347,0
1987-08-25,0.8365,0.8365,0.8365,0.8365,0
1987-08-26,0.8347,0.8347,0.8347,0.8347,0
1987-08-27,0.8265,0.8265,0.8265,0.8265,0
1987-08-28,0.8220,0.8220,0.8220,0.8220,0
1987-08-31,0.8271,0.8271,0.8271,0.8271,0
1987-09-01,0.8262,0.8262,0.8262,0.8262,0
1987-09-02,0.8125,0.8125,0.8125,0.8125,0
1987-09-03,0.8134,0.8134,0.8134,0.8134,0
1987-09-04,0.8115,0.8115,0.8115,0.8115,0
1987-09-08,0.8033,0.8033,0.8033,0.8033,0
1987-09-09,0.8024,0.8024,0.8024,0.8024,0
1987-09-10,0.8033,0.8033,0.8033,0.8033,0
1987-09-11,0.8088,0.8088,0.8088,0.8088,0
1987-09-14,0.8088,0.8088,0.8088,0.8088,0
1987-09-15,0.8033,0.8033,0.8033,0.8033,0
1987-09-16,0.7978,0.7978,0.7978,0.7978,0
1987-09-17,0.7996,0.7996,0.7996,0.7996,0
1987-09-18,0.8051,0.8051,0.8051,0.8051,0
1987-09-21,0.8051,0.8051,0.8051,0.8051,0
1987-09-22,0.8051,0.8051,0.8051,0.8051,0
1987-09-23,0.8061,0.8061,0.8061,0.8061,0
1987-09-24,0.8015,0.8015,0.8015,0.8015,0
1987-09-25,0.7996,0.7996,0.7996,0.7996,0
1987-09-28,0.7996,0.7996,0.7996,0.7996,0
1987-09-29,0.7960,0.7960,0.7960,0.7960,0
1987-09-30,0.7964,0.7964,0.7964,0.7964,0
1987-10-01,0.7974,0.7974,0.7974,0.7974,0
1987-10-02,0.8001,0.8001,0.8001,0.8001,0
1987-10-05,0.8001,0.8001,0.8001,0.8001,0
1987-10-06,0.7964,0.7964,0.7964,0.7964,0
1987-10-07,0.7992,0.7992,0.7992,0.7992,0
1987-10-08,0.7909,0.7909,0.7909,0.7909,0
1987-10-09,0.7863,0.7863,0.7863,0.7863,0
1987-10-12,0.7844,0.7844,0.7844,0.7844,0
1987-10-13,0.7881,0.7881,0.7881,0.7881,0
1987-10-14,0.7780,0.7780,0.7780,0.7780,0
1987-10-15,0.7743,0.7743,0.7743,0.7743,0
1987-10-16,0.7734,0.7734,0.7734,0.7734,0
1987-10-19,0.7734,0.7734,0.7734,0.7734,0
1987-10-20,0.7734,0.7734,0.7734,0.7734,0
1987-10-21,0.7734,0.7734,0.7734,0.7734,0
1987-10-22,0.8334,0.8334,0.8334,0.8334,0
1987-10-23,0.8343,0.8343,0.8343,0.8343,0
1987-10-26,0.8417,0.8417,0.8417,0.8417,0
1987-10-27,0.8343,0.8343,0.8343,0.8343,0
1987-10-28,0.8324,0.8324,0.8324,0.8324,0
1987-10-29,0.8334,0.8334,0.8334,0.8334,0
1987-10-30,0.8430,0.8430,0.8430,0.8430,0
1987-11-02,0.8374,0.8374,0.8374,0.8374,0
1987-11-03,0.8440,0.8440,0.8440,0.8440,0
1987-11-04,0.8514,0.8514,0.8514,0.8514,0
1987-11-05,0.8588,0.8588,0.8588,0.8588,0
1987-11-06,0.8532,0.8532,0.8532,0.8532,0
1987-11-09,0.8542,0.8542,0.8542,0.8542,0
1987-11-10,0.8532,0.8532,0.8532,0.8532,0
1987-11-11,0.8523,0.8523,0.8523,0.8523,0
1987-11-12,0.8523,0.8523,0.8523,0.8523,0
1987-11-13,0.8495,0.8495,0.8495,0.8495,0
1987-11-16,0.8495,0.8495,0.8495,0.8495,0
1987-11-17,0.8467,0.8467,0.8467,0.8467,0
1987-11-18,0.8477,0.8477,0.8477,0.8477,0
1987-11-19,0.8495,0.8495,0.8495,0.8495,0
1987-11-20,0.8523,0.8523,0.8523,0.8523,0
1987-11-23,0.8514,0.8514,0.8514,0.8514,0
1987-11-24,0.8486,0.8486,0.8486,0.8486,0
1987-11-25,0.8412,0.8412,0.8412,0.8412,0
1987-11-27,0.8347,0.8347,0.8347,0.8347,0
1987-11-30,0.8471,0.8471,0.8471,0.8471,0
1987-12-01,0.8443,0.8443,0.8443,0.8443,0
1987-12-02,0.8452,0.8452,0.8452,0.8452,0
1987-12-03,0.8480,0.8480,0.8480,0.8480,0
1987-12-04,0.8490,0.8490,0.8490,0.8490,0
1987-12-07,0.8424,0.8424,0.8424,0.8424,0
1987-12-08,0.8406,0.8406,0.8406,0.8406,0
1987-12-09,0.8415,0.8415,0.8415,0.8415,0
1987-12-10,0.8303,0.8303,0.8303,0.8303,0
1987-12-11,0.8284,0.8284,0.8284,0.8284,0
1987-12-14,0.8293,0.8293,0.8293,0.8293,0
1987-12-15,0.8387,0.8387,0.8387,0.8387,0
1987-12-16,0.8462,0.8462,0.8462,0.8462,0
1987-12-17,0.8462,0.8462,0.8462,0.8462,0
1987-12-18,0.8527,0.8527,0.8527,0.8527,0
1987-12-21,0.8518,0.8518,0.8518,0.8518,0
1987-12-22,0.8508,0.8508,0.8508,0.8508,0
1987-12-23,0.8583,0.8583,0.8583,0.8583,0
1987-12-24,0.8583,0.8583,0.8583,0.8583,0
1987-12-28,0.8537,0.8537,0.8537,0.8537,0
1987-12-29,0.8546,0.8546,0.8546,0.8546,0
1987-12-30,0.8593,0.8593,0.8593,0.8593,0
1987-12-31,0.8607,0.8607,0.8607,0.8607,0
1988-01-04,0.8645,0.8645,0.8645,0.8645,0
1988-01-05,0.8663,0.8663,0.8663,0.8663,0
1988-01-06,0.8607,0.8607,0.8607,0.8607,0
1988-01-07,0.8588,0.8588,0.8588,0.8588,0
1988-01-08,0.8513,0.8513,0.8513,0.8513,0
1988-01-11,0.8541,0.8541,0.8541,0.8541,0
1988-01-12,0.8550,0.8550,0.8550,0.8550,0
1988-01-13,0.8569,0.8569,0.8569,0.8569,0
1988-01-14,0.8569,0.8569,0.8569,0.8569,0
1988-01-15,0.8739,0.8739,0.8739,0.8739,0
1988-01-18,0.8739,0.8739,0.8739,0.8739,0
1988-01-19,0.8720,0.8720,0.8720,0.8720,0
1988-01-20,0.8748,0.8748,0.8748,0.8748,0
1988-01-21,0.8786,0.8786,0.8786,0.8786,0
1988-01-22,0.8814,0.8814,0.8814,0.8814,0
1988-01-25,0.8843,0.8843,0.8843,0.8843,0
1988-01-26,0.8786,0.8786,0.8786,0.8786,0
1988-01-27,0.8880,0.8880,0.8880,0.8880,0
1988-01-28,0.8918,0.8918,0.8918,0.8918,0
1988-01-29,0.9008,0.9008,0.9008,0.9008,0
1988-02-01,0.9027,0.9027,0.9027,0.9027,0
1988-02-02,0.9075,0.9075,0.9075,0.9075,0
1988-02-03,0.9027,0.9027,0.9027,0.9027,0
1988-02-04,0.9008,0.9008,0.9008,0.9008,0
1988-02-05,0.9084,0.9084,0.9084,0.9084,0
1988-02-08,0.9056,0.9056,0.9056,0.9056,0
1988-02-09,0.9056,0.9056,0.9056,0.9056,0
1988-02-10,0.9094,0.9094,0.9094,0.9094,0
1988-02-11,0.9056,0.9056,0.9056,0.9056,0
1988-02-12,0.8980,0.8980,0.8980,0.8980,0
1988-02-16,0.8970,0.8970,0.8970,0.8970,0
1988-02-17,0.8961,0.8961,0.8961,0.8961,0
1988-02-18,0.8970,0.8970,0.8970,0.8970,0
1988-02-19,0.8980,0.8980,0.8980,0.8980,0
1988-02-22,0.8999,0.8999,0.8999,0.8999,0
1988-02-23,0.9046,0.9046,0.9046,0.9046,0
1988-02-24,0.9056,0.9056,0.9056,0.9056,0
1988-02-25,0.9027,0.9027,0.9027,0.9027,0
1988-02-26,0.9037,0.9037,0.9037,0.9037,0
1988-02-29,0.9113,0.9113,0.9113,0.9113,0
1988-03-01,0.9123,0.9123,0.9123,0.9123,0
1988-03-02,0.9123,0.9123,0.9123,0.9123,0
1988-03-03,0.9142,0.9142,0.9142,0.9142,0
1988-03-04,0.9027,0.9027,0.9027,0.9027,0
1988-03-07,0.9037,0.9037,0.9037,0.9037,0
1988-03-08,0.8998,0.8998,0.8998,0.8998,0
1988-03-09,0.9008,0.9008,0.9008,0.9008,0
1988-03-10,0.8979,0.8979,0.8979,0.8979,0
1988-03-11,0.9018,0.9018,0.9018,0.9018,0
1988-03-14,0.9018,0.9018,0.9018,0.9018,0
1988-03-15,0.9018,0.9018,0.9018,0.9018,0
1988-03-16,0.8979,0.8979,0.8979,0.8979,0
1988-03-17,0.9018,0.9018,0.9018,0.9018,0
1988-03-18,0.8998,0.8998,0.8998,0.8998,0
1988-03-21,0.8903,0.8903,0.8903,0.8903,0
1988-03-22,0.8903,0.8903,0.8903,0.8903,0
1988-03-23,0.8893,0.8893,0.8893,0.8893,0
1988-03-24,0.8884,0.8884,0.8884,0.8884,0
1988-03-25,0.8922,0.8922,0.8922,0.8922,0
1988-03-28,0.8817,0.8817,0.8817,0.8817,0
1988-03-29,0.8855,0.8855,0.8855,0.8855,0
1988-03-30,0.8836,0.8836,0.8836,0.8836,0
1988-03-31,0.8909,0.8909,0.8909,0.8909,0
1988-04-04,0.8851,0.8851,0.8851,0.8851,0
1988-04-05,0.8851,0.8851,0.8851,0.8851,0
1988-04-06,0.8890,0.8890,0.8890,0.8890,0
1988-04-07,0.8909,0.8909,0.8909,0.8909,0
1988-04-08,0.8957,0.8957,0.8957,0.8957,0
1988-04-11,0.8919,0.8919,0.8919,0.8919,0
1988-04-12,0.8928,0.8928,0.8928,0.8928,0
1988-04-13,0.8938,0.8938,0.8938,0.8938,0
1988-04-14,0.8823,0.8823,0.8823,0.8823,0
1988-04-15,0.8823,0.8823,0.8823,0.8823,0
1988-04-18,0.8784,0.8784,0.8784,0.8784,0
1988-04-19,0.8774,0.8774,0.8774,0.8774,0
1988-04-20,0.8755,0.8755,0.8755,0.8755,0
1988-04-21,0.8784,0.8784,0.8784,0.8784,0
1988-04-22,0.8794,0.8794,0.8794,0.8794,0
1988-04-25,0.8794,0.8794,0.8794,0.8794,0
1988-04-26,0.8784,0.8784,0.8784,0.8784,0
1988-04-27,0.8774,0.8774,0.8774,0.8774,0
1988-04-28,0.8746,0.8746,0.8746,0.8746,0
1988-04-29,0.8808,0.8808,0.8808,0.8808,0
1988-05-02,0.8759,0.8759,0.8759,0.8759,0
1988-05-03,0.8779,0.8779,0.8779,0.8779,0
1988-05-04,0.8788,0.8788,0.8788,0.8788,0
1988-05-05,0.8788,0.8788,0.8788,0.8788,0
1988-05-06,0.8740,0.8740,0.8740,0.8740,0
1988-05-09,0.8730,0.8730,0.8730,0.8730,0
1988-05-10,0.8720,0.8720,0.8720,0.8720,0
1988-05-11,0.8701,0.8701,0.8701,0.8701,0
1988-05-12,0.8701,0.8701,0.8701,0.8701,0
1988-05-13,0.8730,0.8730,0.8730,0.8730,0
1988-05-16,0.8711,0.8711,0.8711,0.8711,0
1988-05-17,0.8643,0.8643,0.8643,0.8643,0
1988-05-18,0.8594,0.8594,0.8594,0.8594,0
1988-05-19,0.8614,0.8614,0.8614,0.8614,0
1988-05-20,0.8585,0.8585,0.8585,0.8585,0
1988-05-23,0.8575,0.8575,0.8575,0.8575,0
1988-05-24,0.8594,0.8594,0.8594,0.8594,0
1988-05-25,0.8604,0.8604,0.8604,0.8604,0
1988-05-26,0.8604,0.8604,0.8604,0.8604,0
1988-05-27,0.8594,0.8594,0.8594,0.8594,0
1988-05-31,0.8668,0.8668,0.8668,0.8668,0
1988-06-01,0.8795,0.8795,0.8795,0.8795,0
1988-06-02,0.8775,0.8775,0.8775,0.8775,0
1988-06-03,0.8843,0.8843,0.8843,0.8843,0
1988-06-06,0.8843,0.8843,0.8843,0.8843,0
1988-06-07,0.8795,0.8795,0.8795,0.8795,0
1988-06-08,0.8863,0.8863,0.8863,0.8863,0
1988-06-09,0.8824,0.8824,0.8824,0.8824,0
1988-06-10,0.8843,0.8843,0.8843,0.8843,0
1988-06-13,0.8863,0.8863,0.8863,0.8863,0
1988-06-14,0.9039,0.9039,0.9039,0.9039,0
1988-06-15,0.8999,0.8999,0.8999,0.8999,0
1988-06-16,0.8882,0.8882,0.8882,0.8882,0
1988-06-17,0.8775,0.8775,0.8775,0.8775,0
1988-06-20,0.8795,0.8795,0.8795,0.8795,0
1988-06-21,0.8785,0.8785,0.8785,0.8785,0
1988-06-22,0.8912,0.8912,0.8912,0.8912,0
1988-06-23,0.8941,0.8941,0.8941,0.8941,0
1988-06-24,0.8951,0.8951,0.8951,0.8951,0
1988-06-27,0.8882,0.8882,0.8882,0.8882,0
1988-06-28,0.8941,0.8941,0.8941,0.8941,0
1988-06-29,0.8912,0.8912,0.8912,0.8912,0
1988-06-30,0.9023,0.9023,0.9023,0.9023,0
1988-07-01,0.9052,0.9052,0.9052,0.9052,0
1988-07-05,0.9013,0.9013,0.9013,0.9013,0
1988-07-06,0.8915,0.8915,0.8915,0.8915,0
1988-07-07,0.8915,0.8915,0.8915,0.8915,0
1988-07-08,0.8836,0.8836,0.8836,0.8836,0
1988-07-11,0.8865,0.8865,0.8865,0.8865,0
1988-07-12,0.8826,0.8826,0.8826,0.8826,0
1988-07-13,0.8777,0.8777,0.8777,0.8777,0
1988-07-14,0.8787,0.8787,0.8787,0.8787,0
1988-07-15,0.8816,0.8816,0.8816,0.8816,0
1988-07-18,0.8757,0.8757,0.8757,0.8757,0
1988-07-19,0.8797,0.8797,0.8797,0.8797,0
1988-07-20,0.8787,0.8787,0.8787,0.8787,0
1988-07-21,0.8757,0.8757,0.8757,0.8757,0
1988-07-22,0.8797,0.8797,0.8797,0.8797,0
1988-07-25,0.8826,0.8826,0.8826,0.8826,0
1988-07-26,0.8816,0.8816,0.8816,0.8816,0
1988-07-27,0.8757,0.8757,0.8757,0.8757,0
1988-07-28,0.8757,0.8757,0.8757,0.8757,0
1988-07-29,0.8852,0.8852,0.8852,0.8852,0
1988-08-01,0.8892,0.8892,0.8892,0.8892,0
1988-08-02,0.8971,0.8971,0.8971,0.8971,0
1988-08-03,0.8951,0.8951,0.8951,0.8951,0
1988-08-04,0.8991,0.8991,0.8991,0.8991,0
1988-08-05,0.8902,0.8902,0.8902,0.8902,0
1988-08-08,0.8912,0.8912,0.8912,0.8912,0
1988-08-09,0.8862,0.8862,0.8862,0.8862,0
1988-08-10,0.8773,0.8773,0.8773,0.8773,0
1988-08-11,0.8734,0.8734,0.8734,0.8734,0
1988-08-12,0.8734,0.8734,0.8734,0.8734,0
1988-08-15,0.8724,0.8724,0.8724,0.8724,0
1988-08-16,0.8743,0.8743,0.8743,0.8743,0
1988-08-17,0.8724,0.8724,0.8724,0.8724,0
1988-08-18,0.8743,0.8743,0.8743,0.8743,0
1988-08-19,0.8743,0.8743,0.8743,0.8743,0
1988-08-22,0.8724,0.8724,0.8724,0.8724,0
1988-08-23,0.8753,0.8753,0.8753,0.8753,0
1988-08-24,0.8753,0.8753,0.8753,0.8753,0
1988-08-25,0.8704,0.8704,0.8704,0.8704,0
1988-08-26,0.8724,0.8724,0.8724,0.8724,0
1988-08-29,0.8783,0.8783,0.8783,0.8783,0
1988-08-30,0.8793,0.8793,0.8793,0.8793,0
1988-08-31,0.8889,0.8889,0.8889,0.8889,0
1988-09-01,0.8889,0.8889,0.8889,0.8889,0
1988-09-02,0.9088,0.9088,0.9088,0.9088,0
1988-09-06,0.9098,0.9098,0.9098,0.9098,0
1988-09-07,0.9108,0.9108,0.9108,0.9108,0
1988-09-08,0.9098,0.9098,0.9098,0.9098,0
1988-09-09,0.9158,0.9158,0.9158,0.9158,0
1988-09-12,0.9118,0.9118,0.9118,0.9118,0
1988-09-13,0.9128,0.9128,0.9128,0.9128,0
1988-09-14,0.9178,0.9178,0.9178,0.9178,0
1988-09-15,0.9138,0.9138,0.9138,0.9138,0
1988-09-16,0.9128,0.9128,0.9128,0.9128,0
1988-09-19,0.9088,0.9088,0.9088,0.9088,0
1988-09-20,0.9088,0.9088,0.9088,0.9088,0
1988-09-21,0.9128,0.9128,0.9128,0.9128,0
1988-09-22,0.9098,0.9098,0.9098,0.9098,0
1988-09-23,0.9098,0.9098,0.9098,0.9098,0
1988-09-26,0.9078,0.9078,0.9078,0.9078,0
1988-09-27,0.9058,0.9058,0.9058,0.9058,0
1988-09-28,0.9028,0.9028,0.9028,0.9028,0
1988-09-29,0.9078,0.9078,0.9078,0.9078,0
1988-09-30,0.9233,0.9233,0.9233,0.9233,0
1988-10-03,0.9253,0.9253,0.9253,0.9253,0
1988-10-04,0.9253,0.9253,0.9253,0.9253,0
1988-10-05,0.9233,0.9233,0.9233,0.9233,0
1988-10-06,0.9243,0.9243,0.9243,0.9243,0
1988-10-07,0.9364,0.9364,0.9364,0.9364,0
1988-10-10,0.9374,0.9374,0.9374,0.9374,0
1988-10-11,0.9344,0.9344,0.9344,0.9344,0
1988-10-12,0.9263,0.9263,0.9263,0.9263,0
1988-10-13,0.9263,0.9263,0.9263,0.9263,0
1988-10-14,0.9303,0.9303,0.9303,0.9303,0
1988-10-17,0.9313,0.9313,0.9313,0.9313,0
1988-10-18,0.9323,0.9323,0.9323,0.9323,0
1988-10-19,0.9293,0.9293,0.9293,0.9293,0
1988-10-20,0.9333,0.9333,0.9333,0.9333,0
1988-10-21,0.9303,0.9303,0.9303,0.9303,0
1988-10-24,0.9273,0.9273,0.9273,0.9273,0
1988-10-25,0.9273,0.9273,0.9273,0.9273,0
1988-10-26,0.9293,0.9293,0.9293,0.9293,0
1988-10-27,0.9354,0.9354,0.9354,0.9354,0
1988-10-28,0.9374,0.9374,0.9374,0.9374,0
1988-10-31,0.9460,0.9460,0.9460,0.9460,0
1988-11-01,0.9480,0.9480,0.9480,0.9480,0
1988-11-02,0.9439,0.9439,0.9439,0.9439,0
1988-11-03,0.9480,0.9480,0.9480,0.9480,0
1988-11-04,0.9348,0.9348,0.9348,0.9348,0
1988-11-07,0.9318,0.9318,0.9318,0.9318,0
1988-11-08,0.9318,0.9318,0.9318,0.9318,0
1988-11-09,0.9278,0.9278,0.9278,0.9278,0
1988-11-10,0.9298,0.9298,0.9298,0.9298,0
1988-11-11,0.9257,0.9257,0.9257,0.9257,0
1988-11-14,0.9278,0.9278,0.9278,0.9278,0
1988-11-15,0.9278,0.9278,0.9278,0.9278,0
1988-11-16,0.9217,0.9217,0.9217,0.9217,0
1988-11-17,0.9176,0.9176,0.9176,0.9176,0
1988-11-18,0.9176,0.9176,0.9176,0.9176,0
1988-11-21,0.9187,0.9187,0.9187,0.9187,0
1988-11-22,0.9176,0.9176,0.9176,0.9176,0
1988-11-23,0.9187,0.9187,0.9187,0.9187,0
1988-11-25,0.9126,0.9126,0.9126,0.9126,0
1988-11-28,0.9156,0.9156,0.9156,0.9156,0
1988-11-29,0.9166,0.9166,0.9166,0.9166,0
1988-11-30,0.9282,0.9282,0.9282,0.9282,0
1988-12-01,0.9313,0.9313,0.9313,0.9313,0
1988-12-02,0.9201,0.9201,0.9201,0.9201,0
1988-12-05,0.9231,0.9231,0.9231,0.9231,0
1988-12-06,0.9354,0.9354,0.9354,0.9354,0
1988-12-07,0.9333,0.9333,0.9333,0.9333,0
1988-12-08,0.9344,0.9344,0.9344,0.9344,0
1988-12-09,0.9323,0.9323,0.9323,0.9323,0
1988-12-12,0.9354,0.9354,0.9354,0.9354,0
1988-12-13,0.9333,0.9333,0.9333,0.9333,0
1988-12-14,0.9262,0.9262,0.9262,0.9262,0
1988-12-15,0.9262,0.9262,0.9262,0.9262,0
1988-12-16,0.9272,0.9272,0.9272,0.9272,0
1988-12-19,0.9282,0.9282,0.9282,0.9282,0
1988-12-20,0.9364,0.9364,0.9364,0.9364,0
1988-12-21,0.9364,0.9364,0.9364,0.9364,0
1988-12-22,0.9374,0.9374,0.9374,0.9374,0
1988-12-23,0.9405,0.9405,0.9405,0.9405,0
1988-12-27,0.9354,0.9354,0.9354,0.9354,0
1988-12-28,0.9323,0.9323,0.9323,0.9323,0
1988-12-29,0.9323,0.9323,0.9323,0.9323,0
1988-12-30,0.9403,0.9403,0.9403,0.9403,0
1989-01-03,0.9331,0.9331,0.9331,0.9331,0
1989-01-04,0.9342,0.9342,0.9342,0.9342,0
1989-01-05,0.9321,0.9321,0.9321,0.9321,0
1989-01-06,0.9352,0.9352,0.9352,0.9352,0
1989-01-09,0.9362,0.9362,0.9362,0.9362,0
1989-01-10,0.9372,0.9372,0.9372,0.9372,0
1989-01-11,0.9362,0.9362,0.9362,0.9362,0
1989-01-12,0.9424,0.9424,0.9424,0.9424,0
1989-01-13,0.9496,0.9496,0.9496,0.9496,0
1989-01-16,0.9496,0.9496,0.9496,0.9496,0
1989-01-17,0.9496,0.9496,0.9496,0.9496,0
1989-01-18,0.9537,0.9537,0.9537,0.9537,0
1989-01-19,0.9526,0.9526,0.9526,0.9526,0
1989-01-20,0.9496,0.9496,0.9496,0.9496,0
1989-01-23,0.9516,0.9516,0.9516,0.9516,0
1989-01-24,0.9578,0.9578,0.9578,0.9578,0
1989-01-25,0.9547,0.9547,0.9547,0.9547,0
1989-01-26,0.9547,0.9547,0.9547,0.9547,0
1989-01-27,0.9588,0.9588,0.9588,0.9588,0
1989-01-30,0.9547,0.9547,0.9547,0.9547,0
1989-01-31,0.9596,0.9596,0.9596,0.9596,0
1989-02-01,0.9606,0.9606,0.9606,0.9606,0
1989-02-02,0.9616,0.9616,0.9616,0.9616,0
1989-02-03,0.9596,0.9596,0.9596,0.9596,0
1989-02-06,0.9596,0.9596,0.9596,0.9596,0
1989-02-07,0.9627,0.9627,0.9627,0.9627,0
1989-02-08,0.9616,0.9616,0.9616,0.9616,0
1989-02-09,0.9492,0.9492,0.9492,0.9492,0
1989-02-10,0.9430,0.9430,0.9430,0.9430,0
1989-02-13,0.9420,0.9420,0.9420,0.9420,0
1989-02-14,0.9389,0.9389,0.9389,0.9389,0
1989-02-15,0.9399,0.9399,0.9399,0.9399,0
1989-02-16,0.9420,0.9420,0.9420,0.9420,0
1989-02-17,0.9430,0.9430,0.9430,0.9430,0
1989-02-21,0.9430,0.9430,0.9430,0.9430,0
1989-02-22,0.9378,0.9378,0.9378,0.9378,0
1989-02-23,0.9337,0.9337,0.9337,0.9337,0
1989-02-24,0.9327,0.9327,0.9327,0.9327,0
1989-02-27,0.9347,0.9347,0.9347,0.9347,0
1989-02-28,0.9433,0.9433,0.9433,0.9433,0
1989-03-01,0.9391,0.9391,0.9391,0.9391,0
1989-03-02,0.9433,0.9433,0.9433,0.9433,0
1989-03-03,0.9443,0.9443,0.9443,0.9443,0
1989-03-06,0.9474,0.9474,0.9474,0.9474,0
1989-03-07,0.9464,0.9464,0.9464,0.9464,0
1989-03-08,0.9495,0.9495,0.9495,0.9495,0
1989-03-09,0.9485,0.9485,0.9485,0.9485,0
1989-03-10,0.9422,0.9422,0.9422,0.9422,0
1989-03-13,0.9412,0.9412,0.9412,0.9412,0
1989-03-14,0.9433,0.9433,0.9433,0.9433,0
1989-03-15,0.9433,0.9433,0.9433,0.9433,0
1989-03-16,0.9443,0.9443,0.9443,0.9443,0
1989-03-17,0.9297,0.9297,0.9297,0.9297,0
1989-03-20,0.9297,0.9297,0.9297,0.9297,0
1989-03-21,0.9297,0.9297,0.9297,0.9297,0
1989-03-22,0.9349,0.9349,0.9349,0.9349,0
1989-03-23,0.9360,0.9360,0.9360,0.9360,0
1989-03-27,0.9360,0.9360,0.9360,0.9360,0
1989-03-28,0.9370,0.9370,0.9370,0.9370,0
1989-03-29,0.9412,0.9412,0.9412,0.9412,0
1989-03-30,0.9422,0.9422,0.9422,0.9422,0
1989-03-31,0.9515,0.9515,0.9515,0.9515,0
1989-04-03,0.9557,0.9557,0.9557,0.9557,0
1989-04-04,0.9588,0.9588,0.9588,0.9588,0
1989-04-05,0.9599,0.9599,0.9599,0.9599,0
1989-04-06,0.9567,0.9567,0.9567,0.9567,0
1989-04-07,0.9515,0.9515,0.9515,0.9515,0
1989-04-10,0.9525,0.9525,0.9525,0.9525,0
1989-04-11,0.9515,0.9515,0.9515,0.9515,0
1989-04-12,0.9504,0.9504,0.9504,0.9504,0
1989-04-13,0.9473,0.9473,0.9473,0.9473,0
1989-04-14,0.9567,0.9567,0.9567,0.9567,0
1989-04-17,0.9557,0.9557,0.9557,0.9557,0
1989-04-18,0.9662,0.9662,0.9662,0.9662,0
1989-04-19,0.9651,0.9651,0.9651,0.9651,0
1989-04-20,0.9588,0.9588,0.9588,0.9588,0
1989-04-21,0.9620,0.9620,0.9620,0.9620,0
1989-04-24,0.9620,0.9620,0.9620,0.9620,0
1989-04-25,0.9630,0.9630,0.9630,0.9630,0
1989-04-26,0.9641,0.9641,0.9641,0.9641,0
1989-04-27,0.9672,0.9672,0.9672,0.9672,0
1989-04-28,0.9762,0.9762,0.9762,0.9762,0
1989-05-01,0.9688,0.9688,0.9688,0.9688,0
1989-05-02,0.9720,0.9720,0.9720,0.9720,0
1989-05-03,0.9741,0.9741,0.9741,0.9741,0
1989-05-04,0.9698,0.9698,0.9698,0.9698,0
1989-05-05,0.9741,0.9741,0.9741,0.9741,0
1989-05-08,0.9698,0.9698,0.9698,0.9698,0
1989-05-09,0.9635,0.9635,0.9635,0.9635,0
1989-05-10,0.9582,0.9582,0.9582,0.9582,0
1989-05-11,0.9614,0.9614,0.9614,0.9614,0
1989-05-12,0.9794,0.9794,0.9794,0.9794,0
1989-05-15,0.9794,0.9794,0.9794,0.9794,0
1989-05-16,0.9794,0.9794,0.9794,0.9794,0
1989-05-17,0.9815,0.9815,0.9815,0.9815,0
1989-05-18,0.9846,0.9846,0.9846,0.9846,0
1989-05-19,0.9920,0.9920,0.9920,0.9920,0
1989-05-22,0.9994,0.9994,0.9994,0.9994,0
1989-05-23,0.9973,0.9973,0.9973,0.9973,0
1989-05-24,0.9963,0.9963,0.9963,0.9963,0
1989-05-25,0.9941,0.9941,0.9941,0.9941,0
1989-05-26,0.9984,0.9984,0.9984,0.9984,0
1989-05-30,0.9973,0.9973,0.9973,0.9973,0
1989-05-31,1.0066,1.0066,1.0066,1.0066,0
1989-06-01,1.0066,1.0066,1.0066,1.0066,0
1989-06-02,1.0183,1.0183,1.0183,1.0183,0
1989-06-05,1.0236,1.0236,1.0236,1.0236,0
1989-06-06,1.0247,1.0247,1.0247,1.0247,0
1989-06-07,1.0310,1.0310,1.0310,1.0310,0
1989-06-08,1.0353,1.0353,1.0353,1.0353,0
1989-06-09,1.0513,1.0513,1.0513,1.0513,0
1989-06-12,1.0545,1.0545,1.0545,1.0545,0
1989-06-13,1.0427,1.0427,1.0427,1.0427,0
1989-06-14,1.0491,1.0491,1.0491,1.0491,0
1989-06-15,1.0374,1.0374,1.0374,1.0374,0
1989-06-16,1.0353,1.0353,1.0353,1.0353,0
1989-06-19,1.0321,1.0321,1.0321,1.0321,0
1989-06-20,1.0374,1.0374,1.0374,1.0374,0
1989-06-21,1.0342,1.0342,1.0342,1.0342,0
1989-06-22,1.0332,1.0332,1.0332,1.0332,0
1989-06-23,1.0449,1.0449,1.0449,1.0449,0
1989-06-26,1.0502,1.0502,1.0502,1.0502,0
1989-06-27,1.0555,1.0555,1.0555,1.0555,0
1989-06-28,1.0513,1.0513,1.0513,1.0513,0
1989-06-29,1.0576,1.0576,1.0576,1.0576,0
1989-06-30,1.0678,1.0678,1.0678,1.0678,0
1989-07-03,1.0657,1.0657,1.0657,1.0657,0
1989-07-05,1.0593,1.0593,1.0593,1.0593,0
1989-07-06,1.0635,1.0635,1.0635,1.0635,0
1989-07-07,1.0678,1.0678,1.0678,1.0678,0
1989-07-10,1.0710,1.0710,1.0710,1.0710,0
1989-07-11,1.0689,1.0689,1.0689,1.0689,0
1989-07-12,1.0700,1.0700,1.0700,1.0700,0
1989-07-13,1.0689,1.0689,1.0689,1.0689,0
1989-07-14,1.0635,1.0635,1.0635,1.0635,0
1989-07-17,1.0614,1.0614,1.0614,1.0614,0
1989-07-18,1.0550,1.0550,1.0550,1.0550,0
1989-07-19,1.0582,1.0582,1.0582,1.0582,0
1989-07-20,1.0625,1.0625,1.0625,1.0625,0
1989-07-21,1.0571,1.0571,1.0571,1.0571,0
1989-07-24,1.0582,1.0582,1.0582,1.0582,0
1989-07-25,1.0614,1.0614,1.0614,1.0614,0
1989-07-26,1.0614,1.0614,1.0614,1.0614,0
1989-07-27,1.0700,1.0700,1.0700,1.0700,0
1989-07-28,1.0753,1.0753,1.0753,1.0753,0
1989-07-31,1.0900,1.0900,1.0900,1.0900,0
1989-08-01,1.1008,1.1008,1.1008,1.1008,0
1989-08-02,1.0997,1.0997,1.0997,1.0997,0
1989-08-03,1.0921,1.0921,1.0921,1.0921,0
1989-08-04,1.0727,1.0727,1.0727,1.0727,0
1989-08-07,1.0727,1.0727,1.0727,1.0727,0
1989-08-08,1.0727,1.0727,1.0727,1.0727,0
1989-08-09,1.0695,1.0695,1.0695,1.0695,0
1989-08-10,1.0717,1.0717,1.0717,1.0717,0
1989-08-11,1.0630,1.0630,1.0630,1.0630,0
1989-08-14,1.0512,1.0512,1.0512,1.0512,0
1989-08-15,1.0533,1.0533,1.0533,1.0533,0
1989-08-16,1.0587,1.0587,1.0587,1.0587,0
1989-08-17,1.0544,1.0544,1.0544,1.0544,0
1989-08-18,1.0566,1.0566,1.0566,1.0566,0
1989-08-21,1.0544,1.0544,1.0544,1.0544,0
1989-08-22,1.0479,1.0479,1.0479,1.0479,0
1989-08-23,1.0522,1.0522,1.0522,1.0522,0
1989-08-24,1.0544,1.0544,1.0544,1.0544,0
1989-08-25,1.0544,1.0544,1.0544,1.0544,0
1989-08-28,1.0479,1.0479,1.0479,1.0479,0
1989-08-29,1.0490,1.0490,1.0490,1.0490,0
1989-08-30,1.0512,1.0512,1.0512,1.0512,0
1989-08-31,1.0584,1.0584,1.0584,1.0584,0
1989-09-01,1.0660,1.0660,1.0660,1.0660,0
1989-09-05,1.0639,1.0639,1.0639,1.0639,0
1989-09-06,1.0671,1.0671,1.0671,1.0671,0
1989-09-07,1.0682,1.0682,1.0682,1.0682,0
1989-09-08,1.0715,1.0715,1.0715,1.0715,0
1989-09-11,1.0726,1.0726,1.0726,1.0726,0
1989-09-12,1.0704,1.0704,1.0704,1.0704,0
1989-09-13,1.0639,1.0639,1.0639,1.0639,0
1989-09-14,1.0660,1.0660,1.0660,1.0660,0
1989-09-15,1.0704,1.0704,1.0704,1.0704,0
1989-09-18,1.0682,1.0682,1.0682,1.0682,0
1989-09-19,1.0693,1.0693,1.0693,1.0693,0
1989-09-20,1.0628,1.0628,1.0628,1.0628,0
1989-09-21,1.0574,1.0574,1.0574,1.0574,0
1989-09-22,1.0584,1.0584,1.0584,1.0584,0
1989-09-25,1.0487,1.0487,1.0487,1.0487,0
1989-09-26,1.0519,1.0519,1.0519,1.0519,0
1989-09-27,1.0530,1.0530,1.0530,1.0530,0
1989-09-28,1.0530,1.0530,1.0530,1.0530,0
1989-09-29,1.0600,1.0600,1.0600,1.0600,0
1989-10-02,1.0622,1.0622,1.0622,1.0622,0
1989-10-03,1.0655,1.0655,1.0655,1.0655,0
1989-10-04,1.0677,1.0677,1.0677,1.0677,0
1989-10-05,1.0742,1.0742,1.0742,1.0742,0
1989-10-06,1.0840,1.0840,1.0840,1.0840,0
1989-10-09,1.0851,1.0851,1.0851,1.0851,0
1989-10-10,1.0851,1.0851,1.0851,1.0851,0
1989-10-11,1.0808,1.0808,1.0808,1.0808,0
1989-10-12,1.0830,1.0830,1.0830,1.0830,0
1989-10-13,1.0983,1.0983,1.0983,1.0983,0
1989-10-16,1.0873,1.0873,1.0873,1.0873,0
1989-10-17,1.0851,1.0851,1.0851,1.0851,0
1989-10-18,1.0819,1.0819,1.0819,1.0819,0
1989-10-19,1.0895,1.0895,1.0895,1.0895,0
1989-10-20,1.0873,1.0873,1.0873,1.0873,0
1989-10-23,1.0917,1.0917,1.0917,1.0917,0
1989-10-24,1.0983,1.0983,1.0983,1.0983,0
1989-10-25,1.0972,1.0972,1.0972,1.0972,0
1989-10-26,1.0961,1.0961,1.0961,1.0961,0
1989-10-27,1.0884,1.0884,1.0884,1.0884,0
1989-10-30,1.0895,1.0895,1.0895,1.0895,0
1989-10-31,1.1012,1.1012,1.1012,1.1012,0
1989-11-01,1.1056,1.1056,1.1056,1.1056,0
1989-11-02,1.1067,1.1067,1.1067,1.1067,0
1989-11-03,1.1023,1.1023,1.1023,1.1023,0
1989-11-06,1.0968,1.0968,1.0968,1.0968,0
1989-11-07,1.1056,1.1056,1.1056,1.1056,0
1989-11-08,1.1045,1.1045,1.1045,1.1045,0
1989-11-09,1.1045,1.1045,1.1045,1.1045,0
1989-11-10,1.1034,1.1034,1.1034,1.1034,0
1989-11-13,1.1045,1.1045,1.1045,1.1045,0
1989-11-14,1.1045,1.1045,1.1045,1.1045,0
1989-11-15,1.1078,1.1078,1.1078,1.1078,0
1989-11-16,1.1078,1.1078,1.1078,1.1078,0
1989-11-17,1.1012,1.1012,1.1012,1.1012,0
1989-11-20,1.1012,1.1012,1.1012,1.1012,0
1989-11-21,1.1034,1.1034,1.1034,1.1034,0
1989-11-22,1.1067,1.1067,1.1067,1.1067,0
1989-11-24,1.1078,1.1078,1.1078,1.1078,0
1989-11-27,1.1023,1.1023,1.1023,1.1023,0
1989-11-28,1.1034,1.1034,1.1034,1.1034,0
1989-11-29,1.1012,1.1012,1.1012,1.1012,0
1989-11-30,1.1104,1.1104,1.1104,1.1104,0
1989-12-01,1.1137,1.1137,1.1137,1.1137,0
1989-12-04,1.1148,1.1148,1.1148,1.1148,0
1989-12-05,1.1137,1.1137,1.1137,1.1137,0
1989-12-06,1.1104,1.1104,1.1104,1.1104,0
1989-12-07,1.1081,1.1081,1.1081,1.1081,0
1989-12-08,1.1126,1.1126,1.1126,1.1126,0
1989-12-11,1.1115,1.1115,1.1115,1.1115,0
1989-12-12,1.1115,1.1115,1.1115,1.1115,0
1989-12-13,1.1126,1.1126,1.1126,1.1126,0
1989-12-14,1.1170,1.1170,1.1170,1.1170,0
1989-12-15,1.1148,1.1148,1.1148,1.1148,0
1989-12-18,1.1192,1.1192,1.1192,1.1192,0
1989-12-19,1.1170,1.1170,1.1170,1.1170,0
1989-12-20,1.1181,1.1181,1.1181,1.1181,0
1989-12-21,1.1159,1.1159,1.1159,1.1159,0
1989-12-22,1.1137,1.1137,1.1137,1.1137,0
1989-12-26,1.1004,1.1004,1.1004,1.1004,0
1989-12-27,1.1015,1.1015,1.1015,1.1015,0
1989-12-28,1.1026,1.1026,1.1026,1.1026,0
1989-12-29,1.1099,1.1099,1.1099,1.1099,0
1990-01-02,1.1065,1.1065,1.1065,1.1065,0
1990-01-03,1.1032,1.1032,1.1032,1.1032,0
1990-01-04,1.1032,1.1032,1.1032,1.1032,0
1990-01-05,1.1009,1.1009,1.1009,1.1009,0
1990-01-08,1.0976,1.0976,1.0976,1.0976,0
1990-01-09,1.0976,1.0976,1.0976,1.0976,0
1990-01-10,1.0976,1.0976,1.0976,1.0976,0
1990-01-11,1.0965,1.0965,1.0965,1.0965,0
1990-01-12,1.0909,1.0909,1.0909,1.0909,0
1990-01-15,1.0887,1.0887,1.0887,1.0887,0
1990-01-16,1.0831,1.0831,1.0831,1.0831,0
1990-01-17,1.0831,1.0831,1.0831,1.0831,0
1990-01-18,1.0731,1.0731,1.0731,1.0731,0
1990-01-19,1.0775,1.0775,1.0775,1.0775,0
1990-01-22,1.0764,1.0764,1.0764,1.0764,0
1990-01-23,1.0697,1.0697,1.0697,1.0697,0
1990-01-24,1.0664,1.0664,1.0664,1.0664,0
1990-01-25,1.0631,1.0631,1.0631,1.0631,0
1990-01-26,1.0541,1.0541,1.0541,1.0541,0
1990-01-29,1.0564,1.0564,1.0564,1.0564,0
1990-01-30,1.0519,1.0519,1.0519,1.0519,0
1990-01-31,1.0693,1.0693,1.0693,1.0693,0
1990-02-01,1.0715,1.0715,1.0715,1.0715,0
1990-02-02,1.0659,1.0659,1.0659,1.0659,0
1990-02-05,1.0626,1.0626,1.0626,1.0626,0
1990-02-06,1.0592,1.0592,1.0592,1.0592,0
1990-02-07,1.0603,1.0603,1.0603,1.0603,0
1990-02-08,1.0637,1.0637,1.0637,1.0637,0
1990-02-09,1.0760,1.0760,1.0760,1.0760,0
1990-02-12,1.0693,1.0693,1.0693,1.0693,0
1990-02-13,1.0727,1.0727,1.0727,1.0727,0
1990-02-14,1.0715,1.0715,1.0715,1.0715,0
1990-02-15,1.0659,1.0659,1.0659,1.0659,0
1990-02-16,1.0648,1.0648,1.0648,1.0648,0
1990-02-20,1.0480,1.0480,1.0480,1.0480,0
1990-02-21,1.0480,1.0480,1.0480,1.0480,0
1990-02-22,1.0592,1.0592,1.0592,1.0592,0
1990-02-23,1.0570,1.0570,1.0570,1.0570,0
1990-02-26,1.0637,1.0637,1.0637,1.0637,0
1990-02-27,1.0682,1.0682,1.0682,1.0682,0
1990-02-28,1.0658,1.0658,1.0658,1.0658,0
1990-03-01,1.0590,1.0590,1.0590,1.0590,0
1990-03-02,1.0635,1.0635,1.0635,1.0635,0
1990-03-05,1.0534,1.0534,1.0534,1.0534,0
1990-03-06,1.0590,1.0590,1.0590,1.0590,0
1990-03-07,1.0602,1.0602,1.0602,1.0602,0
1990-03-08,1.0624,1.0624,1.0624,1.0624,0
1990-03-09,1.0556,1.0556,1.0556,1.0556,0
1990-03-12,1.0579,1.0579,1.0579,1.0579,0
1990-03-13,1.0477,1.0477,1.0477,1.0477,0
1990-03-14,1.0579,1.0579,1.0579,1.0579,0
1990-03-15,1.0568,1.0568,1.0568,1.0568,0
1990-03-16,1.0647,1.0647,1.0647,1.0647,0
1990-03-19,1.0624,1.0624,1.0624,1.0624,0
1990-03-20,1.0726,1.0726,1.0726,1.0726,0
1990-03-21,1.0703,1.0703,1.0703,1.0703,0
1990-03-22,1.0692,1.0692,1.0692,1.0692,0
1990-03-23,1.0692,1.0692,1.0692,1.0692,0
1990-03-26,1.0715,1.0715,1.0715,1.0715,0
1990-03-27,1.0703,1.0703,1.0703,1.0703,0
1990-03-28,1.0703,1.0703,1.0703,1.0703,0
1990-03-29,1.0602,1.0602,1.0602,1.0602,0
1990-03-30,1.0620,1.0620,1.0620,1.0620,0
1990-04-02,1.0620,1.0620,1.0620,1.0620,0
1990-04-03,1.0631,1.0631,1.0631,1.0631,0
1990-04-04,1.0711,1.0711,1.0711,1.0711,0
1990-04-05,1.0711,1.0711,1.0711,1.0711,0
1990-04-06,1.0711,1.0711,1.0711,1.0711,0
1990-04-09,1.0677,1.0677,1.0677,1.0677,0
1990-04-10,1.0665,1.0665,1.0665,1.0665,0
1990-04-11,1.0654,1.0654,1.0654,1.0654,0
1990-04-12,1.0620,1.0620,1.0620,1.0620,0
1990-04-16,1.0586,1.0586,1.0586,1.0586,0
1990-04-17,1.0495,1.0495,1.0495,1.0495,0
1990-04-18,1.0392,1.0392,1.0392,1.0392,0
1990-04-19,1.0381,1.0381,1.0381,1.0381,0
1990-04-20,1.0336,1.0336,1.0336,1.0336,0
1990-04-23,1.0290,1.0290,1.0290,1.0290,0
1990-04-24,1.0279,1.0279,1.0279,1.0279,0
1990-04-25,1.0290,1.0290,1.0290,1.0290,0
1990-04-26,1.0233,1.0233,1.0233,1.0233,0
1990-04-27,1.0222,1.0222,1.0222,1.0222,0
1990-04-30,1.0331,1.0331,1.0331,1.0331,0
1990-05-01,1.0319,1.0319,1.0319,1.0319,0
1990-05-02,1.0308,1.0308,1.0308,1.0308,0
1990-05-03,1.0354,1.0354,1.0354,1.0354,0
1990-05-04,1.0502,1.0502,1.0502,1.0502,0
1990-05-07,1.0468,1.0468,1.0468,1.0468,0
1990-05-08,1.0502,1.0502,1.0502,1.0502,0
1990-05-09,1.0434,1.0434,1.0434,1.0434,0
1990-05-10,1.0502,1.0502,1.0502,1.0502,0
1990-05-11,1.0640,1.0640,1.0640,1.0640,0
1990-05-14,1.0720,1.0720,1.0720,1.0720,0
1990-05-15,1.0674,1.0674,1.0674,1.0674,0
1990-05-16,1.0651,1.0651,1.0651,1.0651,0
1990-05-17,1.0663,1.0663,1.0663,1.0663,0
1990-05-18,1.0583,1.0583,1.0583,1.0583,0
1990-05-21,1.0594,1.0594,1.0594,1.0594,0
1990-05-22,1.0674,1.0674,1.0674,1.0674,0
1990-05-23,1.0709,1.0709,1.0709,1.0709,0
1990-05-24,1.0697,1.0697,1.0697,1.0697,0
1990-05-25,1.0617,1.0617,1.0617,1.0617,0
1990-05-29,1.0651,1.0651,1.0651,1.0651,0
1990-05-30,1.0686,1.0686,1.0686,1.0686,0
1990-05-31,1.0795,1.0795,1.0795,1.0795,0
1990-06-01,1.0922,1.0922,1.0922,1.0922,0
1990-06-04,1.0968,1.0968,1.0968,1.0968,0
1990-06-05,1.0934,1.0934,1.0934,1.0934,0
1990-06-06,1.0934,1.0934,1.0934,1.0934,0
1990-06-07,1.0945,1.0945,1.0945,1.0945,0
1990-06-08,1.0945,1.0945,1.0945,1.0945,0
1990-06-11,1.0934,1.0934,1.0934,1.0934,0
1990-06-12,1.0934,1.0934,1.0934,1.0934,0
1990-06-13,1.1003,1.1003,1.1003,1.1003,0
1990-06-14,1.1037,1.1037,1.1037,1.1037,0
1990-06-15,1.0957,1.0957,1.0957,1.0957,0
1990-06-18,1.0911,1.0911,1.0911,1.0911,0
1990-06-19,1.0899,1.0899,1.0899,1.0899,0
1990-06-20,1.0841,1.0841,1.0841,1.0841,0
1990-06-21,1.0876,1.0876,1.0876,1.0876,0
1990-06-22,1.0888,1.0888,1.0888,1.0888,0
1990-06-25,1.0807,1.0807,1.0807,1.0807,0
1990-06-26,1.0841,1.0841,1.0841,1.0841,0
1990-06-27,1.0876,1.0876,1.0876,1.0876,0
1990-06-28,1.0922,1.0922,1.0922,1.0922,0
1990-06-29,1.1043,1.1043,1.1043,1.1043,0
1990-07-02,1.1043,1.1043,1.1043,1.1043,0
1990-07-03,1.1055,1.1055,1.1055,1.1055,0
1990-07-05,1.1031,1.1031,1.1031,1.1031,0
1990-07-06,1.0927,1.0927,1.0927,1.0927,0
1990-07-09,1.0892,1.0892,1.0892,1.0892,0
1990-07-10,1.0869,1.0869,1.0869,1.0869,0
1990-07-11,1.0892,1.0892,1.0892,1.0892,0
1990-07-12,1.0938,1.0938,1.0938,1.0938,0
1990-07-13,1.0985,1.0985,1.0985,1.0985,0
1990-07-16,1.0985,1.0985,1.0985,1.0985,0
1990-07-17,1.0985,1.0985,1.0985,1.0985,0
1990-07-18,1.0904,1.0904,1.0904,1.0904,0
1990-07-19,1.0892,1.0892,1.0892,1.0892,0
1990-07-20,1.0915,1.0915,1.0915,1.0915,0
1990-07-23,1.0915,1.0915,1.0915,1.0915,0
1990-07-24,1.0869,1.0869,1.0869,1.0869,0
1990-07-25,1.0904,1.0904,1.0904,1.0904,0
1990-07-26,1.0915,1.0915,1.0915,1.0915,0
1990-07-27,1.0973,1.0973,1.0973,1.0973,0
1990-07-30,1.1078,1.1078,1.1078,1.1078,0
1990-07-31,1.1120,1.1120,1.1120,1.1120,0
1990-08-01,1.1190,1.1190,1.1190,1.1190,0
1990-08-02,1.1061,1.1061,1.1061,1.1061,0
1990-08-03,1.0980,1.0980,1.0980,1.0980,0
1990-08-06,1.0722,1.0722,1.0722,1.0722,0
1990-08-07,1.0687,1.0687,1.0687,1.0687,0
1990-08-08,1.0676,1.0676,1.0676,1.0676,0
1990-08-09,1.0757,1.0757,1.0757,1.0757,0
1990-08-10,1.0734,1.0734,1.0734,1.0734,0
1990-08-13,1.0711,1.0711,1.0711,1.0711,0
1990-08-14,1.0722,1.0722,1.0722,1.0722,0
1990-08-15,1.0757,1.0757,1.0757,1.0757,0
1990-08-16,1.0629,1.0629,1.0629,1.0629,0
1990-08-17,1.0605,1.0605,1.0605,1.0605,0
1990-08-20,1.0617,1.0617,1.0617,1.0617,0
1990-08-21,1.0605,1.0605,1.0605,1.0605,0
1990-08-22,1.0524,1.0524,1.0524,1.0524,0
1990-08-23,1.0442,1.0442,1.0442,1.0442,0
1990-08-24,1.0407,1.0407,1.0407,1.0407,0
1990-08-27,1.0535,1.0535,1.0535,1.0535,0
1990-08-28,1.0500,1.0500,1.0500,1.0500,0
1990-08-29,1.0594,1.0594,1.0594,1.0594,0
1990-08-30,1.0570,1.0570,1.0570,1.0570,0
1990-08-31,1.0648,1.0648,1.0648,1.0648,0
1990-09-04,1.0613,1.0613,1.0613,1.0613,0
1990-09-05,1.0648,1.0648,1.0648,1.0648,0
1990-09-06,1.0672,1.0672,1.0672,1.0672,0
1990-09-07,1.0707,1.0707,1.0707,1.0707,0
1990-09-10,1.0660,1.0660,1.0660,1.0660,0
1990-09-11,1.0683,1.0683,1.0683,1.0683,0
1990-09-12,1.0683,1.0683,1.0683,1.0683,0
1990-09-13,1.0672,1.0672,1.0672,1.0672,0
1990-09-14,1.0624,1.0624,1.0624,1.0624,0
1990-09-17,1.0589,1.0589,1.0589,1.0589,0
1990-09-18,1.0601,1.0601,1.0601,1.0601,0
1990-09-19,1.0624,1.0624,1.0624,1.0624,0
1990-09-20,1.0601,1.0601,1.0601,1.0601,0
1990-09-21,1.0518,1.0518,1.0518,1.0518,0
1990-09-24,1.0471,1.0471,1.0471,1.0471,0
1990-09-25,1.0507,1.0507,1.0507,1.0507,0
1990-09-26,1.0518,1.0518,1.0518,1.0518,0
1990-09-27,1.0613,1.0613,1.0613,1.0613,0
1990-09-28,1.0772,1.0772,1.0772,1.0772,0
1990-10-01,1.0890,1.0890,1.0890,1.0890,0
1990-10-02,1.0890,1.0890,1.0890,1.0890,0
1990-10-03,1.0878,1.0878,1.0878,1.0878,0
1990-10-04,1.0926,1.0926,1.0926,1.0926,0
1990-10-05,1.0950,1.0950,1.0950,1.0950,0
1990-10-08,1.0914,1.0914,1.0914,1.0914,0
1990-10-09,1.0748,1.0748,1.0748,1.0748,0
1990-10-10,1.0689,1.0689,1.0689,1.0689,0
1990-10-11,1.0641,1.0641,1.0641,1.0641,0
1990-10-12,1.0724,1.0724,1.0724,1.0724,0
1990-10-15,1.0772,1.0772,1.0772,1.0772,0
1990-10-16,1.0772,1.0772,1.0772,1.0772,0
1990-10-17,1.0807,1.0807,1.0807,1.0807,0
1990-10-18,1.0878,1.0878,1.0878,1.0878,0
1990-10-19,1.0973,1.0973,1.0973,1.0973,0
1990-10-22,1.0961,1.0961,1.0961,1.0961,0
1990-10-23,1.0938,1.0938,1.0938,1.0938,0
1990-10-24,1.0926,1.0926,1.0926,1.0926,0
1990-10-25,1.0973,1.0973,1.0973,1.0973,0
1990-10-26,1.0950,1.0950,1.0950,1.0950,0
1990-10-29,1.0878,1.0878,1.0878,1.0878,0
1990-10-30,1.0878,1.0878,1.0878,1.0878,0
1990-10-31,1.1005,1.1005,1.1005,1.1005,0
1990-11-01,1.1101,1.1101,1.1101,1.1101,0
1990-11-02,1.1101,1.1101,1.1101,1.1101,0
1990-11-05,1.1172,1.1172,1.1172,1.1172,0
1990-11-06,1.1172,1.1172,1.1172,1.1172,0
1990-11-07,1.1101,1.1101,1.1101,1.1101,0
1990-11-08,1.1065,1.1065,1.1065,1.1065,0
1990-11-09,1.1184,1.1184,1.1184,1.1184,0
1990-11-12,1.1268,1.1268,1.1268,1.1268,0
1990-11-13,1.1292,1.1292,1.1292,1.1292,0
1990-11-14,1.1316,1.1316,1.1316,1.1316,0
1990-11-15,1.1292,1.1292,1.1292,1.1292,0
1990-11-16,1.1364,1.1364,1.1364,1.1364,0
1990-11-19,1.1304,1.1304,1.1304,1.1304,0
1990-11-20,1.1364,1.1364,1.1364,1.1364,0
1990-11-21,1.1411,1.1411,1.1411,1.1411,0
1990-11-23,1.1387,1.1387,1.1387,1.1387,0
1990-11-26,1.1423,1.1423,1.1423,1.1423,0
1990-11-27,1.1399,1.1399,1.1399,1.1399,0
1990-11-28,1.1376,1.1376,1.1376,1.1376,0
1990-11-29,1.1352,1.1352,1.1352,1.1352,0
1990-11-30,1.1513,1.1513,1.1513,1.1513,0
1990-12-03,1.1561,1.1561,1.1561,1.1561,0
1990-12-04,1.1561,1.1561,1.1561,1.1561,0
1990-12-05,1.1609,1.1609,1.1609,1.1609,0
1990-12-06,1.1585,1.1585,1.1585,1.1585,0
1990-12-07,1.1777,1.1777,1.1777,1.1777,0
1990-12-10,1.1826,1.1826,1.1826,1.1826,0
1990-12-11,1.1862,1.1862,1.1862,1.1862,0
1990-12-12,1.1898,1.1898,1.1898,1.1898,0
1990-12-13,1.1814,1.1814,1.1814,1.1814,0
1990-12-14,1.1741,1.1741,1.1741,1.1741,0
1990-12-17,1.1765,1.1765,1.1765,1.1765,0
1990-12-18,1.1789,1.1789,1.1789,1.1789,0
1990-12-19,1.1753,1.1753,1.1753,1.1753,0
1990-12-20,1.1705,1.1705,1.1705,1.1705,0
1990-12-21,1.1633,1.1633,1.1633,1.1633,0
1990-12-24,1.1561,1.1561,1.1561,1.1561,0
1990-12-26,1.1621,1.1621,1.1621,1.1621,0
1990-12-27,1.1681,1.1681,1.1681,1.1681,0
1990-12-28,1.1609,1.1609,1.1609,1.1609,0
1990-12-31,1.1751,1.1751,1.1751,1.1751,0
1991-01-02,1.1884,1.1884,1.1884,1.1884,0
1991-01-03,1.1932,1.1932,1.1932,1.1932,0
1991-01-04,1.1848,1.1848,1.1848,1.1848,0
1991-01-07,1.1678,1.1678,1.1678,1.1678,0
1991-01-08,1.1618,1.1618,1.1618,1.1618,0
1991-01-09,1.1533,1.1533,1.1533,1.1533,0
1991-01-10,1.1630,1.1630,1.1630,1.1630,0
1991-01-11,1.1630,1.1630,1.1630,1.1630,0
1991-01-14,1.1593,1.1593,1.1593,1.1593,0
1991-01-15,1.1581,1.1581,1.1581,1.1581,0
1991-01-16,1.1581,1.1581,1.1581,1.1581,0
1991-01-17,1.1799,1.1799,1.1799,1.1799,0
1991-01-18,1.1872,1.1872,1.1872,1.1872,0
1991-01-21,1.1799,1.1799,1.1799,1.1799,0
1991-01-22,1.1775,1.1775,1.1775,1.1775,0
1991-01-23,1.1811,1.1811,1.1811,1.1811,0
1991-01-24,1.1836,1.1836,1.1836,1.1836,0
1991-01-25,1.1763,1.1763,1.1763,1.1763,0
1991-01-28,1.1787,1.1787,1.1787,1.1787,0
1991-01-29,1.1811,1.1811,1.1811,1.1811,0
1991-01-30,1.1775,1.1775,1.1775,1.1775,0
1991-01-31,1.1879,1.1879,1.1879,1.1879,0
1991-02-01,1.2025,1.2025,1.2025,1.2025,0
1991-02-04,1.2062,1.2062,1.2062,1.2062,0
1991-02-05,1.2098,1.2098,1.2098,1.2098,0
1991-02-06,1.2110,1.2110,1.2110,1.2110,0
1991-02-07,1.2062,1.2062,1.2062,1.2062,0
1991-02-08,1.2147,1.2147,1.2147,1.2147,0
1991-02-11,1.2123,1.2123,1.2123,1.2123,0
1991-02-12,1.2135,1.2135,1.2135,1.2135,0
1991-02-13,1.2135,1.2135,1.2135,1.2135,0
1991-02-14,1.2098,1.2098,1.2098,1.2098,0
1991-02-15,1.2123,1.2123,1.2123,1.2123,0
1991-02-19,1.2098,1.2098,1.2098,1.2098,0
1991-02-20,1.2049,1.2049,1.2049,1.2049,0
1991-02-21,1.2025,1.2025,1.2025,1.2025,0
1991-02-22,1.1988,1.1988,1.1988,1.1988,0
1991-02-25,1.2013,1.2013,1.2013,1.2013,0
1991-02-26,1.1915,1.1915,1.1915,1.1915,0
1991-02-27,1.1903,1.1903,1.1903,1.1903,0
1991-02-28,1.1939,1.1939,1.1939,1.1939,0
1991-03-01,1.1840,1.1840,1.1840,1.1840,0
1991-03-04,1.1828,1.1828,1.1828,1.1828,0
1991-03-05,1.1853,1.1853,1.1853,1.1853,0
1991-03-06,1.1840,1.1840,1.1840,1.1840,0
1991-03-07,1.1890,1.1890,1.1890,1.1890,0
1991-03-08,1.1816,1.1816,1.1816,1.1816,0
1991-03-11,1.1877,1.1877,1.1877,1.1877,0
1991-03-12,1.1853,1.1853,1.1853,1.1853,0
1991-03-13,1.1914,1.1914,1.1914,1.1914,0
1991-03-14,1.1926,1.1926,1.1926,1.1926,0
1991-03-15,1.1816,1.1816,1.1816,1.1816,0
1991-03-18,1.1779,1.1779,1.1779,1.1779,0
1991-03-19,1.1693,1.1693,1.1693,1.1693,0
1991-03-20,1.1742,1.1742,1.1742,1.1742,0
1991-03-21,1.1779,1.1779,1.1779,1.1779,0
1991-03-22,1.1791,1.1791,1.1791,1.1791,0
1991-03-25,1.1804,1.1804,1.1804,1.1804,0
1991-03-26,1.1816,1.1816,1.1816,1.1816,0
1991-03-27,1.1865,1.1865,1.1865,1.1865,0
1991-03-28,1.1973,1.1973,1.1973,1.1973,0
1991-04-01,1.1960,1.1960,1.1960,1.1960,0
1991-04-02,1.1997,1.1997,1.1997,1.1997,0
1991-04-03,1.1985,1.1985,1.1985,1.1985,0
1991-04-04,1.2047,1.2047,1.2047,1.2047,0
1991-04-05,1.2047,1.2047,1.2047,1.2047,0
1991-04-08,1.2071,1.2071,1.2071,1.2071,0
1991-04-09,1.2034,1.2034,1.2034,1.2034,0
1991-04-10,1.1935,1.1935,1.1935,1.1935,0
1991-04-11,1.1923,1.1923,1.1923,1.1923,0
1991-04-12,1.2059,1.2059,1.2059,1.2059,0
1991-04-15,1.2133,1.2133,1.2133,1.2133,0
1991-04-16,1.2121,1.2121,1.2121,1.2121,0
1991-04-17,1.2146,1.2146,1.2146,1.2146,0
1991-04-18,1.2071,1.2071,1.2071,1.2071,0
1991-04-19,1.1985,1.1985,1.1985,1.1985,0
1991-04-22,1.1911,1.1911,1.1911,1.1911,0
1991-04-23,1.1935,1.1935,1.1935,1.1935,0
1991-04-24,1.2010,1.2010,1.2010,1.2010,0
1991-04-25,1.1997,1.1997,1.1997,1.1997,0
1991-04-26,1.2022,1.2022,1.2022,1.2022,0
1991-04-29,1.1997,1.1997,1.1997,1.1997,0
1991-04-30,1.2127,1.2127,1.2127,1.2127,0
1991-05-01,1.2151,1.2151,1.2151,1.2151,0
1991-05-02,1.2201,1.2201,1.2201,1.2201,0
1991-05-03,1.2102,1.2102,1.2102,1.2102,0
1991-05-06,1.2089,1.2089,1.2089,1.2089,0
1991-05-07,1.2077,1.2077,1.2077,1.2077,0
1991-05-08,1.2077,1.2077,1.2077,1.2077,0
1991-05-09,1.2089,1.2089,1.2089,1.2089,0
1991-05-10,1.1965,1.1965,1.1965,1.1965,0
1991-05-13,1.2002,1.2002,1.2002,1.2002,0
1991-05-14,1.1928,1.1928,1.1928,1.1928,0
1991-05-15,1.1928,1.1928,1.1928,1.1928,0
1991-05-16,1.1928,1.1928,1.1928,1.1928,0
1991-05-17,1.2002,1.2002,1.2002,1.2002,0
1991-05-20,1.1990,1.1990,1.1990,1.1990,0
1991-05-21,1.2040,1.2040,1.2040,1.2040,0
1991-05-22,1.2015,1.2015,1.2015,1.2015,0
1991-05-23,1.1977,1.1977,1.1977,1.1977,0
1991-05-24,1.1977,1.1977,1.1977,1.1977,0
1991-05-28,1.2002,1.2002,1.2002,1.2002,0
1991-05-29,1.2002,1.2002,1.2002,1.2002,0
1991-05-30,1.2077,1.2077,1.2077,1.2077,0
1991-05-31,1.2109,1.2109,1.2109,1.2109,0
1991-06-03,1.2009,1.2009,1.2009,1.2009,0
1991-06-04,1.2022,1.2022,1.2022,1.2022,0
1991-06-05,1.1959,1.1959,1.1959,1.1959,0
1991-06-06,1.1934,1.1934,1.1934,1.1934,0
1991-06-07,1.1884,1.1884,1.1884,1.1884,0
1991-06-10,1.1871,1.1871,1.1871,1.1871,0
1991-06-11,1.1871,1.1871,1.1871,1.1871,0
1991-06-12,1.1809,1.1809,1.1809,1.1809,0
1991-06-13,1.1821,1.1821,1.1821,1.1821,0
1991-06-14,1.1884,1.1884,1.1884,1.1884,0
1991-06-17,1.1871,1.1871,1.1871,1.1871,0
1991-06-18,1.1834,1.1834,1.1834,1.1834,0
1991-06-19,1.1834,1.1834,1.1834,1.1834,0
1991-06-20,1.1871,1.1871,1.1871,1.1871,0
1991-06-21,1.1834,1.1834,1.1834,1.1834,0
1991-06-24,1.1834,1.1834,1.1834,1.1834,0
1991-06-25,1.1834,1.1834,1.1834,1.1834,0
1991-06-26,1.1834,1.1834,1.1834,1.1834,0
1991-06-27,1.1859,1.1859,1.1859,1.1859,0
1991-06-28,1.2015,1.2015,1.2015,1.2015,0
1991-07-01,1.2003,1.2003,1.2003,1.2003,0
1991-07-02,1.1990,1.1990,1.1990,1.1990,0
1991-07-03,1.2003,1.2003,1.2003,1.2003,0
1991-07-05,1.1927,1.1927,1.1927,1.1927,0
1991-07-08,1.1914,1.1914,1.1914,1.1914,0
1991-07-09,1.1889,1.1889,1.1889,1.1889,0
1991-07-10,1.1914,1.1914,1.1914,1.1914,0
1991-07-11,1.1977,1.1977,1.1977,1.1977,0
1991-07-12,1.2003,1.2003,1.2003,1.2003,0
1991-07-15,1.2003,1.2003,1.2003,1.2003,0
1991-07-16,1.1990,1.1990,1.1990,1.1990,0
1991-07-17,1.1952,1.1952,1.1952,1.1952,0
1991-07-18,1.1952,1.1952,1.1952,1.1952,0
1991-07-19,1.1977,1.1977,1.1977,1.1977,0
1991-07-22,1.1977,1.1977,1.1977,1.1977,0
1991-07-23,1.1952,1.1952,1.1952,1.1952,0
1991-07-24,1.2040,1.2040,1.2040,1.2040,0
1991-07-25,1.2091,1.2091,1.2091,1.2091,0
1991-07-26,1.2078,1.2078,1.2078,1.2078,0
1991-07-29,1.2078,1.2078,1.2078,1.2078,0
1991-07-30,1.2078,1.2078,1.2078,1.2078,0
1991-07-31,1.2200,1.2200,1.2200,1.2200,0
1991-08-01,1.2162,1.2162,1.2162,1.2162,0
1991-08-02,1.2340,1.2340,1.2340,1.2340,0
1991-08-05,1.2353,1.2353,1.2353,1.2353,0
1991-08-06,1.2429,1.2429,1.2429,1.2429,0
1991-08-07,1.2429,1.2429,1.2429,1.2429,0
1991-08-08,1.2365,1.2365,1.2365,1.2365,0
1991-08-09,1.2340,1.2340,1.2340,1.2340,0
1991-08-12,1.2365,1.2365,1.2365,1.2365,0
1991-08-13,1.2416,1.2416,1.2416,1.2416,0
1991-08-14,1.2530,1.2530,1.2530,1.2530,0
1991-08-15,1.2492,1.2492,1.2492,1.2492,0
1991-08-16,1.2505,1.2505,1.2505,1.2505,0
1991-08-19,1.2479,1.2479,1.2479,1.2479,0
1991-08-20,1.2492,1.2492,1.2492,1.2492,0
1991-08-21,1.2518,1.2518,1.2518,1.2518,0
1991-08-22,1.2556,1.2556,1.2556,1.2556,0
1991-08-23,1.2441,1.2441,1.2441,1.2441,0
1991-08-26,1.2416,1.2416,1.2416,1.2416,0
1991-08-27,1.2441,1.2441,1.2441,1.2441,0
1991-08-28,1.2543,1.2543,1.2543,1.2543,0
1991-08-29,1.2619,1.2619,1.2619,1.2619,0
1991-08-30,1.2626,1.2626,1.2626,1.2626,0
1991-09-03,1.2638,1.2638,1.2638,1.2638,0
1991-09-04,1.2600,1.2600,1.2600,1.2600,0
1991-09-05,1.2587,1.2587,1.2587,1.2587,0
1991-09-06,1.2664,1.2664,1.2664,1.2664,0
1991-09-09,1.2702,1.2702,1.2702,1.2702,0
1991-09-10,1.2677,1.2677,1.2677,1.2677,0
1991-09-11,1.2664,1.2664,1.2664,1.2664,0
1991-09-12,1.2753,1.2753,1.2753,1.2753,0
1991-09-13,1.2753,1.2753,1.2753,1.2753,0
1991-09-16,1.2779,1.2779,1.2779,1.2779,0
1991-09-17,1.2804,1.2804,1.2804,1.2804,0
1991-09-18,1.2779,1.2779,1.2779,1.2779,0
1991-09-19,1.2792,1.2792,1.2792,1.2792,0
1991-09-20,1.2817,1.2817,1.2817,1.2817,0
1991-09-23,1.2830,1.2830,1.2830,1.2830,0
1991-09-24,1.2817,1.2817,1.2817,1.2817,0
1991-09-25,1.2804,1.2804,1.2804,1.2804,0
1991-09-26,1.2817,1.2817,1.2817,1.2817,0
1991-09-27,1.2907,1.2907,1.2907,1.2907,0
1991-09-30,1.2998,1.2998,1.2998,1.2998,0
1991-10-01,1.3011,1.3011,1.3011,1.3011,0
1991-10-02,1.2998,1.2998,1.2998,1.2998,0
1991-10-03,1.2972,1.2972,1.2972,1.2972,0
1991-10-04,1.3037,1.3037,1.3037,1.3037,0
1991-10-07,1.3037,1.3037,1.3037,1.3037,0
1991-10-08,1.3011,1.3011,1.3011,1.3011,0
1991-10-09,1.2869,1.2869,1.2869,1.2869,0
1991-10-10,1.2792,1.2792,1.2792,1.2792,0
1991-10-11,1.2921,1.2921,1.2921,1.2921,0
1991-10-14,1.2908,1.2908,1.2908,1.2908,0
1991-10-15,1.2921,1.2921,1.2921,1.2921,0
1991-10-16,1.2934,1.2934,1.2934,1.2934,0
1991-10-17,1.2792,1.2792,1.2792,1.2792,0
1991-10-18,1.2844,1.2844,1.2844,1.2844,0
1991-10-21,1.2715,1.2715,1.2715,1.2715,0
1991-10-22,1.2689,1.2689,1.2689,1.2689,0
1991-10-23,1.2702,1.2702,1.2702,1.2702,0
1991-10-24,1.2754,1.2754,1.2754,1.2754,0
1991-10-25,1.2741,1.2741,1.2741,1.2741,0
1991-10-28,1.2767,1.2767,1.2767,1.2767,0
1991-10-29,1.2908,1.2908,1.2908,1.2908,0
1991-10-30,1.2934,1.2934,1.2934,1.2934,0
1991-10-31,1.2988,1.2988,1.2988,1.2988,0
1991-11-01,1.2962,1.2962,1.2962,1.2962,0
1991-11-04,1.2923,1.2923,1.2923,1.2923,0
1991-11-05,1.2846,1.2846,1.2846,1.2846,0
1991-11-06,1.2859,1.2859,1.2859,1.2859,0
1991-11-07,1.2975,1.2975,1.2975,1.2975,0
1991-11-08,1.3027,1.3027,1.3027,1.3027,0
1991-11-11,1.3027,1.3027,1.3027,1.3027,0
1991-11-12,1.3117,1.3117,1.3117,1.3117,0
1991-11-13,1.3001,1.3001,1.3001,1.3001,0
1991-11-14,1.3079,1.3079,1.3079,1.3079,0
1991-11-15,1.3053,1.3053,1.3053,1.3053,0
1991-11-18,1.3053,1.3053,1.3053,1.3053,0
1991-11-19,1.2975,1.2975,1.2975,1.2975,0
1991-11-20,1.2962,1.2962,1.2962,1.2962,0
1991-11-21,1.2897,1.2897,1.2897,1.2897,0
1991-11-22,1.2859,1.2859,1.2859,1.2859,0
1991-11-25,1.2846,1.2846,1.2846,1.2846,0
1991-11-26,1.2910,1.2910,1.2910,1.2910,0
1991-11-27,1.2872,1.2872,1.2872,1.2872,0
1991-11-29,1.2991,1.2991,1.2991,1.2991,0
1991-12-02,1.3017,1.3017,1.3017,1.3017,0
1991-12-03,1.3056,1.3056,1.3056,1.3056,0
1991-12-04,1.3135,1.3135,1.3135,1.3135,0
1991-12-05,1.3108,1.3108,1.3108,1.3108,0
1991-12-06,1.3187,1.3187,1.3187,1.3187,0
1991-12-09,1.3200,1.3200,1.3200,1.3200,0
1991-12-10,1.3200,1.3200,1.3200,1.3200,0
1991-12-11,1.3174,1.3174,1.3174,1.3174,0
1991-12-12,1.3226,1.3226,1.3226,1.3226,0
1991-12-13,1.3187,1.3187,1.3187,1.3187,0
1991-12-16,1.3200,1.3200,1.3200,1.3200,0
1991-12-17,1.3239,1.3239,1.3239,1.3239,0
1991-12-18,1.3226,1.3226,1.3226,1.3226,0
1991-12-19,1.3343,1.3343,1.3343,1.3343,0
1991-12-20,1.3473,1.3473,1.3473,1.3473,0
1991-12-23,1.3564,1.3564,1.3564,1.3564,0
1991-12-24,1.3551,1.3551,1.3551,1.3551,0
1991-12-26,1.3577,1.3577,1.3577,1.3577,0
1991-12-27,1.3564,1.3564,1.3564,1.3564,0
1991-12-30,1.3655,1.3655,1.3655,1.3655,0
1991-12-31,1.3806,1.3806,1.3806,1.3806,0
1992-01-02,1.3714,1.3714,1.3714,1.3714,0
1992-01-03,1.3688,1.3688,1.3688,1.3688,0
1992-01-06,1.3767,1.3767,1.3767,1.3767,0
1992-01-07,1.3832,1.3832,1.3832,1.3832,0
1992-01-08,1.3819,1.3819,1.3819,1.3819,0
1992-01-09,1.3806,1.3806,1.3806,1.3806,0
1992-01-10,1.3701,1.3701,1.3701,1.3701,0
1992-01-13,1.3636,1.3636,1.3636,1.3636,0
1992-01-14,1.3583,1.3583,1.3583,1.3583,0
1992-01-15,1.3557,1.3557,1.3557,1.3557,0
1992-01-16,1.3452,1.3452,1.3452,1.3452,0
1992-01-17,1.3491,1.3491,1.3491,1.3491,0
1992-01-20,1.3505,1.3505,1.3505,1.3505,0
1992-01-21,1.3544,1.3544,1.3544,1.3544,0
1992-01-22,1.3478,1.3478,1.3478,1.3478,0
1992-01-23,1.3387,1.3387,1.3387,1.3387,0
1992-01-24,1.3374,1.3374,1.3374,1.3374,0
1992-01-27,1.3387,1.3387,1.3387,1.3387,0
1992-01-28,1.3439,1.3439,1.3439,1.3439,0
1992-01-29,1.3334,1.3334,1.3334,1.3334,0
1992-01-30,1.3269,1.3269,1.3269,1.3269,0
1992-01-31,1.3377,1.3377,1.3377,1.3377,0
1992-02-03,1.3311,1.3311,1.3311,1.3311,0
1992-02-04,1.3390,1.3390,1.3390,1.3390,0
1992-02-05,1.3403,1.3403,1.3403,1.3403,0
1992-02-06,1.3390,1.3390,1.3390,1.3390,0
1992-02-07,1.3377,1.3377,1.3377,1.3377,0
1992-02-10,1.3351,1.3351,1.3351,1.3351,0
1992-02-11,1.3337,1.3337,1.3337,1.3337,0
1992-02-12,1.3337,1.3337,1.3337,1.3337,0
1992-02-13,1.3219,1.3219,1.3219,1.3219,0
1992-02-14,1.3232,1.3232,1.3232,1.3232,0
1992-02-18,1.3140,1.3140,1.3140,1.3140,0
1992-02-19,1.3206,1.3206,1.3206,1.3206,0
1992-02-20,1.3245,1.3245,1.3245,1.3245,0
1992-02-21,1.3192,1.3192,1.3192,1.3192,0
1992-02-24,1.3166,1.3166,1.3166,1.3166,0
1992-02-25,1.3192,1.3192,1.3192,1.3192,0
1992-02-26,1.3140,1.3140,1.3140,1.3140,0
1992-02-27,1.3140,1.3140,1.3140,1.3140,0
1992-02-28,1.3452,1.3452,1.3452,1.3452,0
1992-03-02,1.3318,1.3318,1.3318,1.3318,0
1992-03-03,1.3305,1.3305,1.3305,1.3305,0
1992-03-04,1.3318,1.3318,1.3318,1.3318,0
1992-03-05,1.3265,1.3265,1.3265,1.3265,0
1992-03-06,1.3305,1.3305,1.3305,1.3305,0
1992-03-09,1.3358,1.3358,1.3358,1.3358,0
1992-03-10,1.3318,1.3318,1.3318,1.3318,0
1992-03-11,1.3251,1.3251,1.3251,1.3251,0
1992-03-12,1.3157,1.3157,1.3157,1.3157,0
1992-03-13,1.3130,1.3130,1.3130,1.3130,0
1992-03-16,1.3117,1.3117,1.3117,1.3117,0
1992-03-17,1.3171,1.3171,1.3171,1.3171,0
1992-03-18,1.3197,1.3197,1.3197,1.3197,0
1992-03-19,1.3224,1.3224,1.3224,1.3224,0
1992-03-20,1.3117,1.3117,1.3117,1.3117,0
1992-03-23,1.3157,1.3157,1.3157,1.3157,0
1992-03-24,1.3265,1.3265,1.3265,1.3265,0
1992-03-25,1.3265,1.3265,1.3265,1.3265,0
1992-03-26,1.3197,1.3197,1.3197,1.3197,0
1992-03-27,1.3265,1.3265,1.3265,1.3265,0
1992-03-30,1.3251,1.3251,1.3251,1.3251,0
1992-03-31,1.3305,1.3305,1.3305,1.3305,0
1992-04-01,1.3386,1.3386,1.3386,1.3386,0
1992-04-02,1.3373,1.3373,1.3373,1.3373,0
1992-04-03,1.3427,1.3427,1.3427,1.3427,0
1992-04-06,1.3427,1.3427,1.3427,1.3427,0
1992-04-07,1.3413,1.3413,1.3413,1.3413,0
1992-04-08,1.3373,1.3373,1.3373,1.3373,0
1992-04-09,1.3467,1.3467,1.3467,1.3467,0
1992-04-10,1.3440,1.3440,1.3440,1.3440,0
1992-04-13,1.3494,1.3494,1.3494,1.3494,0
1992-04-14,1.3481,1.3481,1.3481,1.3481,0
1992-04-15,1.3467,1.3467,1.3467,1.3467,0
1992-04-16,1.3386,1.3386,1.3386,1.3386,0
1992-04-20,1.3251,1.3251,1.3251,1.3251,0
1992-04-21,1.3224,1.3224,1.3224,1.3224,0
1992-04-22,1.3224,1.3224,1.3224,1.3224,0
1992-04-23,1.3211,1.3211,1.3211,1.3211,0
1992-04-24,1.3238,1.3238,1.3238,1.3238,0
1992-04-27,1.3170,1.3170,1.3170,1.3170,0
1992-04-28,1.3224,1.3224,1.3224,1.3224,0
1992-04-29,1.3211,1.3211,1.3211,1.3211,0
1992-04-30,1.3296,1.3296,1.3296,1.3296,0
1992-05-01,1.3351,1.3351,1.3351,1.3351,0
1992-05-04,1.3323,1.3323,1.3323,1.3323,0
1992-05-05,1.3364,1.3364,1.3364,1.3364,0
1992-05-06,1.3405,1.3405,1.3405,1.3405,0
1992-05-07,1.3378,1.3378,1.3378,1.3378,0
1992-05-08,1.3514,1.3514,1.3514,1.3514,0
1992-05-11,1.3514,1.3514,1.3514,1.3514,0
1992-05-12,1.3568,1.3568,1.3568,1.3568,0
1992-05-13,1.3582,1.3582,1.3582,1.3582,0
1992-05-14,1.3555,1.3555,1.3555,1.3555,0
1992-05-15,1.3636,1.3636,1.3636,1.3636,0
1992-05-18,1.3609,1.3609,1.3609,1.3609,0
1992-05-19,1.3677,1.3677,1.3677,1.3677,0
1992-05-20,1.3623,1.3623,1.3623,1.3623,0
1992-05-21,1.3527,1.3527,1.3527,1.3527,0
1992-05-22,1.3595,1.3595,1.3595,1.3595,0
1992-05-26,1.3446,1.3446,1.3446,1.3446,0
1992-05-27,1.3473,1.3473,1.3473,1.3473,0
1992-05-28,1.3514,1.3514,1.3514,1.3514,0
1992-05-29,1.3656,1.3656,1.3656,1.3656,0
1992-06-01,1.3574,1.3574,1.3574,1.3574,0
1992-06-02,1.3615,1.3615,1.3615,1.3615,0
1992-06-03,1.3601,1.3601,1.3601,1.3601,0
1992-06-04,1.3601,1.3601,1.3601,1.3601,0
1992-06-05,1.3642,1.3642,1.3642,1.3642,0
1992-06-08,1.3642,1.3642,1.3642,1.3642,0
1992-06-09,1.3601,1.3601,1.3601,1.3601,0
1992-06-10,1.3574,1.3574,1.3574,1.3574,0
1992-06-11,1.3588,1.3588,1.3588,1.3588,0
1992-06-12,1.3629,1.3629,1.3629,1.3629,0
1992-06-15,1.3642,1.3642,1.3642,1.3642,0
1992-06-16,1.3670,1.3670,1.3670,1.3670,0
1992-06-17,1.3683,1.3683,1.3683,1.3683,0
1992-06-18,1.3711,1.3711,1.3711,1.3711,0
1992-06-19,1.3683,1.3683,1.3683,1.3683,0
1992-06-22,1.3670,1.3670,1.3670,1.3670,0
1992-06-23,1.3642,1.3642,1.3642,1.3642,0
1992-06-24,1.3683,1.3683,1.3683,1.3683,0
1992-06-25,1.3752,1.3752,1.3752,1.3752,0
1992-06-26,1.3738,1.3738,1.3738,1.3738,0
1992-06-29,1.3752,1.3752,1.3752,1.3752,0
1992-06-30,1.3810,1.3810,1.3810,1.3810,0
1992-07-01,1.3865,1.3865,1.3865,1.3865,0
1992-07-02,1.4044,1.4044,1.4044,1.4044,0
1992-07-06,1.4071,1.4071,1.4071,1.4071,0
1992-07-07,1.4085,1.4085,1.4085,1.4085,0
1992-07-08,1.4085,1.4085,1.4085,1.4085,0
1992-07-09,1.4085,1.4085,1.4085,1.4085,0
1992-07-10,1.4016,1.4016,1.4016,1.4016,0
1992-07-13,1.3975,1.3975,1.3975,1.3975,0
1992-07-14,1.3947,1.3947,1.3947,1.3947,0
1992-07-15,1.4030,1.4030,1.4030,1.4030,0
1992-07-16,1.4057,1.4057,1.4057,1.4057,0
1992-07-17,1.3975,1.3975,1.3975,1.3975,0
1992-07-20,1.4002,1.4002,1.4002,1.4002,0
1992-07-21,1.3989,1.3989,1.3989,1.3989,0
1992-07-22,1.4057,1.4057,1.4057,1.4057,0
1992-07-23,1.4195,1.4195,1.4195,1.4195,0
1992-07-24,1.4154,1.4154,1.4154,1.4154,0
1992-07-27,1.4209,1.4209,1.4209,1.4209,0
1992-07-28,1.4333,1.4333,1.4333,1.4333,0
1992-07-29,1.4360,1.4360,1.4360,1.4360,0
1992-07-30,1.4305,1.4305,1.4305,1.4305,0
1992-07-31,1.4351,1.4351,1.4351,1.4351,0
1992-08-03,1.4365,1.4365,1.4365,1.4365,0
1992-08-04,1.4420,1.4420,1.4420,1.4420,0
1992-08-05,1.4420,1.4420,1.4420,1.4420,0
1992-08-06,1.4393,1.4393,1.4393,1.4393,0
1992-08-07,1.4490,1.4490,1.4490,1.4490,0
1992-08-10,1.4545,1.4545,1.4545,1.4545,0
1992-08-11,1.4587,1.4587,1.4587,1.4587,0
1992-08-12,1.4587,1.4587,1.4587,1.4587,0
1992-08-13,1.4476,1.4476,1.4476,1.4476,0
1992-08-14,1.4503,1.4503,1.4503,1.4503,0
1992-08-17,1.4434,1.4434,1.4434,1.4434,0
1992-08-18,1.4503,1.4503,1.4503,1.4503,0
1992-08-19,1.4517,1.4517,1.4517,1.4517,0
1992-08-20,1.4545,1.4545,1.4545,1.4545,0
1992-08-21,1.4476,1.4476,1.4476,1.4476,0
1992-08-24,1.4351,1.4351,1.4351,1.4351,0
1992-08-25,1.4296,1.4296,1.4296,1.4296,0
1992-08-26,1.4337,1.4337,1.4337,1.4337,0
1992-08-27,1.4365,1.4365,1.4365,1.4365,0
1992-08-28,1.4365,1.4365,1.4365,1.4365,0
1992-08-31,1.4467,1.4467,1.4467,1.4467,0
1992-09-01,1.4522,1.4522,1.4522,1.4522,0
1992-09-02,1.4564,1.4564,1.4564,1.4564,0
1992-09-03,1.4564,1.4564,1.4564,1.4564,0
1992-09-04,1.4704,1.4704,1.4704,1.4704,0
1992-09-08,1.4815,1.4815,1.4815,1.4815,0
1992-09-09,1.4773,1.4773,1.4773,1.4773,0
1992-09-10,1.4787,1.4787,1.4787,1.4787,0
1992-09-11,1.4704,1.4704,1.4704,1.4704,0
1992-09-14,1.4731,1.4731,1.4731,1.4731,0
1992-09-15,1.4634,1.4634,1.4634,1.4634,0
1992-09-16,1.4620,1.4620,1.4620,1.4620,0
1992-09-17,1.4634,1.4634,1.4634,1.4634,0
1992-09-18,1.4634,1.4634,1.4634,1.4634,0
1992-09-21,1.4606,1.4606,1.4606,1.4606,0
1992-09-22,1.4467,1.4467,1.4467,1.4467,0
1992-09-23,1.4425,1.4425,1.4425,1.4425,0
1992-09-24,1.4508,1.4508,1.4508,1.4508,0
1992-09-25,1.4606,1.4606,1.4606,1.4606,0
1992-09-28,1.4620,1.4620,1.4620,1.4620,0
1992-09-29,1.4606,1.4606,1.4606,1.4606,0
1992-09-30,1.4663,1.4663,1.4663,1.4663,0
1992-10-01,1.4790,1.4790,1.4790,1.4790,0
1992-10-02,1.4748,1.4748,1.4748,1.4748,0
1992-10-05,1.4734,1.4734,1.4734,1.4734,0
1992-10-06,1.4621,1.4621,1.4621,1.4621,0
1992-10-07,1.4523,1.4523,1.4523,1.4523,0
1992-10-08,1.4565,1.4565,1.4565,1.4565,0
1992-10-09,1.4467,1.4467,1.4467,1.4467,0
1992-10-12,1.4481,1.4481,1.4481,1.4481,0
1992-10-13,1.4467,1.4467,1.4467,1.4467,0
1992-10-14,1.4495,1.4495,1.4495,1.4495,0
1992-10-15,1.4495,1.4495,1.4495,1.4495,0
1992-10-16,1.4467,1.4467,1.4467,1.4467,0
1992-10-19,1.4411,1.4411,1.4411,1.4411,0
1992-10-20,1.4285,1.4285,1.4285,1.4285,0
1992-10-21,1.4313,1.4313,1.4313,1.4313,0
1992-10-22,1.4341,1.4341,1.4341,1.4341,0
1992-10-23,1.4271,1.4271,1.4271,1.4271,0
1992-10-26,1.4271,1.4271,1.4271,1.4271,0
1992-10-27,1.4313,1.4313,1.4313,1.4313,0
1992-10-28,1.4285,1.4285,1.4285,1.4285,0
1992-10-29,1.4341,1.4341,1.4341,1.4341,0
1992-10-30,1.4388,1.4388,1.4388,1.4388,0
1992-11-02,1.4345,1.4345,1.4345,1.4345,0
1992-11-03,1.4373,1.4373,1.4373,1.4373,0
1992-11-04,1.4331,1.4331,1.4331,1.4331,0
1992-11-05,1.4345,1.4345,1.4345,1.4345,0
1992-11-06,1.4247,1.4247,1.4247,1.4247,0
1992-11-09,1.4247,1.4247,1.4247,1.4247,0
1992-11-10,1.4345,1.4345,1.4345,1.4345,0
1992-11-11,1.4373,1.4373,1.4373,1.4373,0
1992-11-12,1.4444,1.4444,1.4444,1.4444,0
1992-11-13,1.4444,1.4444,1.4444,1.4444,0
1992-11-16,1.4444,1.4444,1.4444,1.4444,0
1992-11-17,1.4444,1.4444,1.4444,1.4444,0
1992-11-18,1.4515,1.4515,1.4515,1.4515,0
1992-11-19,1.4472,1.4472,1.4472,1.4472,0
1992-11-20,1.4472,1.4472,1.4472,1.4472,0
1992-11-23,1.4430,1.4430,1.4430,1.4430,0
1992-11-24,1.4472,1.4472,1.4472,1.4472,0
1992-11-25,1.4458,1.4458,1.4458,1.4458,0
1992-11-27,1.4388,1.4388,1.4388,1.4388,0
1992-11-30,1.4460,1.4460,1.4460,1.4460,0
1992-12-01,1.4488,1.4488,1.4488,1.4488,0
1992-12-02,1.4488,1.4488,1.4488,1.4488,0
1992-12-03,1.4488,1.4488,1.4488,1.4488,0
1992-12-04,1.4588,1.4588,1.4588,1.4588,0
1992-12-07,1.4673,1.4673,1.4673,1.4673,0
1992-12-08,1.4687,1.4687,1.4687,1.4687,0
1992-12-09,1.4687,1.4687,1.4687,1.4687,0
1992-12-10,1.4715,1.4715,1.4715,1.4715,0
1992-12-11,1.3878,1.3878,1.3878,1.3878,0
1992-12-14,1.3836,1.3836,1.3836,1.3836,0
1992-12-15,1.3850,1.3850,1.3850,1.3850,0
1992-12-16,1.3878,1.3878,1.3878,1.3878,0
1992-12-17,1.3878,1.3878,1.3878,1.3878,0
1992-12-18,1.3892,1.3892,1.3892,1.3892,0
1992-12-21,1.3949,1.3949,1.3949,1.3949,0
1992-12-22,1.4020,1.4020,1.4020,1.4020,0
1992-12-23,1.3992,1.3992,1.3992,1.3992,0
1992-12-24,1.3977,1.3977,1.3977,1.3977,0
1992-12-28,1.3935,1.3935,1.3935,1.3935,0
1992-12-29,1.3977,1.3977,1.3977,1.3977,0
1992-12-30,1.3949,1.3949,1.3949,1.3949,0
1992-12-31,1.4892,1.4892,1.4892,1.4892,0
1993-01-04,1.4999,1.4999,1.4999,1.4999,0
1993-01-05,1.4999,1.4999,1.4999,1.4999,0
1993-01-06,1.4968,1.4968,1.4968,1.4968,0
1993-01-07,1.4801,1.4801,1.4801,1.4801,0
1993-01-08,1.4786,1.4786,1.4786,1.4786,0
1993-01-11,1.4786,1.4786,1.4786,1.4786,0
1993-01-12,1.4771,1.4771,1.4771,1.4771,0
1993-01-13,1.4817,1.4817,1.4817,1.4817,0
1993-01-14,1.4877,1.4877,1.4877,1.4877,0
1993-01-15,1.4968,1.4968,1.4968,1.4968,0
1993-01-18,1.4968,1.4968,1.4968,1.4968,0
1993-01-19,1.5029,1.5029,1.5029,1.5029,0
1993-01-20,1.4999,1.4999,1.4999,1.4999,0
1993-01-21,1.5029,1.5029,1.5029,1.5029,0
1993-01-22,1.5044,1.5044,1.5044,1.5044,0
1993-01-25,1.5181,1.5181,1.5181,1.5181,0
1993-01-26,1.5135,1.5135,1.5135,1.5135,0
1993-01-27,1.5135,1.5135,1.5135,1.5135,0
1993-01-28,1.5181,1.5181,1.5181,1.5181,0
1993-01-29,1.5318,1.5318,1.5318,1.5318,0
1993-02-01,1.5318,1.5318,1.5318,1.5318,0
1993-02-02,1.5242,1.5242,1.5242,1.5242,0
1993-02-03,1.5272,1.5272,1.5272,1.5272,0
1993-02-04,1.5348,1.5348,1.5348,1.5348,0
1993-02-05,1.5409,1.5409,1.5409,1.5409,0
1993-02-08,1.5379,1.5379,1.5379,1.5379,0
1993-02-09,1.5364,1.5364,1.5364,1.5364,0
1993-02-10,1.5272,1.5272,1.5272,1.5272,0
1993-02-11,1.5348,1.5348,1.5348,1.5348,0
1993-02-12,1.5364,1.5364,1.5364,1.5364,0
1993-02-16,1.5348,1.5348,1.5348,1.5348,0
1993-02-17,1.5425,1.5425,1.5425,1.5425,0
1993-02-18,1.5562,1.5562,1.5562,1.5562,0
1993-02-19,1.5562,1.5562,1.5562,1.5562,0
1993-02-22,1.5669,1.5669,1.5669,1.5669,0
1993-02-23,1.5806,1.5806,1.5806,1.5806,0
1993-02-24,1.5730,1.5730,1.5730,1.5730,0
1993-02-25,1.5684,1.5684,1.5684,1.5684,0
1993-02-26,1.5810,1.5810,1.5810,1.5810,0
1993-03-01,1.5933,1.5933,1.5933,1.5933,0
1993-03-02,1.5933,1.5933,1.5933,1.5933,0
1993-03-03,1.6025,1.6025,1.6025,1.6025,0
1993-03-04,1.6118,1.6118,1.6118,1.6118,0
1993-03-05,1.6041,1.6041,1.6041,1.6041,0
1993-03-08,1.6102,1.6102,1.6102,1.6102,0
1993-03-09,1.6056,1.6056,1.6056,1.6056,0
1993-03-10,1.5995,1.5995,1.5995,1.5995,0
1993-03-11,1.5995,1.5995,1.5995,1.5995,0
1993-03-12,1.5826,1.5826,1.5826,1.5826,0
1993-03-15,1.5733,1.5733,1.5733,1.5733,0
1993-03-16,1.5810,1.5810,1.5810,1.5810,0
1993-03-17,1.5841,1.5841,1.5841,1.5841,0
1993-03-18,1.5933,1.5933,1.5933,1.5933,0
1993-03-19,1.5918,1.5918,1.5918,1.5918,0
1993-03-22,1.5887,1.5887,1.5887,1.5887,0
1993-03-23,1.5964,1.5964,1.5964,1.5964,0
1993-03-24,1.5918,1.5918,1.5918,1.5918,0
1993-03-25,1.5856,1.5856,1.5856,1.5856,0
1993-03-26,1.5702,1.5702,1.5702,1.5702,0
1993-03-29,1.5764,1.5764,1.5764,1.5764,0
1993-03-30,1.5764,1.5764,1.5764,1.5764,0
1993-03-31,1.5841,1.5841,1.5841,1.5841,0
1993-04-01,1.5779,1.5779,1.5779,1.5779,0
1993-04-02,1.5656,1.5656,1.5656,1.5656,0
1993-04-05,1.5687,1.5687,1.5687,1.5687,0
1993-04-06,1.5795,1.5795,1.5795,1.5795,0
1993-04-07,1.5826,1.5826,1.5826,1.5826,0
1993-04-08,1.5996,1.5996,1.5996,1.5996,0
1993-04-12,1.6089,1.6089,1.6089,1.6089,0
1993-04-13,1.6120,1.6120,1.6120,1.6120,0
1993-04-14,1.6166,1.6166,1.6166,1.6166,0
1993-04-15,1.6213,1.6213,1.6213,1.6213,0
1993-04-16,1.6151,1.6151,1.6151,1.6151,0
1993-04-19,1.6182,1.6182,1.6182,1.6182,0
1993-04-20,1.6151,1.6151,1.6151,1.6151,0
1993-04-21,1.6166,1.6166,1.6166,1.6166,0
1993-04-22,1.6166,1.6166,1.6166,1.6166,0
1993-04-23,1.6089,1.6089,1.6089,1.6089,0
1993-04-26,1.6042,1.6042,1.6042,1.6042,0
1993-04-27,1.5934,1.5934,1.5934,1.5934,0
1993-04-28,1.5903,1.5903,1.5903,1.5903,0
1993-04-29,1.5965,1.5965,1.5965,1.5965,0
1993-04-30,1.5962,1.5962,1.5962,1.5962,0
1993-05-03,1.6102,1.6102,1.6102,1.6102,0
1993-05-04,1.6195,1.6195,1.6195,1.6195,0
1993-05-05,1.6180,1.6180,1.6180,1.6180,0
1993-05-06,1.6211,1.6211,1.6211,1.6211,0
1993-05-07,1.6133,1.6133,1.6133,1.6133,0
1993-05-10,1.6195,1.6195,1.6195,1.6195,0
1993-05-11,1.6195,1.6195,1.6195,1.6195,0
1993-05-12,1.6102,1.6102,1.6102,1.6102,0
1993-05-13,1.5978,1.5978,1.5978,1.5978,0
1993-05-14,1.5978,1.5978,1.5978,1.5978,0
1993-05-17,1.5946,1.5946,1.5946,1.5946,0
1993-05-18,1.5869,1.5869,1.5869,1.5869,0
1993-05-19,1.5931,1.5931,1.5931,1.5931,0
1993-05-20,1.5931,1.5931,1.5931,1.5931,0
1993-05-21,1.5853,1.5853,1.5853,1.5853,0
1993-05-24,1.5900,1.5900,1.5900,1.5900,0
1993-05-25,1.5884,1.5884,1.5884,1.5884,0
1993-05-26,1.5993,1.5993,1.5993,1.5993,0
1993-05-27,1.6024,1.6024,1.6024,1.6024,0
1993-05-28,1.6023,1.6023,1.6023,1.6023,0
1993-06-01,1.6195,1.6195,1.6195,1.6195,0
1993-06-02,1.6195,1.6195,1.6195,1.6195,0
1993-06-03,1.6226,1.6226,1.6226,1.6226,0
1993-06-04,1.6132,1.6132,1.6132,1.6132,0
1993-06-07,1.6179,1.6179,1.6179,1.6179,0
1993-06-08,1.6117,1.6117,1.6117,1.6117,0
1993-06-09,1.6195,1.6195,1.6195,1.6195,0
1993-06-10,1.6195,1.6195,1.6195,1.6195,0
1993-06-11,1.6336,1.6336,1.6336,1.6336,0
1993-06-14,1.6320,1.6320,1.6320,1.6320,0
1993-06-15,1.6320,1.6320,1.6320,1.6320,0
1993-06-16,1.6304,1.6304,1.6304,1.6304,0
1993-06-17,1.6351,1.6351,1.6351,1.6351,0
1993-06-18,1.6336,1.6336,1.6336,1.6336,0
1993-06-21,1.6398,1.6398,1.6398,1.6398,0
1993-06-22,1.6398,1.6398,1.6398,1.6398,0
1993-06-23,1.6414,1.6414,1.6414,1.6414,0
1993-06-24,1.6461,1.6461,1.6461,1.6461,0
1993-06-25,1.6539,1.6539,1.6539,1.6539,0
1993-06-28,1.6602,1.6602,1.6602,1.6602,0
1993-06-29,1.6602,1.6602,1.6602,1.6602,0
1993-06-30,1.6691,1.6691,1.6691,1.6691,0
1993-07-01,1.6676,1.6676,1.6676,1.6676,0
1993-07-02,1.6723,1.6723,1.6723,1.6723,0
1993-07-06,1.6660,1.6660,1.6660,1.6660,0
1993-07-07,1.6660,1.6660,1.6660,1.6660,0
1993-07-08,1.6691,1.6691,1.6691,1.6691,0
1993-07-09,1.6738,1.6738,1.6738,1.6738,0
1993-07-12,1.6770,1.6770,1.6770,1.6770,0
1993-07-13,1.6786,1.6786,1.6786,1.6786,0
1993-07-14,1.6896,1.6896,1.6896,1.6896,0
1993-07-15,1.6896,1.6896,1.6896,1.6896,0
1993-07-16,1.6911,1.6911,1.6911,1.6911,0
1993-07-19,1.6927,1.6927,1.6927,1.6927,0
1993-07-20,1.6896,1.6896,1.6896,1.6896,0
1993-07-21,1.6786,1.6786,1.6786,1.6786,0
1993-07-22,1.6707,1.6707,1.6707,1.6707,0
1993-07-23,1.6613,1.6613,1.6613,1.6613,0
1993-07-26,1.6644,1.6644,1.6644,1.6644,0
1993-07-27,1.6644,1.6644,1.6644,1.6644,0
1993-07-28,1.6691,1.6691,1.6691,1.6691,0
1993-07-29,1.6833,1.6833,1.6833,1.6833,0
1993-07-30,1.6925,1.6925,1.6925,1.6925,0
1993-08-02,1.6925,1.6925,1.6925,1.6925,0
1993-08-03,1.6972,1.6972,1.6972,1.6972,0
1993-08-04,1.6956,1.6956,1.6956,1.6956,0
1993-08-05,1.6972,1.6972,1.6972,1.6972,0
1993-08-06,1.6956,1.6956,1.6956,1.6956,0
1993-08-09,1.7067,1.7067,1.7067,1.7067,0
1993-08-10,1.7083,1.7083,1.7083,1.7083,0
1993-08-11,1.7130,1.7130,1.7130,1.7130,0
1993-08-12,1.7099,1.7099,1.7099,1.7099,0
1993-08-13,1.7130,1.7130,1.7130,1.7130,0
1993-08-16,1.7178,1.7178,1.7178,1.7178,0
1993-08-17,1.7146,1.7146,1.7146,1.7146,0
1993-08-18,1.7178,1.7178,1.7178,1.7178,0
1993-08-19,1.7209,1.7209,1.7209,1.7209,0
1993-08-20,1.7241,1.7241,1.7241,1.7241,0
1993-08-23,1.7241,1.7241,1.7241,1.7241,0
1993-08-24,1.7288,1.7288,1.7288,1.7288,0
1993-08-25,1.7352,1.7352,1.7352,1.7352,0
1993-08-26,1.7526,1.7526,1.7526,1.7526,0
1993-08-27,1.7478,1.7478,1.7478,1.7478,0
1993-08-30,1.7494,1.7494,1.7494,1.7494,0
1993-08-31,1.7601,1.7601,1.7601,1.7601,0
1993-09-01,1.7601,1.7601,1.7601,1.7601,0
1993-09-02,1.7680,1.7680,1.7680,1.7680,0
1993-09-03,1.7823,1.7823,1.7823,1.7823,0
1993-09-07,1.7934,1.7934,1.7934,1.7934,0
1993-09-08,1.7950,1.7950,1.7950,1.7950,0
1993-09-09,1.7744,1.7744,1.7744,1.7744,0
1993-09-10,1.7871,1.7871,1.7871,1.7871,0
1993-09-13,1.7919,1.7919,1.7919,1.7919,0
1993-09-14,1.7696,1.7696,1.7696,1.7696,0
1993-09-15,1.7632,1.7632,1.7632,1.7632,0
1993-09-16,1.7664,1.7664,1.7664,1.7664,0
1993-09-17,1.7616,1.7616,1.7616,1.7616,0
1993-09-20,1.7537,1.7537,1.7537,1.7537,0
1993-09-21,1.7410,1.7410,1.7410,1.7410,0
1993-09-22,1.7489,1.7489,1.7489,1.7489,0
1993-09-23,1.7521,1.7521,1.7521,1.7521,0
1993-09-24,1.7537,1.7537,1.7537,1.7537,0
1993-09-27,1.7712,1.7712,1.7712,1.7712,0
1993-09-28,1.7760,1.7760,1.7760,1.7760,0
1993-09-29,1.7632,1.7632,1.7632,1.7632,0
1993-09-30,1.7658,1.7658,1.7658,1.7658,0
1993-10-01,1.7754,1.7754,1.7754,1.7754,0
1993-10-04,1.7738,1.7738,1.7738,1.7738,0
1993-10-05,1.7722,1.7722,1.7722,1.7722,0
1993-10-06,1.7722,1.7722,1.7722,1.7722,0
1993-10-07,1.7738,1.7738,1.7738,1.7738,0
1993-10-08,1.7914,1.7914,1.7914,1.7914,0
1993-10-11,1.7914,1.7914,1.7914,1.7914,0
1993-10-12,1.7914,1.7914,1.7914,1.7914,0
1993-10-13,1.7898,1.7898,1.7898,1.7898,0
1993-10-14,1.8025,1.8025,1.8025,1.8025,0
1993-10-15,1.8121,1.8121,1.8121,1.8121,0
1993-10-18,1.7978,1.7978,1.7978,1.7978,0
1993-10-19,1.7993,1.7993,1.7993,1.7993,0
1993-10-20,1.8025,1.8025,1.8025,1.8025,0
1993-10-21,1.7850,1.7850,1.7850,1.7850,0
1993-10-22,1.7722,1.7722,1.7722,1.7722,0
1993-10-25,1.7658,1.7658,1.7658,1.7658,0
1993-10-26,1.7690,1.7690,1.7690,1.7690,0
1993-10-27,1.7658,1.7658,1.7658,1.7658,0
1993-10-28,1.7690,1.7690,1.7690,1.7690,0
1993-10-29,1.7767,1.7767,1.7767,1.7767,0
1993-11-01,1.7606,1.7606,1.7606,1.7606,0
1993-11-02,1.7494,1.7494,1.7494,1.7494,0
1993-11-03,1.7414,1.7414,1.7414,1.7414,0
1993-11-04,1.7317,1.7317,1.7317,1.7317,0
1993-11-05,1.7269,1.7269,1.7269,1.7269,0
1993-11-08,1.7333,1.7333,1.7333,1.7333,0
1993-11-09,1.7446,1.7446,1.7446,1.7446,0
1993-11-10,1.7349,1.7349,1.7349,1.7349,0
1993-11-11,1.7333,1.7333,1.7333,1.7333,0
1993-11-12,1.7446,1.7446,1.7446,1.7446,0
1993-11-15,1.7414,1.7414,1.7414,1.7414,0
1993-11-16,1.7414,1.7414,1.7414,1.7414,0
1993-11-17,1.7397,1.7397,1.7397,1.7397,0
1993-11-18,1.7333,1.7333,1.7333,1.7333,0
1993-11-19,1.7157,1.7157,1.7157,1.7157,0
1993-11-22,1.7092,1.7092,1.7092,1.7092,0
1993-11-23,1.7221,1.7221,1.7221,1.7221,0
1993-11-24,1.7205,1.7205,1.7205,1.7205,0
1993-11-26,1.7269,1.7269,1.7269,1.7269,0
1993-11-29,1.7349,1.7349,1.7349,1.7349,0
1993-11-30,1.7327,1.7327,1.7327,1.7327,0
1993-12-01,1.7375,1.7375,1.7375,1.7375,0
1993-12-02,1.7407,1.7407,1.7407,1.7407,0
1993-12-03,1.7424,1.7424,1.7424,1.7424,0
1993-12-06,1.7601,1.7601,1.7601,1.7601,0
1993-12-07,1.7617,1.7617,1.7617,1.7617,0
1993-12-08,1.7601,1.7601,1.7601,1.7601,0
1993-12-09,1.7634,1.7634,1.7634,1.7634,0
1993-12-10,1.7520,1.7520,1.7520,1.7520,0
1993-12-13,1.7440,1.7440,1.7440,1.7440,0
1993-12-14,1.7343,1.7343,1.7343,1.7343,0
1993-12-15,1.7327,1.7327,1.7327,1.7327,0
1993-12-16,1.7311,1.7311,1.7311,1.7311,0
1993-12-17,1.7343,1.7343,1.7343,1.7343,0
1993-12-20,1.7327,1.7327,1.7327,1.7327,0
1993-12-21,1.7311,1.7311,1.7311,1.7311,0
1993-12-22,1.7488,1.7488,1.7488,1.7488,0
1993-12-23,1.7520,1.7520,1.7520,1.7520,0
1993-12-27,1.7504,1.7504,1.7504,1.7504,0
1993-12-28,1.7504,1.7504,1.7504,1.7504,0
1993-12-29,1.7472,1.7472,1.7472,1.7472,0
1993-12-30,1.7311,1.7311,1.7311,1.7311,0
1993-12-31,1.7401,1.7401,1.7401,1.7401,0
1994-01-03,1.7286,1.7286,1.7286,1.7286,0
1994-01-04,1.7352,1.7352,1.7352,1.7352,0
1994-01-05,1.7286,1.7286,1.7286,1.7286,0
1994-01-06,1.7385,1.7385,1.7385,1.7385,0
1994-01-07,1.7615,1.7615,1.7615,1.7615,0
1994-01-10,1.7632,1.7632,1.7632,1.7632,0
1994-01-11,1.7615,1.7615,1.7615,1.7615,0
1994-01-12,1.7730,1.7730,1.7730,1.7730,0
1994-01-13,1.7566,1.7566,1.7566,1.7566,0
1994-01-14,1.7516,1.7516,1.7516,1.7516,0
1994-01-17,1.7500,1.7500,1.7500,1.7500,0
1994-01-18,1.7566,1.7566,1.7566,1.7566,0
1994-01-19,1.7533,1.7533,1.7533,1.7533,0
1994-01-20,1.7599,1.7599,1.7599,1.7599,0
1994-01-21,1.7582,1.7582,1.7582,1.7582,0
1994-01-24,1.7566,1.7566,1.7566,1.7566,0
1994-01-25,1.7500,1.7500,1.7500,1.7500,0
1994-01-26,1.7549,1.7549,1.7549,1.7549,0
1994-01-27,1.7632,1.7632,1.7632,1.7632,0
1994-01-28,1.7730,1.7730,1.7730,1.7730,0
1994-01-31,1.7790,1.7790,1.7790,1.7790,0
1994-02-01,1.7658,1.7658,1.7658,1.7658,0
1994-02-02,1.7691,1.7691,1.7691,1.7691,0
1994-02-03,1.7624,1.7624,1.7624,1.7624,0
1994-02-04,1.7492,1.7492,1.7492,1.7492,0
1994-02-07,1.7442,1.7442,1.7442,1.7442,0
1994-02-08,1.7376,1.7376,1.7376,1.7376,0
1994-02-09,1.7409,1.7409,1.7409,1.7409,0
1994-02-10,1.7393,1.7393,1.7393,1.7393,0
1994-02-11,1.7442,1.7442,1.7442,1.7442,0
1994-02-14,1.7409,1.7409,1.7409,1.7409,0
1994-02-15,1.7393,1.7393,1.7393,1.7393,0
1994-02-16,1.7376,1.7376,1.7376,1.7376,0
1994-02-17,1.7227,1.7227,1.7227,1.7227,0
1994-02-18,1.7095,1.7095,1.7095,1.7095,0
1994-02-22,1.7161,1.7161,1.7161,1.7161,0
1994-02-23,1.7062,1.7062,1.7062,1.7062,0
1994-02-24,1.6913,1.6913,1.6913,1.6913,0
1994-02-25,1.6896,1.6896,1.6896,1.6896,0
1994-02-28,1.7081,1.7081,1.7081,1.7081,0
1994-03-01,1.6898,1.6898,1.6898,1.6898,0
1994-03-02,1.6881,1.6881,1.6881,1.6881,0
1994-03-03,1.6815,1.6815,1.6815,1.6815,0
1994-03-04,1.6798,1.6798,1.6798,1.6798,0
1994-03-07,1.6865,1.6865,1.6865,1.6865,0
1994-03-08,1.6782,1.6782,1.6782,1.6782,0
1994-03-09,1.6798,1.6798,1.6798,1.6798,0
1994-03-10,1.6648,1.6648,1.6648,1.6648,0
1994-03-11,1.6698,1.6698,1.6698,1.6698,0
1994-03-14,1.6648,1.6648,1.6648,1.6648,0
1994-03-15,1.6698,1.6698,1.6698,1.6698,0
1994-03-16,1.6815,1.6815,1.6815,1.6815,0
1994-03-17,1.6815,1.6815,1.6815,1.6815,0
1994-03-18,1.6682,1.6682,1.6682,1.6682,0
1994-03-21,1.6632,1.6632,1.6632,1.6632,0
1994-03-22,1.6765,1.6765,1.6765,1.6765,0
1994-03-23,1.6748,1.6748,1.6748,1.6748,0
1994-03-24,1.6582,1.6582,1.6582,1.6582,0
1994-03-25,1.6515,1.6515,1.6515,1.6515,0
1994-03-28,1.6549,1.6549,1.6549,1.6549,0
1994-03-29,1.6399,1.6399,1.6399,1.6399,0
1994-03-30,1.6332,1.6332,1.6332,1.6332,0
1994-03-31,1.6428,1.6428,1.6428,1.6428,0
1994-04-04,1.5941,1.5941,1.5941,1.5941,0
1994-04-05,1.6126,1.6126,1.6126,1.6126,0
1994-04-06,1.6210,1.6210,1.6210,1.6210,0
1994-04-07,1.6277,1.6277,1.6277,1.6277,0
1994-04-08,1.6176,1.6176,1.6176,1.6176,0
1994-04-11,1.6227,1.6227,1.6227,1.6227,0
1994-04-12,1.6277,1.6277,1.6277,1.6277,0
1994-04-13,1.6193,1.6193,1.6193,1.6193,0
1994-04-14,1.6159,1.6159,1.6159,1.6159,0
1994-04-15,1.6159,1.6159,1.6159,1.6159,0
1994-04-18,1.5991,1.5991,1.5991,1.5991,0
1994-04-19,1.6025,1.6025,1.6025,1.6025,0
1994-04-20,1.6109,1.6109,1.6109,1.6109,0
1994-04-21,1.6277,1.6277,1.6277,1.6277,0
1994-04-22,1.6260,1.6260,1.6260,1.6260,0
1994-04-25,1.6378,1.6378,1.6378,1.6378,0
1994-04-26,1.6428,1.6428,1.6428,1.6428,0
1994-04-28,1.6193,1.6193,1.6193,1.6193,0
1994-04-29,1.6217,1.6217,1.6217,1.6217,0
1994-05-02,1.6217,1.6217,1.6217,1.6217,0
1994-05-03,1.6166,1.6166,1.6166,1.6166,0
1994-05-04,1.6166,1.6166,1.6166,1.6166,0
1994-05-05,1.6200,1.6200,1.6200,1.6200,0
1994-05-06,1.5913,1.5913,1.5913,1.5913,0
1994-05-09,1.5794,1.5794,1.5794,1.5794,0
1994-05-10,1.5980,1.5980,1.5980,1.5980,0
1994-05-11,1.5828,1.5828,1.5828,1.5828,0
1994-05-12,1.5879,1.5879,1.5879,1.5879,0
1994-05-13,1.5980,1.5980,1.5980,1.5980,0
1994-05-16,1.6014,1.6014,1.6014,1.6014,0
1994-05-17,1.6318,1.6318,1.6318,1.6318,0
1994-05-18,1.6284,1.6284,1.6284,1.6284,0
1994-05-19,1.6352,1.6352,1.6352,1.6352,0
1994-05-20,1.6250,1.6250,1.6250,1.6250,0
1994-05-23,1.6031,1.6031,1.6031,1.6031,0
1994-05-24,1.6082,1.6082,1.6082,1.6082,0
1994-05-25,1.6132,1.6132,1.6132,1.6132,0
1994-05-26,1.6149,1.6149,1.6149,1.6149,0
1994-05-27,1.6115,1.6115,1.6115,1.6115,0
1994-05-31,1.6141,1.6141,1.6141,1.6141,0
1994-06-01,1.6209,1.6209,1.6209,1.6209,0
1994-06-02,1.6277,1.6277,1.6277,1.6277,0
1994-06-03,1.6413,1.6413,1.6413,1.6413,0
1994-06-06,1.6498,1.6498,1.6498,1.6498,0
1994-06-07,1.6430,1.6430,1.6430,1.6430,0
1994-06-08,1.6413,1.6413,1.6413,1.6413,0
1994-06-09,1.6396,1.6396,1.6396,1.6396,0
1994-06-10,1.6345,1.6345,1.6345,1.6345,0
1994-06-13,1.6277,1.6277,1.6277,1.6277,0
1994-06-14,1.6362,1.6362,1.6362,1.6362,0
1994-06-15,1.6209,1.6209,1.6209,1.6209,0
1994-06-16,1.6260,1.6260,1.6260,1.6260,0
1994-06-17,1.6141,1.6141,1.6141,1.6141,0
1994-06-20,1.6141,1.6141,1.6141,1.6141,0
1994-06-21,1.6073,1.6073,1.6073,1.6073,0
1994-06-22,1.6209,1.6209,1.6209,1.6209,0
1994-06-23,1.6226,1.6226,1.6226,1.6226,0
1994-06-24,1.6056,1.6056,1.6056,1.6056,0
1994-06-27,1.6056,1.6056,1.6056,1.6056,0
1994-06-28,1.6056,1.6056,1.6056,1.6056,0
1994-06-29,1.6056,1.6056,1.6056,1.6056,0
1994-06-30,1.6010,1.6010,1.6010,1.6010,0
1994-07-01,1.6027,1.6027,1.6027,1.6027,0
1994-07-05,1.6044,1.6044,1.6044,1.6044,0
1994-07-06,1.6027,1.6027,1.6027,1.6027,0
1994-07-07,1.6044,1.6044,1.6044,1.6044,0
1994-07-08,1.5907,1.5907,1.5907,1.5907,0
1994-07-11,1.5856,1.5856,1.5856,1.5856,0
1994-07-12,1.5924,1.5924,1.5924,1.5924,0
1994-07-13,1.5941,1.5941,1.5941,1.5941,0
1994-07-14,1.6146,1.6146,1.6146,1.6146,0
1994-07-15,1.6146,1.6146,1.6146,1.6146,0
1994-07-18,1.6146,1.6146,1.6146,1.6146,0
1994-07-19,1.6266,1.6266,1.6266,1.6266,0
1994-07-20,1.6146,1.6146,1.6146,1.6146,0
1994-07-21,1.6129,1.6129,1.6129,1.6129,0
1994-07-22,1.6129,1.6129,1.6129,1.6129,0
1994-07-25,1.6164,1.6164,1.6164,1.6164,0
1994-07-26,1.6146,1.6146,1.6146,1.6146,0
1994-07-27,1.6078,1.6078,1.6078,1.6078,0
1994-07-28,1.6146,1.6146,1.6146,1.6146,0
1994-07-29,1.6482,1.6482,1.6482,1.6482,0
1994-08-01,1.6482,1.6482,1.6482,1.6482,0
1994-08-02,1.6464,1.6464,1.6464,1.6464,0
1994-08-03,1.6516,1.6516,1.6516,1.6516,0
1994-08-04,1.6464,1.6464,1.6464,1.6464,0
1994-08-05,1.6258,1.6258,1.6258,1.6258,0
1994-08-08,1.6275,1.6275,1.6275,1.6275,0
1994-08-09,1.6207,1.6207,1.6207,1.6207,0
1994-08-10,1.6207,1.6207,1.6207,1.6207,0
1994-08-11,1.6103,1.6103,1.6103,1.6103,0
1994-08-12,1.6189,1.6189,1.6189,1.6189,0
1994-08-15,1.6172,1.6172,1.6172,1.6172,0
1994-08-16,1.6327,1.6327,1.6327,1.6327,0
1994-08-17,1.6344,1.6344,1.6344,1.6344,0
1994-08-18,1.6172,1.6172,1.6172,1.6172,0
1994-08-19,1.6189,1.6189,1.6189,1.6189,0
1994-08-22,1.6103,1.6103,1.6103,1.6103,0
1994-08-23,1.6121,1.6121,1.6121,1.6121,0
1994-08-24,1.6241,1.6241,1.6241,1.6241,0
1994-08-25,1.6138,1.6138,1.6138,1.6138,0
1994-08-26,1.6207,1.6207,1.6207,1.6207,0
1994-08-29,1.6189,1.6189,1.6189,1.6189,0
1994-08-30,1.6258,1.6258,1.6258,1.6258,0
1994-08-31,1.6372,1.6372,1.6372,1.6372,0
1994-09-01,1.6372,1.6372,1.6372,1.6372,0
1994-09-02,1.6320,1.6320,1.6320,1.6320,0
1994-09-06,1.6217,1.6217,1.6217,1.6217,0
1994-09-07,1.6165,1.6165,1.6165,1.6165,0
1994-09-08,1.6182,1.6182,1.6182,1.6182,0
1994-09-09,1.5940,1.5940,1.5940,1.5940,0
1994-09-12,1.5940,1.5940,1.5940,1.5940,0
1994-09-13,1.5975,1.5975,1.5975,1.5975,0
1994-09-14,1.6009,1.6009,1.6009,1.6009,0
1994-09-15,1.6061,1.6061,1.6061,1.6061,0
1994-09-16,1.5854,1.5854,1.5854,1.5854,0
1994-09-19,1.5905,1.5905,1.5905,1.5905,0
1994-09-20,1.5871,1.5871,1.5871,1.5871,0
1994-09-21,1.5819,1.5819,1.5819,1.5819,0
1994-09-22,1.5854,1.5854,1.5854,1.5854,0
1994-09-23,1.5836,1.5836,1.5836,1.5836,0
1994-09-26,1.5819,1.5819,1.5819,1.5819,0
1994-09-27,1.5767,1.5767,1.5767,1.5767,0
1994-09-28,1.5802,1.5802,1.5802,1.5802,0
1994-09-29,1.5750,1.5750,1.5750,1.5750,0
1994-09-30,1.5882,1.5882,1.5882,1.5882,0
1994-10-03,1.5812,1.5812,1.5812,1.5812,0
1994-10-04,1.5778,1.5778,1.5778,1.5778,0
1994-10-05,1.5691,1.5691,1.5691,1.5691,0
1994-10-06,1.5691,1.5691,1.5691,1.5691,0
1994-10-07,1.5743,1.5743,1.5743,1.5743,0
1994-10-10,1.5743,1.5743,1.5743,1.5743,0
1994-10-11,1.5812,1.5812,1.5812,1.5812,0
1994-10-12,1.5778,1.5778,1.5778,1.5778,0
1994-10-13,1.5865,1.5865,1.5865,1.5865,0
1994-10-14,1.5899,1.5899,1.5899,1.5899,0
1994-10-17,1.5882,1.5882,1.5882,1.5882,0
1994-10-18,1.5847,1.5847,1.5847,1.5847,0
1994-10-19,1.5812,1.5812,1.5812,1.5812,0
1994-10-20,1.5656,1.5656,1.5656,1.5656,0
1994-10-21,1.5673,1.5673,1.5673,1.5673,0
1994-10-24,1.5604,1.5604,1.5604,1.5604,0
1994-10-25,1.5586,1.5586,1.5586,1.5586,0
1994-10-26,1.5569,1.5569,1.5569,1.5569,0
1994-10-27,1.5604,1.5604,1.5604,1.5604,0
1994-10-28,1.5725,1.5725,1.5725,1.5725,0
1994-10-31,1.5827,1.5827,1.5827,1.5827,0
1994-11-01,1.5669,1.5669,1.5669,1.5669,0
1994-11-02,1.5617,1.5617,1.5617,1.5617,0
1994-11-03,1.5634,1.5634,1.5634,1.5634,0
1994-11-04,1.5529,1.5529,1.5529,1.5529,0
1994-11-07,1.5529,1.5529,1.5529,1.5529,0
1994-11-08,1.5564,1.5564,1.5564,1.5564,0
1994-11-09,1.5652,1.5652,1.5652,1.5652,0
1994-11-10,1.5582,1.5582,1.5582,1.5582,0
1994-11-11,1.5564,1.5564,1.5564,1.5564,0
1994-11-14,1.5652,1.5652,1.5652,1.5652,0
1994-11-15,1.5722,1.5722,1.5722,1.5722,0
1994-11-16,1.5634,1.5634,1.5634,1.5634,0
1994-11-17,1.5582,1.5582,1.5582,1.5582,0
1994-11-18,1.5599,1.5599,1.5599,1.5599,0
1994-11-21,1.5582,1.5582,1.5582,1.5582,0
1994-11-22,1.5634,1.5634,1.5634,1.5634,0
1994-11-23,1.5880,1.5880,1.5880,1.5880,0
1994-11-25,1.5915,1.5915,1.5915,1.5915,0
1994-11-28,1.5827,1.5827,1.5827,1.5827,0
1994-11-29,1.5740,1.5740,1.5740,1.5740,0
1994-11-30,1.5926,1.5926,1.5926,1.5926,0
1994-12-01,1.5891,1.5891,1.5891,1.5891,0
1994-12-02,1.6050,1.6050,1.6050,1.6050,0
1994-12-05,1.6014,1.6014,1.6014,1.6014,0
1994-12-06,1.6173,1.6173,1.6173,1.6173,0
1994-12-07,1.6067,1.6067,1.6067,1.6067,0
1994-12-08,1.6120,1.6120,1.6120,1.6120,0
1994-12-09,1.6120,1.6120,1.6120,1.6120,0
1994-12-12,1.6032,1.6032,1.6032,1.6032,0
1994-12-13,1.6120,1.6120,1.6120,1.6120,0
1994-12-14,1.6102,1.6102,1.6102,1.6102,0
1994-12-15,1.6102,1.6102,1.6102,1.6102,0
1994-12-16,1.6120,1.6120,1.6120,1.6120,0
1994-12-19,1.6138,1.6138,1.6138,1.6138,0
1994-12-20,1.6120,1.6120,1.6120,1.6120,0
1994-12-21,1.6138,1.6138,1.6138,1.6138,0
1994-12-22,1.6102,1.6102,1.6102,1.6102,0
1994-12-23,1.6173,1.6173,1.6173,1.6173,0
1994-12-27,1.6279,1.6279,1.6279,1.6279,0
1994-12-28,1.6155,1.6155,1.6155,1.6155,0
1994-12-29,1.6120,1.6120,1.6120,1.6120,0
1994-12-30,1.6184,1.6184,1.6184,1.6184,0
1995-01-03,1.6113,1.6113,1.6113,1.6113,0
1995-01-04,1.6238,1.6238,1.6238,1.6238,0
1995-01-05,1.6149,1.6149,1.6149,1.6149,0
1995-01-06,1.6202,1.6202,1.6202,1.6202,0
1995-01-09,1.6167,1.6167,1.6167,1.6167,0
1995-01-10,1.6202,1.6202,1.6202,1.6202,0
1995-01-11,1.6220,1.6220,1.6220,1.6220,0
1995-01-12,1.6167,1.6167,1.6167,1.6167,0
1995-01-13,1.6310,1.6310,1.6310,1.6310,0
1995-01-16,1.6327,1.6327,1.6327,1.6327,0
1995-01-17,1.6345,1.6345,1.6345,1.6345,0
1995-01-18,1.6345,1.6345,1.6345,1.6345,0
1995-01-19,1.6274,1.6274,1.6274,1.6274,0
1995-01-20,1.6167,1.6167,1.6167,1.6167,0
1995-01-23,1.6149,1.6149,1.6149,1.6149,0
1995-01-24,1.6113,1.6113,1.6113,1.6113,0
1995-01-25,1.6220,1.6220,1.6220,1.6220,0
1995-01-26,1.6274,1.6274,1.6274,1.6274,0
1995-01-27,1.6435,1.6435,1.6435,1.6435,0
1995-01-30,1.6417,1.6417,1.6417,1.6417,0
1995-01-31,1.6609,1.6609,1.6609,1.6609,0
1995-02-01,1.6501,1.6501,1.6501,1.6501,0
1995-02-02,1.6519,1.6519,1.6519,1.6519,0
1995-02-03,1.6735,1.6735,1.6735,1.6735,0
1995-02-06,1.6717,1.6717,1.6717,1.6717,0
1995-02-07,1.6699,1.6699,1.6699,1.6699,0
1995-02-08,1.6699,1.6699,1.6699,1.6699,0
1995-02-09,1.6645,1.6645,1.6645,1.6645,0
1995-02-10,1.6591,1.6591,1.6591,1.6591,0
1995-02-13,1.6609,1.6609,1.6609,1.6609,0
1995-02-14,1.6699,1.6699,1.6699,1.6699,0
1995-02-15,1.6771,1.6771,1.6771,1.6771,0
1995-02-16,1.6771,1.6771,1.6771,1.6771,0
1995-02-17,1.6735,1.6735,1.6735,1.6735,0
1995-02-21,1.6699,1.6699,1.6699,1.6699,0
1995-02-22,1.6825,1.6825,1.6825,1.6825,0
1995-02-23,1.6807,1.6807,1.6807,1.6807,0
1995-02-24,1.6825,1.6825,1.6825,1.6825,0
1995-02-27,1.6915,1.6915,1.6915,1.6915,0
1995-02-28,1.7064,1.7064,1.7064,1.7064,0
1995-03-01,1.7046,1.7046,1.7046,1.7046,0
1995-03-02,1.6973,1.6973,1.6973,1.6973,0
1995-03-03,1.6865,1.6865,1.6865,1.6865,0
1995-03-06,1.6810,1.6810,1.6810,1.6810,0
1995-03-07,1.6738,1.6738,1.6738,1.6738,0
1995-03-08,1.6883,1.6883,1.6883,1.6883,0
1995-03-09,1.6937,1.6937,1.6937,1.6937,0
1995-03-10,1.7028,1.7028,1.7028,1.7028,0
1995-03-13,1.7064,1.7064,1.7064,1.7064,0
1995-03-14,1.7227,1.7227,1.7227,1.7227,0
1995-03-15,1.7227,1.7227,1.7227,1.7227,0
1995-03-16,1.7227,1.7227,1.7227,1.7227,0
1995-03-17,1.7172,1.7172,1.7172,1.7172,0
1995-03-20,1.7136,1.7136,1.7136,1.7136,0
1995-03-21,1.7064,1.7064,1.7064,1.7064,0
1995-03-22,1.7028,1.7028,1.7028,1.7028,0
1995-03-23,1.7009,1.7009,1.7009,1.7009,0
1995-03-24,1.7172,1.7172,1.7172,1.7172,0
1995-03-27,1.7245,1.7245,1.7245,1.7245,0
1995-03-28,1.7118,1.7118,1.7118,1.7118,0
1995-03-29,1.7172,1.7172,1.7172,1.7172,0
1995-03-30,1.7100,1.7100,1.7100,1.7100,0
1995-03-31,1.7187,1.7187,1.7187,1.7187,0
1995-04-03,1.7297,1.7297,1.7297,1.7297,0
1995-04-04,1.7297,1.7297,1.7297,1.7297,0
1995-04-05,1.7297,1.7297,1.7297,1.7297,0
1995-04-06,1.7333,1.7333,1.7333,1.7333,0
1995-04-07,1.7260,1.7260,1.7260,1.7260,0
1995-04-10,1.7260,1.7260,1.7260,1.7260,0
1995-04-11,1.7297,1.7297,1.7297,1.7297,0
1995-04-12,1.7333,1.7333,1.7333,1.7333,0
1995-04-13,1.7369,1.7369,1.7369,1.7369,0
1995-04-17,1.7315,1.7315,1.7315,1.7315,0
1995-04-18,1.7297,1.7297,1.7297,1.7297,0
1995-04-19,1.7315,1.7315,1.7315,1.7315,0
1995-04-20,1.7369,1.7369,1.7369,1.7369,0
1995-04-21,1.7388,1.7388,1.7388,1.7388,0
1995-04-24,1.7424,1.7424,1.7424,1.7424,0
1995-04-25,1.7424,1.7424,1.7424,1.7424,0
1995-04-26,1.7424,1.7424,1.7424,1.7424,0
1995-04-27,1.7388,1.7388,1.7388,1.7388,0
1995-04-28,1.7472,1.7472,1.7472,1.7472,0
1995-05-01,1.7454,1.7454,1.7454,1.7454,0
1995-05-02,1.7508,1.7508,1.7508,1.7508,0
1995-05-03,1.7637,1.7637,1.7637,1.7637,0
1995-05-04,1.7802,1.7802,1.7802,1.7802,0
1995-05-05,1.8021,1.8021,1.8021,1.8021,0
1995-05-08,1.8040,1.8040,1.8040,1.8040,0
1995-05-09,1.8186,1.8186,1.8186,1.8186,0
1995-05-10,1.8113,1.8113,1.8113,1.8113,0
1995-05-11,1.8076,1.8076,1.8076,1.8076,0
1995-05-12,1.8076,1.8076,1.8076,1.8076,0
1995-05-15,1.8186,1.8186,1.8186,1.8186,0
1995-05-16,1.8314,1.8314,1.8314,1.8314,0
1995-05-17,1.8314,1.8314,1.8314,1.8314,0
1995-05-18,1.8223,1.8223,1.8223,1.8223,0
1995-05-19,1.8241,1.8241,1.8241,1.8241,0
1995-05-22,1.8223,1.8223,1.8223,1.8223,0
1995-05-23,1.8296,1.8296,1.8296,1.8296,0
1995-05-24,1.8516,1.8516,1.8516,1.8516,0
1995-05-25,1.8571,1.8571,1.8571,1.8571,0
1995-05-26,1.8516,1.8516,1.8516,1.8516,0
1995-05-30,1.8681,1.8681,1.8681,1.8681,0
1995-05-31,1.8787,1.8787,1.8787,1.8787,0
1995-06-01,1.8898,1.8898,1.8898,1.8898,0
1995-06-02,1.9082,1.9082,1.9082,1.9082,0
1995-06-05,1.9101,1.9101,1.9101,1.9101,0
1995-06-06,1.9119,1.9119,1.9119,1.9119,0
1995-06-07,1.9008,1.9008,1.9008,1.9008,0
1995-06-08,1.8935,1.8935,1.8935,1.8935,0
1995-06-09,1.8640,1.8640,1.8640,1.8640,0
1995-06-12,1.8695,1.8695,1.8695,1.8695,0
1995-06-13,1.9027,1.9027,1.9027,1.9027,0
1995-06-14,1.8990,1.8990,1.8990,1.8990,0
1995-06-15,1.8916,1.8916,1.8916,1.8916,0
1995-06-16,1.8898,1.8898,1.8898,1.8898,0
1995-06-19,1.9027,1.9027,1.9027,1.9027,0
1995-06-20,1.8972,1.8972,1.8972,1.8972,0
1995-06-21,1.9045,1.9045,1.9045,1.9045,0
1995-06-22,1.9193,1.9193,1.9193,1.9193,0
1995-06-23,1.9137,1.9137,1.9137,1.9137,0
1995-06-26,1.9064,1.9064,1.9064,1.9064,0
1995-06-27,1.9027,1.9027,1.9027,1.9027,0
1995-06-28,1.9101,1.9101,1.9101,1.9101,0
1995-06-29,1.8861,1.8861,1.8861,1.8861,0
1995-06-30,1.9000,1.9000,1.9000,1.9000,0
1995-07-03,1.9000,1.9000,1.9000,1.9000,0
1995-07-05,1.9056,1.9056,1.9056,1.9056,0
1995-07-06,1.9259,1.9259,1.9259,1.9259,0
1995-07-07,1.9259,1.9259,1.9259,1.9259,0
1995-07-10,1.9278,1.9278,1.9278,1.9278,0
1995-07-11,1.9167,1.9167,1.9167,1.9167,0
1995-07-12,1.9204,1.9204,1.9204,1.9204,0
1995-07-13,1.9204,1.9204,1.9204,1.9204,0
1995-07-14,1.9130,1.9130,1.9130,1.9130,0
1995-07-17,1.8963,1.8963,1.8963,1.8963,0
1995-07-18,1.8852,1.8852,1.8852,1.8852,0
1995-07-19,1.8574,1.8574,1.8574,1.8574,0
1995-07-20,1.8574,1.8574,1.8574,1.8574,0
1995-07-21,1.8407,1.8407,1.8407,1.8407,0
1995-07-24,1.8556,1.8556,1.8556,1.8556,0
1995-07-25,1.8648,1.8648,1.8648,1.8648,0
1995-07-26,1.8556,1.8556,1.8556,1.8556,0
1995-07-27,1.8667,1.8667,1.8667,1.8667,0
1995-07-28,1.8556,1.8556,1.8556,1.8556,0
1995-07-31,1.8736,1.8736,1.8736,1.8736,0
1995-08-01,1.8624,1.8624,1.8624,1.8624,0
1995-08-02,1.8736,1.8736,1.8736,1.8736,0
1995-08-03,1.8587,1.8587,1.8587,1.8587,0
1995-08-04,1.8643,1.8643,1.8643,1.8643,0
1995-08-07,1.8680,1.8680,1.8680,1.8680,0
1995-08-08,1.8699,1.8699,1.8699,1.8699,0
1995-08-09,1.8606,1.8606,1.8606,1.8606,0
1995-08-10,1.8531,1.8531,1.8531,1.8531,0
1995-08-11,1.8420,1.8420,1.8420,1.8420,0
1995-08-14,1.8401,1.8401,1.8401,1.8401,0
1995-08-15,1.8513,1.8513,1.8513,1.8513,0
1995-08-16,1.8569,1.8569,1.8569,1.8569,0
1995-08-17,1.8550,1.8550,1.8550,1.8550,0
1995-08-18,1.8569,1.8569,1.8569,1.8569,0
1995-08-21,1.8606,1.8606,1.8606,1.8606,0
1995-08-22,1.8569,1.8569,1.8569,1.8569,0
1995-08-23,1.8513,1.8513,1.8513,1.8513,0
1995-08-24,1.8662,1.8662,1.8662,1.8662,0
1995-08-25,1.8922,1.8922,1.8922,1.8922,0
1995-08-28,1.8904,1.8904,1.8904,1.8904,0
1995-08-29,1.8904,1.8904,1.8904,1.8904,0
1995-08-30,1.8941,1.8941,1.8941,1.8941,0
1995-08-31,1.9123,1.9123,1.9123,1.9123,0
1995-09-01,1.9235,1.9235,1.9235,1.9235,0
1995-09-05,1.9329,1.9329,1.9329,1.9329,0
1995-09-06,1.9329,1.9329,1.9329,1.9329,0
1995-09-07,1.9254,1.9254,1.9254,1.9254,0
1995-09-08,1.9254,1.9254,1.9254,1.9254,0
1995-09-11,1.9235,1.9235,1.9235,1.9235,0
1995-09-12,1.9385,1.9385,1.9385,1.9385,0
1995-09-13,1.9310,1.9310,1.9310,1.9310,0
1995-09-14,1.9441,1.9441,1.9441,1.9441,0
1995-09-15,1.9404,1.9404,1.9404,1.9404,0
1995-09-18,1.9310,1.9310,1.9310,1.9310,0
1995-09-19,1.9348,1.9348,1.9348,1.9348,0
1995-09-20,1.9422,1.9422,1.9422,1.9422,0
1995-09-21,1.9254,1.9254,1.9254,1.9254,0
1995-09-22,1.9179,1.9179,1.9179,1.9179,0
1995-09-25,1.9198,1.9198,1.9198,1.9198,0
1995-09-26,1.9179,1.9179,1.9179,1.9179,0
1995-09-27,1.9160,1.9160,1.9160,1.9160,0
1995-09-28,1.9160,1.9160,1.9160,1.9160,0
1995-09-29,1.9471,1.9471,1.9471,1.9471,0
1995-10-02,1.9509,1.9509,1.9509,1.9509,0
1995-10-03,1.9565,1.9565,1.9565,1.9565,0
1995-10-04,1.9640,1.9640,1.9640,1.9640,0
1995-10-05,1.9659,1.9659,1.9659,1.9659,0
1995-10-06,1.9678,1.9678,1.9678,1.9678,0
1995-10-09,1.9697,1.9697,1.9697,1.9697,0
1995-10-10,1.9678,1.9678,1.9678,1.9678,0
1995-10-11,1.9678,1.9678,1.9678,1.9678,0
1995-10-12,1.9753,1.9753,1.9753,1.9753,0
1995-10-13,1.9979,1.9979,1.9979,1.9979,0
1995-10-16,1.9923,1.9923,1.9923,1.9923,0
1995-10-17,1.9961,1.9961,1.9961,1.9961,0
1995-10-18,1.9923,1.9923,1.9923,1.9923,0
1995-10-19,1.9961,1.9961,1.9961,1.9961,0
1995-10-20,1.9848,1.9848,1.9848,1.9848,0
1995-10-23,1.9810,1.9810,1.9810,1.9810,0
1995-10-24,1.9942,1.9942,1.9942,1.9942,0
1995-10-25,1.9942,1.9942,1.9942,1.9942,0
1995-10-26,1.9829,1.9829,1.9829,1.9829,0
1995-10-27,1.9866,1.9866,1.9866,1.9866,0
1995-10-30,1.9885,1.9885,1.9885,1.9885,0
1995-10-31,2.0050,2.0050,2.0050,2.0050,0
1995-11-01,2.0126,2.0126,2.0126,2.0126,0
1995-11-02,2.0201,2.0201,2.0201,2.0201,0
1995-11-03,2.0164,2.0164,2.0164,2.0164,0
1995-11-06,2.0145,2.0145,2.0145,2.0145,0
1995-11-07,2.0088,2.0088,2.0088,2.0088,0
1995-11-08,2.0220,2.0220,2.0220,2.0220,0
1995-11-09,2.0126,2.0126,2.0126,2.0126,0
1995-11-10,2.0031,2.0031,2.0031,2.0031,0
1995-11-13,2.0145,2.0145,2.0145,2.0145,0
1995-11-14,2.0107,2.0107,2.0107,2.0107,0
1995-11-15,2.0050,2.0050,2.0050,2.0050,0
1995-11-16,2.0145,2.0145,2.0145,2.0145,0
1995-11-17,2.0182,2.0182,2.0182,2.0182,0
1995-11-20,2.0126,2.0126,2.0126,2.0126,0
1995-11-21,2.0088,2.0088,2.0088,2.0088,0
1995-11-22,2.0088,2.0088,2.0088,2.0088,0
1995-11-24,2.0145,2.0145,2.0145,2.0145,0
1995-11-27,2.0220,2.0220,2.0220,2.0220,0
1995-11-28,2.0201,2.0201,2.0201,2.0201,0
1995-11-29,2.0239,2.0239,2.0239,2.0239,0
1995-11-30,2.0515,2.0515,2.0515,2.0515,0
1995-12-01,2.0591,2.0591,2.0591,2.0591,0
1995-12-04,2.0801,2.0801,2.0801,2.0801,0
1995-12-05,2.0744,2.0744,2.0744,2.0744,0
1995-12-06,2.0744,2.0744,2.0744,2.0744,0
1995-12-07,2.0667,2.0667,2.0667,2.0667,0
1995-12-08,2.0686,2.0686,2.0686,2.0686,0
1995-12-11,2.0725,2.0725,2.0725,2.0725,0
1995-12-12,2.0706,2.0706,2.0706,2.0706,0
1995-12-13,2.0667,2.0667,2.0667,2.0667,0
1995-12-14,2.0648,2.0648,2.0648,2.0648,0
1995-12-15,2.0629,2.0629,2.0629,2.0629,0
1995-12-18,2.0401,2.0401,2.0401,2.0401,0
1995-12-19,2.0572,2.0572,2.0572,2.0572,0
1995-12-20,2.0572,2.0572,2.0572,2.0572,0
1995-12-21,2.0572,2.0572,2.0572,2.0572,0
1995-12-22,2.0686,2.0686,2.0686,2.0686,0
1995-12-26,2.0725,2.0725,2.0725,2.0725,0
1995-12-27,2.0801,2.0801,2.0801,2.0801,0
1995-12-28,2.0858,2.0858,2.0858,2.0858,0
1995-12-29,2.1075,2.1075,2.1075,2.1075,0
1996-01-02,2.1035,2.1035,2.1035,2.1035,0
1996-01-03,2.1075,2.1075,2.1075,2.1075,0
1996-01-04,2.0918,2.0918,2.0918,2.0918,0
1996-01-05,2.0860,2.0860,2.0860,2.0860,0
1996-01-08,2.0879,2.0879,2.0879,2.0879,0
1996-01-09,2.0821,2.0821,2.0821,2.0821,0
1996-01-10,2.0606,2.0606,2.0606,2.0606,0
1996-01-11,2.0606,2.0606,2.0606,2.0606,0
1996-01-12,2.0645,2.0645,2.0645,2.0645,0
1996-01-15,2.0645,2.0645,2.0645,2.0645,0
1996-01-16,2.0801,2.0801,2.0801,2.0801,0
1996-01-17,2.0957,2.0957,2.0957,2.0957,0
1996-01-18,2.1016,2.1016,2.1016,2.1016,0
1996-01-19,2.1055,2.1055,2.1055,2.1055,0
1996-01-22,2.0879,2.0879,2.0879,2.0879,0
1996-01-23,2.0782,2.0782,2.0782,2.0782,0
1996-01-24,2.0918,2.0918,2.0918,2.0918,0
1996-01-25,2.0723,2.0723,2.0723,2.0723,0
1996-01-26,2.0879,2.0879,2.0879,2.0879,0
1996-01-29,2.0782,2.0782,2.0782,2.0782,0
1996-01-30,2.0899,2.0899,2.0899,2.0899,0
1996-01-31,2.1064,2.1064,2.1064,2.1064,0
1996-02-01,2.0946,2.0946,2.0946,2.0946,0
1996-02-02,2.0808,2.0808,2.0808,2.0808,0
1996-02-05,2.0789,2.0789,2.0789,2.0789,0
1996-02-06,2.0828,2.0828,2.0828,2.0828,0
1996-02-07,2.0808,2.0808,2.0808,2.0808,0
1996-02-08,2.0789,2.0789,2.0789,2.0789,0
1996-02-09,2.0808,2.0808,2.0808,2.0808,0
1996-02-12,2.0926,2.0926,2.0926,2.0926,0
1996-02-13,2.0946,2.0946,2.0946,2.0946,0
1996-02-14,2.0848,2.0848,2.0848,2.0848,0
1996-02-15,2.0691,2.0691,2.0691,2.0691,0
1996-02-16,2.0514,2.0514,2.0514,2.0514,0
1996-02-20,2.0141,2.0141,2.0141,2.0141,0
1996-02-21,2.0161,2.0161,2.0161,2.0161,0
1996-02-22,2.0239,2.0239,2.0239,2.0239,0
1996-02-23,2.0082,2.0082,2.0082,2.0082,0
1996-02-26,2.0004,2.0004,2.0004,2.0004,0
1996-02-27,1.9945,1.9945,1.9945,1.9945,0
1996-02-28,1.9925,1.9925,1.9925,1.9925,0
1996-02-29,2.0026,2.0026,2.0026,2.0026,0
1996-03-01,2.0243,2.0243,2.0243,2.0243,0
1996-03-04,2.0341,2.0341,2.0341,2.0341,0
1996-03-05,2.0243,2.0243,2.0243,2.0243,0
1996-03-06,2.0105,2.0105,2.0105,2.0105,0
1996-03-07,2.0065,2.0065,2.0065,2.0065,0
1996-03-08,1.9473,1.9473,1.9473,1.9473,0
1996-03-11,1.9690,1.9690,1.9690,1.9690,0
1996-03-12,1.9611,1.9611,1.9611,1.9611,0
1996-03-13,1.9532,1.9532,1.9532,1.9532,0
1996-03-14,1.9552,1.9552,1.9552,1.9552,0
1996-03-15,1.9394,1.9394,1.9394,1.9394,0
1996-03-18,1.9473,1.9473,1.9473,1.9473,0
1996-03-19,1.9473,1.9473,1.9473,1.9473,0
1996-03-20,1.9592,1.9592,1.9592,1.9592,0
1996-03-21,1.9671,1.9671,1.9671,1.9671,0
1996-03-22,1.9592,1.9592,1.9592,1.9592,0
1996-03-25,1.9749,1.9749,1.9749,1.9749,0
1996-03-26,1.9730,1.9730,1.9730,1.9730,0
1996-03-27,1.9513,1.9513,1.9513,1.9513,0
1996-03-28,1.9375,1.9375,1.9375,1.9375,0
1996-03-29,1.9631,1.9631,1.9631,1.9631,0
1996-04-01,1.9671,1.9671,1.9671,1.9671,0
1996-04-02,1.9770,1.9770,1.9770,1.9770,0
1996-04-03,1.9730,1.9730,1.9730,1.9730,0
1996-04-04,1.9651,1.9651,1.9651,1.9651,0
1996-04-08,1.9154,1.9154,1.9154,1.9154,0
1996-04-09,1.9273,1.9273,1.9273,1.9273,0
1996-04-10,1.9134,1.9134,1.9134,1.9134,0
1996-04-11,1.9035,1.9035,1.9035,1.9035,0
1996-04-12,1.9333,1.9333,1.9333,1.9333,0
1996-04-15,1.9393,1.9393,1.9393,1.9393,0
1996-04-16,1.9412,1.9412,1.9412,1.9412,0
1996-04-17,1.9293,1.9293,1.9293,1.9293,0
1996-04-18,1.9234,1.9234,1.9234,1.9234,0
1996-04-19,1.9333,1.9333,1.9333,1.9333,0
1996-04-22,1.9412,1.9412,1.9412,1.9412,0
1996-04-23,1.9373,1.9373,1.9373,1.9373,0
1996-04-24,1.9313,1.9313,1.9313,1.9313,0
1996-04-25,1.9313,1.9313,1.9313,1.9313,0
1996-04-26,1.9373,1.9373,1.9373,1.9373,0
1996-04-29,1.9293,1.9293,1.9293,1.9293,0
1996-04-30,1.9281,1.9281,1.9281,1.9281,0
1996-05-01,1.9281,1.9281,1.9281,1.9281,0
1996-05-02,1.8981,1.8981,1.8981,1.8981,0
1996-05-03,1.8842,1.8842,1.8842,1.8842,0
1996-05-06,1.8922,1.8922,1.8922,1.8922,0
1996-05-07,1.8902,1.8902,1.8902,1.8902,0
1996-05-08,1.9061,1.9061,1.9061,1.9061,0
1996-05-09,1.8981,1.8981,1.8981,1.8981,0
1996-05-10,1.9181,1.9181,1.9181,1.9181,0
1996-05-13,1.9221,1.9221,1.9221,1.9221,0
1996-05-14,1.9341,1.9341,1.9341,1.9341,0
1996-05-15,1.9361,1.9361,1.9361,1.9361,0
1996-05-16,1.9241,1.9241,1.9241,1.9241,0
1996-05-17,1.9361,1.9361,1.9361,1.9361,0
1996-05-20,1.9401,1.9401,1.9401,1.9401,0
1996-05-21,1.9361,1.9361,1.9361,1.9361,0
1996-05-22,1.9441,1.9441,1.9441,1.9441,0
1996-05-23,1.9341,1.9341,1.9341,1.9341,0
1996-05-24,1.9421,1.9421,1.9421,1.9421,0
1996-05-28,1.9381,1.9381,1.9381,1.9381,0
1996-05-29,1.9221,1.9221,1.9221,1.9221,0
1996-05-30,1.9241,1.9241,1.9241,1.9241,0
1996-05-31,1.9193,1.9193,1.9193,1.9193,0
1996-06-03,1.9153,1.9153,1.9153,1.9153,0
1996-06-04,1.9193,1.9193,1.9193,1.9193,0
1996-06-05,1.9253,1.9253,1.9253,1.9253,0
1996-06-06,1.9414,1.9414,1.9414,1.9414,0
1996-06-07,1.9052,1.9052,1.9052,1.9052,0
1996-06-10,1.8992,1.8992,1.8992,1.8992,0
1996-06-11,1.8932,1.8932,1.8932,1.8932,0
1996-06-12,1.8831,1.8831,1.8831,1.8831,0
1996-06-13,1.8892,1.8892,1.8892,1.8892,0
1996-06-14,1.8992,1.8992,1.8992,1.8992,0
1996-06-17,1.9092,1.9092,1.9092,1.9092,0
1996-06-18,1.9052,1.9052,1.9052,1.9052,0
1996-06-19,1.8992,1.8992,1.8992,1.8992,0
1996-06-20,1.9012,1.9012,1.9012,1.9012,0
1996-06-21,1.9032,1.9032,1.9032,1.9032,0
1996-06-24,1.9052,1.9052,1.9052,1.9052,0
1996-06-25,1.9133,1.9133,1.9133,1.9133,0
1996-06-26,1.9153,1.9153,1.9153,1.9153,0
1996-06-27,1.9273,1.9273,1.9273,1.9273,0
1996-06-28,1.9605,1.9605,1.9605,1.9605,0
1996-07-01,1.9585,1.9585,1.9585,1.9585,0
1996-07-02,1.9504,1.9504,1.9504,1.9504,0
1996-07-03,1.9564,1.9564,1.9564,1.9564,0
1996-07-05,1.9019,1.9019,1.9019,1.9019,0
1996-07-08,1.9019,1.9019,1.9019,1.9019,0
1996-07-09,1.9100,1.9100,1.9100,1.9100,0
1996-07-10,1.9201,1.9201,1.9201,1.9201,0
1996-07-11,1.9261,1.9261,1.9261,1.9261,0
1996-07-12,1.9362,1.9362,1.9362,1.9362,0
1996-07-15,1.9261,1.9261,1.9261,1.9261,0
1996-07-16,1.9362,1.9362,1.9362,1.9362,0
1996-07-17,1.9362,1.9362,1.9362,1.9362,0
1996-07-18,1.9564,1.9564,1.9564,1.9564,0
1996-07-19,1.9484,1.9484,1.9484,1.9484,0
1996-07-22,1.9382,1.9382,1.9382,1.9382,0
1996-07-23,1.9463,1.9463,1.9463,1.9463,0
1996-07-24,1.9342,1.9342,1.9342,1.9342,0
1996-07-25,1.9362,1.9362,1.9362,1.9362,0
1996-07-26,1.9403,1.9403,1.9403,1.9403,0
1996-07-29,1.9261,1.9261,1.9261,1.9261,0
1996-07-30,1.9342,1.9342,1.9342,1.9342,0
1996-07-31,1.9596,1.9596,1.9596,1.9596,0
1996-08-01,1.9860,1.9860,1.9860,1.9860,0
1996-08-02,2.0064,2.0064,2.0064,2.0064,0
1996-08-05,2.0043,2.0043,2.0043,2.0043,0
1996-08-06,2.0023,2.0023,2.0023,2.0023,0
1996-08-07,2.0023,2.0023,2.0023,2.0023,0
1996-08-08,1.9982,1.9982,1.9982,1.9982,0
1996-08-09,1.9982,1.9982,1.9982,1.9982,0
1996-08-12,2.0104,2.0104,2.0104,2.0104,0
1996-08-13,1.9921,1.9921,1.9921,1.9921,0
1996-08-14,1.9921,1.9921,1.9921,1.9921,0
1996-08-15,1.9860,1.9860,1.9860,1.9860,0
1996-08-16,1.9921,1.9921,1.9921,1.9921,0
1996-08-19,1.9901,1.9901,1.9901,1.9901,0
1996-08-20,1.9901,1.9901,1.9901,1.9901,0
1996-08-21,1.9820,1.9820,1.9820,1.9820,0
1996-08-22,1.9799,1.9799,1.9799,1.9799,0
1996-08-23,1.9637,1.9637,1.9637,1.9637,0
1996-08-26,1.9474,1.9474,1.9474,1.9474,0
1996-08-27,1.9535,1.9535,1.9535,1.9535,0
1996-08-28,1.9495,1.9495,1.9495,1.9495,0
1996-08-29,1.9393,1.9393,1.9393,1.9393,0
1996-08-30,1.9342,1.9342,1.9342,1.9342,0
1996-09-03,1.9444,1.9444,1.9444,1.9444,0
1996-09-04,1.9403,1.9403,1.9403,1.9403,0
1996-09-05,1.9260,1.9260,1.9260,1.9260,0
1996-09-06,1.9342,1.9342,1.9342,1.9342,0
1996-09-09,1.9424,1.9424,1.9424,1.9424,0
1996-09-10,1.9342,1.9342,1.9342,1.9342,0
1996-09-11,1.9342,1.9342,1.9342,1.9342,0
1996-09-12,1.9444,1.9444,1.9444,1.9444,0
1996-09-13,1.9669,1.9669,1.9669,1.9669,0
1996-09-16,1.9710,1.9710,1.9710,1.9710,0
1996-09-17,1.9567,1.9567,1.9567,1.9567,0
1996-09-18,1.9546,1.9546,1.9546,1.9546,0
1996-09-19,1.9485,1.9485,1.9485,1.9485,0
1996-09-20,1.9505,1.9505,1.9505,1.9505,0
1996-09-23,1.9546,1.9546,1.9546,1.9546,0
1996-09-24,1.9628,1.9628,1.9628,1.9628,0
1996-09-25,1.9751,1.9751,1.9751,1.9751,0
1996-09-26,1.9873,1.9873,1.9873,1.9873,0
1996-09-27,1.9833,1.9833,1.9833,1.9833,0
1996-09-30,1.9882,1.9882,1.9882,1.9882,0
1996-10-01,2.0026,2.0026,2.0026,2.0026,0
1996-10-02,2.0108,2.0108,2.0108,2.0108,0
1996-10-03,2.0087,2.0087,2.0087,2.0087,0
1996-10-04,2.0334,2.0334,2.0334,2.0334,0
1996-10-07,2.0231,2.0231,2.0231,2.0231,0
1996-10-08,2.0211,2.0211,2.0211,2.0211,0
1996-10-09,2.0129,2.0129,2.0129,2.0129,0
1996-10-10,2.0005,2.0005,2.0005,2.0005,0
1996-10-11,2.0108,2.0108,2.0108,2.0108,0
1996-10-14,2.0108,2.0108,2.0108,2.0108,0
1996-10-15,2.0108,2.0108,2.0108,2.0108,0
1996-10-16,2.0067,2.0067,2.0067,2.0067,0
1996-10-17,2.0211,2.0211,2.0211,2.0211,0
1996-10-18,2.0231,2.0231,2.0231,2.0231,0
1996-10-21,2.0190,2.0190,2.0190,2.0190,0
1996-10-22,2.0108,2.0108,2.0108,2.0108,0
1996-10-23,2.0149,2.0149,2.0149,2.0149,0
1996-10-24,2.0108,2.0108,2.0108,2.0108,0
1996-10-25,2.0190,2.0190,2.0190,2.0190,0
1996-10-28,2.0149,2.0149,2.0149,2.0149,0
1996-10-29,2.0458,2.0458,2.0458,2.0458,0
1996-10-30,2.0458,2.0458,2.0458,2.0458,0
1996-10-31,2.0654,2.0654,2.0654,2.0654,0
1996-11-01,2.0613,2.0613,2.0613,2.0613,0
1996-11-04,2.0654,2.0654,2.0654,2.0654,0
1996-11-05,2.0799,2.0799,2.0799,2.0799,0
1996-11-06,2.0757,2.0757,2.0757,2.0757,0
1996-11-07,2.0881,2.0881,2.0881,2.0881,0
1996-11-08,2.0840,2.0840,2.0840,2.0840,0
1996-11-11,2.0840,2.0840,2.0840,2.0840,0
1996-11-12,2.0985,2.0985,2.0985,2.0985,0
1996-11-13,2.0964,2.0964,2.0964,2.0964,0
1996-11-14,2.1067,2.1067,2.1067,2.1067,0
1996-11-15,2.1005,2.1005,2.1005,2.1005,0
1996-11-18,2.0985,2.0985,2.0985,2.0985,0
1996-11-19,2.1047,2.1047,2.1047,2.1047,0
1996-11-20,2.1109,2.1109,2.1109,2.1109,0
1996-11-21,2.1109,2.1109,2.1109,2.1109,0
1996-11-22,2.1047,2.1047,2.1047,2.1047,0
1996-11-25,2.1088,2.1088,2.1088,2.1088,0
1996-11-26,2.1067,2.1067,2.1067,2.1067,0
1996-11-27,2.1047,2.1047,2.1047,2.1047,0
1996-11-29,2.1325,2.1325,2.1325,2.1325,0
1996-12-02,2.1325,2.1325,2.1325,2.1325,0
1996-12-03,2.1346,2.1346,2.1346,2.1346,0
1996-12-04,2.1221,2.1221,2.1221,2.1221,0
1996-12-05,2.1014,2.1014,2.1014,2.1014,0
1996-12-06,2.0951,2.0951,2.0951,2.0951,0
1996-12-09,2.1055,2.1055,2.1055,2.1055,0
1996-12-10,2.1034,2.1034,2.1034,2.1034,0
1996-12-11,2.0764,2.0764,2.0764,2.0764,0
1996-12-12,2.0702,2.0702,2.0702,2.0702,0
1996-12-13,2.0847,2.0847,2.0847,2.0847,0
1996-12-16,2.0723,2.0723,2.0723,2.0723,0
1996-12-17,2.0660,2.0660,2.0660,2.0660,0
1996-12-18,2.0598,2.0598,2.0598,2.0598,0
1996-12-19,2.0806,2.0806,2.0806,2.0806,0
1996-12-20,2.0826,2.0826,2.0826,2.0826,0
1996-12-23,2.0847,2.0847,2.0847,2.0847,0
1996-12-24,2.0826,2.0826,2.0826,2.0826,0
1996-12-26,2.0826,2.0826,2.0826,2.0826,0
1996-12-27,2.0951,2.0951,2.0951,2.0951,0
1996-12-30,2.0930,2.0930,2.0930,2.0930,0
1996-12-31,2.0815,2.0815,2.0815,2.0815,0
1997-01-02,2.0586,2.0586,2.0586,2.0586,0
1997-01-03,2.0606,2.0606,2.0606,2.0606,0
1997-01-06,2.0565,2.0565,2.0565,2.0565,0
1997-01-07,2.0502,2.0502,2.0502,2.0502,0
1997-01-08,2.0439,2.0439,2.0439,2.0439,0
1997-01-09,2.0586,2.0586,2.0586,2.0586,0
1997-01-10,2.0377,2.0377,2.0377,2.0377,0
1997-01-13,2.0397,2.0397,2.0397,2.0397,0
1997-01-14,2.0565,2.0565,2.0565,2.0565,0
1997-01-15,2.0544,2.0544,2.0544,2.0544,0
1997-01-16,2.0460,2.0460,2.0460,2.0460,0
1997-01-17,2.0460,2.0460,2.0460,2.0460,0
1997-01-20,2.0460,2.0460,2.0460,2.0460,0
1997-01-21,2.0586,2.0586,2.0586,2.0586,0
1997-01-22,2.0481,2.0481,2.0481,2.0481,0
1997-01-23,2.0460,2.0460,2.0460,2.0460,0
1997-01-24,2.0356,2.0356,2.0356,2.0356,0
1997-01-27,2.0251,2.0251,2.0251,2.0251,0
1997-01-28,2.0314,2.0314,2.0314,2.0314,0
1997-01-29,2.0335,2.0335,2.0335,2.0335,0
1997-01-30,2.0377,2.0377,2.0377,2.0377,0
1997-01-31,2.0681,2.0681,2.0681,2.0681,0
1997-02-03,2.0786,2.0786,2.0786,2.0786,0
1997-02-04,2.0828,2.0828,2.0828,2.0828,0
1997-02-05,2.0786,2.0786,2.0786,2.0786,0
1997-02-06,2.0765,2.0765,2.0765,2.0765,0
1997-02-07,2.0849,2.0849,2.0849,2.0849,0
1997-02-10,2.0870,2.0870,2.0870,2.0870,0
1997-02-11,2.0849,2.0849,2.0849,2.0849,0
1997-02-12,2.0849,2.0849,2.0849,2.0849,0
1997-02-13,2.1018,2.1018,2.1018,2.1018,0
1997-02-14,2.1102,2.1102,2.1102,2.1102,0
1997-02-18,2.1102,2.1102,2.1102,2.1102,0
1997-02-19,2.1039,2.1039,2.1039,2.1039,0
1997-02-20,2.0933,2.0933,2.0933,2.0933,0
1997-02-21,2.0933,2.0933,2.0933,2.0933,0
1997-02-24,2.0870,2.0870,2.0870,2.0870,0
1997-02-25,2.0870,2.0870,2.0870,2.0870,0
1997-02-26,2.0576,2.0576,2.0576,2.0576,0
1997-02-27,2.0534,2.0534,2.0534,2.0534,0
1997-02-28,2.0659,2.0659,2.0659,2.0659,0
1997-03-03,2.0617,2.0617,2.0617,2.0617,0
1997-03-04,2.0553,2.0553,2.0553,2.0553,0
1997-03-05,2.0574,2.0574,2.0574,2.0574,0
1997-03-06,2.0490,2.0490,2.0490,2.0490,0
1997-03-07,2.0617,2.0617,2.0617,2.0617,0
1997-03-10,2.0617,2.0617,2.0617,2.0617,0
1997-03-11,2.0574,2.0574,2.0574,2.0574,0
1997-03-12,2.0532,2.0532,2.0532,2.0532,0
1997-03-13,2.0321,2.0321,2.0321,2.0321,0
1997-03-14,2.0363,2.0363,2.0363,2.0363,0
1997-03-17,2.0342,2.0342,2.0342,2.0342,0
1997-03-18,2.0342,2.0342,2.0342,2.0342,0
1997-03-19,2.0300,2.0300,2.0300,2.0300,0
1997-03-20,2.0321,2.0321,2.0321,2.0321,0
1997-03-21,2.0342,2.0342,2.0342,2.0342,0
1997-03-24,2.0405,2.0405,2.0405,2.0405,0
1997-03-25,2.0363,2.0363,2.0363,2.0363,0
1997-03-26,2.0279,2.0279,2.0279,2.0279,0
1997-03-27,2.0088,2.0088,2.0088,2.0088,0
1997-03-31,2.0186,2.0186,2.0186,2.0186,0
1997-04-01,2.0229,2.0229,2.0229,2.0229,0
1997-04-02,2.0250,2.0250,2.0250,2.0250,0
1997-04-03,2.0250,2.0250,2.0250,2.0250,0
1997-04-04,2.0122,2.0122,2.0122,2.0122,0
1997-04-07,2.0250,2.0250,2.0250,2.0250,0
1997-04-08,2.0207,2.0207,2.0207,2.0207,0
1997-04-09,2.0186,2.0186,2.0186,2.0186,0
1997-04-10,2.0186,2.0186,2.0186,2.0186,0
1997-04-11,2.0059,2.0059,2.0059,2.0059,0
1997-04-14,2.0059,2.0059,2.0059,2.0059,0
1997-04-15,2.0250,2.0250,2.0250,2.0250,0
1997-04-16,2.0207,2.0207,2.0207,2.0207,0
1997-04-17,2.0271,2.0271,2.0271,2.0271,0
1997-04-18,2.0314,2.0314,2.0314,2.0314,0
1997-04-21,2.0229,2.0229,2.0229,2.0229,0
1997-04-22,2.0335,2.0335,2.0335,2.0335,0
1997-04-23,2.0250,2.0250,2.0250,2.0250,0
1997-04-24,2.0165,2.0165,2.0165,2.0165,0
1997-04-25,2.0144,2.0144,2.0144,2.0144,0
1997-04-28,2.0186,2.0186,2.0186,2.0186,0
1997-04-29,2.0462,2.0462,2.0462,2.0462,0
1997-04-30,2.0661,2.0661,2.0661,2.0661,0
1997-05-01,2.0704,2.0704,2.0704,2.0704,0
1997-05-02,2.0768,2.0768,2.0768,2.0768,0
1997-05-05,2.0768,2.0768,2.0768,2.0768,0
1997-05-06,2.0768,2.0768,2.0768,2.0768,0
1997-05-07,2.0640,2.0640,2.0640,2.0640,0
1997-05-08,2.0725,2.0725,2.0725,2.0725,0
1997-05-09,2.0789,2.0789,2.0789,2.0789,0
1997-05-12,2.0811,2.0811,2.0811,2.0811,0
1997-05-13,2.0725,2.0725,2.0725,2.0725,0
1997-05-14,2.0768,2.0768,2.0768,2.0768,0
1997-05-15,2.0811,2.0811,2.0811,2.0811,0
1997-05-16,2.0747,2.0747,2.0747,2.0747,0
1997-05-19,2.0725,2.0725,2.0725,2.0725,0
1997-05-20,2.0725,2.0725,2.0725,2.0725,0
1997-05-21,2.0640,2.0640,2.0640,2.0640,0
1997-05-22,2.0576,2.0576,2.0576,2.0576,0
1997-05-23,2.0597,2.0597,2.0597,2.0597,0
1997-05-27,2.0512,2.0512,2.0512,2.0512,0
1997-05-28,2.0533,2.0533,2.0533,2.0533,0
1997-05-29,2.0618,2.0618,2.0618,2.0618,0
1997-05-30,2.0866,2.0866,2.0866,2.0866,0
1997-06-02,2.0887,2.0887,2.0887,2.0887,0
1997-06-03,2.0951,2.0951,2.0951,2.0951,0
1997-06-04,2.0930,2.0930,2.0930,2.0930,0
1997-06-05,2.0930,2.0930,2.0930,2.0930,0
1997-06-06,2.1145,2.1145,2.1145,2.1145,0
1997-06-09,2.1037,2.1037,2.1037,2.1037,0
1997-06-10,2.1016,2.1016,2.1016,2.1016,0
1997-06-11,2.1037,2.1037,2.1037,2.1037,0
1997-06-12,2.1166,2.1166,2.1166,2.1166,0
1997-06-13,2.1252,2.1252,2.1252,2.1252,0
1997-06-16,2.1295,2.1295,2.1295,2.1295,0
1997-06-17,2.1252,2.1252,2.1252,2.1252,0
1997-06-18,2.1295,2.1295,2.1295,2.1295,0
1997-06-19,2.1317,2.1317,2.1317,2.1317,0
1997-06-20,2.1381,2.1381,2.1381,2.1381,0
1997-06-23,2.1317,2.1317,2.1317,2.1317,0
1997-06-24,2.1295,2.1295,2.1295,2.1295,0
1997-06-25,2.1231,2.1231,2.1231,2.1231,0
1997-06-26,2.1123,2.1123,2.1123,2.1123,0
1997-06-27,2.1209,2.1209,2.1209,2.1209,0
1997-06-30,2.1237,2.1237,2.1237,2.1237,0
1997-07-01,2.1345,2.1345,2.1345,2.1345,0
1997-07-02,2.1410,2.1410,2.1410,2.1410,0
1997-07-03,2.1605,2.1605,2.1605,2.1605,0
1997-07-07,2.1691,2.1691,2.1691,2.1691,0
1997-07-08,2.1670,2.1670,2.1670,2.1670,0
1997-07-09,2.1734,2.1734,2.1734,2.1734,0
1997-07-10,2.1713,2.1713,2.1713,2.1713,0
1997-07-11,2.1778,2.1778,2.1778,2.1778,0
1997-07-14,2.1734,2.1734,2.1734,2.1734,0
1997-07-15,2.1734,2.1734,2.1734,2.1734,0
1997-07-16,2.1864,2.1864,2.1864,2.1864,0
1997-07-17,2.1864,2.1864,2.1864,2.1864,0
1997-07-18,2.1778,2.1778,2.1778,2.1778,0
1997-07-21,2.1734,2.1734,2.1734,2.1734,0
1997-07-22,2.1972,2.1972,2.1972,2.1972,0
1997-07-23,2.1994,2.1994,2.1994,2.1994,0
1997-07-24,2.1972,2.1972,2.1972,2.1972,0
1997-07-25,2.1929,2.1929,2.1929,2.1929,0
1997-07-28,2.1994,2.1994,2.1994,2.1994,0
1997-07-29,2.2080,2.2080,2.2080,2.2080,0
1997-07-30,2.2188,2.2188,2.2188,2.2188,0
1997-07-31,2.2370,2.2370,2.2370,2.2370,0
1997-08-01,2.2001,2.2001,2.2001,2.2001,0
1997-08-04,2.1980,2.1980,2.1980,2.1980,0
1997-08-05,2.1958,2.1958,2.1958,2.1958,0
1997-08-06,2.2001,2.2001,2.2001,2.2001,0
1997-08-07,2.1958,2.1958,2.1958,2.1958,0
1997-08-08,2.1610,2.1610,2.1610,2.1610,0
1997-08-11,2.1632,2.1632,2.1632,2.1632,0
1997-08-12,2.1567,2.1567,2.1567,2.1567,0
1997-08-13,2.1632,2.1632,2.1632,2.1632,0
1997-08-14,2.1784,2.1784,2.1784,2.1784,0
1997-08-15,2.1784,2.1784,2.1784,2.1784,0
1997-08-18,2.1871,2.1871,2.1871,2.1871,0
1997-08-19,2.1871,2.1871,2.1871,2.1871,0
1997-08-20,2.1828,2.1828,2.1828,2.1828,0
1997-08-21,2.1697,2.1697,2.1697,2.1697,0
1997-08-22,2.1567,2.1567,2.1567,2.1567,0
1997-08-25,2.1545,2.1545,2.1545,2.1545,0
1997-08-26,2.1567,2.1567,2.1567,2.1567,0
1997-08-27,2.1589,2.1589,2.1589,2.1589,0
1997-08-28,2.1762,2.1762,2.1762,2.1762,0
1997-08-29,2.1795,2.1795,2.1795,2.1795,0
1997-09-02,2.1882,2.1882,2.1882,2.1882,0
1997-09-03,2.1839,2.1839,2.1839,2.1839,0
1997-09-04,2.1839,2.1839,2.1839,2.1839,0
1997-09-05,2.1751,2.1751,2.1751,2.1751,0
1997-09-08,2.1817,2.1817,2.1817,2.1817,0
1997-09-09,2.1795,2.1795,2.1795,2.1795,0
1997-09-10,2.1730,2.1730,2.1730,2.1730,0
1997-09-11,2.1686,2.1686,2.1686,2.1686,0
1997-09-12,2.1861,2.1861,2.1861,2.1861,0
1997-09-15,2.1904,2.1904,2.1904,2.1904,0
1997-09-16,2.2254,2.2254,2.2254,2.2254,0
1997-09-17,2.2297,2.2297,2.2297,2.2297,0
1997-09-18,2.2276,2.2276,2.2276,2.2276,0
1997-09-19,2.2319,2.2319,2.2319,2.2319,0
1997-09-22,2.2385,2.2385,2.2385,2.2385,0
1997-09-23,2.2297,2.2297,2.2297,2.2297,0
1997-09-24,2.2428,2.2428,2.2428,2.2428,0
1997-09-25,2.2254,2.2254,2.2254,2.2254,0
1997-09-26,2.2341,2.2341,2.2341,2.2341,0
1997-09-29,2.2297,2.2297,2.2297,2.2297,0
1997-09-30,2.2370,2.2370,2.2370,2.2370,0
1997-10-01,2.2524,2.2524,2.2524,2.2524,0
1997-10-02,2.2589,2.2589,2.2589,2.2589,0
1997-10-03,2.2589,2.2589,2.2589,2.2589,0
1997-10-06,2.2677,2.2677,2.2677,2.2677,0
1997-10-07,2.2743,2.2743,2.2743,2.2743,0
1997-10-08,2.2458,2.2458,2.2458,2.2458,0
1997-10-09,2.2458,2.2458,2.2458,2.2458,0
1997-10-10,2.2326,2.2326,2.2326,2.2326,0
1997-10-13,2.2304,2.2304,2.2304,2.2304,0
1997-10-14,2.2480,2.2480,2.2480,2.2480,0
1997-10-15,2.2414,2.2414,2.2414,2.2414,0
1997-10-16,2.2414,2.2414,2.2414,2.2414,0
1997-10-17,2.2282,2.2282,2.2282,2.2282,0
1997-10-20,2.2326,2.2326,2.2326,2.2326,0
1997-10-21,2.2326,2.2326,2.2326,2.2326,0
1997-10-22,2.2348,2.2348,2.2348,2.2348,0
1997-10-23,2.2524,2.2524,2.2524,2.2524,0
1997-10-24,2.2611,2.2611,2.2611,2.2611,0
1997-10-27,2.2875,2.2875,2.2875,2.2875,0
1997-10-28,2.2589,2.2589,2.2589,2.2589,0
1997-10-29,2.2721,2.2721,2.2721,2.2721,0
1997-10-30,2.2875,2.2875,2.2875,2.2875,0
1997-10-31,2.3040,2.3040,2.3040,2.3040,0
1997-11-03,2.2886,2.2886,2.2886,2.2886,0
1997-11-04,2.2798,2.2798,2.2798,2.2798,0
1997-11-05,2.2820,2.2820,2.2820,2.2820,0
1997-11-06,2.2952,2.2952,2.2952,2.2952,0
1997-11-07,2.2952,2.2952,2.2952,2.2952,0
1997-11-10,2.2952,2.2952,2.2952,2.2952,0
1997-11-11,2.2952,2.2952,2.2952,2.2952,0
1997-11-12,2.2996,2.2996,2.2996,2.2996,0
1997-11-13,2.3040,2.3040,2.3040,2.3040,0
1997-11-14,2.3062,2.3062,2.3062,2.3062,0
1997-11-17,2.3106,2.3106,2.3106,2.3106,0
1997-11-18,2.3129,2.3129,2.3129,2.3129,0
1997-11-19,2.3217,2.3217,2.3217,2.3217,0
1997-11-20,2.3173,2.3173,2.3173,2.3173,0
1997-11-21,2.3217,2.3217,2.3217,2.3217,0
1997-11-24,2.3106,2.3106,2.3106,2.3106,0
1997-11-25,2.3151,2.3151,2.3151,2.3151,0
1997-11-26,2.3173,2.3173,2.3173,2.3173,0
1997-11-28,2.3335,2.3335,2.3335,2.3335,0
1997-12-01,2.3357,2.3357,2.3357,2.3357,0
1997-12-02,2.3357,2.3357,2.3357,2.3357,0
1997-12-03,2.3423,2.3423,2.3423,2.3423,0
1997-12-04,2.3379,2.3379,2.3379,2.3379,0
1997-12-05,2.3246,2.3246,2.3246,2.3246,0
1997-12-08,2.3135,2.3135,2.3135,2.3135,0
1997-12-09,2.3135,2.3135,2.3135,2.3135,0
1997-12-10,2.3224,2.3224,2.3224,2.3224,0
1997-12-11,2.3401,2.3401,2.3401,2.3401,0
1997-12-12,2.3579,2.3579,2.3579,2.3579,0
1997-12-15,2.3490,2.3490,2.3490,2.3490,0
1997-12-16,2.3512,2.3512,2.3512,2.3512,0
1997-12-17,2.3446,2.3446,2.3446,2.3446,0
1997-12-18,2.3556,2.3556,2.3556,2.3556,0
1997-12-19,2.3645,2.3645,2.3645,2.3645,0
1997-12-22,2.3667,2.3667,2.3667,2.3667,0
1997-12-23,2.3667,2.3667,2.3667,2.3667,0
1997-12-24,2.3645,2.3645,2.3645,2.3645,0
1997-12-26,2.3645,2.3645,2.3645,2.3645,0
1997-12-29,2.3601,2.3601,2.3601,2.3601,0
1997-12-30,2.3490,2.3490,2.3490,2.3490,0
1997-12-31,2.3722,2.3722,2.3722,2.3722,0
1998-01-02,2.3900,2.3900,2.3900,2.3900,0
1998-01-05,2.4235,2.4235,2.4235,2.4235,0
1998-01-06,2.4235,2.4235,2.4235,2.4235,0
1998-01-07,2.4056,2.4056,2.4056,2.4056,0
1998-01-08,2.4145,2.4145,2.4145,2.4145,0
1998-01-09,2.4279,2.4279,2.4279,2.4279,0
1998-01-12,2.4324,2.4324,2.4324,2.4324,0
1998-01-13,2.4279,2.4279,2.4279,2.4279,0
1998-01-14,2.4235,2.4235,2.4235,2.4235,0
1998-01-15,2.4212,2.4212,2.4212,2.4212,0
1998-01-16,2.4056,2.4056,2.4056,2.4056,0
1998-01-20,2.3989,2.3989,2.3989,2.3989,0
1998-01-21,2.4056,2.4056,2.4056,2.4056,0
1998-01-22,2.3967,2.3967,2.3967,2.3967,0
1998-01-23,2.3610,2.3610,2.3610,2.3610,0
1998-01-26,2.3811,2.3811,2.3811,2.3811,0
1998-01-27,2.3677,2.3677,2.3677,2.3677,0
1998-01-28,2.3699,2.3699,2.3699,2.3699,0
1998-01-29,2.3967,2.3967,2.3967,2.3967,0
1998-01-30,2.4178,2.4178,2.4178,2.4178,0
1998-02-02,2.4043,2.4043,2.4043,2.4043,0
1998-02-03,2.4043,2.4043,2.4043,2.4043,0
1998-02-04,2.4021,2.4021,2.4021,2.4021,0
1998-02-05,2.3886,2.3886,2.3886,2.3886,0
1998-02-06,2.3886,2.3886,2.3886,2.3886,0
1998-02-09,2.3819,2.3819,2.3819,2.3819,0
1998-02-10,2.3864,2.3864,2.3864,2.3864,0
1998-02-11,2.4021,2.4021,2.4021,2.4021,0
1998-02-12,2.4021,2.4021,2.4021,2.4021,0
1998-02-13,2.4088,2.4088,2.4088,2.4088,0
1998-02-17,2.4200,2.4200,2.4200,2.4200,0
1998-02-18,2.4110,2.4110,2.4110,2.4110,0
1998-02-19,2.4066,2.4066,2.4066,2.4066,0
1998-02-20,2.4021,2.4021,2.4021,2.4021,0
1998-02-23,2.3931,2.3931,2.3931,2.3931,0
1998-02-24,2.3729,2.3729,2.3729,2.3729,0
1998-02-25,2.3886,2.3886,2.3886,2.3886,0
1998-02-26,2.3819,2.3819,2.3819,2.3819,0
1998-02-27,2.3997,2.3997,2.3997,2.3997,0
1998-03-02,2.3749,2.3749,2.3749,2.3749,0
1998-03-03,2.3637,2.3637,2.3637,2.3637,0
1998-03-04,2.3659,2.3659,2.3659,2.3659,0
1998-03-05,2.3637,2.3637,2.3637,2.3637,0
1998-03-06,2.3749,2.3749,2.3749,2.3749,0
1998-03-09,2.3884,2.3884,2.3884,2.3884,0
1998-03-10,2.3884,2.3884,2.3884,2.3884,0
1998-03-11,2.3974,2.3974,2.3974,2.3974,0
1998-03-12,2.4132,2.4132,2.4132,2.4132,0
1998-03-13,2.4087,2.4087,2.4087,2.4087,0
1998-03-16,2.4177,2.4177,2.4177,2.4177,0
1998-03-17,2.4110,2.4110,2.4110,2.4110,0
1998-03-18,2.4064,2.4064,2.4064,2.4064,0
1998-03-19,2.4064,2.4064,2.4064,2.4064,0
1998-03-20,2.4087,2.4087,2.4087,2.4087,0
1998-03-23,2.4110,2.4110,2.4110,2.4110,0
1998-03-24,2.4110,2.4110,2.4110,2.4110,0
1998-03-25,2.3952,2.3952,2.3952,2.3952,0
1998-03-26,2.3884,2.3884,2.3884,2.3884,0
1998-03-27,2.3862,2.3862,2.3862,2.3862,0
1998-03-30,2.3794,2.3794,2.3794,2.3794,0
1998-03-31,2.4032,2.4032,2.4032,2.4032,0
1998-04-01,2.4145,2.4145,2.4145,2.4145,0
1998-04-02,2.4281,2.4281,2.4281,2.4281,0
1998-04-03,2.4507,2.4507,2.4507,2.4507,0
1998-04-06,2.4394,2.4394,2.4394,2.4394,0
1998-04-07,2.4349,2.4349,2.4349,2.4349,0
1998-04-08,2.4190,2.4190,2.4190,2.4190,0
1998-04-09,2.4213,2.4213,2.4213,2.4213,0
1998-04-13,2.4055,2.4055,2.4055,2.4055,0
1998-04-14,2.4122,2.4122,2.4122,2.4122,0
1998-04-15,2.4190,2.4190,2.4190,2.4190,0
1998-04-16,2.4236,2.4236,2.4236,2.4236,0
1998-04-17,2.4213,2.4213,2.4213,2.4213,0
1998-04-20,2.4100,2.4100,2.4100,2.4100,0
1998-04-21,2.4009,2.4009,2.4009,2.4009,0
1998-04-22,2.3987,2.3987,2.3987,2.3987,0
1998-04-23,2.3964,2.3964,2.3964,2.3964,0
1998-04-24,2.4032,2.4032,2.4032,2.4032,0
1998-04-27,2.3715,2.3715,2.3715,2.3715,0
1998-04-28,2.3693,2.3693,2.3693,2.3693,0
1998-04-29,2.3670,2.3670,2.3670,2.3670,0
1998-04-30,2.4132,2.4132,2.4132,2.4132,0
1998-05-01,2.4154,2.4154,2.4154,2.4154,0
1998-05-04,2.4154,2.4154,2.4154,2.4154,0
1998-05-05,2.4063,2.4063,2.4063,2.4063,0
1998-05-06,2.4154,2.4154,2.4154,2.4154,0
1998-05-07,2.4132,2.4132,2.4132,2.4132,0
1998-05-08,2.4063,2.4063,2.4063,2.4063,0
1998-05-11,2.3881,2.3881,2.3881,2.3881,0
1998-05-12,2.4086,2.4086,2.4086,2.4086,0
1998-05-13,2.4132,2.4132,2.4132,2.4132,0
1998-05-14,2.4063,2.4063,2.4063,2.4063,0
1998-05-15,2.4063,2.4063,2.4063,2.4063,0
1998-05-18,2.4177,2.4177,2.4177,2.4177,0
1998-05-19,2.4154,2.4154,2.4154,2.4154,0
1998-05-20,2.4268,2.4268,2.4268,2.4268,0
1998-05-21,2.4154,2.4154,2.4154,2.4154,0
1998-05-22,2.4223,2.4223,2.4223,2.4223,0
1998-05-26,2.4336,2.4336,2.4336,2.4336,0
1998-05-27,2.4405,2.4405,2.4405,2.4405,0
1998-05-28,2.4405,2.4405,2.4405,2.4405,0
1998-05-29,2.4576,2.4576,2.4576,2.4576,0
1998-06-01,2.4667,2.4667,2.4667,2.4667,0
1998-06-02,2.4599,2.4599,2.4599,2.4599,0
1998-06-03,2.4599,2.4599,2.4599,2.4599,0
1998-06-04,2.4553,2.4553,2.4553,2.4553,0
1998-06-05,2.4622,2.4622,2.4622,2.4622,0
1998-06-08,2.4622,2.4622,2.4622,2.4622,0
1998-06-09,2.4622,2.4622,2.4622,2.4622,0
1998-06-10,2.4850,2.4850,2.4850,2.4850,0
1998-06-11,2.4987,2.4987,2.4987,2.4987,0
1998-06-12,2.4987,2.4987,2.4987,2.4987,0
1998-06-15,2.5102,2.5102,2.5102,2.5102,0
1998-06-16,2.4965,2.4965,2.4965,2.4965,0
1998-06-17,2.4713,2.4713,2.4713,2.4713,0
1998-06-18,2.4827,2.4827,2.4827,2.4827,0
1998-06-19,2.4873,2.4873,2.4873,2.4873,0
1998-06-22,2.4919,2.4919,2.4919,2.4919,0
1998-06-23,2.4965,2.4965,2.4965,2.4965,0
1998-06-24,2.4942,2.4942,2.4942,2.4942,0
1998-06-25,2.4942,2.4942,2.4942,2.4942,0
1998-06-26,2.5010,2.5010,2.5010,2.5010,0
1998-06-29,2.4965,2.4965,2.4965,2.4965,0
1998-06-30,2.5155,2.5155,2.5155,2.5155,0
1998-07-01,2.5132,2.5132,2.5132,2.5132,0
1998-07-02,2.5224,2.5224,2.5224,2.5224,0
1998-07-06,2.5270,2.5270,2.5270,2.5270,0
1998-07-07,2.5201,2.5201,2.5201,2.5201,0
1998-07-08,2.5132,2.5132,2.5132,2.5132,0
1998-07-09,2.5201,2.5201,2.5201,2.5201,0
1998-07-10,2.5155,2.5155,2.5155,2.5155,0
1998-07-13,2.4994,2.4994,2.4994,2.4994,0
1998-07-14,2.4903,2.4903,2.4903,2.4903,0
1998-07-15,2.4926,2.4926,2.4926,2.4926,0
1998-07-16,2.4857,2.4857,2.4857,2.4857,0
1998-07-17,2.4811,2.4811,2.4811,2.4811,0
1998-07-20,2.4903,2.4903,2.4903,2.4903,0
1998-07-21,2.5017,2.5017,2.5017,2.5017,0
1998-07-22,2.4994,2.4994,2.4994,2.4994,0
1998-07-23,2.5063,2.5063,2.5063,2.5063,0
1998-07-24,2.4994,2.4994,2.4994,2.4994,0
1998-07-27,2.4949,2.4949,2.4949,2.4949,0
1998-07-28,2.4857,2.4857,2.4857,2.4857,0
1998-07-29,2.4788,2.4788,2.4788,2.4788,0
1998-07-30,2.4903,2.4903,2.4903,2.4903,0
1998-07-31,2.5027,2.5027,2.5027,2.5027,0
1998-08-03,2.5189,2.5189,2.5189,2.5189,0
1998-08-04,2.5235,2.5235,2.5235,2.5235,0
1998-08-05,2.5235,2.5235,2.5235,2.5235,0
1998-08-06,2.5189,2.5189,2.5189,2.5189,0
1998-08-07,2.5281,2.5281,2.5281,2.5281,0
1998-08-10,2.5327,2.5327,2.5327,2.5327,0
1998-08-11,2.5374,2.5374,2.5374,2.5374,0
1998-08-12,2.5351,2.5351,2.5351,2.5351,0
1998-08-13,2.5235,2.5235,2.5235,2.5235,0
1998-08-14,2.5397,2.5397,2.5397,2.5397,0
1998-08-17,2.5351,2.5351,2.5351,2.5351,0
1998-08-18,2.5327,2.5327,2.5327,2.5327,0
1998-08-19,2.5327,2.5327,2.5327,2.5327,0
1998-08-20,2.5443,2.5443,2.5443,2.5443,0
1998-08-21,2.5581,2.5581,2.5581,2.5581,0
1998-08-24,2.5535,2.5535,2.5535,2.5535,0
1998-08-25,2.5651,2.5651,2.5651,2.5651,0
1998-08-26,2.5674,2.5674,2.5674,2.5674,0
1998-08-27,2.5789,2.5789,2.5789,2.5789,0
1998-08-28,2.5858,2.5858,2.5858,2.5858,0
1998-08-31,2.6239,2.6239,2.6239,2.6239,0
1998-09-01,2.6030,2.6030,2.6030,2.6030,0
1998-09-02,2.6007,2.6007,2.6007,2.6007,0
1998-09-03,2.6123,2.6123,2.6123,2.6123,0
1998-09-04,2.6192,2.6192,2.6192,2.6192,0
1998-09-08,2.6030,2.6030,2.6030,2.6030,0
1998-09-09,2.6239,2.6239,2.6239,2.6239,0
1998-09-10,2.6564,2.6564,2.6564,2.6564,0
1998-09-11,2.6448,2.6448,2.6448,2.6448,0
1998-09-14,2.6332,2.6332,2.6332,2.6332,0
1998-09-15,2.6262,2.6262,2.6262,2.6262,0
1998-09-16,2.6378,2.6378,2.6378,2.6378,0
1998-09-17,2.6471,2.6471,2.6471,2.6471,0
1998-09-18,2.6517,2.6517,2.6517,2.6517,0
1998-09-21,2.6517,2.6517,2.6517,2.6517,0
1998-09-22,2.6424,2.6424,2.6424,2.6424,0
1998-09-23,2.6564,2.6564,2.6564,2.6564,0
1998-09-24,2.6587,2.6587,2.6587,2.6587,0
1998-09-25,2.6610,2.6610,2.6610,2.6610,0
1998-09-28,2.6517,2.6517,2.6517,2.6517,0
1998-09-29,2.6656,2.6656,2.6656,2.6656,0
1998-09-30,2.7104,2.7104,2.7104,2.7104,0
1998-10-01,2.7337,2.7337,2.7337,2.7337,0
1998-10-02,2.7454,2.7454,2.7454,2.7454,0
1998-10-05,2.7803,2.7803,2.7803,2.7803,0
1998-10-06,2.7640,2.7640,2.7640,2.7640,0
1998-10-07,2.7337,2.7337,2.7337,2.7337,0
1998-10-08,2.6708,2.6708,2.6708,2.6708,0
1998-10-09,2.6195,2.6195,2.6195,2.6195,0
1998-10-12,2.6195,2.6195,2.6195,2.6195,0
1998-10-13,2.6195,2.6195,2.6195,2.6195,0
1998-10-14,2.6591,2.6591,2.6591,2.6591,0
1998-10-15,2.6708,2.6708,2.6708,2.6708,0
1998-10-16,2.6801,2.6801,2.6801,2.6801,0
1998-10-19,2.6731,2.6731,2.6731,2.6731,0
1998-10-20,2.6521,2.6521,2.6521,2.6521,0
1998-10-21,2.6498,2.6498,2.6498,2.6498,0
1998-10-22,2.6358,2.6358,2.6358,2.6358,0
1998-10-23,2.6265,2.6265,2.6265,2.6265,0
1998-10-26,2.6498,2.6498,2.6498,2.6498,0
1998-10-27,2.6684,2.6684,2.6684,2.6684,0
1998-10-28,2.6638,2.6638,2.6638,2.6638,0
1998-10-29,2.6731,2.6731,2.6731,2.6731,0
1998-10-30,2.6644,2.6644,2.6644,2.6644,0
1998-11-02,2.6363,2.6363,2.6363,2.6363,0
1998-11-03,2.6387,2.6387,2.6387,2.6387,0
1998-11-04,2.6129,2.6129,2.6129,2.6129,0
1998-11-05,2.6153,2.6153,2.6153,2.6153,0
1998-11-06,2.5942,2.5942,2.5942,2.5942,0
1998-11-09,2.6270,2.6270,2.6270,2.6270,0
1998-11-10,2.6340,2.6340,2.6340,2.6340,0
1998-11-11,2.6340,2.6340,2.6340,2.6340,0
1998-11-12,2.6410,2.6410,2.6410,2.6410,0
1998-11-13,2.6387,2.6387,2.6387,2.6387,0
1998-11-16,2.6340,2.6340,2.6340,2.6340,0
1998-11-17,2.6270,2.6270,2.6270,2.6270,0
1998-11-18,2.6410,2.6410,2.6410,2.6410,0
1998-11-19,2.6387,2.6387,2.6387,2.6387,0
1998-11-20,2.6434,2.6434,2.6434,2.6434,0
1998-11-23,2.6270,2.6270,2.6270,2.6270,0
1998-11-24,2.6340,2.6340,2.6340,2.6340,0
1998-11-25,2.6434,2.6434,2.6434,2.6434,0
1998-11-27,2.6527,2.6527,2.6527,2.6527,0
1998-11-30,2.6883,2.6883,2.6883,2.6883,0
1998-12-01,2.6930,2.6930,2.6930,2.6930,0
1998-12-02,2.7024,2.7024,2.7024,2.7024,0
1998-12-03,2.7024,2.7024,2.7024,2.7024,0
1998-12-04,2.6883,2.6883,2.6883,2.6883,0
1998-12-07,2.6835,2.6835,2.6835,2.6835,0
1998-12-08,2.7024,2.7024,2.7024,2.7024,0
1998-12-09,2.7165,2.7165,2.7165,2.7165,0
1998-12-10,2.7141,2.7141,2.7141,2.7141,0
1998-12-11,2.6930,2.6930,2.6930,2.6930,0
1998-12-14,2.7000,2.7000,2.7000,2.7000,0
1998-12-15,2.6859,2.6859,2.6859,2.6859,0
1998-12-16,2.6930,2.6930,2.6930,2.6930,0
1998-12-17,2.6977,2.6977,2.6977,2.6977,0
1998-12-18,2.6977,2.6977,2.6977,2.6977,0
1998-12-21,2.6788,2.6788,2.6788,2.6788,0
1998-12-22,2.6600,2.6600,2.6600,2.6600,0
1998-12-23,2.6389,2.6389,2.6389,2.6389,0
1998-12-24,2.6318,2.6318,2.6318,2.6318,0
1998-12-28,2.6506,2.6506,2.6506,2.6506,0
1998-12-29,2.6624,2.6624,2.6624,2.6624,0
1998-12-30,2.6718,2.6718,2.6718,2.6718,0
1998-12-31,2.6841,2.6841,2.6841,2.6841,0
1999-01-04,2.6746,2.6746,2.6746,2.6746,0
1999-01-05,2.6628,2.6628,2.6628,2.6628,0
1999-01-06,2.6770,2.6770,2.6770,2.6770,0
1999-01-07,2.6604,2.6604,2.6604,2.6604,0
1999-01-08,2.6345,2.6345,2.6345,2.6345,0
1999-01-11,2.6250,2.6250,2.6250,2.6250,0
1999-01-12,2.6415,2.6415,2.6415,2.6415,0
1999-01-13,2.6581,2.6581,2.6581,2.6581,0
1999-01-14,2.6888,2.6888,2.6888,2.6888,0
1999-01-15,2.6723,2.6723,2.6723,2.6723,0
1999-01-19,2.6675,2.6675,2.6675,2.6675,0
1999-01-20,2.6604,2.6604,2.6604,2.6604,0
1999-01-21,2.6746,2.6746,2.6746,2.6746,0
1999-01-22,2.6935,2.6935,2.6935,2.6935,0
1999-01-25,2.6841,2.6841,2.6841,2.6841,0
1999-01-26,2.6841,2.6841,2.6841,2.6841,0
1999-01-27,2.6841,2.6841,2.6841,2.6841,0
1999-01-28,2.6912,2.6912,2.6912,2.6912,0
1999-01-29,2.7106,2.7106,2.7106,2.7106,0
1999-02-01,2.6821,2.6821,2.6821,2.6821,0
1999-02-02,2.6655,2.6655,2.6655,2.6655,0
1999-02-03,2.6608,2.6608,2.6608,2.6608,0
1999-02-04,2.6418,2.6418,2.6418,2.6418,0
1999-02-05,2.6347,2.6347,2.6347,2.6347,0
1999-02-08,2.6347,2.6347,2.6347,2.6347,0
1999-02-09,2.6465,2.6465,2.6465,2.6465,0
1999-02-10,2.6442,2.6442,2.6442,2.6442,0
1999-02-11,2.6418,2.6418,2.6418,2.6418,0
1999-02-12,2.5967,2.5967,2.5967,2.5967,0
1999-02-16,2.6157,2.6157,2.6157,2.6157,0
1999-02-17,2.6252,2.6252,2.6252,2.6252,0
1999-02-18,2.6109,2.6109,2.6109,2.6109,0
1999-02-19,2.6086,2.6086,2.6086,2.6086,0
1999-02-22,2.6181,2.6181,2.6181,2.6181,0
1999-02-23,2.6014,2.6014,2.6014,2.6014,0
1999-02-24,2.5801,2.5801,2.5801,2.5801,0
1999-02-25,2.5540,2.5540,2.5540,2.5540,0
1999-02-26,2.5819,2.5819,2.5819,2.5819,0
1999-03-01,2.5533,2.5533,2.5533,2.5533,0
1999-03-02,2.5676,2.5676,2.5676,2.5676,0
1999-03-03,2.5509,2.5509,2.5509,2.5509,0
1999-03-04,2.5437,2.5437,2.5437,2.5437,0
1999-03-05,2.5604,2.5604,2.5604,2.5604,0
1999-03-08,2.5628,2.5628,2.5628,2.5628,0
1999-03-09,2.5819,2.5819,2.5819,2.5819,0
1999-03-10,2.5747,2.5747,2.5747,2.5747,0
1999-03-11,2.5747,2.5747,2.5747,2.5747,0
1999-03-12,2.5866,2.5866,2.5866,2.5866,0
1999-03-15,2.5962,2.5962,2.5962,2.5962,0
1999-03-16,2.6081,2.6081,2.6081,2.6081,0
1999-03-17,2.5962,2.5962,2.5962,2.5962,0
1999-03-18,2.5986,2.5986,2.5986,2.5986,0
1999-03-19,2.5842,2.5842,2.5842,2.5842,0
1999-03-22,2.5723,2.5723,2.5723,2.5723,0
1999-03-23,2.5747,2.5747,2.5747,2.5747,0
1999-03-24,2.5819,2.5819,2.5819,2.5819,0
1999-03-25,2.5699,2.5699,2.5699,2.5699,0
1999-03-26,2.5652,2.5652,2.5652,2.5652,0
1999-03-29,2.5533,2.5533,2.5533,2.5533,0
1999-03-30,2.5723,2.5723,2.5723,2.5723,0
1999-03-31,2.5731,2.5731,2.5731,2.5731,0
1999-04-01,2.5585,2.5585,2.5585,2.5585,0
1999-04-05,2.5827,2.5827,2.5827,2.5827,0
1999-04-06,2.6021,2.6021,2.6021,2.6021,0
1999-04-07,2.6070,2.6070,2.6070,2.6070,0
1999-04-08,2.6312,2.6312,2.6312,2.6312,0
1999-04-09,2.6239,2.6239,2.6239,2.6239,0
1999-04-12,2.6288,2.6288,2.6288,2.6288,0
1999-04-13,2.6118,2.6118,2.6118,2.6118,0
1999-04-14,2.6118,2.6118,2.6118,2.6118,0
1999-04-15,2.6070,2.6070,2.6070,2.6070,0
1999-04-16,2.5924,2.5924,2.5924,2.5924,0
1999-04-19,2.6021,2.6021,2.6021,2.6021,0
1999-04-20,2.6094,2.6094,2.6094,2.6094,0
1999-04-21,2.6070,2.6070,2.6070,2.6070,0
1999-04-22,2.5827,2.5827,2.5827,2.5827,0
1999-04-23,2.5852,2.5852,2.5852,2.5852,0
1999-04-26,2.5924,2.5924,2.5924,2.5924,0
1999-04-27,2.5997,2.5997,2.5997,2.5997,0
1999-04-28,2.5900,2.5900,2.5900,2.5900,0
1999-04-29,2.6070,2.6070,2.6070,2.6070,0
1999-04-30,2.5778,2.5778,2.5778,2.5778,0
1999-05-03,2.5802,2.5802,2.5802,2.5802,0
1999-05-04,2.5656,2.5656,2.5656,2.5656,0
1999-05-05,2.5705,2.5705,2.5705,2.5705,0
1999-05-06,2.5437,2.5437,2.5437,2.5437,0
1999-05-07,2.5364,2.5364,2.5364,2.5364,0
1999-05-10,2.5461,2.5461,2.5461,2.5461,0
1999-05-11,2.5315,2.5315,2.5315,2.5315,0
1999-05-12,2.5364,2.5364,2.5364,2.5364,0
1999-05-13,2.5632,2.5632,2.5632,2.5632,0
1999-05-14,2.5193,2.5193,2.5193,2.5193,0
1999-05-17,2.5218,2.5218,2.5218,2.5218,0
1999-05-18,2.5218,2.5218,2.5218,2.5218,0
1999-05-19,2.5388,2.5388,2.5388,2.5388,0
1999-05-20,2.5291,2.5291,2.5291,2.5291,0
1999-05-21,2.5413,2.5413,2.5413,2.5413,0
1999-05-24,2.5413,2.5413,2.5413,2.5413,0
1999-05-25,2.5437,2.5437,2.5437,2.5437,0
1999-05-26,2.5315,2.5315,2.5315,2.5315,0
1999-05-27,2.5193,2.5193,2.5193,2.5193,0
1999-05-28,2.5345,2.5345,2.5345,2.5345,0
1999-06-01,2.5076,2.5076,2.5076,2.5076,0
1999-06-02,2.5076,2.5076,2.5076,2.5076,0
1999-06-03,2.5052,2.5052,2.5052,2.5052,0
1999-06-04,2.5027,2.5027,2.5027,2.5027,0
1999-06-07,2.5027,2.5027,2.5027,2.5027,0
1999-06-08,2.4929,2.4929,2.4929,2.4929,0
1999-06-09,2.4880,2.4880,2.4880,2.4880,0
1999-06-10,2.4782,2.4782,2.4782,2.4782,0
1999-06-11,2.4513,2.4513,2.4513,2.4513,0
1999-06-14,2.4636,2.4636,2.4636,2.4636,0
1999-06-15,2.4636,2.4636,2.4636,2.4636,0
1999-06-16,2.4685,2.4685,2.4685,2.4685,0
1999-06-17,2.5003,2.5003,2.5003,2.5003,0
1999-06-18,2.4929,2.4929,2.4929,2.4929,0
1999-06-21,2.4782,2.4782,2.4782,2.4782,0
1999-06-22,2.4685,2.4685,2.4685,2.4685,0
1999-06-23,2.4538,2.4538,2.4538,2.4538,0
1999-06-24,2.4415,2.4415,2.4415,2.4415,0
1999-06-25,2.4464,2.4464,2.4464,2.4464,0
1999-06-28,2.4636,2.4636,2.4636,2.4636,0
1999-06-29,2.4734,2.4734,2.4734,2.4734,0
1999-06-30,2.5080,2.5080,2.5080,2.5080,0
1999-07-01,2.5006,2.5006,2.5006,2.5006,0
1999-07-02,2.5080,2.5080,2.5080,2.5080,0
1999-07-06,2.4982,2.4982,2.4982,2.4982,0
1999-07-07,2.4933,2.4933,2.4933,2.4933,0
1999-07-08,2.5080,2.5080,2.5080,2.5080,0
1999-07-09,2.5056,2.5056,2.5056,2.5056,0
1999-07-12,2.5326,2.5326,2.5326,2.5326,0
1999-07-13,2.5375,2.5375,2.5375,2.5375,0
1999-07-14,2.5301,2.5301,2.5301,2.5301,0
1999-07-15,2.5326,2.5326,2.5326,2.5326,0
1999-07-16,2.5375,2.5375,2.5375,2.5375,0
1999-07-19,2.5375,2.5375,2.5375,2.5375,0
1999-07-20,2.5375,2.5375,2.5375,2.5375,0
1999-07-21,2.5326,2.5326,2.5326,2.5326,0
1999-07-22,2.5129,2.5129,2.5129,2.5129,0
1999-07-23,2.4982,2.4982,2.4982,2.4982,0
1999-07-26,2.4957,2.4957,2.4957,2.4957,0
1999-07-27,2.5056,2.5056,2.5056,2.5056,0
1999-07-28,2.5056,2.5056,2.5056,2.5056,0
1999-07-29,2.4908,2.4908,2.4908,2.4908,0
1999-07-30,2.4935,2.4935,2.4935,2.4935,0
1999-08-02,2.4935,2.4935,2.4935,2.4935,0
1999-08-03,2.4861,2.4861,2.4861,2.4861,0
1999-08-04,2.4886,2.4886,2.4886,2.4886,0
1999-08-05,2.4985,2.4985,2.4985,2.4985,0
1999-08-06,2.4738,2.4738,2.4738,2.4738,0
1999-08-09,2.4565,2.4565,2.4565,2.4565,0
1999-08-10,2.4540,2.4540,2.4540,2.4540,0
1999-08-11,2.4614,2.4614,2.4614,2.4614,0
1999-08-12,2.4565,2.4565,2.4565,2.4565,0
1999-08-13,2.4738,2.4738,2.4738,2.4738,0
1999-08-16,2.4738,2.4738,2.4738,2.4738,0
1999-08-17,2.4935,2.4935,2.4935,2.4935,0
1999-08-18,2.4935,2.4935,2.4935,2.4935,0
1999-08-19,2.4886,2.4886,2.4886,2.4886,0
1999-08-20,2.4911,2.4911,2.4911,2.4911,0
1999-08-23,2.4911,2.4911,2.4911,2.4911,0
1999-08-24,2.5009,2.5009,2.5009,2.5009,0
1999-08-25,2.5232,2.5232,2.5232,2.5232,0
1999-08-26,2.5232,2.5232,2.5232,2.5232,0
1999-08-27,2.4985,2.4985,2.4985,2.4985,0
1999-08-30,2.4738,2.4738,2.4738,2.4738,0
1999-08-31,2.4815,2.4815,2.4815,2.4815,0
1999-09-01,2.4790,2.4790,2.4790,2.4790,0
1999-09-02,2.4641,2.4641,2.4641,2.4641,0
1999-09-03,2.4939,2.4939,2.4939,2.4939,0
1999-09-07,2.4765,2.4765,2.4765,2.4765,0
1999-09-08,2.4815,2.4815,2.4815,2.4815,0
1999-09-09,2.4715,2.4715,2.4715,2.4715,0
1999-09-10,2.4914,2.4914,2.4914,2.4914,0
1999-09-13,2.4815,2.4815,2.4815,2.4815,0
1999-09-14,2.4666,2.4666,2.4666,2.4666,0
1999-09-15,2.4715,2.4715,2.4715,2.4715,0
1999-09-16,2.4815,2.4815,2.4815,2.4815,0
1999-09-17,2.4914,2.4914,2.4914,2.4914,0
1999-09-20,2.4839,2.4839,2.4839,2.4839,0
1999-09-21,2.4790,2.4790,2.4790,2.4790,0
1999-09-22,2.4839,2.4839,2.4839,2.4839,0
1999-09-23,2.5013,2.5013,2.5013,2.5013,0
1999-09-24,2.5212,2.5212,2.5212,2.5212,0
1999-09-27,2.5038,2.5038,2.5038,2.5038,0
1999-09-28,2.4914,2.4914,2.4914,2.4914,0
1999-09-29,2.4715,2.4715,2.4715,2.4715,0
1999-09-30,2.5042,2.5042,2.5042,2.5042,0
1999-10-01,2.4793,2.4793,2.4793,2.4793,0
1999-10-04,2.4917,2.4917,2.4917,2.4917,0
1999-10-05,2.4718,2.4718,2.4718,2.4718,0
1999-10-06,2.4743,2.4743,2.4743,2.4743,0
1999-10-07,2.4718,2.4718,2.4718,2.4718,0
1999-10-08,2.4743,2.4743,2.4743,2.4743,0
1999-10-11,2.4743,2.4743,2.4743,2.4743,0
1999-10-12,2.4643,2.4643,2.4643,2.4643,0
1999-10-13,2.4518,2.4518,2.4518,2.4518,0
1999-10-14,2.4443,2.4443,2.4443,2.4443,0
1999-10-15,2.4593,2.4593,2.4593,2.4593,0
1999-10-18,2.4493,2.4493,2.4493,2.4493,0
1999-10-19,2.4393,2.4393,2.4393,2.4393,0
1999-10-20,2.4393,2.4393,2.4393,2.4393,0
1999-10-21,2.4368,2.4368,2.4368,2.4368,0
1999-10-22,2.4368,2.4368,2.4368,2.4368,0
1999-10-25,2.4368,2.4368,2.4368,2.4368,0
1999-10-26,2.4318,2.4318,2.4318,2.4318,0
1999-10-27,2.4468,2.4468,2.4468,2.4468,0
1999-10-28,2.4668,2.4668,2.4668,2.4668,0
1999-10-29,2.5074,2.5074,2.5074,2.5074,0
1999-11-01,2.4974,2.4974,2.4974,2.4974,0
1999-11-02,2.5074,2.5074,2.5074,2.5074,0
1999-11-03,2.5099,2.5099,2.5099,2.5099,0
1999-11-04,2.5225,2.5225,2.5225,2.5225,0
1999-11-05,2.5351,2.5351,2.5351,2.5351,0
1999-11-08,2.5300,2.5300,2.5300,2.5300,0
1999-11-09,2.5300,2.5300,2.5300,2.5300,0
1999-11-10,2.5250,2.5250,2.5250,2.5250,0
1999-11-11,2.5250,2.5250,2.5250,2.5250,0
1999-11-12,2.5426,2.5426,2.5426,2.5426,0
1999-11-15,2.5426,2.5426,2.5426,2.5426,0
1999-11-16,2.5376,2.5376,2.5376,2.5376,0
1999-11-17,2.5200,2.5200,2.5200,2.5200,0
1999-11-18,2.5125,2.5125,2.5125,2.5125,0
1999-11-19,2.5125,2.5125,2.5125,2.5125,0
1999-11-22,2.5074,2.5074,2.5074,2.5074,0
1999-11-23,2.5049,2.5049,2.5049,2.5049,0
1999-11-24,2.4999,2.4999,2.4999,2.4999,0
1999-11-26,2.4949,2.4949,2.4949,2.4949,0
1999-11-29,2.4698,2.4698,2.4698,2.4698,0
1999-11-30,2.4927,2.4927,2.4927,2.4927,0
1999-12-01,2.4877,2.4877,2.4877,2.4877,0
1999-12-02,2.4801,2.4801,2.4801,2.4801,0
1999-12-03,2.4978,2.4978,2.4978,2.4978,0
1999-12-06,2.5028,2.5028,2.5028,2.5028,0
1999-12-07,2.5129,2.5129,2.5129,2.5129,0
1999-12-08,2.5054,2.5054,2.5054,2.5054,0
1999-12-09,2.5104,2.5104,2.5104,2.5104,0
1999-12-10,2.5255,2.5255,2.5255,2.5255,0
1999-12-13,2.5180,2.5180,2.5180,2.5180,0
1999-12-14,2.4877,2.4877,2.4877,2.4877,0
1999-12-15,2.4776,2.4776,2.4776,2.4776,0
1999-12-16,2.4625,2.4625,2.4625,2.4625,0
1999-12-17,2.4625,2.4625,2.4625,2.4625,0
1999-12-20,2.4473,2.4473,2.4473,2.4473,0
1999-12-21,2.4448,2.4448,2.4448,2.4448,0
1999-12-22,2.4423,2.4423,2.4423,2.4423,0
1999-12-23,2.4398,2.4398,2.4398,2.4398,0
1999-12-27,2.4473,2.4473,2.4473,2.4473,0
1999-12-28,2.4448,2.4448,2.4448,2.4448,0
1999-12-29,2.4524,2.4524,2.4524,2.4524,0
1999-12-30,2.4549,2.4549,2.4549,2.4549,0
1999-12-31,2.4529,2.4529,2.4529,2.4529,0
2000-01-03,2.4300,2.4300,2.4300,2.4300,0
2000-01-04,2.4478,2.4478,2.4478,2.4478,0
2000-01-05,2.4250,2.4250,2.4250,2.4250,0
2000-01-06,2.4427,2.4427,2.4427,2.4427,0
2000-01-07,2.4529,2.4529,2.4529,2.4529,0
2000-01-10,2.4453,2.4453,2.4453,2.4453,0
2000-01-11,2.4224,2.4224,2.4224,2.4224,0
2000-01-12,2.4174,2.4174,2.4174,2.4174,0
2000-01-13,2.4402,2.4402,2.4402,2.4402,0
2000-01-14,2.4300,2.4300,2.4300,2.4300,0
2000-01-18,2.4199,2.4199,2.4199,2.4199,0
2000-01-19,2.4250,2.4250,2.4250,2.4250,0
2000-01-20,2.4199,2.4199,2.4199,2.4199,0
2000-01-21,2.4250,2.4250,2.4250,2.4250,0
2000-01-24,2.4402,2.4402,2.4402,2.4402,0
2000-01-25,2.4427,2.4427,2.4427,2.4427,0
2000-01-26,2.4554,2.4554,2.4554,2.4554,0
2000-01-27,2.4681,2.4681,2.4681,2.4681,0
2000-01-28,2.4858,2.4858,2.4858,2.4858,0
2000-01-31,2.4836,2.4836,2.4836,2.4836,0
2000-02-01,2.4963,2.4963,2.4963,2.4963,0
2000-02-02,2.5116,2.5116,2.5116,2.5116,0
2000-02-03,2.5346,2.5346,2.5346,2.5346,0
2000-02-04,2.5269,2.5269,2.5269,2.5269,0
2000-02-07,2.5091,2.5091,2.5091,2.5091,0
2000-02-08,2.5346,2.5346,2.5346,2.5346,0
2000-02-09,2.5142,2.5142,2.5142,2.5142,0
2000-02-10,2.4938,2.4938,2.4938,2.4938,0
2000-02-11,2.5040,2.5040,2.5040,2.5040,0
2000-02-14,2.5218,2.5218,2.5218,2.5218,0
2000-02-15,2.5142,2.5142,2.5142,2.5142,0
2000-02-16,2.5116,2.5116,2.5116,2.5116,0
2000-02-17,2.5218,2.5218,2.5218,2.5218,0
2000-02-18,2.5397,2.5397,2.5397,2.5397,0
2000-02-22,2.5626,2.5626,2.5626,2.5626,0
2000-02-23,2.5473,2.5473,2.5473,2.5473,0
2000-02-24,2.5550,2.5550,2.5550,2.5550,0
2000-02-25,2.5422,2.5422,2.5422,2.5422,0
2000-02-28,2.5295,2.5295,2.5295,2.5295,0
2000-02-29,2.5571,2.5571,2.5571,2.5571,0
2000-03-01,2.5546,2.5546,2.5546,2.5546,0
2000-03-02,2.5571,2.5571,2.5571,2.5571,0
2000-03-03,2.5699,2.5699,2.5699,2.5699,0
2000-03-06,2.5597,2.5597,2.5597,2.5597,0
2000-03-07,2.5597,2.5597,2.5597,2.5597,0
2000-03-08,2.5546,2.5546,2.5546,2.5546,0
2000-03-09,2.5571,2.5571,2.5571,2.5571,0
2000-03-10,2.5469,2.5469,2.5469,2.5469,0
2000-03-13,2.5469,2.5469,2.5469,2.5469,0
2000-03-14,2.5648,2.5648,2.5648,2.5648,0
2000-03-15,2.5751,2.5751,2.5751,2.5751,0
2000-03-16,2.5802,2.5802,2.5802,2.5802,0
2000-03-17,2.5930,2.5930,2.5930,2.5930,0
2000-03-20,2.5956,2.5956,2.5956,2.5956,0
2000-03-21,2.6007,2.6007,2.6007,2.6007,0
2000-03-22,2.5981,2.5981,2.5981,2.5981,0
2000-03-23,2.6084,2.6084,2.6084,2.6084,0
2000-03-24,2.5853,2.5853,2.5853,2.5853,0
2000-03-27,2.5853,2.5853,2.5853,2.5853,0
2000-03-28,2.5853,2.5853,2.5853,2.5853,0
2000-03-29,2.5853,2.5853,2.5853,2.5853,0
2000-03-30,2.6109,2.6109,2.6109,2.6109,0
2000-03-31,2.6375,2.6375,2.6375,2.6375,0
2000-04-03,2.6400,2.6400,2.6400,2.6400,0
2000-04-04,2.6606,2.6606,2.6606,2.6606,0
2000-04-05,2.6555,2.6555,2.6555,2.6555,0
2000-04-06,2.6555,2.6555,2.6555,2.6555,0
2000-04-07,2.6761,2.6761,2.6761,2.6761,0
2000-04-10,2.6787,2.6787,2.6787,2.6787,0
2000-04-11,2.6555,2.6555,2.6555,2.6555,0
2000-04-12,2.6375,2.6375,2.6375,2.6375,0
2000-04-13,2.6503,2.6503,2.6503,2.6503,0
2000-04-14,2.6555,2.6555,2.6555,2.6555,0
2000-04-17,2.6246,2.6246,2.6246,2.6246,0
2000-04-18,2.6220,2.6220,2.6220,2.6220,0
2000-04-19,2.6452,2.6452,2.6452,2.6452,0
2000-04-20,2.6452,2.6452,2.6452,2.6452,0
2000-04-24,2.6375,2.6375,2.6375,2.6375,0
2000-04-25,2.6194,2.6194,2.6194,2.6194,0
2000-04-26,2.6169,2.6169,2.6169,2.6169,0
2000-04-27,2.6014,2.6014,2.6014,2.6014,0
2000-04-28,2.6200,2.6200,2.6200,2.6200,0
2000-05-01,2.6175,2.6175,2.6175,2.6175,0
2000-05-02,2.6019,2.6019,2.6019,2.6019,0
2000-05-03,2.5760,2.5760,2.5760,2.5760,0
2000-05-04,2.5553,2.5553,2.5553,2.5553,0
2000-05-05,2.5450,2.5450,2.5450,2.5450,0
2000-05-08,2.5294,2.5294,2.5294,2.5294,0
2000-05-09,2.5424,2.5424,2.5424,2.5424,0
2000-05-10,2.5553,2.5553,2.5553,2.5553,0
2000-05-11,2.5605,2.5605,2.5605,2.5605,0
2000-05-12,2.5424,2.5424,2.5424,2.5424,0
2000-05-15,2.5553,2.5553,2.5553,2.5553,0
2000-05-16,2.5657,2.5657,2.5657,2.5657,0
2000-05-17,2.5527,2.5527,2.5527,2.5527,0
2000-05-18,2.5320,2.5320,2.5320,2.5320,0
2000-05-19,2.5398,2.5398,2.5398,2.5398,0
2000-05-22,2.5553,2.5553,2.5553,2.5553,0
2000-05-23,2.5527,2.5527,2.5527,2.5527,0
2000-05-24,2.5501,2.5501,2.5501,2.5501,0
2000-05-25,2.5734,2.5734,2.5734,2.5734,0
2000-05-26,2.5838,2.5838,2.5838,2.5838,0
2000-05-30,2.5734,2.5734,2.5734,2.5734,0
2000-05-31,2.6083,2.6083,2.6083,2.6083,0
2000-06-01,2.6291,2.6291,2.6291,2.6291,0
2000-06-02,2.6370,2.6370,2.6370,2.6370,0
2000-06-05,2.6448,2.6448,2.6448,2.6448,0
2000-06-06,2.6448,2.6448,2.6448,2.6448,0
2000-06-07,2.6500,2.6500,2.6500,2.6500,0
2000-06-08,2.6526,2.6526,2.6526,2.6526,0
2000-06-09,2.6500,2.6500,2.6500,2.6500,0
2000-06-12,2.6578,2.6578,2.6578,2.6578,0
2000-06-13,2.6422,2.6422,2.6422,2.6422,0
2000-06-14,2.6526,2.6526,2.6526,2.6526,0
2000-06-15,2.6474,2.6474,2.6474,2.6474,0
2000-06-16,2.6656,2.6656,2.6656,2.6656,0
2000-06-19,2.6578,2.6578,2.6578,2.6578,0
2000-06-20,2.6552,2.6552,2.6552,2.6552,0
2000-06-21,2.6370,2.6370,2.6370,2.6370,0
2000-06-22,2.6344,2.6344,2.6344,2.6344,0
2000-06-23,2.6187,2.6187,2.6187,2.6187,0
2000-06-26,2.6344,2.6344,2.6344,2.6344,0
2000-06-27,2.6422,2.6422,2.6422,2.6422,0
2000-06-28,2.6344,2.6344,2.6344,2.6344,0
2000-06-29,2.6578,2.6578,2.6578,2.6578,0
2000-06-30,2.6682,2.6682,2.6682,2.6682,0
2000-07-03,2.6787,2.6787,2.6787,2.6787,0
2000-07-05,2.6787,2.6787,2.6787,2.6787,0
2000-07-06,2.6656,2.6656,2.6656,2.6656,0
2000-07-07,2.6761,2.6761,2.6761,2.6761,0
2000-07-10,2.6735,2.6735,2.6735,2.6735,0
2000-07-11,2.6735,2.6735,2.6735,2.6735,0
2000-07-12,2.6709,2.6709,2.6709,2.6709,0
2000-07-13,2.6918,2.6918,2.6918,2.6918,0
2000-07-14,2.6709,2.6709,2.6709,2.6709,0
2000-07-17,2.6552,2.6552,2.6552,2.6552,0
2000-07-18,2.6578,2.6578,2.6578,2.6578,0
2000-07-19,2.6552,2.6552,2.6552,2.6552,0
2000-07-20,2.6918,2.6918,2.6918,2.6918,0
2000-07-21,2.6996,2.6996,2.6996,2.6996,0
2000-07-24,2.6918,2.6918,2.6918,2.6918,0
2000-07-25,2.6944,2.6944,2.6944,2.6944,0
2000-07-26,2.6918,2.6918,2.6918,2.6918,0
2000-07-27,2.7023,2.7023,2.7023,2.7023,0
2000-07-28,2.6970,2.6970,2.6970,2.6970,0
2000-07-31,2.7081,2.7081,2.7081,2.7081,0
2000-08-01,2.7186,2.7186,2.7186,2.7186,0
2000-08-02,2.7186,2.7186,2.7186,2.7186,0
2000-08-03,2.7291,2.7291,2.7291,2.7291,0
2000-08-04,2.7370,2.7370,2.7370,2.7370,0
2000-08-07,2.7265,2.7265,2.7265,2.7265,0
2000-08-08,2.7344,2.7344,2.7344,2.7344,0
2000-08-09,2.7370,2.7370,2.7370,2.7370,0
2000-08-10,2.7475,2.7475,2.7475,2.7475,0
2000-08-11,2.7344,2.7344,2.7344,2.7344,0
2000-08-14,2.7422,2.7422,2.7422,2.7422,0
2000-08-15,2.7370,2.7370,2.7370,2.7370,0
2000-08-16,2.7317,2.7317,2.7317,2.7317,0
2000-08-17,2.7370,2.7370,2.7370,2.7370,0
2000-08-18,2.7449,2.7449,2.7449,2.7449,0
2000-08-21,2.7396,2.7396,2.7396,2.7396,0
2000-08-22,2.7422,2.7422,2.7422,2.7422,0
2000-08-23,2.7501,2.7501,2.7501,2.7501,0
2000-08-24,2.7554,2.7554,2.7554,2.7554,0
2000-08-25,2.7554,2.7554,2.7554,2.7554,0
2000-08-28,2.7396,2.7396,2.7396,2.7396,0
2000-08-29,2.7317,2.7317,2.7317,2.7317,0
2000-08-30,2.7370,2.7370,2.7370,2.7370,0
2000-08-31,2.7645,2.7645,2.7645,2.7645,0
2000-09-01,2.7750,2.7750,2.7750,2.7750,0
2000-09-05,2.7724,2.7724,2.7724,2.7724,0
2000-09-06,2.7592,2.7592,2.7592,2.7592,0
2000-09-07,2.7565,2.7565,2.7565,2.7565,0
2000-09-08,2.7618,2.7618,2.7618,2.7618,0
2000-09-11,2.7513,2.7513,2.7513,2.7513,0
2000-09-12,2.7486,2.7486,2.7486,2.7486,0
2000-09-13,2.7565,2.7565,2.7565,2.7565,0
2000-09-14,2.7380,2.7380,2.7380,2.7380,0
2000-09-15,2.7169,2.7169,2.7169,2.7169,0
2000-09-18,2.7063,2.7063,2.7063,2.7063,0
2000-09-19,2.7116,2.7116,2.7116,2.7116,0
2000-09-20,2.7010,2.7010,2.7010,2.7010,0
2000-09-21,2.7116,2.7116,2.7116,2.7116,0
2000-09-22,2.7169,2.7169,2.7169,2.7169,0
2000-09-25,2.7195,2.7195,2.7195,2.7195,0
2000-09-26,2.7301,2.7301,2.7301,2.7301,0
2000-09-27,2.7195,2.7195,2.7195,2.7195,0
2000-09-28,2.7222,2.7222,2.7222,2.7222,0
2000-09-29,2.7410,2.7410,2.7410,2.7410,0
2000-10-02,2.7278,2.7278,2.7278,2.7278,0
2000-10-03,2.7224,2.7224,2.7224,2.7224,0
2000-10-04,2.7198,2.7198,2.7198,2.7198,0
2000-10-05,2.7331,2.7331,2.7331,2.7331,0
2000-10-06,2.7464,2.7464,2.7464,2.7464,0
2000-10-09,2.7464,2.7464,2.7464,2.7464,0
2000-10-10,2.7517,2.7517,2.7517,2.7517,0
2000-10-11,2.7543,2.7543,2.7543,2.7543,0
2000-10-12,2.7596,2.7596,2.7596,2.7596,0
2000-10-13,2.7596,2.7596,2.7596,2.7596,0
2000-10-16,2.7570,2.7570,2.7570,2.7570,0
2000-10-17,2.7756,2.7756,2.7756,2.7756,0
2000-10-18,2.7756,2.7756,2.7756,2.7756,0
2000-10-19,2.7809,2.7809,2.7809,2.7809,0
2000-10-20,2.7889,2.7889,2.7889,2.7889,0
2000-10-23,2.8048,2.8048,2.8048,2.8048,0
2000-10-24,2.7942,2.7942,2.7942,2.7942,0
2000-10-25,2.7835,2.7835,2.7835,2.7835,0
2000-10-26,2.7862,2.7862,2.7862,2.7862,0
2000-10-27,2.7835,2.7835,2.7835,2.7835,0
2000-10-30,2.7809,2.7809,2.7809,2.7809,0
2000-10-31,2.7841,2.7841,2.7841,2.7841,0
2000-11-01,2.7894,2.7894,2.7894,2.7894,0
2000-11-02,2.7868,2.7868,2.7868,2.7868,0
2000-11-03,2.7654,2.7654,2.7654,2.7654,0
2000-11-06,2.7574,2.7574,2.7574,2.7574,0
2000-11-07,2.7574,2.7574,2.7574,2.7574,0
2000-11-08,2.7627,2.7627,2.7627,2.7627,0
2000-11-09,2.7707,2.7707,2.7707,2.7707,0
2000-11-10,2.7681,2.7681,2.7681,2.7681,0
2000-11-13,2.7787,2.7787,2.7787,2.7787,0
2000-11-14,2.7868,2.7868,2.7868,2.7868,0
2000-11-15,2.7974,2.7974,2.7974,2.7974,0
2000-11-16,2.8054,2.8054,2.8054,2.8054,0
2000-11-17,2.7974,2.7974,2.7974,2.7974,0
2000-11-20,2.8028,2.8028,2.8028,2.8028,0
2000-11-21,2.8054,2.8054,2.8054,2.8054,0
2000-11-22,2.8295,2.8295,2.8295,2.8295,0
2000-11-24,2.8268,2.8268,2.8268,2.8268,0
2000-11-27,2.8188,2.8188,2.8188,2.8188,0
2000-11-28,2.8268,2.8268,2.8268,2.8268,0
2000-11-29,2.8321,2.8321,2.8321,2.8321,0
2000-11-30,2.8675,2.8675,2.8675,2.8675,0
2000-12-01,2.8541,2.8541,2.8541,2.8541,0
2000-12-04,2.8514,2.8514,2.8514,2.8514,0
2000-12-05,2.8702,2.8702,2.8702,2.8702,0
2000-12-06,2.8944,2.8944,2.8944,2.8944,0
2000-12-07,2.8971,2.8971,2.8971,2.8971,0
2000-12-08,2.8890,2.8890,2.8890,2.8890,0
2000-12-11,2.8863,2.8863,2.8863,2.8863,0
2000-12-12,2.8917,2.8917,2.8917,2.8917,0
2000-12-13,2.9051,2.9051,2.9051,2.9051,0
2000-12-14,2.9185,2.9185,2.9185,2.9185,0
2000-12-15,2.9266,2.9266,2.9266,2.9266,0
2000-12-18,2.9212,2.9212,2.9212,2.9212,0
2000-12-19,2.9158,2.9158,2.9158,2.9158,0
2000-12-20,2.9346,2.9346,2.9346,2.9346,0
2000-12-21,2.9427,2.9427,2.9427,2.9427,0
2000-12-22,2.9480,2.9480,2.9480,2.9480,0
2000-12-26,2.9400,2.9400,2.9400,2.9400,0
2000-12-27,2.9266,2.9266,2.9266,2.9266,0
2000-12-28,2.9239,2.9239,2.9239,2.9239,0
2000-12-29,2.9379,2.9379,2.9379,2.9379,0
2001-01-02,2.9783,2.9783,2.9783,2.9783,0
2001-01-03,2.9352,2.9352,2.9352,2.9352,0
2001-01-04,2.9568,2.9568,2.9568,2.9568,0
2001-01-05,2.9729,2.9729,2.9729,2.9729,0
2001-01-08,2.9702,2.9702,2.9702,2.9702,0
2001-01-09,2.9621,2.9621,2.9621,2.9621,0
2001-01-10,2.9406,2.9406,2.9406,2.9406,0
2001-01-11,2.9244,2.9244,2.9244,2.9244,0
2001-01-12,2.8975,2.8975,2.8975,2.8975,0
2001-01-16,2.9082,2.9082,2.9082,2.9082,0
2001-01-17,2.9298,2.9298,2.9298,2.9298,0
2001-01-18,2.9487,2.9487,2.9487,2.9487,0
2001-01-19,2.9244,2.9244,2.9244,2.9244,0
2001-01-22,2.9055,2.9055,2.9055,2.9055,0
2001-01-23,2.8948,2.8948,2.8948,2.8948,0
2001-01-24,2.8894,2.8894,2.8894,2.8894,0
2001-01-25,2.9029,2.9029,2.9029,2.9029,0
2001-01-26,2.9029,2.9029,2.9029,2.9029,0
2001-01-29,2.8867,2.8867,2.8867,2.8867,0
2001-01-30,2.9136,2.9136,2.9136,2.9136,0
2001-01-31,2.9464,2.9464,2.9464,2.9464,0
2001-02-01,2.9735,2.9735,2.9735,2.9735,0
2001-02-02,2.9545,2.9545,2.9545,2.9545,0
2001-02-05,2.9599,2.9599,2.9599,2.9599,0
2001-02-06,2.9518,2.9518,2.9518,2.9518,0
2001-02-07,2.9518,2.9518,2.9518,2.9518,0
2001-02-08,2.9518,2.9518,2.9518,2.9518,0
2001-02-09,2.9708,2.9708,2.9708,2.9708,0
2001-02-12,2.9545,2.9545,2.9545,2.9545,0
2001-02-13,2.9491,2.9491,2.9491,2.9491,0
2001-02-14,2.9410,2.9410,2.9410,2.9410,0
2001-02-15,2.9247,2.9247,2.9247,2.9247,0
2001-02-16,2.9383,2.9383,2.9383,2.9383,0
2001-02-20,2.9383,2.9383,2.9383,2.9383,0
2001-02-21,2.9247,2.9247,2.9247,2.9247,0
2001-02-22,2.9220,2.9220,2.9220,2.9220,0
2001-02-23,2.9383,2.9383,2.9383,2.9383,0
2001-02-26,2.9491,2.9491,2.9491,2.9491,0
2001-02-27,2.9816,2.9816,2.9816,2.9816,0
2001-02-28,2.9996,2.9996,2.9996,2.9996,0
2001-03-01,3.0159,3.0159,3.0159,3.0159,0
2001-03-02,2.9887,2.9887,2.9887,2.9887,0
2001-03-05,2.9860,2.9860,2.9860,2.9860,0
2001-03-06,2.9832,2.9832,2.9832,2.9832,0
2001-03-07,3.0050,3.0050,3.0050,3.0050,0
2001-03-08,3.0077,3.0077,3.0077,3.0077,0
2001-03-09,3.0023,3.0023,3.0023,3.0023,0
2001-03-12,3.0050,3.0050,3.0050,3.0050,0
2001-03-13,2.9996,2.9996,2.9996,2.9996,0
2001-03-14,3.0186,3.0186,3.0186,3.0186,0
2001-03-15,3.0186,3.0186,3.0186,3.0186,0
2001-03-16,3.0322,3.0322,3.0322,3.0322,0
2001-03-19,3.0159,3.0159,3.0159,3.0159,0
2001-03-20,3.0240,3.0240,3.0240,3.0240,0
2001-03-21,3.0267,3.0267,3.0267,3.0267,0
2001-03-22,3.0403,3.0403,3.0403,3.0403,0
2001-03-23,3.0213,3.0213,3.0213,3.0213,0
2001-03-26,3.0023,3.0023,3.0023,3.0023,0
2001-03-27,2.9669,2.9669,2.9669,2.9669,0
2001-03-28,2.9642,2.9642,2.9642,2.9642,0
2001-03-29,2.9615,2.9615,2.9615,2.9615,0
2001-03-30,2.9814,2.9814,2.9814,2.9814,0
2001-04-02,2.9760,2.9760,2.9760,2.9760,0
2001-04-03,2.9787,2.9787,2.9787,2.9787,0
2001-04-04,2.9814,2.9814,2.9814,2.9814,0
2001-04-05,2.9650,2.9650,2.9650,2.9650,0
2001-04-06,2.9951,2.9951,2.9951,2.9951,0
2001-04-09,2.9842,2.9842,2.9842,2.9842,0
2001-04-10,2.9377,2.9377,2.9377,2.9377,0
2001-04-11,2.9404,2.9404,2.9404,2.9404,0
2001-04-12,2.9350,2.9350,2.9350,2.9350,0
2001-04-16,2.9022,2.9022,2.9022,2.9022,0
2001-04-17,2.9213,2.9213,2.9213,2.9213,0
2001-04-18,2.9295,2.9295,2.9295,2.9295,0
2001-04-19,2.8912,2.8912,2.8912,2.8912,0
2001-04-20,2.8912,2.8912,2.8912,2.8912,0
2001-04-23,2.9104,2.9104,2.9104,2.9104,0
2001-04-24,2.9049,2.9049,2.9049,2.9049,0
2001-04-25,2.8940,2.8940,2.8940,2.8940,0
2001-04-26,2.9186,2.9186,2.9186,2.9186,0
2001-04-27,2.8858,2.8858,2.8858,2.8858,0
2001-04-30,2.9050,2.9050,2.9050,2.9050,0
2001-05-01,2.9160,2.9160,2.9160,2.9160,0
2001-05-02,2.9297,2.9297,2.9297,2.9297,0
2001-05-03,2.9517,2.9517,2.9517,2.9517,0
2001-05-04,2.9517,2.9517,2.9517,2.9517,0
2001-05-07,2.9462,2.9462,2.9462,2.9462,0
2001-05-08,2.9325,2.9325,2.9325,2.9325,0
2001-05-09,2.9489,2.9489,2.9489,2.9489,0
2001-05-10,2.9187,2.9187,2.9187,2.9187,0
2001-05-11,2.8721,2.8721,2.8721,2.8721,0
2001-05-14,2.8830,2.8830,2.8830,2.8830,0
2001-05-15,2.8666,2.8666,2.8666,2.8666,0
2001-05-16,2.8775,2.8775,2.8775,2.8775,0
2001-05-17,2.8940,2.8940,2.8940,2.8940,0
2001-05-18,2.8995,2.8995,2.8995,2.8995,0
2001-05-21,2.9023,2.9023,2.9023,2.9023,0
2001-05-22,2.8968,2.8968,2.8968,2.8968,0
2001-05-23,2.8940,2.8940,2.8940,2.8940,0
2001-05-24,2.8666,2.8666,2.8666,2.8666,0
2001-05-25,2.8721,2.8721,2.8721,2.8721,0
2001-05-29,2.8693,2.8693,2.8693,2.8693,0
2001-05-30,2.8693,2.8693,2.8693,2.8693,0
2001-05-31,2.9115,2.9115,2.9115,2.9115,0
2001-06-01,2.9253,2.9253,2.9253,2.9253,0
2001-06-04,2.9364,2.9364,2.9364,2.9364,0
2001-06-05,2.9474,2.9474,2.9474,2.9474,0
2001-06-06,2.9474,2.9474,2.9474,2.9474,0
2001-06-07,2.9309,2.9309,2.9309,2.9309,0
2001-06-08,2.9226,2.9226,2.9226,2.9226,0
2001-06-11,2.9391,2.9391,2.9391,2.9391,0
2001-06-12,2.9502,2.9502,2.9502,2.9502,0
2001-06-13,2.9502,2.9502,2.9502,2.9502,0
2001-06-14,2.9557,2.9557,2.9557,2.9557,0
2001-06-15,2.9447,2.9447,2.9447,2.9447,0
2001-06-18,2.9419,2.9419,2.9419,2.9419,0
2001-06-19,2.9474,2.9474,2.9474,2.9474,0
2001-06-20,2.9529,2.9529,2.9529,2.9529,0
2001-06-21,2.9612,2.9612,2.9612,2.9612,0
2001-06-22,2.9833,2.9833,2.9833,2.9833,0
2001-06-25,2.9778,2.9778,2.9778,2.9778,0
2001-06-26,2.9584,2.9584,2.9584,2.9584,0
2001-06-27,2.9612,2.9612,2.9612,2.9612,0
2001-06-28,2.9391,2.9391,2.9391,2.9391,0
2001-06-29,2.9336,2.9336,2.9336,2.9336,0
2001-07-02,2.9474,2.9474,2.9474,2.9474,0
2001-07-03,2.9336,2.9336,2.9336,2.9336,0
2001-07-05,2.9253,2.9253,2.9253,2.9253,0
2001-07-06,2.9336,2.9336,2.9336,2.9336,0
2001-07-09,2.9447,2.9447,2.9447,2.9447,0
2001-07-10,2.9558,2.9558,2.9558,2.9558,0
2001-07-11,2.9502,2.9502,2.9502,2.9502,0
2001-07-12,2.9641,2.9641,2.9641,2.9641,0
2001-07-13,2.9669,2.9669,2.9669,2.9669,0
2001-07-16,2.9807,2.9807,2.9807,2.9807,0
2001-07-17,2.9835,2.9835,2.9835,2.9835,0
2001-07-18,3.0112,3.0112,3.0112,3.0112,0
2001-07-19,3.0057,3.0057,3.0057,3.0057,0
2001-07-20,3.0029,3.0029,3.0029,3.0029,0
2001-07-23,3.0084,3.0084,3.0084,3.0084,0
2001-07-24,3.0140,3.0140,3.0140,3.0140,0
2001-07-25,2.9946,2.9946,2.9946,2.9946,0
2001-07-26,2.9946,2.9946,2.9946,2.9946,0
2001-07-27,3.0084,3.0084,3.0084,3.0084,0
2001-07-30,3.0168,3.0168,3.0168,3.0168,0
2001-07-31,3.0396,3.0396,3.0396,3.0396,0
2001-08-01,3.0313,3.0313,3.0313,3.0313,0
2001-08-02,3.0173,3.0173,3.0173,3.0173,0
2001-08-03,3.0118,3.0118,3.0118,3.0118,0
2001-08-06,3.0090,3.0090,3.0090,3.0090,0
2001-08-07,3.0090,3.0090,3.0090,3.0090,0
2001-08-08,3.0368,3.0368,3.0368,3.0368,0
2001-08-09,3.0285,3.0285,3.0285,3.0285,0
2001-08-10,3.0396,3.0396,3.0396,3.0396,0
2001-08-13,3.0424,3.0424,3.0424,3.0424,0
2001-08-14,3.0396,3.0396,3.0396,3.0396,0
2001-08-15,3.0340,3.0340,3.0340,3.0340,0
2001-08-16,3.0480,3.0480,3.0480,3.0480,0
2001-08-17,3.0675,3.0675,3.0675,3.0675,0
2001-08-20,3.0535,3.0535,3.0535,3.0535,0
2001-08-21,3.0591,3.0591,3.0591,3.0591,0
2001-08-22,3.0619,3.0619,3.0619,3.0619,0
2001-08-23,3.0730,3.0730,3.0730,3.0730,0
2001-08-24,3.0591,3.0591,3.0591,3.0591,0
2001-08-27,3.0535,3.0535,3.0535,3.0535,0
2001-08-28,3.0758,3.0758,3.0758,3.0758,0
2001-08-29,3.0925,3.0925,3.0925,3.0925,0
2001-08-30,3.0870,3.0870,3.0870,3.0870,0
2001-08-31,3.1013,3.1013,3.1013,3.1013,0
2001-09-04,3.0565,3.0565,3.0565,3.0565,0
2001-09-05,3.0621,3.0621,3.0621,3.0621,0
2001-09-06,3.0873,3.0873,3.0873,3.0873,0
2001-09-07,3.1013,3.1013,3.1013,3.1013,0
2001-09-10,3.0845,3.0845,3.0845,3.0845,0
2001-09-17,3.1097,3.1097,3.1097,3.1097,0
2001-09-18,3.0733,3.0733,3.0733,3.0733,0
2001-09-19,3.0649,3.0649,3.0649,3.0649,0
2001-09-20,3.0369,3.0369,3.0369,3.0369,0
2001-09-21,3.0593,3.0593,3.0593,3.0593,0
2001-09-24,3.0621,3.0621,3.0621,3.0621,0
2001-09-25,3.0565,3.0565,3.0565,3.0565,0
2001-09-26,3.0901,3.0901,3.0901,3.0901,0
2001-09-27,3.1124,3.1124,3.1124,3.1124,0
2001-09-28,3.1288,3.1288,3.1288,3.1288,0
2001-10-01,3.1428,3.1428,3.1428,3.1428,0
2001-10-02,3.1541,3.1541,3.1541,3.1541,0
2001-10-03,3.1597,3.1597,3.1597,3.1597,0
2001-10-04,3.1597,3.1597,3.1597,3.1597,0
2001-10-05,3.1569,3.1569,3.1569,3.1569,0
2001-10-08,3.1569,3.1569,3.1569,3.1569,0
2001-10-09,3.1372,3.1372,3.1372,3.1372,0
2001-10-10,3.1428,3.1428,3.1428,3.1428,0
2001-10-11,3.1175,3.1175,3.1175,3.1175,0
2001-10-12,3.1175,3.1175,3.1175,3.1175,0
2001-10-15,3.1344,3.1344,3.1344,3.1344,0
2001-10-16,3.1456,3.1456,3.1456,3.1456,0
2001-10-17,3.1541,3.1541,3.1541,3.1541,0
2001-10-18,3.1569,3.1569,3.1569,3.1569,0
2001-10-19,3.1428,3.1428,3.1428,3.1428,0
2001-10-22,3.1428,3.1428,3.1428,3.1428,0
2001-10-23,3.1372,3.1372,3.1372,3.1372,0
2001-10-24,3.1597,3.1597,3.1597,3.1597,0
2001-10-25,3.1765,3.1765,3.1765,3.1765,0
2001-10-26,3.1794,3.1794,3.1794,3.1794,0
2001-10-29,3.1878,3.1878,3.1878,3.1878,0
2001-10-30,3.2047,3.2047,3.2047,3.2047,0
2001-10-31,3.2894,3.2894,3.2894,3.2894,0
2001-11-01,3.3091,3.3091,3.3091,3.3091,0
2001-11-02,3.2526,3.2526,3.2526,3.2526,0
2001-11-05,3.2837,3.2837,3.2837,3.2837,0
2001-11-06,3.2837,3.2837,3.2837,3.2837,0
2001-11-07,3.3204,3.3204,3.3204,3.3204,0
2001-11-08,3.2950,3.2950,3.2950,3.2950,0
2001-11-09,3.2894,3.2894,3.2894,3.2894,0
2001-11-12,3.2894,3.2894,3.2894,3.2894,0
2001-11-13,3.2696,3.2696,3.2696,3.2696,0
2001-11-14,3.2272,3.2272,3.2272,3.2272,0
2001-11-15,3.1623,3.1623,3.1623,3.1623,0
2001-11-16,3.1199,3.1199,3.1199,3.1199,0
2001-11-19,3.1482,3.1482,3.1482,3.1482,0
2001-11-20,3.1199,3.1199,3.1199,3.1199,0
2001-11-21,3.0945,3.0945,3.0945,3.0945,0
2001-11-23,3.0804,3.0804,3.0804,3.0804,0
2001-11-26,3.0776,3.0776,3.0776,3.0776,0
2001-11-27,3.0804,3.0804,3.0804,3.0804,0
2001-11-28,3.0776,3.0776,3.0776,3.0776,0
2001-11-29,3.1171,3.1171,3.1171,3.1171,0
2001-11-30,3.1228,3.1228,3.1228,3.1228,0
2001-12-03,3.1341,3.1341,3.1341,3.1341,0
2001-12-04,3.1597,3.1597,3.1597,3.1597,0
2001-12-05,3.0916,3.0916,3.0916,3.0916,0
2001-12-06,3.0576,3.0576,3.0576,3.0576,0
2001-12-07,3.0065,3.0065,3.0065,3.0065,0
2001-12-10,3.0150,3.0150,3.0150,3.0150,0
2001-12-11,3.0264,3.0264,3.0264,3.0264,0
2001-12-12,3.0519,3.0519,3.0519,3.0519,0
2001-12-13,3.0264,3.0264,3.0264,3.0264,0
2001-12-14,3.0065,3.0065,3.0065,3.0065,0
2001-12-17,3.0065,3.0065,3.0065,3.0065,0
2001-12-18,3.0235,3.0235,3.0235,3.0235,0
2001-12-19,3.0576,3.0576,3.0576,3.0576,0
2001-12-20,3.0547,3.0547,3.0547,3.0547,0
2001-12-21,3.0434,3.0434,3.0434,3.0434,0
2001-12-24,3.0320,3.0320,3.0320,3.0320,0
2001-12-26,3.0207,3.0207,3.0207,3.0207,0
2001-12-27,3.0377,3.0377,3.0377,3.0377,0
2001-12-28,3.0235,3.0235,3.0235,3.0235,0
2001-12-31,3.0663,3.0663,3.0663,3.0663,0
2002-01-02,3.0264,3.0264,3.0264,3.0264,0
2002-01-03,3.0378,3.0378,3.0378,3.0378,0
2002-01-04,3.0264,3.0264,3.0264,3.0264,0
2002-01-07,3.0606,3.0606,3.0606,3.0606,0
2002-01-08,3.0577,3.0577,3.0577,3.0577,0
2002-01-09,3.0606,3.0606,3.0606,3.0606,0
2002-01-10,3.0976,3.0976,3.0976,3.0976,0
2002-01-11,3.1147,3.1147,3.1147,3.1147,0
2002-01-14,3.1090,3.1090,3.1090,3.1090,0
2002-01-15,3.1261,3.1261,3.1261,3.1261,0
2002-01-16,3.1204,3.1204,3.1204,3.1204,0
2002-01-17,3.0976,3.0976,3.0976,3.0976,0
2002-01-18,3.1147,3.1147,3.1147,3.1147,0
2002-01-22,3.1119,3.1119,3.1119,3.1119,0
2002-01-23,3.0777,3.0777,3.0777,3.0777,0
2002-01-24,3.0748,3.0748,3.0748,3.0748,0
2002-01-25,3.0720,3.0720,3.0720,3.0720,0
2002-01-28,3.0748,3.0748,3.0748,3.0748,0
2002-01-29,3.1005,3.1005,3.1005,3.1005,0
2002-01-30,3.0976,3.0976,3.0976,3.0976,0
2002-01-31,3.1031,3.1031,3.1031,3.1031,0
2002-02-01,3.1145,3.1145,3.1145,3.1145,0
2002-02-04,3.1345,3.1345,3.1345,3.1345,0
2002-02-05,3.1345,3.1345,3.1345,3.1345,0
2002-02-06,3.1231,3.1231,3.1231,3.1231,0
2002-02-07,3.1116,3.1116,3.1116,3.1116,0
2002-02-08,3.1260,3.1260,3.1260,3.1260,0
2002-02-11,3.1174,3.1174,3.1174,3.1174,0
2002-02-12,3.0973,3.0973,3.0973,3.0973,0
2002-02-13,3.0945,3.0945,3.0945,3.0945,0
2002-02-14,3.1116,3.1116,3.1116,3.1116,0
2002-02-15,3.1345,3.1345,3.1345,3.1345,0
2002-02-19,3.1260,3.1260,3.1260,3.1260,0
2002-02-20,3.1260,3.1260,3.1260,3.1260,0
2002-02-21,3.1317,3.1317,3.1317,3.1317,0
2002-02-22,3.1460,3.1460,3.1460,3.1460,0
2002-02-25,3.1374,3.1374,3.1374,3.1374,0
2002-02-26,3.1174,3.1174,3.1174,3.1174,0
2002-02-27,3.1403,3.1403,3.1403,3.1403,0
2002-02-28,3.1417,3.1417,3.1417,3.1417,0
2002-03-01,3.1130,3.1130,3.1130,3.1130,0
2002-03-04,3.1072,3.1072,3.1072,3.1072,0
2002-03-05,3.1101,3.1101,3.1101,3.1101,0
2002-03-06,3.0957,3.0957,3.0957,3.0957,0
2002-03-07,3.0497,3.0497,3.0497,3.0497,0
2002-03-08,3.0267,3.0267,3.0267,3.0267,0
2002-03-11,3.0267,3.0267,3.0267,3.0267,0
2002-03-12,3.0267,3.0267,3.0267,3.0267,0
2002-03-13,3.0325,3.0325,3.0325,3.0325,0
2002-03-14,2.9980,2.9980,2.9980,2.9980,0
2002-03-15,3.0181,3.0181,3.0181,3.0181,0
2002-03-18,3.0325,3.0325,3.0325,3.0325,0
2002-03-19,3.0239,3.0239,3.0239,3.0239,0
2002-03-20,3.0009,3.0009,3.0009,3.0009,0
2002-03-21,3.0124,3.0124,3.0124,3.0124,0
2002-03-22,3.0037,3.0037,3.0037,3.0037,0
2002-03-25,3.0066,3.0066,3.0066,3.0066,0
2002-03-26,3.0267,3.0267,3.0267,3.0267,0
2002-03-27,3.0267,3.0267,3.0267,3.0267,0
2002-03-28,3.0207,3.0207,3.0207,3.0207,0
2002-04-01,3.0207,3.0207,3.0207,3.0207,0
2002-04-02,3.0438,3.0438,3.0438,3.0438,0
2002-04-03,3.0611,3.0611,3.0611,3.0611,0
2002-04-04,3.0640,3.0640,3.0640,3.0640,0
2002-04-05,3.0814,3.0814,3.0814,3.0814,0
2002-04-08,3.0698,3.0698,3.0698,3.0698,0
2002-04-09,3.0785,3.0785,3.0785,3.0785,0
2002-04-10,3.0727,3.0727,3.0727,3.0727,0
2002-04-11,3.0814,3.0814,3.0814,3.0814,0
2002-04-12,3.0871,3.0871,3.0871,3.0871,0
2002-04-15,3.0987,3.0987,3.0987,3.0987,0
2002-04-16,3.0871,3.0871,3.0871,3.0871,0
2002-04-17,3.0640,3.0640,3.0640,3.0640,0
2002-04-18,3.0698,3.0698,3.0698,3.0698,0
2002-04-19,3.0814,3.0814,3.0814,3.0814,0
2002-04-22,3.0843,3.0843,3.0843,3.0843,0
2002-04-23,3.0871,3.0871,3.0871,3.0871,0
2002-04-24,3.1074,3.1074,3.1074,3.1074,0
2002-04-25,3.1103,3.1103,3.1103,3.1103,0
2002-04-26,3.1189,3.1189,3.1189,3.1189,0
2002-04-29,3.1103,3.1103,3.1103,3.1103,0
2002-04-30,3.1326,3.1326,3.1326,3.1326,0
2002-05-01,3.1442,3.1442,3.1442,3.1442,0
2002-05-02,3.1297,3.1297,3.1297,3.1297,0
2002-05-03,3.1442,3.1442,3.1442,3.1442,0
2002-05-06,3.1413,3.1413,3.1413,3.1413,0
2002-05-07,3.1384,3.1384,3.1384,3.1384,0
2002-05-08,3.1007,3.1007,3.1007,3.1007,0
2002-05-09,3.1123,3.1123,3.1123,3.1123,0
2002-05-10,3.1239,3.1239,3.1239,3.1239,0
2002-05-13,3.0949,3.0949,3.0949,3.0949,0
2002-05-14,3.0717,3.0717,3.0717,3.0717,0
2002-05-15,3.0804,3.0804,3.0804,3.0804,0
2002-05-16,3.0949,3.0949,3.0949,3.0949,0
2002-05-17,3.0775,3.0775,3.0775,3.0775,0
2002-05-20,3.0920,3.0920,3.0920,3.0920,0
2002-05-21,3.1036,3.1036,3.1036,3.1036,0
2002-05-22,3.1181,3.1181,3.1181,3.1181,0
2002-05-23,3.1036,3.1036,3.1036,3.1036,0
2002-05-24,3.1065,3.1065,3.1065,3.1065,0
2002-05-28,3.1065,3.1065,3.1065,3.1065,0
2002-05-29,3.1239,3.1239,3.1239,3.1239,0
2002-05-30,3.1355,3.1355,3.1355,3.1355,0
2002-05-31,3.1440,3.1440,3.1440,3.1440,0
2002-06-03,3.1440,3.1440,3.1440,3.1440,0
2002-06-04,3.1498,3.1498,3.1498,3.1498,0
2002-06-05,3.1382,3.1382,3.1382,3.1382,0
2002-06-06,3.1469,3.1469,3.1469,3.1469,0
2002-06-07,3.1352,3.1352,3.1352,3.1352,0
2002-06-10,3.1440,3.1440,3.1440,3.1440,0
2002-06-11,3.1615,3.1615,3.1615,3.1615,0
2002-06-12,3.1702,3.1702,3.1702,3.1702,0
2002-06-13,3.1790,3.1790,3.1790,3.1790,0
2002-06-14,3.2111,3.2111,3.2111,3.2111,0
2002-06-17,3.1907,3.1907,3.1907,3.1907,0
2002-06-18,3.1936,3.1936,3.1936,3.1936,0
2002-06-19,3.2227,3.2227,3.2227,3.2227,0
2002-06-20,3.1994,3.1994,3.1994,3.1994,0
2002-06-21,3.2198,3.2198,3.2198,3.2198,0
2002-06-24,3.1965,3.1965,3.1965,3.1965,0
2002-06-25,3.1936,3.1936,3.1936,3.1936,0
2002-06-26,3.2227,3.2227,3.2227,3.2227,0
2002-06-27,3.1877,3.1877,3.1877,3.1877,0
2002-06-28,3.1992,3.1992,3.1992,3.1992,0
2002-07-01,3.2021,3.2021,3.2021,3.2021,0
2002-07-02,3.2226,3.2226,3.2226,3.2226,0
2002-07-03,3.2255,3.2255,3.2255,3.2255,0
2002-07-05,3.1904,3.1904,3.1904,3.1904,0
2002-07-08,3.2021,3.2021,3.2021,3.2021,0
2002-07-09,3.2226,3.2226,3.2226,3.2226,0
2002-07-10,3.2490,3.2490,3.2490,3.2490,0
2002-07-11,3.2578,3.2578,3.2578,3.2578,0
2002-07-12,3.2636,3.2636,3.2636,3.2636,0
2002-07-15,3.2519,3.2519,3.2519,3.2519,0
2002-07-16,3.2226,3.2226,3.2226,3.2226,0
2002-07-17,3.2343,3.2343,3.2343,3.2343,0
2002-07-18,3.2460,3.2460,3.2460,3.2460,0
2002-07-19,3.2607,3.2607,3.2607,3.2607,0
2002-07-22,3.2870,3.2870,3.2870,3.2870,0
2002-07-23,3.2929,3.2929,3.2929,3.2929,0
2002-07-24,3.2665,3.2665,3.2665,3.2665,0
2002-07-25,3.2900,3.2900,3.2900,3.2900,0
2002-07-26,3.2841,3.2841,3.2841,3.2841,0
2002-07-29,3.2460,3.2460,3.2460,3.2460,0
2002-07-30,3.2460,3.2460,3.2460,3.2460,0
2002-07-31,3.2931,3.2931,3.2931,3.2931,0
2002-08-01,3.3019,3.3019,3.3019,3.3019,0
2002-08-02,3.3402,3.3402,3.3402,3.3402,0
2002-08-05,3.3461,3.3461,3.3461,3.3461,0
2002-08-06,3.3167,3.3167,3.3167,3.3167,0
2002-08-07,3.3373,3.3373,3.3373,3.3373,0
2002-08-08,3.3225,3.3225,3.3225,3.3225,0
2002-08-09,3.3637,3.3637,3.3637,3.3637,0
2002-08-12,3.3814,3.3814,3.3814,3.3814,0
2002-08-13,3.4079,3.4079,3.4079,3.4079,0
2002-08-14,3.4344,3.4344,3.4344,3.4344,0
2002-08-15,3.4020,3.4020,3.4020,3.4020,0
2002-08-16,3.3549,3.3549,3.3549,3.3549,0
2002-08-19,3.3667,3.3667,3.3667,3.3667,0
2002-08-20,3.4020,3.4020,3.4020,3.4020,0
2002-08-21,3.3932,3.3932,3.3932,3.3932,0
2002-08-22,3.3667,3.3667,3.3667,3.3667,0
2002-08-23,3.3902,3.3902,3.3902,3.3902,0
2002-08-26,3.3991,3.3991,3.3991,3.3991,0
2002-08-27,3.3696,3.3696,3.3696,3.3696,0
2002-08-28,3.3932,3.3932,3.3932,3.3932,0
2002-08-29,3.4108,3.4108,3.4108,3.4108,0
2002-08-30,3.4342,3.4342,3.4342,3.4342,0
2002-09-03,3.4844,3.4844,3.4844,3.4844,0
2002-09-04,3.4933,3.4933,3.4933,3.4933,0
2002-09-05,3.5051,3.5051,3.5051,3.5051,0
2002-09-06,3.4608,3.4608,3.4608,3.4608,0
2002-09-09,3.4608,3.4608,3.4608,3.4608,0
2002-09-10,3.4756,3.4756,3.4756,3.4756,0
2002-09-11,3.4549,3.4549,3.4549,3.4549,0
2002-09-12,3.4844,3.4844,3.4844,3.4844,0
2002-09-13,3.5051,3.5051,3.5051,3.5051,0
2002-09-16,3.5140,3.5140,3.5140,3.5140,0
2002-09-17,3.5199,3.5199,3.5199,3.5199,0
2002-09-18,3.5169,3.5169,3.5169,3.5169,0
2002-09-19,3.5347,3.5347,3.5347,3.5347,0
2002-09-20,3.5258,3.5258,3.5258,3.5258,0
2002-09-23,3.5524,3.5524,3.5524,3.5524,0
2002-09-24,3.5642,3.5642,3.5642,3.5642,0
2002-09-25,3.5258,3.5258,3.5258,3.5258,0
2002-09-26,3.5228,3.5228,3.5228,3.5228,0
2002-09-27,3.5406,3.5406,3.5406,3.5406,0
2002-09-30,3.5723,3.5723,3.5723,3.5723,0
2002-10-01,3.5427,3.5427,3.5427,3.5427,0
2002-10-02,3.5486,3.5486,3.5486,3.5486,0
2002-10-03,3.5456,3.5456,3.5456,3.5456,0
2002-10-04,3.5486,3.5486,3.5486,3.5486,0
2002-10-07,3.5605,3.5605,3.5605,3.5605,0
2002-10-08,3.5575,3.5575,3.5575,3.5575,0
2002-10-09,3.5783,3.5783,3.5783,3.5783,0
2002-10-10,3.5516,3.5516,3.5516,3.5516,0
2002-10-11,3.5130,3.5130,3.5130,3.5130,0
2002-10-14,3.5130,3.5130,3.5130,3.5130,0
2002-10-15,3.4477,3.4477,3.4477,3.4477,0
2002-10-16,3.4358,3.4358,3.4358,3.4358,0
2002-10-17,3.4032,3.4032,3.4032,3.4032,0
2002-10-18,3.4002,3.4002,3.4002,3.4002,0
2002-10-21,3.3824,3.3824,3.3824,3.3824,0
2002-10-22,3.3735,3.3735,3.3735,3.3735,0
2002-10-23,3.3706,3.3706,3.3706,3.3706,0
2002-10-24,3.3943,3.3943,3.3943,3.3943,0
2002-10-25,3.4091,3.4091,3.4091,3.4091,0
2002-10-28,3.4091,3.4091,3.4091,3.4091,0
2002-10-29,3.4536,3.4536,3.4536,3.4536,0
2002-10-30,3.4447,3.4447,3.4447,3.4447,0
2002-10-31,3.4710,3.4710,3.4710,3.4710,0
2002-11-01,3.4590,3.4590,3.4590,3.4590,0
2002-11-04,3.4412,3.4412,3.4412,3.4412,0
2002-11-05,3.4322,3.4322,3.4322,3.4322,0
2002-11-06,3.4471,3.4471,3.4471,3.4471,0
2002-11-07,3.5097,3.5097,3.5097,3.5097,0
2002-11-08,3.5365,3.5365,3.5365,3.5365,0
2002-11-11,3.5365,3.5365,3.5365,3.5365,0
2002-11-12,3.5335,3.5335,3.5335,3.5335,0
2002-11-13,3.5365,3.5365,3.5365,3.5365,0
2002-11-14,3.4829,3.4829,3.4829,3.4829,0
2002-11-15,3.4799,3.4799,3.4799,3.4799,0
2002-11-18,3.4918,3.4918,3.4918,3.4918,0
2002-11-19,3.5067,3.5067,3.5067,3.5067,0
2002-11-20,3.4739,3.4739,3.4739,3.4739,0
2002-11-21,3.4501,3.4501,3.4501,3.4501,0
2002-11-22,3.4412,3.4412,3.4412,3.4412,0
2002-11-25,3.4382,3.4382,3.4382,3.4382,0
2002-11-26,3.4710,3.4710,3.4710,3.4710,0
2002-11-27,3.4084,3.4084,3.4084,3.4084,0
2002-11-29,3.4228,3.4228,3.4228,3.4228,0
2002-12-02,3.4407,3.4407,3.4407,3.4407,0
2002-12-03,3.4347,3.4347,3.4347,3.4347,0
2002-12-04,3.4527,3.4527,3.4527,3.4527,0
2002-12-05,3.4706,3.4706,3.4706,3.4706,0
2002-12-06,3.4736,3.4736,3.4736,3.4736,0
2002-12-09,3.4886,3.4886,3.4886,3.4886,0
2002-12-10,3.4976,3.4976,3.4976,3.4976,0
2002-12-11,3.5185,3.5185,3.5185,3.5185,0
2002-12-12,3.5155,3.5155,3.5155,3.5155,0
2002-12-13,3.4916,3.4916,3.4916,3.4916,0
2002-12-16,3.4646,3.4646,3.4646,3.4646,0
2002-12-17,3.4646,3.4646,3.4646,3.4646,0
2002-12-18,3.4856,3.4856,3.4856,3.4856,0
2002-12-19,3.5155,3.5155,3.5155,3.5155,0
2002-12-20,3.5155,3.5155,3.5155,3.5155,0
2002-12-23,3.5095,3.5095,3.5095,3.5095,0
2002-12-24,3.5275,3.5275,3.5275,3.5275,0
2002-12-26,3.5335,3.5335,3.5335,3.5335,0
2002-12-27,3.5664,3.5664,3.5664,3.5664,0
2002-12-30,3.5724,3.5724,3.5724,3.5724,0
2002-12-31,3.5772,3.5772,3.5772,3.5772,0
2003-01-02,3.5042,3.5042,3.5042,3.5042,0
2003-01-03,3.5073,3.5073,3.5073,3.5073,0
2003-01-06,3.4981,3.4981,3.4981,3.4981,0
2003-01-07,3.5073,3.5073,3.5073,3.5073,0
2003-01-08,3.5285,3.5285,3.5285,3.5285,0
2003-01-09,3.4677,3.4677,3.4677,3.4677,0
2003-01-10,3.4708,3.4708,3.4708,3.4708,0
2003-01-13,3.4799,3.4799,3.4799,3.4799,0
2003-01-14,3.4920,3.4920,3.4920,3.4920,0
2003-01-15,3.5012,3.5012,3.5012,3.5012,0
2003-01-16,3.5042,3.5042,3.5042,3.5042,0
2003-01-17,3.5225,3.5225,3.5225,3.5225,0
2003-01-21,3.5316,3.5316,3.5316,3.5316,0
2003-01-22,3.5468,3.5468,3.5468,3.5468,0
2003-01-23,3.5377,3.5377,3.5377,3.5377,0
2003-01-24,3.5559,3.5559,3.5559,3.5559,0
2003-01-27,3.5407,3.5407,3.5407,3.5407,0
2003-01-28,3.5377,3.5377,3.5377,3.5377,0
2003-01-29,3.5194,3.5194,3.5194,3.5194,0
2003-01-30,3.5377,3.5377,3.5377,3.5377,0
2003-01-31,3.5618,3.5618,3.5618,3.5618,0
2003-02-03,3.5618,3.5618,3.5618,3.5618,0
2003-02-04,3.5801,3.5801,3.5801,3.5801,0
2003-02-05,3.5526,3.5526,3.5526,3.5526,0
2003-02-06,3.5740,3.5740,3.5740,3.5740,0
2003-02-07,3.5862,3.5862,3.5862,3.5862,0
2003-02-10,3.5618,3.5618,3.5618,3.5618,0
2003-02-11,3.5649,3.5649,3.5649,3.5649,0
2003-02-12,3.5740,3.5740,3.5740,3.5740,0
2003-02-13,3.5924,3.5924,3.5924,3.5924,0
2003-02-14,3.5618,3.5618,3.5618,3.5618,0
2003-02-18,3.5710,3.5710,3.5710,3.5710,0
2003-02-19,3.5924,3.5924,3.5924,3.5924,0
2003-02-20,3.6015,3.6015,3.6015,3.6015,0
2003-02-21,3.5832,3.5832,3.5832,3.5832,0
2003-02-24,3.5985,3.5985,3.5985,3.5985,0
2003-02-25,3.6107,3.6107,3.6107,3.6107,0
2003-02-26,3.6260,3.6260,3.6260,3.6260,0
2003-02-27,3.6351,3.6351,3.6351,3.6351,0
2003-02-28,3.6701,3.6701,3.6701,3.6701,0
2003-03-03,3.6701,3.6701,3.6701,3.6701,0
2003-03-04,3.6793,3.6793,3.6793,3.6793,0
2003-03-05,3.6854,3.6854,3.6854,3.6854,0
2003-03-06,3.6731,3.6731,3.6731,3.6731,0
2003-03-07,3.6823,3.6823,3.6823,3.6823,0
2003-03-10,3.6946,3.6946,3.6946,3.6946,0
2003-03-11,3.6915,3.6915,3.6915,3.6915,0
2003-03-12,3.7007,3.7007,3.7007,3.7007,0
2003-03-13,3.6486,3.6486,3.6486,3.6486,0
2003-03-14,3.6578,3.6578,3.6578,3.6578,0
2003-03-17,3.6210,3.6210,3.6210,3.6210,0
2003-03-18,3.5965,3.5965,3.5965,3.5965,0
2003-03-19,3.5750,3.5750,3.5750,3.5750,0
2003-03-20,3.5536,3.5536,3.5536,3.5536,0
2003-03-21,3.5229,3.5229,3.5229,3.5229,0
2003-03-24,3.5658,3.5658,3.5658,3.5658,0
2003-03-25,3.5658,3.5658,3.5658,3.5658,0
2003-03-26,3.5689,3.5689,3.5689,3.5689,0
2003-03-27,3.5720,3.5720,3.5720,3.5720,0
2003-03-28,3.5812,3.5812,3.5812,3.5812,0
2003-03-31,3.6288,3.6288,3.6288,3.6288,0
2003-04-01,3.6257,3.6257,3.6257,3.6257,0
2003-04-02,3.5917,3.5917,3.5917,3.5917,0
2003-04-03,3.5886,3.5886,3.5886,3.5886,0
2003-04-04,3.5824,3.5824,3.5824,3.5824,0
2003-04-07,3.5669,3.5669,3.5669,3.5669,0
2003-04-08,3.5948,3.5948,3.5948,3.5948,0
2003-04-09,3.6010,3.6010,3.6010,3.6010,0
2003-04-10,3.5917,3.5917,3.5917,3.5917,0
2003-04-11,3.5824,3.5824,3.5824,3.5824,0
2003-04-14,3.5731,3.5731,3.5731,3.5731,0
2003-04-15,3.5917,3.5917,3.5917,3.5917,0
2003-04-16,3.6010,3.6010,3.6010,3.6010,0
2003-04-17,3.6010,3.6010,3.6010,3.6010,0
2003-04-21,3.5948,3.5948,3.5948,3.5948,0
2003-04-22,3.5948,3.5948,3.5948,3.5948,0
2003-04-23,3.5979,3.5979,3.5979,3.5979,0
2003-04-24,3.6288,3.6288,3.6288,3.6288,0
2003-04-25,3.6319,3.6319,3.6319,3.6319,0
2003-04-28,3.6319,3.6319,3.6319,3.6319,0
2003-04-29,3.6195,3.6195,3.6195,3.6195,0
2003-04-30,3.6618,3.6618,3.6618,3.6618,0
2003-05-01,3.6618,3.6618,3.6618,3.6618,0
2003-05-02,3.6463,3.6463,3.6463,3.6463,0
2003-05-05,3.6556,3.6556,3.6556,3.6556,0
2003-05-06,3.6805,3.6805,3.6805,3.6805,0
2003-05-07,3.7178,3.7178,3.7178,3.7178,0
2003-05-08,3.7271,3.7271,3.7271,3.7271,0
2003-05-09,3.7271,3.7271,3.7271,3.7271,0
2003-05-12,3.7426,3.7426,3.7426,3.7426,0
2003-05-13,3.7520,3.7520,3.7520,3.7520,0
2003-05-14,3.7955,3.7955,3.7955,3.7955,0
2003-05-15,3.7986,3.7986,3.7986,3.7986,0
2003-05-16,3.8204,3.8204,3.8204,3.8204,0
2003-05-19,3.8173,3.8173,3.8173,3.8173,0
2003-05-20,3.8546,3.8546,3.8546,3.8546,0
2003-05-21,3.8608,3.8608,3.8608,3.8608,0
2003-05-22,3.8825,3.8825,3.8825,3.8825,0
2003-05-23,3.8887,3.8887,3.8887,3.8887,0
2003-05-27,3.8421,3.8421,3.8421,3.8421,0
2003-05-28,3.8266,3.8266,3.8266,3.8266,0
2003-05-29,3.8577,3.8577,3.8577,3.8577,0
2003-05-30,3.8695,3.8695,3.8695,3.8695,0
2003-06-02,3.8383,3.8383,3.8383,3.8383,0
2003-06-03,3.8726,3.8726,3.8726,3.8726,0
2003-06-04,3.8851,3.8851,3.8851,3.8851,0
2003-06-05,3.8664,3.8664,3.8664,3.8664,0
2003-06-06,3.8664,3.8664,3.8664,3.8664,0
2003-06-09,3.8882,3.8882,3.8882,3.8882,0
2003-06-10,3.9257,3.9257,3.9257,3.9257,0
2003-06-11,3.9288,3.9288,3.9288,3.9288,0
2003-06-12,3.9413,3.9413,3.9413,3.9413,0
2003-06-13,3.9663,3.9663,3.9663,3.9663,0
2003-06-16,3.9413,3.9413,3.9413,3.9413,0
2003-06-17,3.9038,3.9038,3.9038,3.9038,0
2003-06-18,3.8633,3.8633,3.8633,3.8633,0
2003-06-19,3.8570,3.8570,3.8570,3.8570,0
2003-06-20,3.8383,3.8383,3.8383,3.8383,0
2003-06-23,3.8664,3.8664,3.8664,3.8664,0
2003-06-24,3.8882,3.8882,3.8882,3.8882,0
2003-06-25,3.8477,3.8477,3.8477,3.8477,0
2003-06-26,3.7946,3.7946,3.7946,3.7946,0
2003-06-27,3.7790,3.7790,3.7790,3.7790,0
2003-06-30,3.8122,3.8122,3.8122,3.8122,0
2003-07-01,3.8028,3.8028,3.8028,3.8028,0
2003-07-02,3.8091,3.8091,3.8091,3.8091,0
2003-07-03,3.7684,3.7684,3.7684,3.7684,0
2003-07-07,3.7496,3.7496,3.7496,3.7496,0
2003-07-08,3.7433,3.7433,3.7433,3.7433,0
2003-07-09,3.7496,3.7496,3.7496,3.7496,0
2003-07-10,3.7527,3.7527,3.7527,3.7527,0
2003-07-11,3.7652,3.7652,3.7652,3.7652,0
2003-07-14,3.7339,3.7339,3.7339,3.7339,0
2003-07-15,3.6681,3.6681,3.6681,3.6681,0
2003-07-16,3.6681,3.6681,3.6681,3.6681,0
2003-07-17,3.6619,3.6619,3.6619,3.6619,0
2003-07-18,3.6587,3.6587,3.6587,3.6587,0
2003-07-21,3.5930,3.5930,3.5930,3.5930,0
2003-07-22,3.6024,3.6024,3.6024,3.6024,0
2003-07-23,3.6117,3.6117,3.6117,3.6117,0
2003-07-24,3.5898,3.5898,3.5898,3.5898,0
2003-07-25,3.5804,3.5804,3.5804,3.5804,0
2003-07-28,3.5428,3.5428,3.5428,3.5428,0
2003-07-29,3.5052,3.5052,3.5052,3.5052,0
2003-07-30,3.5334,3.5334,3.5334,3.5334,0
2003-07-31,3.4853,3.4853,3.4853,3.4853,0
2003-08-01,3.4947,3.4947,3.4947,3.4947,0
2003-08-04,3.5105,3.5105,3.5105,3.5105,0
2003-08-05,3.4727,3.4727,3.4727,3.4727,0
2003-08-06,3.5325,3.5325,3.5325,3.5325,0
2003-08-07,3.5451,3.5451,3.5451,3.5451,0
2003-08-08,3.5451,3.5451,3.5451,3.5451,0
2003-08-11,3.5199,3.5199,3.5199,3.5199,0
2003-08-12,3.5231,3.5231,3.5231,3.5231,0
2003-08-13,3.4570,3.4570,3.4570,3.4570,0
2003-08-14,3.4601,3.4601,3.4601,3.4601,0
2003-08-15,3.4696,3.4696,3.4696,3.4696,0
2003-08-18,3.4822,3.4822,3.4822,3.4822,0
2003-08-19,3.5262,3.5262,3.5262,3.5262,0
2003-08-20,3.5073,3.5073,3.5073,3.5073,0
2003-08-21,3.4916,3.4916,3.4916,3.4916,0
2003-08-22,3.5136,3.5136,3.5136,3.5136,0
2003-08-25,3.4885,3.4885,3.4885,3.4885,0
2003-08-26,3.5073,3.5073,3.5073,3.5073,0
2003-08-27,3.4885,3.4885,3.4885,3.4885,0
2003-08-28,3.5262,3.5262,3.5262,3.5262,0
2003-08-29,3.5350,3.5350,3.5350,3.5350,0
2003-09-02,3.4813,3.4813,3.4813,3.4813,0
2003-09-03,3.4782,3.4782,3.4782,3.4782,0
2003-09-04,3.5003,3.5003,3.5003,3.5003,0
2003-09-05,3.5572,3.5572,3.5572,3.5572,0
2003-09-08,3.5445,3.5445,3.5445,3.5445,0
2003-09-09,3.5540,3.5540,3.5540,3.5540,0
2003-09-10,3.5824,3.5824,3.5824,3.5824,0
2003-09-11,3.5635,3.5635,3.5635,3.5635,0
2003-09-12,3.5856,3.5856,3.5856,3.5856,0
2003-09-15,3.5888,3.5888,3.5888,3.5888,0
2003-09-16,3.5666,3.5666,3.5666,3.5666,0
2003-09-17,3.6077,3.6077,3.6077,3.6077,0
2003-09-18,3.6109,3.6109,3.6109,3.6109,0
2003-09-19,3.6203,3.6203,3.6203,3.6203,0
2003-09-22,3.5919,3.5919,3.5919,3.5919,0
2003-09-23,3.6077,3.6077,3.6077,3.6077,0
2003-09-24,3.6361,3.6361,3.6361,3.6361,0
2003-09-25,3.6488,3.6488,3.6488,3.6488,0
2003-09-26,3.6709,3.6709,3.6709,3.6709,0
2003-09-29,3.6488,3.6488,3.6488,3.6488,0
2003-09-30,3.7144,3.7144,3.7144,3.7144,0
2003-10-01,3.7144,3.7144,3.7144,3.7144,0
2003-10-02,3.6922,3.6922,3.6922,3.6922,0
2003-10-03,3.6224,3.6224,3.6224,3.6224,0
2003-10-06,3.6447,3.6447,3.6447,3.6447,0
2003-10-07,3.6066,3.6066,3.6066,3.6066,0
2003-10-08,3.6034,3.6034,3.6034,3.6034,0
2003-10-09,3.5844,3.5844,3.5844,3.5844,0
2003-10-10,3.6002,3.6002,3.6002,3.6002,0
2003-10-13,3.6002,3.6002,3.6002,3.6002,0
2003-10-14,3.5685,3.5685,3.5685,3.5685,0
2003-10-15,3.5527,3.5527,3.5527,3.5527,0
2003-10-16,3.5400,3.5400,3.5400,3.5400,0
2003-10-17,3.5590,3.5590,3.5590,3.5590,0
2003-10-20,3.5685,3.5685,3.5685,3.5685,0
2003-10-21,3.5717,3.5717,3.5717,3.5717,0
2003-10-22,3.6034,3.6034,3.6034,3.6034,0
2003-10-23,3.5907,3.5907,3.5907,3.5907,0
2003-10-24,3.6256,3.6256,3.6256,3.6256,0
2003-10-27,3.6098,3.6098,3.6098,3.6098,0
2003-10-28,3.6320,3.6320,3.6320,3.6320,0
2003-10-29,3.6066,3.6066,3.6066,3.6066,0
2003-10-30,3.5876,3.5876,3.5876,3.5876,0
2003-10-31,3.6188,3.6188,3.6188,3.6188,0
2003-11-03,3.6028,3.6028,3.6028,3.6028,0
2003-11-04,3.6188,3.6188,3.6188,3.6188,0
2003-11-05,3.6028,3.6028,3.6028,3.6028,0
2003-11-06,3.5805,3.5805,3.5805,3.5805,0
2003-11-07,3.5710,3.5710,3.5710,3.5710,0
2003-11-10,3.5646,3.5646,3.5646,3.5646,0
2003-11-11,3.5646,3.5646,3.5646,3.5646,0
2003-11-12,3.5869,3.5869,3.5869,3.5869,0
2003-11-13,3.6315,3.6315,3.6315,3.6315,0
2003-11-14,3.6506,3.6506,3.6506,3.6506,0
2003-11-17,3.6634,3.6634,3.6634,3.6634,0
2003-11-18,3.6697,3.6697,3.6697,3.6697,0
2003-11-19,3.6443,3.6443,3.6443,3.6443,0
2003-11-20,3.6697,3.6697,3.6697,3.6697,0
2003-11-21,3.6761,3.6761,3.6761,3.6761,0
2003-11-24,3.6474,3.6474,3.6474,3.6474,0
2003-11-25,3.6634,3.6634,3.6634,3.6634,0
2003-11-26,3.6443,3.6443,3.6443,3.6443,0
2003-11-28,3.6302,3.6302,3.6302,3.6302,0
2003-12-01,3.6174,3.6174,3.6174,3.6174,0
2003-12-02,3.6206,3.6206,3.6206,3.6206,0
2003-12-03,3.6078,3.6078,3.6078,3.6078,0
2003-12-04,3.6206,3.6206,3.6206,3.6206,0
2003-12-05,3.6718,3.6718,3.6718,3.6718,0
2003-12-08,3.6494,3.6494,3.6494,3.6494,0
2003-12-09,3.6270,3.6270,3.6270,3.6270,0
2003-12-10,3.6366,3.6366,3.6366,3.6366,0
2003-12-11,3.6590,3.6590,3.6590,3.6590,0
2003-12-12,3.6590,3.6590,3.6590,3.6590,0
2003-12-15,3.6526,3.6526,3.6526,3.6526,0
2003-12-16,3.6654,3.6654,3.6654,3.6654,0
2003-12-17,3.6814,3.6814,3.6814,3.6814,0
2003-12-18,3.7038,3.7038,3.7038,3.7038,0
2003-12-19,3.7069,3.7069,3.7069,3.7069,0
2003-12-22,3.6942,3.6942,3.6942,3.6942,0
2003-12-23,3.6622,3.6622,3.6622,3.6622,0
2003-12-24,3.6878,3.6878,3.6878,3.6878,0
2003-12-26,3.7006,3.7006,3.7006,3.7006,0
2003-12-29,3.6718,3.6718,3.6718,3.6718,0
2003-12-30,3.6558,3.6558,3.6558,3.6558,0
2003-12-31,3.6752,3.6752,3.6752,3.6752,0
2004-01-02,3.6396,3.6396,3.6396,3.6396,0
2004-01-05,3.6331,3.6331,3.6331,3.6331,0
2004-01-06,3.6687,3.6687,3.6687,3.6687,0
2004-01-07,3.6784,3.6784,3.6784,3.6784,0
2004-01-08,3.6784,3.6784,3.6784,3.6784,0
2004-01-09,3.7269,3.7269,3.7269,3.7269,0
2004-01-12,3.7301,3.7301,3.7301,3.7301,0
2004-01-13,3.7463,3.7463,3.7463,3.7463,0
2004-01-14,3.7624,3.7624,3.7624,3.7624,0
2004-01-15,3.7721,3.7721,3.7721,3.7721,0
2004-01-16,3.7592,3.7592,3.7592,3.7592,0
2004-01-20,3.7463,3.7463,3.7463,3.7463,0
2004-01-21,3.7495,3.7495,3.7495,3.7495,0
2004-01-22,3.7754,3.7754,3.7754,3.7754,0
2004-01-23,3.7398,3.7398,3.7398,3.7398,0
2004-01-26,3.7140,3.7140,3.7140,3.7140,0
2004-01-27,3.7334,3.7334,3.7334,3.7334,0
2004-01-28,3.7043,3.7043,3.7043,3.7043,0
2004-01-29,3.7010,3.7010,3.7010,3.7010,0
2004-01-30,3.7393,3.7393,3.7393,3.7393,0
2004-02-02,3.7296,3.7296,3.7296,3.7296,0
2004-02-03,3.7426,3.7426,3.7426,3.7426,0
2004-02-04,3.7393,3.7393,3.7393,3.7393,0
2004-02-05,3.7263,3.7263,3.7263,3.7263,0
2004-02-06,3.7556,3.7556,3.7556,3.7556,0
2004-02-09,3.7620,3.7620,3.7620,3.7620,0
2004-02-10,3.7523,3.7523,3.7523,3.7523,0
2004-02-11,3.7750,3.7750,3.7750,3.7750,0
2004-02-12,3.7588,3.7588,3.7588,3.7588,0
2004-02-13,3.7685,3.7685,3.7685,3.7685,0
2004-02-17,3.7718,3.7718,3.7718,3.7718,0
2004-02-18,3.7718,3.7718,3.7718,3.7718,0
2004-02-19,3.7718,3.7718,3.7718,3.7718,0
2004-02-20,3.7523,3.7523,3.7523,3.7523,0
2004-02-23,3.7685,3.7685,3.7685,3.7685,0
2004-02-24,3.7783,3.7783,3.7783,3.7783,0
2004-02-25,3.7815,3.7815,3.7815,3.7815,0
2004-02-26,3.7685,3.7685,3.7685,3.7685,0
2004-02-27,3.8129,3.8129,3.8129,3.8129,0
2004-03-01,3.8063,3.8063,3.8063,3.8063,0
2004-03-02,3.7900,3.7900,3.7900,3.7900,0
2004-03-03,3.7835,3.7835,3.7835,3.7835,0
2004-03-04,3.7966,3.7966,3.7966,3.7966,0
2004-03-05,3.8650,3.8650,3.8650,3.8650,0
2004-03-08,3.8813,3.8813,3.8813,3.8813,0
2004-03-09,3.9041,3.9041,3.9041,3.9041,0
2004-03-10,3.8976,3.8976,3.8976,3.8976,0
2004-03-11,3.8943,3.8943,3.8943,3.8943,0
2004-03-12,3.8878,3.8878,3.8878,3.8878,0
2004-03-15,3.8846,3.8846,3.8846,3.8846,0
2004-03-16,3.9139,3.9139,3.9139,3.9139,0
2004-03-17,3.9171,3.9171,3.9171,3.9171,0
2004-03-18,3.8943,3.8943,3.8943,3.8943,0
2004-03-19,3.8813,3.8813,3.8813,3.8813,0
2004-03-22,3.9041,3.9041,3.9041,3.9041,0
2004-03-23,3.9074,3.9074,3.9074,3.9074,0
2004-03-24,3.9074,3.9074,3.9074,3.9074,0
2004-03-25,3.8943,3.8943,3.8943,3.8943,0
2004-03-26,3.8552,3.8552,3.8552,3.8552,0
2004-03-29,3.8357,3.8357,3.8357,3.8357,0
2004-03-30,3.8324,3.8324,3.8324,3.8324,0
2004-03-31,3.8681,3.8681,3.8681,3.8681,0
2004-04-01,3.8484,3.8484,3.8484,3.8484,0
2004-04-02,3.7699,3.7699,3.7699,3.7699,0
2004-04-05,3.7405,3.7405,3.7405,3.7405,0
2004-04-06,3.7535,3.7535,3.7535,3.7535,0
2004-04-07,3.7535,3.7535,3.7535,3.7535,0
2004-04-08,3.7405,3.7405,3.7405,3.7405,0
2004-04-12,3.7306,3.7306,3.7306,3.7306,0
2004-04-13,3.6946,3.6946,3.6946,3.6946,0
2004-04-14,3.6816,3.6816,3.6816,3.6816,0
2004-04-15,3.6717,3.6717,3.6717,3.6717,0
2004-04-16,3.6848,3.6848,3.6848,3.6848,0
2004-04-19,3.6750,3.6750,3.6750,3.6750,0
2004-04-20,3.6750,3.6750,3.6750,3.6750,0
2004-04-21,3.6619,3.6619,3.6619,3.6619,0
2004-04-22,3.6816,3.6816,3.6816,3.6816,0
2004-04-23,3.6554,3.6554,3.6554,3.6554,0
2004-04-26,3.6652,3.6652,3.6652,3.6652,0
2004-04-27,3.6717,3.6717,3.6717,3.6717,0
2004-04-28,3.6488,3.6488,3.6488,3.6488,0
2004-04-29,3.6259,3.6259,3.6259,3.6259,0
2004-04-30,3.6548,3.6548,3.6548,3.6548,0
2004-05-03,3.6581,3.6581,3.6581,3.6581,0
2004-05-04,3.6417,3.6417,3.6417,3.6417,0
2004-05-05,3.6318,3.6318,3.6318,3.6318,0
2004-05-06,3.6220,3.6220,3.6220,3.6220,0
2004-05-07,3.5760,3.5760,3.5760,3.5760,0
2004-05-10,3.5694,3.5694,3.5694,3.5694,0
2004-05-11,3.5727,3.5727,3.5727,3.5727,0
2004-05-12,3.5628,3.5628,3.5628,3.5628,0
2004-05-13,3.5464,3.5464,3.5464,3.5464,0
2004-05-14,3.5661,3.5661,3.5661,3.5661,0
2004-05-17,3.5957,3.5957,3.5957,3.5957,0
2004-05-18,3.5858,3.5858,3.5858,3.5858,0
2004-05-19,3.5694,3.5694,3.5694,3.5694,0
2004-05-20,3.5924,3.5924,3.5924,3.5924,0
2004-05-21,3.5793,3.5793,3.5793,3.5793,0
2004-05-24,3.5891,3.5891,3.5891,3.5891,0
2004-05-25,3.5957,3.5957,3.5957,3.5957,0
2004-05-26,3.6121,3.6121,3.6121,3.6121,0
2004-05-27,3.6384,3.6384,3.6384,3.6384,0
2004-05-28,3.6345,3.6345,3.6345,3.6345,0
2004-06-01,3.6146,3.6146,3.6146,3.6146,0
2004-06-02,3.6080,3.6080,3.6080,3.6080,0
2004-06-03,3.6113,3.6113,3.6113,3.6113,0
2004-06-04,3.5915,3.5915,3.5915,3.5915,0
2004-06-07,3.5948,3.5948,3.5948,3.5948,0
2004-06-08,3.5981,3.5981,3.5981,3.5981,0
2004-06-09,3.5849,3.5849,3.5849,3.5849,0
2004-06-10,3.5915,3.5915,3.5915,3.5915,0
2004-06-14,3.5651,3.5651,3.5651,3.5651,0
2004-06-15,3.6278,3.6278,3.6278,3.6278,0
2004-06-16,3.6113,3.6113,3.6113,3.6113,0
2004-06-17,3.6278,3.6278,3.6278,3.6278,0
2004-06-18,3.6212,3.6212,3.6212,3.6212,0
2004-06-21,3.6245,3.6245,3.6245,3.6245,0
2004-06-22,3.6179,3.6179,3.6179,3.6179,0
2004-06-23,3.6212,3.6212,3.6212,3.6212,0
2004-06-24,3.6411,3.6411,3.6411,3.6411,0
2004-06-25,3.6411,3.6411,3.6411,3.6411,0
2004-06-28,3.6113,3.6113,3.6113,3.6113,0
2004-06-29,3.6245,3.6245,3.6245,3.6245,0
2004-06-30,3.6663,3.6663,3.6663,3.6663,0
2004-07-01,3.6796,3.6796,3.6796,3.6796,0
2004-07-02,3.7160,3.7160,3.7160,3.7160,0
2004-07-06,3.7061,3.7061,3.7061,3.7061,0
2004-07-07,3.7061,3.7061,3.7061,3.7061,0
2004-07-08,3.7094,3.7094,3.7094,3.7094,0
2004-07-09,3.7094,3.7094,3.7094,3.7094,0
2004-07-12,3.7194,3.7194,3.7194,3.7194,0
2004-07-13,3.7061,3.7061,3.7061,3.7061,0
2004-07-14,3.7061,3.7061,3.7061,3.7061,0
2004-07-15,3.7061,3.7061,3.7061,3.7061,0
2004-07-16,3.7459,3.7459,3.7459,3.7459,0
2004-07-19,3.7459,3.7459,3.7459,3.7459,0
2004-07-20,3.7160,3.7160,3.7160,3.7160,0
2004-07-21,3.7061,3.7061,3.7061,3.7061,0
2004-07-22,3.7127,3.7127,3.7127,3.7127,0
2004-07-23,3.7227,3.7227,3.7227,3.7227,0
2004-07-26,3.7127,3.7127,3.7127,3.7127,0
2004-07-27,3.6663,3.6663,3.6663,3.6663,0
2004-07-28,3.6696,3.6696,3.6696,3.6696,0
2004-07-29,3.6729,3.6729,3.6729,3.6729,0
2004-07-30,3.7222,3.7222,3.7222,3.7222,0
2004-08-02,3.7289,3.7289,3.7289,3.7289,0
2004-08-03,3.7389,3.7389,3.7389,3.7389,0
2004-08-04,3.7355,3.7355,3.7355,3.7355,0
2004-08-05,3.7455,3.7455,3.7455,3.7455,0
2004-08-06,3.7955,3.7955,3.7955,3.7955,0
2004-08-09,3.7921,3.7921,3.7921,3.7921,0
2004-08-10,3.7821,3.7821,3.7821,3.7821,0
2004-08-11,3.7855,3.7855,3.7855,3.7855,0
2004-08-12,3.7888,3.7888,3.7888,3.7888,0
2004-08-13,3.8055,3.8055,3.8055,3.8055,0
2004-08-16,3.7888,3.7888,3.7888,3.7888,0
2004-08-17,3.8021,3.8021,3.8021,3.8021,0
2004-08-18,3.7955,3.7955,3.7955,3.7955,0
2004-08-19,3.8021,3.8021,3.8021,3.8021,0
2004-08-20,3.7955,3.7955,3.7955,3.7955,0
2004-08-23,3.7788,3.7788,3.7788,3.7788,0
2004-08-24,3.7788,3.7788,3.7788,3.7788,0
2004-08-25,3.7855,3.7855,3.7855,3.7855,0
2004-08-26,3.8021,3.8021,3.8021,3.8021,0
2004-08-27,3.7988,3.7988,3.7988,3.7988,0
2004-08-30,3.8121,3.8121,3.8121,3.8121,0
2004-08-31,3.8486,3.8486,3.8486,3.8486,0
2004-09-01,3.8519,3.8519,3.8519,3.8519,0
2004-09-02,3.8318,3.8318,3.8318,3.8318,0
2004-09-03,3.7984,3.7984,3.7984,3.7984,0
2004-09-07,3.8185,3.8185,3.8185,3.8185,0
2004-09-08,3.8452,3.8452,3.8452,3.8452,0
2004-09-09,3.8285,3.8285,3.8285,3.8285,0
2004-09-10,3.8352,3.8352,3.8352,3.8352,0
2004-09-13,3.8452,3.8452,3.8452,3.8452,0
2004-09-14,3.8519,3.8519,3.8519,3.8519,0
2004-09-15,3.8419,3.8419,3.8419,3.8419,0
2004-09-16,3.8787,3.8787,3.8787,3.8787,0
2004-09-17,3.8619,3.8619,3.8619,3.8619,0
2004-09-20,3.8820,3.8820,3.8820,3.8820,0
2004-09-21,3.8920,3.8920,3.8920,3.8920,0
2004-09-22,3.9188,3.9188,3.9188,3.9188,0
2004-09-23,3.9087,3.9087,3.9087,3.9087,0
2004-09-24,3.9087,3.9087,3.9087,3.9087,0
2004-09-27,3.9188,3.9188,3.9188,3.9188,0
2004-09-28,3.9087,3.9087,3.9087,3.9087,0
2004-09-29,3.8820,3.8820,3.8820,3.8820,0
2004-09-30,3.8847,3.8847,3.8847,3.8847,0
2004-10-01,3.8578,3.8578,3.8578,3.8578,0
2004-10-04,3.8645,3.8645,3.8645,3.8645,0
2004-10-05,3.8679,3.8679,3.8679,3.8679,0
2004-10-06,3.8478,3.8478,3.8478,3.8478,0
2004-10-07,3.8377,3.8377,3.8377,3.8377,0
2004-10-08,3.8780,3.8780,3.8780,3.8780,0
2004-10-11,3.8780,3.8780,3.8780,3.8780,0
2004-10-12,3.8880,3.8880,3.8880,3.8880,0
2004-10-13,3.8948,3.8948,3.8948,3.8948,0
2004-10-14,3.9149,3.9149,3.9149,3.9149,0
2004-10-15,3.9048,3.9048,3.9048,3.9048,0
2004-10-18,3.9048,3.9048,3.9048,3.9048,0
2004-10-19,3.9115,3.9115,3.9115,3.9115,0
2004-10-20,3.9317,3.9317,3.9317,3.9317,0
2004-10-21,3.9350,3.9350,3.9350,3.9350,0
2004-10-22,3.9384,3.9384,3.9384,3.9384,0
2004-10-25,3.9418,3.9418,3.9418,3.9418,0
2004-10-26,3.9384,3.9384,3.9384,3.9384,0
2004-10-27,3.9048,3.9048,3.9048,3.9048,0
2004-10-28,3.9048,3.9048,3.9048,3.9048,0
2004-10-29,3.9416,3.9416,3.9416,3.9416,0
2004-11-01,3.9180,3.9180,3.9180,3.9180,0
2004-11-02,3.9213,3.9213,3.9213,3.9213,0
2004-11-03,3.9247,3.9247,3.9247,3.9247,0
2004-11-04,3.9315,3.9315,3.9315,3.9315,0
2004-11-05,3.8843,3.8843,3.8843,3.8843,0
2004-11-08,3.8775,3.8775,3.8775,3.8775,0
2004-11-09,3.8741,3.8741,3.8741,3.8741,0
2004-11-10,3.8573,3.8573,3.8573,3.8573,0
2004-11-11,3.8573,3.8573,3.8573,3.8573,0
2004-11-12,3.8843,3.8843,3.8843,3.8843,0
2004-11-15,3.8876,3.8876,3.8876,3.8876,0
2004-11-16,3.8843,3.8843,3.8843,3.8843,0
2004-11-17,3.9112,3.9112,3.9112,3.9112,0
2004-11-18,3.9247,3.9247,3.9247,3.9247,0
2004-11-19,3.8977,3.8977,3.8977,3.8977,0
2004-11-22,3.9146,3.9146,3.9146,3.9146,0
2004-11-23,3.9112,3.9112,3.9112,3.9112,0
2004-11-24,3.9079,3.9079,3.9079,3.9079,0
2004-11-26,3.8876,3.8876,3.8876,3.8876,0
2004-11-29,3.8505,3.8505,3.8505,3.8505,0
2004-11-30,3.8529,3.8529,3.8529,3.8529,0
2004-12-01,3.8461,3.8461,3.8461,3.8461,0
2004-12-02,3.8360,3.8360,3.8360,3.8360,0
2004-12-03,3.8834,3.8834,3.8834,3.8834,0
2004-12-06,3.8969,3.8969,3.8969,3.8969,0
2004-12-07,3.9003,3.9003,3.9003,3.9003,0
2004-12-08,3.9511,3.9511,3.9511,3.9511,0
2004-12-09,3.9308,3.9308,3.9308,3.9308,0
2004-12-10,3.9342,3.9342,3.9342,3.9342,0
2004-12-13,3.9409,3.9409,3.9409,3.9409,0
2004-12-14,3.9511,3.9511,3.9511,3.9511,0
2004-12-15,3.9782,3.9782,3.9782,3.9782,0
2004-12-16,3.9308,3.9308,3.9308,3.9308,0
2004-12-17,3.9240,3.9240,3.9240,3.9240,0
2004-12-20,3.9274,3.9274,3.9274,3.9274,0
2004-12-21,3.9409,3.9409,3.9409,3.9409,0
2004-12-22,3.9274,3.9274,3.9274,3.9274,0
2004-12-23,3.9172,3.9172,3.9172,3.9172,0
2004-12-27,3.8902,3.8902,3.8902,3.8902,0
2004-12-28,3.8868,3.8868,3.8868,3.8868,0
2004-12-29,3.8766,3.8766,3.8766,3.8766,0
2004-12-30,3.9003,3.9003,3.9003,3.9003,0
2004-12-31,3.9390,3.9390,3.9390,3.9390,0
2005-01-03,3.9424,3.9424,3.9424,3.9424,0
2005-01-04,3.9184,3.9184,3.9184,3.9184,0
2005-01-05,3.9287,3.9287,3.9287,3.9287,0
2005-01-06,3.9253,3.9253,3.9253,3.9253,0
2005-01-07,3.9253,3.9253,3.9253,3.9253,0
2005-01-10,3.9356,3.9356,3.9356,3.9356,0
2005-01-11,3.9527,3.9527,3.9527,3.9527,0
2005-01-12,3.9595,3.9595,3.9595,3.9595,0
2005-01-13,3.9835,3.9835,3.9835,3.9835,0
2005-01-14,3.9732,3.9732,3.9732,3.9732,0
2005-01-18,3.9903,3.9903,3.9903,3.9903,0
2005-01-19,3.9972,3.9972,3.9972,3.9972,0
2005-01-20,4.0006,4.0006,4.0006,4.0006,0
2005-01-21,4.0074,4.0074,4.0074,4.0074,0
2005-01-24,4.0211,4.0211,4.0211,4.0211,0
2005-01-25,3.9937,3.9937,3.9937,3.9937,0
2005-01-26,3.9972,3.9972,3.9972,3.9972,0
2005-01-27,3.9903,3.9903,3.9903,3.9903,0
2005-01-28,4.0177,4.0177,4.0177,4.0177,0
2005-01-31,4.0414,4.0414,4.0414,4.0414,0
2005-02-01,4.0414,4.0414,4.0414,4.0414,0
2005-02-02,4.0448,4.0448,4.0448,4.0448,0
2005-02-03,4.0414,4.0414,4.0414,4.0414,0
2005-02-04,4.0826,4.0826,4.0826,4.0826,0
2005-02-07,4.0998,4.0998,4.0998,4.0998,0
2005-02-08,4.1136,4.1136,4.1136,4.1136,0
2005-02-09,4.1273,4.1273,4.1273,4.1273,0
2005-02-10,4.0861,4.0861,4.0861,4.0861,0
2005-02-11,4.0792,4.0792,4.0792,4.0792,0
2005-02-14,4.0930,4.0930,4.0930,4.0930,0
2005-02-15,4.0792,4.0792,4.0792,4.0792,0
2005-02-16,4.0586,4.0586,4.0586,4.0586,0
2005-02-17,4.0414,4.0414,4.0414,4.0414,0
2005-02-18,4.0070,4.0070,4.0070,4.0070,0
2005-02-22,3.9933,3.9933,3.9933,3.9933,0
2005-02-23,4.0002,4.0002,4.0002,4.0002,0
2005-02-24,4.0002,4.0002,4.0002,4.0002,0
2005-02-25,4.0070,4.0070,4.0070,4.0070,0
2005-02-28,3.9912,3.9912,3.9912,3.9912,0
2005-03-01,3.9843,3.9843,3.9843,3.9843,0
2005-03-02,3.9774,3.9774,3.9774,3.9774,0
2005-03-03,3.9774,3.9774,3.9774,3.9774,0
2005-03-04,4.0119,4.0119,4.0119,4.0119,0
2005-03-07,4.0222,4.0222,4.0222,4.0222,0
2005-03-08,3.9912,3.9912,3.9912,3.9912,0
2005-03-09,3.9325,3.9325,3.9325,3.9325,0
2005-03-10,3.9601,3.9601,3.9601,3.9601,0
2005-03-11,3.9291,3.9291,3.9291,3.9291,0
2005-03-14,3.9394,3.9394,3.9394,3.9394,0
2005-03-15,3.9256,3.9256,3.9256,3.9256,0
2005-03-16,3.9360,3.9360,3.9360,3.9360,0
2005-03-17,3.9498,3.9498,3.9498,3.9498,0
2005-03-18,3.9291,3.9291,3.9291,3.9291,0
2005-03-21,3.9222,3.9222,3.9222,3.9222,0
2005-03-22,3.8980,3.8980,3.8980,3.8980,0
2005-03-23,3.9015,3.9015,3.9015,3.9015,0
2005-03-24,3.9084,3.9084,3.9084,3.9084,0
2005-03-28,3.8946,3.8946,3.8946,3.8946,0
2005-03-29,3.9049,3.9049,3.9049,3.9049,0
2005-03-30,3.9222,3.9222,3.9222,3.9222,0
2005-03-31,3.9615,3.9615,3.9615,3.9615,0
2005-04-01,3.9789,3.9789,3.9789,3.9789,0
2005-04-04,3.9789,3.9789,3.9789,3.9789,0
2005-04-05,3.9719,3.9719,3.9719,3.9719,0
2005-04-06,3.9754,3.9754,3.9754,3.9754,0
2005-04-07,3.9580,3.9580,3.9580,3.9580,0
2005-04-08,3.9580,3.9580,3.9580,3.9580,0
2005-04-11,3.9719,3.9719,3.9719,3.9719,0
2005-04-12,4.0067,4.0067,4.0067,4.0067,0
2005-04-13,3.9963,3.9963,3.9963,3.9963,0
2005-04-14,3.9893,3.9893,3.9893,3.9893,0
2005-04-15,4.0241,4.0241,4.0241,4.0241,0
2005-04-18,4.0415,4.0415,4.0415,4.0415,0
2005-04-19,4.0554,4.0554,4.0554,4.0554,0
2005-04-20,4.0484,4.0484,4.0484,4.0484,0
2005-04-21,4.0241,4.0241,4.0241,4.0241,0
2005-04-22,4.0450,4.0450,4.0450,4.0450,0
2005-04-25,4.0519,4.0519,4.0519,4.0519,0
2005-04-26,4.0484,4.0484,4.0484,4.0484,0
2005-04-27,4.0589,4.0589,4.0589,4.0589,0
2005-04-28,4.0797,4.0797,4.0797,4.0797,0
2005-04-29,4.0892,4.0892,4.0892,4.0892,0
2005-05-02,4.0892,4.0892,4.0892,4.0892,0
2005-05-03,4.0857,4.0857,4.0857,4.0857,0
2005-05-04,4.0752,4.0752,4.0752,4.0752,0
2005-05-05,4.0787,4.0787,4.0787,4.0787,0
2005-05-06,4.0542,4.0542,4.0542,4.0542,0
2005-05-09,4.0577,4.0577,4.0577,4.0577,0
2005-05-10,4.0717,4.0717,4.0717,4.0717,0
2005-05-11,4.0857,4.0857,4.0857,4.0857,0
2005-05-12,4.0927,4.0927,4.0927,4.0927,0
2005-05-13,4.1136,4.1136,4.1136,4.1136,0
2005-05-16,4.1136,4.1136,4.1136,4.1136,0
2005-05-17,4.1171,4.1171,4.1171,4.1171,0
2005-05-18,4.1346,4.1346,4.1346,4.1346,0
2005-05-19,4.1241,4.1241,4.1241,4.1241,0
2005-05-20,4.1241,4.1241,4.1241,4.1241,0
2005-05-23,4.1485,4.1485,4.1485,4.1485,0
2005-05-24,4.1625,4.1625,4.1625,4.1625,0
2005-05-25,4.1415,4.1415,4.1415,4.1415,0
2005-05-26,4.1381,4.1381,4.1381,4.1381,0
2005-05-27,4.1381,4.1381,4.1381,4.1381,0
2005-05-31,4.1938,4.1938,4.1938,4.1938,0
2005-06-01,4.2324,4.2324,4.2324,4.2324,0
2005-06-02,4.2464,4.2464,4.2464,4.2464,0
2005-06-03,4.2148,4.2148,4.2148,4.2148,0
2005-06-06,4.2289,4.2289,4.2289,4.2289,0
2005-06-07,4.2534,4.2534,4.2534,4.2534,0
2005-06-08,4.2394,4.2394,4.2394,4.2394,0
2005-06-09,4.2289,4.2289,4.2289,4.2289,0
2005-06-10,4.1973,4.1973,4.1973,4.1973,0
2005-06-13,4.1728,4.1728,4.1728,4.1728,0
2005-06-14,4.1482,4.1482,4.1482,4.1482,0
2005-06-15,4.1517,4.1517,4.1517,4.1517,0
2005-06-16,4.1728,4.1728,4.1728,4.1728,0
2005-06-17,4.1728,4.1728,4.1728,4.1728,0
2005-06-20,4.1658,4.1658,4.1658,4.1658,0
2005-06-21,4.1903,4.1903,4.1903,4.1903,0
2005-06-22,4.2324,4.2324,4.2324,4.2324,0
2005-06-23,4.2254,4.2254,4.2254,4.2254,0
2005-06-24,4.2464,4.2464,4.2464,4.2464,0
2005-06-27,4.2569,4.2569,4.2569,4.2569,0
2005-06-28,4.2324,4.2324,4.2324,4.2324,0
2005-06-29,4.2219,4.2219,4.2219,4.2219,0
2005-06-30,4.2627,4.2627,4.2627,4.2627,0
2005-07-01,4.2205,4.2205,4.2205,4.2205,0
2005-07-05,4.1923,4.1923,4.1923,4.1923,0
2005-07-06,4.2064,4.2064,4.2064,4.2064,0
2005-07-07,4.2205,4.2205,4.2205,4.2205,0
2005-07-08,4.1923,4.1923,4.1923,4.1923,0
2005-07-11,4.1993,4.1993,4.1993,4.1993,0
2005-07-12,4.1817,4.1817,4.1817,4.1817,0
2005-07-13,4.1747,4.1747,4.1747,4.1747,0
2005-07-14,4.1641,4.1641,4.1641,4.1641,0
2005-07-15,4.1712,4.1712,4.1712,4.1712,0
2005-07-18,4.1465,4.1465,4.1465,4.1465,0
2005-07-19,4.1571,4.1571,4.1571,4.1571,0
2005-07-20,4.1747,4.1747,4.1747,4.1747,0
2005-07-21,4.1289,4.1289,4.1289,4.1289,0
2005-07-22,4.1536,4.1536,4.1536,4.1536,0
2005-07-25,4.1430,4.1430,4.1430,4.1430,0
2005-07-26,4.1465,4.1465,4.1465,4.1465,0
2005-07-27,4.1395,4.1395,4.1395,4.1395,0
2005-07-28,4.1712,4.1712,4.1712,4.1712,0
2005-07-29,4.1528,4.1528,4.1528,4.1528,0
2005-08-01,4.1387,4.1387,4.1387,4.1387,0
2005-08-02,4.1281,4.1281,4.1281,4.1281,0
2005-08-03,4.1422,4.1422,4.1422,4.1422,0
2005-08-04,4.1351,4.1351,4.1351,4.1351,0
2005-08-05,4.1104,4.1104,4.1104,4.1104,0
2005-08-08,4.0998,4.0998,4.0998,4.0998,0
2005-08-09,4.1104,4.1104,4.1104,4.1104,0
2005-08-10,4.1068,4.1068,4.1068,4.1068,0
2005-08-11,4.1316,4.1316,4.1316,4.1316,0
2005-08-12,4.1705,4.1705,4.1705,4.1705,0
2005-08-15,4.1563,4.1563,4.1563,4.1563,0
2005-08-16,4.1775,4.1775,4.1775,4.1775,0
2005-08-17,4.1563,4.1563,4.1563,4.1563,0
2005-08-18,4.1775,4.1775,4.1775,4.1775,0
2005-08-19,4.1775,4.1775,4.1775,4.1775,0
2005-08-22,4.1775,4.1775,4.1775,4.1775,0
2005-08-23,4.1881,4.1881,4.1881,4.1881,0
2005-08-24,4.1917,4.1917,4.1917,4.1917,0
2005-08-25,4.2058,4.2058,4.2058,4.2058,0
2005-08-26,4.1952,4.1952,4.1952,4.1952,0
2005-08-29,4.2058,4.2058,4.2058,4.2058,0
2005-08-30,4.2305,4.2305,4.2305,4.2305,0
2005-08-31,4.2724,4.2724,4.2724,4.2724,0
2005-09-01,4.2618,4.2618,4.2618,4.2618,0
2005-09-02,4.2582,4.2582,4.2582,4.2582,0
2005-09-06,4.2334,4.2334,4.2334,4.2334,0
2005-09-07,4.2050,4.2050,4.2050,4.2050,0
2005-09-08,4.2085,4.2085,4.2085,4.2085,0
2005-09-09,4.2156,4.2156,4.2156,4.2156,0
2005-09-12,4.1943,4.1943,4.1943,4.1943,0
2005-09-13,4.2050,4.2050,4.2050,4.2050,0
2005-09-14,4.1908,4.1908,4.1908,4.1908,0
2005-09-15,4.1660,4.1660,4.1660,4.1660,0
2005-09-16,4.1482,4.1482,4.1482,4.1482,0
2005-09-19,4.1518,4.1518,4.1518,4.1518,0
2005-09-20,4.1589,4.1589,4.1589,4.1589,0
2005-09-21,4.1837,4.1837,4.1837,4.1837,0
2005-09-22,4.1873,4.1873,4.1873,4.1873,0
2005-09-23,4.1660,4.1660,4.1660,4.1660,0
2005-09-26,4.1447,4.1447,4.1447,4.1447,0
2005-09-27,4.1411,4.1411,4.1411,4.1411,0
2005-09-28,4.1660,4.1660,4.1660,4.1660,0
2005-09-29,4.1482,4.1482,4.1482,4.1482,0
2005-09-30,4.1539,4.1539,4.1539,4.1539,0
2005-10-03,4.1290,4.1290,4.1290,4.1290,0
2005-10-04,4.1361,4.1361,4.1361,4.1361,0
2005-10-05,4.1468,4.1468,4.1468,4.1468,0
2005-10-06,4.1432,4.1432,4.1432,4.1432,0
2005-10-07,4.1468,4.1468,4.1468,4.1468,0
2005-10-10,4.1468,4.1468,4.1468,4.1468,0
2005-10-11,4.1361,4.1361,4.1361,4.1361,0
2005-10-12,4.1112,4.1112,4.1112,4.1112,0
2005-10-13,4.0898,4.0898,4.0898,4.0898,0
2005-10-14,4.0862,4.0862,4.0862,4.0862,0
2005-10-17,4.0898,4.0898,4.0898,4.0898,0
2005-10-18,4.0898,4.0898,4.0898,4.0898,0
2005-10-19,4.0934,4.0934,4.0934,4.0934,0
2005-10-20,4.0934,4.0934,4.0934,4.0934,0
2005-10-21,4.1254,4.1254,4.1254,4.1254,0
2005-10-24,4.1040,4.1040,4.1040,4.1040,0
2005-10-25,4.0791,4.0791,4.0791,4.0791,0
2005-10-26,4.0435,4.0435,4.0435,4.0435,0
2005-10-27,4.0542,4.0542,4.0542,4.0542,0
2005-10-28,4.0577,4.0577,4.0577,4.0577,0
2005-10-31,4.0817,4.0817,4.0817,4.0817,0
2005-11-01,4.0745,4.0745,4.0745,4.0745,0
2005-11-02,4.0567,4.0567,4.0567,4.0567,0
2005-11-03,4.0388,4.0388,4.0388,4.0388,0
2005-11-04,4.0280,4.0280,4.0280,4.0280,0
2005-11-07,4.0388,4.0388,4.0388,4.0388,0
2005-11-08,4.0674,4.0674,4.0674,4.0674,0
2005-11-09,4.0388,4.0388,4.0388,4.0388,0
2005-11-10,4.0745,4.0745,4.0745,4.0745,0
2005-11-11,4.0745,4.0745,4.0745,4.0745,0
2005-11-14,4.0531,4.0531,4.0531,4.0531,0
2005-11-15,4.0745,4.0745,4.0745,4.0745,0
2005-11-16,4.1032,4.1032,4.1032,4.1032,0
2005-11-17,4.1139,4.1139,4.1139,4.1139,0
2005-11-18,4.0924,4.0924,4.0924,4.0924,0
2005-11-21,4.1067,4.1067,4.1067,4.1067,0
2005-11-22,4.1103,4.1103,4.1103,4.1103,0
2005-11-23,4.0853,4.0853,4.0853,4.0853,0
2005-11-25,4.1067,4.1067,4.1067,4.1067,0
2005-11-28,4.1246,4.1246,4.1246,4.1246,0
2005-11-29,4.0924,4.0924,4.0924,4.0924,0
2005-11-30,4.1054,4.1054,4.1054,4.1054,0
2005-12-01,4.0946,4.0946,4.0946,4.0946,0
2005-12-02,4.0946,4.0946,4.0946,4.0946,0
2005-12-05,4.0802,4.0802,4.0802,4.0802,0
2005-12-06,4.1125,4.1125,4.1125,4.1125,0
2005-12-07,4.1018,4.1018,4.1018,4.1018,0
2005-12-08,4.1233,4.1233,4.1233,4.1233,0
2005-12-09,4.0982,4.0982,4.0982,4.0982,0
2005-12-12,4.0946,4.0946,4.0946,4.0946,0
2005-12-13,4.0982,4.0982,4.0982,4.0982,0
2005-12-14,4.1341,4.1341,4.1341,4.1341,0
2005-12-15,4.1269,4.1269,4.1269,4.1269,0
2005-12-16,4.1377,4.1377,4.1377,4.1377,0
2005-12-19,4.1413,4.1413,4.1413,4.1413,0
2005-12-20,4.1305,4.1305,4.1305,4.1305,0
2005-12-21,4.1269,4.1269,4.1269,4.1269,0
2005-12-22,4.1521,4.1521,4.1521,4.1521,0
2005-12-23,4.1808,4.1808,4.1808,4.1808,0
2005-12-27,4.1988,4.1988,4.1988,4.1988,0
2005-12-28,4.1844,4.1844,4.1844,4.1844,0
2005-12-29,4.1876,4.1876,4.1876,4.1876,0
2005-12-30,4.2011,4.2011,4.2011,4.2011,0
2006-01-03,4.2011,4.2011,4.2011,4.2011,0
2006-01-04,4.2047,4.2047,4.2047,4.2047,0
2006-01-05,4.2011,4.2011,4.2011,4.2011,0
2006-01-06,4.1938,4.1938,4.1938,4.1938,0
2006-01-09,4.1938,4.1938,4.1938,4.1938,0
2006-01-10,4.1756,4.1756,4.1756,4.1756,0
2006-01-11,4.1611,4.1611,4.1611,4.1611,0
2006-01-12,4.1829,4.1829,4.1829,4.1829,0
2006-01-13,4.2120,4.2120,4.2120,4.2120,0
2006-01-17,4.2193,4.2193,4.2193,4.2193,0
2006-01-18,4.2156,4.2156,4.2156,4.2156,0
2006-01-19,4.2011,4.2011,4.2011,4.2011,0
2006-01-20,4.2120,4.2120,4.2120,4.2120,0
2006-01-23,4.2120,4.2120,4.2120,4.2120,0
2006-01-24,4.1975,4.1975,4.1975,4.1975,0
2006-01-25,4.1611,4.1611,4.1611,4.1611,0
2006-01-26,4.1393,4.1393,4.1393,4.1393,0
2006-01-27,4.1465,4.1465,4.1465,4.1465,0
2006-01-30,4.1356,4.1356,4.1356,4.1356,0
2006-01-31,4.1634,4.1634,4.1634,4.1634,0
2006-02-01,4.1524,4.1524,4.1524,4.1524,0
2006-02-02,4.1561,4.1561,4.1561,4.1561,0
2006-02-03,4.1780,4.1780,4.1780,4.1780,0
2006-02-06,4.1816,4.1816,4.1816,4.1816,0
2006-02-07,4.1670,4.1670,4.1670,4.1670,0
2006-02-08,4.1561,4.1561,4.1561,4.1561,0
2006-02-09,4.1670,4.1670,4.1670,4.1670,0
2006-02-10,4.1524,4.1524,4.1524,4.1524,0
2006-02-13,4.1524,4.1524,4.1524,4.1524,0
2006-02-14,4.1378,4.1378,4.1378,4.1378,0
2006-02-15,4.1451,4.1451,4.1451,4.1451,0
2006-02-16,4.1451,4.1451,4.1451,4.1451,0
2006-02-17,4.1780,4.1780,4.1780,4.1780,0
2006-02-21,4.1670,4.1670,4.1670,4.1670,0
2006-02-22,4.1853,4.1853,4.1853,4.1853,0
2006-02-23,4.1743,4.1743,4.1743,4.1743,0
2006-02-24,4.1707,4.1707,4.1707,4.1707,0
2006-02-27,4.1597,4.1597,4.1597,4.1597,0
2006-02-28,4.1971,4.1971,4.1971,4.1971,0
2006-03-01,4.1751,4.1751,4.1751,4.1751,0
2006-03-02,4.1495,4.1495,4.1495,4.1495,0
2006-03-03,4.1311,4.1311,4.1311,4.1311,0
2006-03-06,4.1018,4.1018,4.1018,4.1018,0
2006-03-07,4.1018,4.1018,4.1018,4.1018,0
2006-03-08,4.1018,4.1018,4.1018,4.1018,0
2006-03-09,4.1018,4.1018,4.1018,4.1018,0
2006-03-10,4.0945,4.0945,4.0945,4.0945,0
2006-03-13,4.0835,4.0835,4.0835,4.0835,0
2006-03-14,4.1128,4.1128,4.1128,4.1128,0
2006-03-15,4.0945,4.0945,4.0945,4.0945,0
2006-03-16,4.1238,4.1238,4.1238,4.1238,0
2006-03-17,4.1128,4.1128,4.1128,4.1128,0
2006-03-20,4.1201,4.1201,4.1201,4.1201,0
2006-03-21,4.0981,4.0981,4.0981,4.0981,0
2006-03-22,4.1055,4.1055,4.1055,4.1055,0
2006-03-23,4.0908,4.0908,4.0908,4.0908,0
2006-03-24,4.1201,4.1201,4.1201,4.1201,0
2006-03-27,4.1055,4.1055,4.1055,4.1055,0
2006-03-28,4.0762,4.0762,4.0762,4.0762,0
2006-03-29,4.0578,4.0578,4.0578,4.0578,0
2006-03-30,4.0372,4.0372,4.0372,4.0372,0
2006-03-31,4.0546,4.0546,4.0546,4.0546,0
2006-04-03,4.0509,4.0509,4.0509,4.0509,0
2006-04-04,4.0472,4.0472,4.0472,4.0472,0
2006-04-05,4.0546,4.0546,4.0546,4.0546,0
2006-04-06,4.0287,4.0287,4.0287,4.0287,0
2006-04-07,4.0028,4.0028,4.0028,4.0028,0
2006-04-10,3.9991,3.9991,3.9991,3.9991,0
2006-04-11,4.0139,4.0139,4.0139,4.0139,0
2006-04-12,3.9954,3.9954,3.9954,3.9954,0
2006-04-13,3.9695,3.9695,3.9695,3.9695,0
2006-04-17,3.9843,3.9843,3.9843,3.9843,0
2006-04-18,3.9917,3.9917,3.9917,3.9917,0
2006-04-19,3.9695,3.9695,3.9695,3.9695,0
2006-04-20,3.9658,3.9658,3.9658,3.9658,0
2006-04-21,3.9806,3.9806,3.9806,3.9806,0
2006-04-24,3.9954,3.9954,3.9954,3.9954,0
2006-04-25,3.9584,3.9584,3.9584,3.9584,0
2006-04-26,3.9510,3.9510,3.9510,3.9510,0
2006-04-27,3.9547,3.9547,3.9547,3.9547,0
2006-04-28,3.9751,3.9751,3.9751,3.9751,0
2006-05-01,3.9491,3.9491,3.9491,3.9491,0
2006-05-02,3.9603,3.9603,3.9603,3.9603,0
2006-05-03,3.9454,3.9454,3.9454,3.9454,0
2006-05-04,3.9454,3.9454,3.9454,3.9454,0
2006-05-05,3.9640,3.9640,3.9640,3.9640,0
2006-05-08,3.9640,3.9640,3.9640,3.9640,0
2006-05-09,3.9603,3.9603,3.9603,3.9603,0
2006-05-10,3.9640,3.9640,3.9640,3.9640,0
2006-05-11,3.9491,3.9491,3.9491,3.9491,0
2006-05-12,3.9268,3.9268,3.9268,3.9268,0
2006-05-15,3.9380,3.9380,3.9380,3.9380,0
2006-05-16,3.9603,3.9603,3.9603,3.9603,0
2006-05-17,3.9380,3.9380,3.9380,3.9380,0
2006-05-18,3.9751,3.9751,3.9751,3.9751,0
2006-05-19,3.9863,3.9863,3.9863,3.9863,0
2006-05-22,3.9900,3.9900,3.9900,3.9900,0
2006-05-23,3.9789,3.9789,3.9789,3.9789,0
2006-05-24,3.9900,3.9900,3.9900,3.9900,0
2006-05-25,3.9751,3.9751,3.9751,3.9751,0
2006-05-26,3.9789,3.9789,3.9789,3.9789,0
2006-05-30,3.9677,3.9677,3.9677,3.9677,0
2006-05-31,3.9740,3.9740,3.9740,3.9740,0
2006-06-01,3.9778,3.9778,3.9778,3.9778,0
2006-06-02,4.0226,4.0226,4.0226,4.0226,0
2006-06-05,4.0114,4.0114,4.0114,4.0114,0
2006-06-06,4.0226,4.0226,4.0226,4.0226,0
2006-06-07,4.0188,4.0188,4.0188,4.0188,0
2006-06-08,4.0300,4.0300,4.0300,4.0300,0
2006-06-09,4.0375,4.0375,4.0375,4.0375,0
2006-06-12,4.0375,4.0375,4.0375,4.0375,0
2006-06-13,4.0487,4.0487,4.0487,4.0487,0
2006-06-14,4.0151,4.0151,4.0151,4.0151,0
2006-06-15,3.9964,3.9964,3.9964,3.9964,0
2006-06-16,3.9852,3.9852,3.9852,3.9852,0
2006-06-19,3.9815,3.9815,3.9815,3.9815,0
2006-06-20,3.9740,3.9740,3.9740,3.9740,0
2006-06-21,3.9778,3.9778,3.9778,3.9778,0
2006-06-22,3.9591,3.9591,3.9591,3.9591,0
2006-06-23,3.9479,3.9479,3.9479,3.9479,0
2006-06-26,3.9442,3.9442,3.9442,3.9442,0
2006-06-27,3.9591,3.9591,3.9591,3.9591,0
2006-06-28,3.9405,3.9405,3.9405,3.9405,0
2006-06-29,3.9554,3.9554,3.9554,3.9554,0
2006-06-30,4.0022,4.0022,4.0022,4.0022,0
2006-07-03,3.9985,3.9985,3.9985,3.9985,0
2006-07-05,3.9685,3.9685,3.9685,3.9685,0
2006-07-06,3.9872,3.9872,3.9872,3.9872,0
2006-07-07,4.0097,4.0097,4.0097,4.0097,0
2006-07-10,4.0097,4.0097,4.0097,4.0097,0
2006-07-11,4.0247,4.0247,4.0247,4.0247,0
2006-07-12,4.0247,4.0247,4.0247,4.0247,0
2006-07-13,4.0322,4.0322,4.0322,4.0322,0
2006-07-14,4.0360,4.0360,4.0360,4.0360,0
2006-07-17,4.0360,4.0360,4.0360,4.0360,0
2006-07-18,4.0097,4.0097,4.0097,4.0097,0
2006-07-19,4.0397,4.0397,4.0397,4.0397,0
2006-07-20,4.0509,4.0509,4.0509,4.0509,0
2006-07-21,4.0397,4.0397,4.0397,4.0397,0
2006-07-24,4.0397,4.0397,4.0397,4.0397,0
2006-07-25,4.0322,4.0322,4.0322,4.0322,0
2006-07-26,4.0397,4.0397,4.0397,4.0397,0
2006-07-27,4.0360,4.0360,4.0360,4.0360,0
2006-07-28,4.0584,4.0584,4.0584,4.0584,0
2006-07-31,4.0761,4.0761,4.0761,4.0761,0
2006-08-01,4.0761,4.0761,4.0761,4.0761,0
2006-08-02,4.0874,4.0874,4.0874,4.0874,0
2006-08-03,4.0912,4.0912,4.0912,4.0912,0
2006-08-04,4.1138,4.1138,4.1138,4.1138,0
2006-08-07,4.1062,4.1062,4.1062,4.1062,0
2006-08-08,4.1025,4.1025,4.1025,4.1025,0
2006-08-09,4.0950,4.0950,4.0950,4.0950,0
2006-08-10,4.0874,4.0874,4.0874,4.0874,0
2006-08-11,4.0724,4.0724,4.0724,4.0724,0
2006-08-14,4.0611,4.0611,4.0611,4.0611,0
2006-08-15,4.0950,4.0950,4.0950,4.0950,0
2006-08-16,4.1138,4.1138,4.1138,4.1138,0
2006-08-17,4.1175,4.1175,4.1175,4.1175,0
2006-08-18,4.1288,4.1288,4.1288,4.1288,0
2006-08-21,4.1326,4.1326,4.1326,4.1326,0
2006-08-22,4.1364,4.1364,4.1364,4.1364,0
2006-08-23,4.1364,4.1364,4.1364,4.1364,0
2006-08-24,4.1439,4.1439,4.1439,4.1439,0
2006-08-25,4.1476,4.1476,4.1476,4.1476,0
2006-08-28,4.1476,4.1476,4.1476,4.1476,0
2006-08-29,4.1514,4.1514,4.1514,4.1514,0
2006-08-30,4.1552,4.1552,4.1552,4.1552,0
2006-08-31,4.1877,4.1877,4.1877,4.1877,0
2006-09-01,4.1915,4.1915,4.1915,4.1915,0
2006-09-05,4.1650,4.1650,4.1650,4.1650,0
2006-09-06,4.1574,4.1574,4.1574,4.1574,0
2006-09-07,4.1612,4.1612,4.1612,4.1612,0
2006-09-08,4.1688,4.1688,4.1688,4.1688,0
2006-09-11,4.1612,4.1612,4.1612,4.1612,0
2006-09-12,4.1763,4.1763,4.1763,4.1763,0
2006-09-13,4.1763,4.1763,4.1763,4.1763,0
2006-09-14,4.1688,4.1688,4.1688,4.1688,0
2006-09-15,4.1650,4.1650,4.1650,4.1650,0
2006-09-18,4.1612,4.1612,4.1612,4.1612,0
2006-09-19,4.1915,4.1915,4.1915,4.1915,0
2006-09-20,4.1952,4.1952,4.1952,4.1952,0
2006-09-21,4.2293,4.2293,4.2293,4.2293,0
2006-09-22,4.2481,4.2481,4.2481,4.2481,0
2006-09-25,4.2670,4.2670,4.2670,4.2670,0
2006-09-26,4.2557,4.2557,4.2557,4.2557,0
2006-09-27,4.2519,4.2519,4.2519,4.2519,0
2006-09-28,4.2368,4.2368,4.2368,4.2368,0
2006-09-29,4.2539,4.2539,4.2539,4.2539,0
2006-10-02,4.2577,4.2577,4.2577,4.2577,0
2006-10-03,4.2615,4.2615,4.2615,4.2615,0
2006-10-04,4.2767,4.2767,4.2767,4.2767,0
2006-10-05,4.2577,4.2577,4.2577,4.2577,0
2006-10-06,4.2197,4.2197,4.2197,4.2197,0
2006-10-09,4.2197,4.2197,4.2197,4.2197,0
2006-10-10,4.2008,4.2008,4.2008,4.2008,0
2006-10-11,4.1856,4.1856,4.1856,4.1856,0
2006-10-12,4.1894,4.1894,4.1894,4.1894,0
2006-10-13,4.1742,4.1742,4.1742,4.1742,0
2006-10-16,4.1818,4.1818,4.1818,4.1818,0
2006-10-17,4.1894,4.1894,4.1894,4.1894,0
2006-10-18,4.1932,4.1932,4.1932,4.1932,0
2006-10-19,4.1856,4.1856,4.1856,4.1856,0
2006-10-20,4.1894,4.1894,4.1894,4.1894,0
2006-10-23,4.1666,4.1666,4.1666,4.1666,0
2006-10-24,4.1704,4.1704,4.1704,4.1704,0
2006-10-25,4.1894,4.1894,4.1894,4.1894,0
2006-10-26,4.2159,4.2159,4.2159,4.2159,0
2006-10-27,4.2349,4.2349,4.2349,4.2349,0
2006-10-30,4.2387,4.2387,4.2387,4.2387,0
2006-10-31,4.2867,4.2867,4.2867,4.2867,0
2006-11-01,4.3058,4.3058,4.3058,4.3058,0
2006-11-02,4.2905,4.2905,4.2905,4.2905,0
2006-11-03,4.2448,4.2448,4.2448,4.2448,0
2006-11-06,4.2486,4.2486,4.2486,4.2486,0
2006-11-07,4.2677,4.2677,4.2677,4.2677,0
2006-11-08,4.2791,4.2791,4.2791,4.2791,0
2006-11-09,4.2791,4.2791,4.2791,4.2791,0
2006-11-10,4.2943,4.2943,4.2943,4.2943,0
2006-11-13,4.2905,4.2905,4.2905,4.2905,0
2006-11-14,4.3096,4.3096,4.3096,4.3096,0
2006-11-15,4.2867,4.2867,4.2867,4.2867,0
2006-11-16,4.2677,4.2677,4.2677,4.2677,0
2006-11-17,4.2905,4.2905,4.2905,4.2905,0
2006-11-20,4.2943,4.2943,4.2943,4.2943,0
2006-11-21,4.3020,4.3020,4.3020,4.3020,0
2006-11-22,4.3058,4.3058,4.3058,4.3058,0
2006-11-24,4.3134,4.3134,4.3134,4.3134,0
2006-11-27,4.3210,4.3210,4.3210,4.3210,0
2006-11-28,4.3324,4.3324,4.3324,4.3324,0
2006-11-29,4.3248,4.3248,4.3248,4.3248,0
2006-11-30,4.3688,4.3688,4.3688,4.3688,0
2006-12-01,4.3803,4.3803,4.3803,4.3803,0
2006-12-04,4.3765,4.3765,4.3765,4.3765,0
2006-12-05,4.3688,4.3688,4.3688,4.3688,0
2006-12-06,4.3535,4.3535,4.3535,4.3535,0
2006-12-07,4.3535,4.3535,4.3535,4.3535,0
2006-12-08,4.3229,4.3229,4.3229,4.3229,0
2006-12-11,4.3382,4.3382,4.3382,4.3382,0
2006-12-12,4.3497,4.3497,4.3497,4.3497,0
2006-12-13,4.3114,4.3114,4.3114,4.3114,0
2006-12-14,4.3000,4.3000,4.3000,4.3000,0
2006-12-15,4.3000,4.3000,4.3000,4.3000,0
2006-12-18,4.3038,4.3038,4.3038,4.3038,0
2006-12-19,4.2961,4.2961,4.2961,4.2961,0
2006-12-20,4.3000,4.3000,4.3000,4.3000,0
2006-12-21,4.3153,4.3153,4.3153,4.3153,0
2006-12-22,4.2847,4.2847,4.2847,4.2847,0
2006-12-26,4.2961,4.2961,4.2961,4.2961,0
2006-12-27,4.2732,4.2732,4.2732,4.2732,0
2006-12-28,4.2579,4.2579,4.2579,4.2579,0
2006-12-29,4.2755,4.2755,4.2755,4.2755,0
2007-01-03,4.2948,4.2948,4.2948,4.2948,0
2007-01-04,4.3140,4.3140,4.3140,4.3140,0
2007-01-05,4.3024,4.3024,4.3024,4.3024,0
2007-01-08,4.3024,4.3024,4.3024,4.3024,0
2007-01-09,4.3024,4.3024,4.3024,4.3024,0
2007-01-10,4.2909,4.2909,4.2909,4.2909,0
2007-01-11,4.2640,4.2640,4.2640,4.2640,0
2007-01-12,4.2487,4.2487,4.2487,4.2487,0
2007-01-16,4.2563,4.2563,4.2563,4.2563,0
2007-01-17,4.2410,4.2410,4.2410,4.2410,0
2007-01-18,4.2563,4.2563,4.2563,4.2563,0
2007-01-19,4.2487,4.2487,4.2487,4.2487,0
2007-01-22,4.2563,4.2563,4.2563,4.2563,0
2007-01-23,4.2333,4.2333,4.2333,4.2333,0
2007-01-24,4.2294,4.2294,4.2294,4.2294,0
2007-01-25,4.2064,4.2064,4.2064,4.2064,0
2007-01-26,4.1987,4.1987,4.1987,4.1987,0
2007-01-29,4.1910,4.1910,4.1910,4.1910,0
2007-01-30,4.1987,4.1987,4.1987,4.1987,0
2007-01-31,4.2396,4.2396,4.2396,4.2396,0
2007-02-01,4.2357,4.2357,4.2357,4.2357,0
2007-02-02,4.2396,4.2396,4.2396,4.2396,0
2007-02-05,4.2473,4.2473,4.2473,4.2473,0
2007-02-06,4.2666,4.2666,4.2666,4.2666,0
2007-02-07,4.2743,4.2743,4.2743,4.2743,0
2007-02-08,4.2782,4.2782,4.2782,4.2782,0
2007-02-09,4.2512,4.2512,4.2512,4.2512,0
2007-02-12,4.2435,4.2435,4.2435,4.2435,0
2007-02-13,4.2396,4.2396,4.2396,4.2396,0
2007-02-14,4.2743,4.2743,4.2743,4.2743,0
2007-02-15,4.2820,4.2820,4.2820,4.2820,0
2007-02-16,4.2898,4.2898,4.2898,4.2898,0
2007-02-20,4.2975,4.2975,4.2975,4.2975,0
2007-02-21,4.2936,4.2936,4.2936,4.2936,0
2007-02-22,4.2743,4.2743,4.2743,4.2743,0
2007-02-23,4.2936,4.2936,4.2936,4.2936,0
2007-02-26,4.3168,4.3168,4.3168,4.3168,0
2007-02-27,4.3669,4.3669,4.3669,4.3669,0
2007-02-28,4.3638,4.3638,4.3638,4.3638,0
2007-03-01,4.3599,4.3599,4.3599,4.3599,0
2007-03-02,4.3754,4.3754,4.3754,4.3754,0
2007-03-05,4.3716,4.3716,4.3716,4.3716,0
2007-03-06,4.3716,4.3716,4.3716,4.3716,0
2007-03-07,4.3832,4.3832,4.3832,4.3832,0
2007-03-08,4.3793,4.3793,4.3793,4.3793,0
2007-03-09,4.3445,4.3445,4.3445,4.3445,0
2007-03-12,4.3599,4.3599,4.3599,4.3599,0
2007-03-13,4.3793,4.3793,4.3793,4.3793,0
2007-03-14,4.3599,4.3599,4.3599,4.3599,0
2007-03-15,4.3599,4.3599,4.3599,4.3599,0
2007-03-16,4.3599,4.3599,4.3599,4.3599,0
2007-03-19,4.3483,4.3483,4.3483,4.3483,0
2007-03-20,4.3561,4.3561,4.3561,4.3561,0
2007-03-21,4.3638,4.3638,4.3638,4.3638,0
2007-03-22,4.3290,4.3290,4.3290,4.3290,0
2007-03-23,4.3173,4.3173,4.3173,4.3173,0
2007-03-26,4.3251,4.3251,4.3251,4.3251,0
2007-03-27,4.3135,4.3135,4.3135,4.3135,0
2007-03-28,4.3057,4.3057,4.3057,4.3057,0
2007-03-29,4.3081,4.3081,4.3081,4.3081,0
2007-03-30,4.3147,4.3147,4.3147,4.3147,0
2007-04-02,4.3186,4.3186,4.3186,4.3186,0
2007-04-03,4.3147,4.3147,4.3147,4.3147,0
2007-04-04,4.3147,4.3147,4.3147,4.3147,0
2007-04-05,4.3030,4.3030,4.3030,4.3030,0
2007-04-09,4.2796,4.2796,4.2796,4.2796,0
2007-04-10,4.2874,4.2874,4.2874,4.2874,0
2007-04-11,4.2796,4.2796,4.2796,4.2796,0
2007-04-12,4.2835,4.2835,4.2835,4.2835,0
2007-04-13,4.2757,4.2757,4.2757,4.2757,0
2007-04-16,4.2913,4.2913,4.2913,4.2913,0
2007-04-17,4.3108,4.3108,4.3108,4.3108,0
2007-04-18,4.3264,4.3264,4.3264,4.3264,0
2007-04-19,4.3186,4.3186,4.3186,4.3186,0
2007-04-20,4.3147,4.3147,4.3147,4.3147,0
2007-04-23,4.3225,4.3225,4.3225,4.3225,0
2007-04-24,4.3342,4.3342,4.3342,4.3342,0
2007-04-25,4.3225,4.3225,4.3225,4.3225,0
2007-04-26,4.3069,4.3069,4.3069,4.3069,0
2007-04-27,4.2991,4.2991,4.2991,4.2991,0
2007-04-30,4.3520,4.3520,4.3520,4.3520,0
2007-05-01,4.3481,4.3481,4.3481,4.3481,0
2007-05-02,4.3481,4.3481,4.3481,4.3481,0
2007-05-03,4.3402,4.3402,4.3402,4.3402,0
2007-05-04,4.3559,4.3559,4.3559,4.3559,0
2007-05-07,4.3599,4.3599,4.3599,4.3599,0
2007-05-08,4.3559,4.3559,4.3559,4.3559,0
2007-05-09,4.3363,4.3363,4.3363,4.3363,0
2007-05-10,4.3442,4.3442,4.3442,4.3442,0
2007-05-11,4.3363,4.3363,4.3363,4.3363,0
2007-05-14,4.3285,4.3285,4.3285,4.3285,0
2007-05-15,4.3167,4.3167,4.3167,4.3167,0
2007-05-16,4.3206,4.3206,4.3206,4.3206,0
2007-05-17,4.3010,4.3010,4.3010,4.3010,0
2007-05-18,4.2814,4.2814,4.2814,4.2814,0
2007-05-21,4.2893,4.2893,4.2893,4.2893,0
2007-05-22,4.2697,4.2697,4.2697,4.2697,0
2007-05-23,4.2540,4.2540,4.2540,4.2540,0
2007-05-24,4.2579,4.2579,4.2579,4.2579,0
2007-05-25,4.2540,4.2540,4.2540,4.2540,0
2007-05-29,4.2501,4.2501,4.2501,4.2501,0
2007-05-30,4.2540,4.2540,4.2540,4.2540,0
2007-05-31,4.2682,4.2682,4.2682,4.2682,0
2007-06-01,4.2445,4.2445,4.2445,4.2445,0
2007-06-04,4.2603,4.2603,4.2603,4.2603,0
2007-06-05,4.2406,4.2406,4.2406,4.2406,0
2007-06-06,4.2367,4.2367,4.2367,4.2367,0
2007-06-07,4.1815,4.1815,4.1815,4.1815,0
2007-06-08,4.1697,4.1697,4.1697,4.1697,0
2007-06-11,4.1619,4.1619,4.1619,4.1619,0
2007-06-12,4.1107,4.1107,4.1107,4.1107,0
2007-06-13,4.1422,4.1422,4.1422,4.1422,0
2007-06-14,4.1343,4.1343,4.1343,4.1343,0
2007-06-15,4.1500,4.1500,4.1500,4.1500,0
2007-06-18,4.1579,4.1579,4.1579,4.1579,0
2007-06-19,4.1815,4.1815,4.1815,4.1815,0
2007-06-20,4.1658,4.1658,4.1658,4.1658,0
2007-06-21,4.1461,4.1461,4.1461,4.1461,0
2007-06-22,4.1540,4.1540,4.1540,4.1540,0
2007-06-25,4.1815,4.1815,4.1815,4.1815,0
2007-06-26,4.1737,4.1737,4.1737,4.1737,0
2007-06-27,4.1855,4.1855,4.1855,4.1855,0
2007-06-28,4.1737,4.1737,4.1737,4.1737,0
2007-06-29,4.2306,4.2306,4.2306,4.2306,0
2007-07-02,4.2425,4.2425,4.2425,4.2425,0
2007-07-03,4.2187,4.2187,4.2187,4.2187,0
2007-07-05,4.1832,4.1832,4.1832,4.1832,0
2007-07-06,4.1634,4.1634,4.1634,4.1634,0
2007-07-09,4.1792,4.1792,4.1792,4.1792,0
2007-07-10,4.2306,4.2306,4.2306,4.2306,0
2007-07-11,4.2069,4.2069,4.2069,4.2069,0
2007-07-12,4.1911,4.1911,4.1911,4.1911,0
2007-07-13,4.1990,4.1990,4.1990,4.1990,0
2007-07-16,4.2306,4.2306,4.2306,4.2306,0
2007-07-17,4.2108,4.2108,4.2108,4.2108,0
2007-07-18,4.2385,4.2385,4.2385,4.2385,0
2007-07-19,4.2306,4.2306,4.2306,4.2306,0
2007-07-20,4.2543,4.2543,4.2543,4.2543,0
2007-07-23,4.2543,4.2543,4.2543,4.2543,0
2007-07-24,4.2583,4.2583,4.2583,4.2583,0
2007-07-25,4.2701,4.2701,4.2701,4.2701,0
2007-07-26,4.3057,4.3057,4.3057,4.3057,0
2007-07-27,4.3018,4.3018,4.3018,4.3018,0
2007-07-30,4.2939,4.2939,4.2939,4.2939,0
2007-07-31,4.3316,4.3316,4.3316,4.3316,0
2007-08-01,4.3316,4.3316,4.3316,4.3316,0
2007-08-02,4.3395,4.3395,4.3395,4.3395,0
2007-08-03,4.3554,4.3554,4.3554,4.3554,0
2007-08-06,4.3356,4.3356,4.3356,4.3356,0
2007-08-07,4.3356,4.3356,4.3356,4.3356,0
2007-08-08,4.2839,4.2839,4.2839,4.2839,0
2007-08-09,4.2919,4.2919,4.2919,4.2919,0
2007-08-10,4.2959,4.2959,4.2959,4.2959,0
2007-08-13,4.2998,4.2998,4.2998,4.2998,0
2007-08-14,4.3117,4.3117,4.3117,4.3117,0
2007-08-15,4.3078,4.3078,4.3078,4.3078,0
2007-08-16,4.3276,4.3276,4.3276,4.3276,0
2007-08-17,4.3117,4.3117,4.3117,4.3117,0
2007-08-20,4.3316,4.3316,4.3316,4.3316,0
2007-08-21,4.3514,4.3514,4.3514,4.3514,0
2007-08-22,4.3395,4.3395,4.3395,4.3395,0
2007-08-23,4.3514,4.3514,4.3514,4.3514,0
2007-08-24,4.3594,4.3594,4.3594,4.3594,0
2007-08-27,4.3792,4.3792,4.3792,4.3792,0
2007-08-28,4.3872,4.3872,4.3872,4.3872,0
2007-08-29,4.3792,4.3792,4.3792,4.3792,0
2007-08-30,4.4070,4.4070,4.4070,4.4070,0
2007-08-31,4.4170,4.4170,4.4170,4.4170,0
2007-09-04,4.4130,4.4130,4.4130,4.4130,0
2007-09-05,4.4449,4.4449,4.4449,4.4449,0
2007-09-06,4.4369,4.4369,4.4369,4.4369,0
2007-09-07,4.4887,4.4887,4.4887,4.4887,0
2007-09-10,4.5166,4.5166,4.5166,4.5166,0
2007-09-11,4.5047,4.5047,4.5047,4.5047,0
2007-09-12,4.4887,4.4887,4.4887,4.4887,0
2007-09-13,4.4608,4.4608,4.4608,4.4608,0
2007-09-14,4.4688,4.4688,4.4688,4.4688,0
2007-09-17,4.4688,4.4688,4.4688,4.4688,0
2007-09-18,4.4569,4.4569,4.4569,4.4569,0
2007-09-19,4.4250,4.4250,4.4250,4.4250,0
2007-09-20,4.3612,4.3612,4.3612,4.3612,0
2007-09-21,4.3851,4.3851,4.3851,4.3851,0
2007-09-24,4.3891,4.3891,4.3891,4.3891,0
2007-09-25,4.3851,4.3851,4.3851,4.3851,0
2007-09-26,4.3811,4.3811,4.3811,4.3811,0
2007-09-27,4.4090,4.4090,4.4090,4.4090,0
2007-09-28,4.4266,4.4266,4.4266,4.4266,0
2007-10-01,4.4426,4.4426,4.4426,4.4426,0
2007-10-02,4.4546,4.4546,4.4546,4.4546,0
2007-10-03,4.4506,4.4506,4.4506,4.4506,0
2007-10-04,4.4586,4.4586,4.4586,4.4586,0
2007-10-05,4.4026,4.4026,4.4026,4.4026,0
2007-10-08,4.4026,4.4026,4.4026,4.4026,0
2007-10-09,4.4066,4.4066,4.4066,4.4066,0
2007-10-10,4.4066,4.4066,4.4066,4.4066,0
2007-10-11,4.3986,4.3986,4.3986,4.3986,0
2007-10-12,4.3866,4.3866,4.3866,4.3866,0
2007-10-15,4.3866,4.3866,4.3866,4.3866,0
2007-10-16,4.3906,4.3906,4.3906,4.3906,0
2007-10-17,4.4426,4.4426,4.4426,4.4426,0
2007-10-18,4.4546,4.4546,4.4546,4.4546,0
2007-10-19,4.5027,4.5027,4.5027,4.5027,0
2007-10-22,4.5067,4.5067,4.5067,4.5067,0
2007-10-23,4.5027,4.5027,4.5027,4.5027,0
2007-10-24,4.5267,4.5267,4.5267,4.5267,0
2007-10-25,4.5227,4.5227,4.5227,4.5227,0
2007-10-26,4.5067,4.5067,4.5067,4.5067,0
2007-10-29,4.5187,4.5187,4.5187,4.5187,0
2007-10-30,4.5147,4.5147,4.5147,4.5147,0
2007-10-31,4.4886,4.4886,4.4886,4.4886,0
2007-11-01,4.5448,4.5448,4.5448,4.5448,0
2007-11-02,4.5689,4.5689,4.5689,4.5689,0
2007-11-05,4.5569,4.5569,4.5569,4.5569,0
2007-11-06,4.5368,4.5368,4.5368,4.5368,0
2007-11-07,4.5368,4.5368,4.5368,4.5368,0
2007-11-08,4.5488,4.5488,4.5488,4.5488,0
2007-11-09,4.5770,4.5770,4.5770,4.5770,0
2007-11-12,4.5770,4.5770,4.5770,4.5770,0
2007-11-13,4.5689,4.5689,4.5689,4.5689,0
2007-11-14,4.5689,4.5689,4.5689,4.5689,0
2007-11-15,4.6091,4.6091,4.6091,4.6091,0
2007-11-16,4.6131,4.6131,4.6131,4.6131,0
2007-11-19,4.6413,4.6413,4.6413,4.6413,0
2007-11-20,4.6372,4.6372,4.6372,4.6372,0
2007-11-21,4.6453,4.6453,4.6453,4.6453,0
2007-11-23,4.6614,4.6614,4.6614,4.6614,0
2007-11-26,4.7417,4.7417,4.7417,4.7417,0
2007-11-27,4.6975,4.6975,4.6975,4.6975,0
2007-11-28,4.6694,4.6694,4.6694,4.6694,0
2007-11-29,4.7015,4.7015,4.7015,4.7015,0
2007-11-30,4.6906,4.6906,4.6906,4.6906,0
2007-12-03,4.7229,4.7229,4.7229,4.7229,0
2007-12-04,4.7269,4.7269,4.7269,4.7269,0
2007-12-05,4.7068,4.7068,4.7068,4.7068,0
2007-12-06,4.6584,4.6584,4.6584,4.6584,0
2007-12-07,4.6019,4.6019,4.6019,4.6019,0
2007-12-10,4.5858,4.5858,4.5858,4.5858,0
2007-12-11,4.6624,4.6624,4.6624,4.6624,0
2007-12-12,4.6261,4.6261,4.6261,4.6261,0
2007-12-13,4.5858,4.5858,4.5858,4.5858,0
2007-12-14,4.5575,4.5575,4.5575,4.5575,0
2007-12-17,4.5737,4.5737,4.5737,4.5737,0
2007-12-18,4.6140,4.6140,4.6140,4.6140,0
2007-12-19,4.6584,4.6584,4.6584,4.6584,0
2007-12-20,4.6624,4.6624,4.6624,4.6624,0
2007-12-21,4.5979,4.5979,4.5979,4.5979,0
2007-12-24,4.5777,4.5777,4.5777,4.5777,0
2007-12-26,4.5414,4.5414,4.5414,4.5414,0
2007-12-27,4.5616,4.5616,4.5616,4.5616,0
2007-12-28,4.6100,4.6100,4.6100,4.6100,0
2007-12-31,4.6726,4.6726,4.6726,4.6726,0
2008-01-02,4.7376,4.7376,4.7376,4.7376,0
2008-01-03,4.7294,4.7294,4.7294,4.7294,0
2008-01-04,4.7376,4.7376,4.7376,4.7376,0
2008-01-07,4.7497,4.7497,4.7497,4.7497,0
2008-01-08,4.7416,4.7416,4.7416,4.7416,0
2008-01-09,4.7660,4.7660,4.7660,4.7660,0
2008-01-10,4.7051,4.7051,4.7051,4.7051,0
2008-01-11,4.7376,4.7376,4.7376,4.7376,0
2008-01-14,4.7497,4.7497,4.7497,4.7497,0
2008-01-15,4.7904,4.7904,4.7904,4.7904,0
2008-01-16,4.7782,4.7782,4.7782,4.7782,0
2008-01-17,4.8107,4.8107,4.8107,4.8107,0
2008-01-18,4.7944,4.7944,4.7944,4.7944,0
2008-01-22,4.8432,4.8432,4.8432,4.8432,0
2008-01-23,4.8270,4.8270,4.8270,4.8270,0
2008-01-24,4.7701,4.7701,4.7701,4.7701,0
2008-01-25,4.8066,4.8066,4.8066,4.8066,0
2008-01-28,4.8066,4.8066,4.8066,4.8066,0
2008-01-29,4.7782,4.7782,4.7782,4.7782,0
2008-01-30,4.7538,4.7538,4.7538,4.7538,0
2008-01-31,4.7962,4.7962,4.7962,4.7962,0
2008-02-01,4.8166,4.8166,4.8166,4.8166,0
2008-02-04,4.7922,4.7922,4.7922,4.7922,0
2008-02-05,4.8125,4.8125,4.8125,4.8125,0
2008-02-06,4.7962,4.7962,4.7962,4.7962,0
2008-02-07,4.7351,4.7351,4.7351,4.7351,0
2008-02-08,4.7718,4.7718,4.7718,4.7718,0
2008-02-11,4.7881,4.7881,4.7881,4.7881,0
2008-02-12,4.7554,4.7554,4.7554,4.7554,0
2008-02-13,4.7228,4.7228,4.7228,4.7228,0
2008-02-14,4.6698,4.6698,4.6698,4.6698,0
2008-02-15,4.7024,4.7024,4.7024,4.7024,0
2008-02-19,4.6576,4.6576,4.6576,4.6576,0
2008-02-20,4.6576,4.6576,4.6576,4.6576,0
2008-02-21,4.7106,4.7106,4.7106,4.7106,0
2008-02-22,4.6983,4.6983,4.6983,4.6983,0
2008-02-25,4.6494,4.6494,4.6494,4.6494,0
2008-02-26,4.6576,4.6576,4.6576,4.6576,0
2008-02-27,4.6616,4.6616,4.6616,4.6616,0
2008-02-28,4.7310,4.7310,4.7310,4.7310,0
2008-02-29,4.8132,4.8132,4.8132,4.8132,0
2008-03-03,4.8091,4.8091,4.8091,4.8091,0
2008-03-04,4.7682,4.7682,4.7682,4.7682,0
2008-03-05,4.7232,4.7232,4.7232,4.7232,0
2008-03-06,4.7437,4.7437,4.7437,4.7437,0
2008-03-07,4.7600,4.7600,4.7600,4.7600,0
2008-03-10,4.8132,4.8132,4.8132,4.8132,0
2008-03-11,4.7559,4.7559,4.7559,4.7559,0
2008-03-12,4.8337,4.8337,4.8337,4.8337,0
2008-03-13,4.7969,4.7969,4.7969,4.7969,0
2008-03-14,4.8501,4.8501,4.8501,4.8501,0
2008-03-17,4.8664,4.8664,4.8664,4.8664,0
2008-03-18,4.8501,4.8501,4.8501,4.8501,0
2008-03-19,4.8951,4.8951,4.8951,4.8951,0
2008-03-20,4.9237,4.9237,4.9237,4.9237,0
2008-03-24,4.8214,4.8214,4.8214,4.8214,0
2008-03-25,4.8460,4.8460,4.8460,4.8460,0
2008-03-26,4.8337,4.8337,4.8337,4.8337,0
2008-03-27,4.8075,4.8075,4.8075,4.8075,0
2008-03-28,4.8280,4.8280,4.8280,4.8280,0
2008-03-31,4.8625,4.8625,4.8625,4.8625,0
2008-04-01,4.8008,4.8008,4.8008,4.8008,0
2008-04-02,4.8049,4.8049,4.8049,4.8049,0
2008-04-03,4.8049,4.8049,4.8049,4.8049,0
2008-04-04,4.8584,4.8584,4.8584,4.8584,0
2008-04-07,4.8296,4.8296,4.8296,4.8296,0
2008-04-08,4.8255,4.8255,4.8255,4.8255,0
2008-04-09,4.8707,4.8707,4.8707,4.8707,0
2008-04-10,4.8502,4.8502,4.8502,4.8502,0
2008-04-11,4.8749,4.8749,4.8749,4.8749,0
2008-04-14,4.8543,4.8543,4.8543,4.8543,0
2008-04-15,4.8255,4.8255,4.8255,4.8255,0
2008-04-16,4.7679,4.7679,4.7679,4.7679,0
2008-04-17,4.7473,4.7473,4.7473,4.7473,0
2008-04-18,4.7432,4.7432,4.7432,4.7432,0
2008-04-21,4.7638,4.7638,4.7638,4.7638,0
2008-04-22,4.7679,4.7679,4.7679,4.7679,0
2008-04-23,4.7597,4.7597,4.7597,4.7597,0
2008-04-24,4.7227,4.7227,4.7227,4.7227,0
2008-04-25,4.7021,4.7021,4.7021,4.7021,0
2008-04-28,4.7144,4.7144,4.7144,4.7144,0
2008-04-29,4.7309,4.7309,4.7309,4.7309,0
2008-04-30,4.7734,4.7734,4.7734,4.7734,0
2008-05-01,4.7775,4.7775,4.7775,4.7775,0
2008-05-02,4.7239,4.7239,4.7239,4.7239,0
2008-05-05,4.7280,4.7280,4.7280,4.7280,0
2008-05-06,4.6991,4.6991,4.6991,4.6991,0
2008-05-07,4.7197,4.7197,4.7197,4.7197,0
2008-05-08,4.7569,4.7569,4.7569,4.7569,0
2008-05-09,4.7652,4.7652,4.7652,4.7652,0
2008-05-12,4.7652,4.7652,4.7652,4.7652,0
2008-05-13,4.7115,4.7115,4.7115,4.7115,0
2008-05-14,4.7115,4.7115,4.7115,4.7115,0
2008-05-15,4.7528,4.7528,4.7528,4.7528,0
2008-05-16,4.7363,4.7363,4.7363,4.7363,0
2008-05-19,4.7404,4.7404,4.7404,4.7404,0
2008-05-20,4.7652,4.7652,4.7652,4.7652,0
2008-05-21,4.7569,4.7569,4.7569,4.7569,0
2008-05-22,4.7073,4.7073,4.7073,4.7073,0
2008-05-23,4.7404,4.7404,4.7404,4.7404,0
2008-05-27,4.6991,4.6991,4.6991,4.6991,0
2008-05-28,4.6660,4.6660,4.6660,4.6660,0
2008-05-29,4.6289,4.6289,4.6289,4.6289,0
2008-05-30,4.6720,4.6720,4.6720,4.6720,0
2008-06-02,4.6927,4.6927,4.6927,4.6927,0
2008-06-03,4.7259,4.7259,4.7259,4.7259,0
2008-06-04,4.6844,4.6844,4.6844,4.6844,0
2008-06-05,4.6596,4.6596,4.6596,4.6596,0
2008-06-06,4.7010,4.7010,4.7010,4.7010,0
2008-06-09,4.6844,4.6844,4.6844,4.6844,0
2008-06-10,4.6513,4.6513,4.6513,4.6513,0
2008-06-11,4.6596,4.6596,4.6596,4.6596,0
2008-06-12,4.6140,4.6140,4.6140,4.6140,0
2008-06-13,4.5932,4.5932,4.5932,4.5932,0
2008-06-16,4.6057,4.6057,4.6057,4.6057,0
2008-06-17,4.6057,4.6057,4.6057,4.6057,0
2008-06-18,4.6388,4.6388,4.6388,4.6388,0
2008-06-19,4.6223,4.6223,4.6223,4.6223,0
2008-06-20,4.6430,4.6430,4.6430,4.6430,0
2008-06-23,4.6471,4.6471,4.6471,4.6471,0
2008-06-24,4.6761,4.6761,4.6761,4.6761,0
2008-06-25,4.6720,4.6720,4.6720,4.6720,0
2008-06-26,4.7093,4.7093,4.7093,4.7093,0
2008-06-27,4.7383,4.7383,4.7383,4.7383,0
2008-06-30,4.7562,4.7562,4.7562,4.7562,0
2008-07-01,4.7521,4.7521,4.7521,4.7521,0
2008-07-02,4.7729,4.7729,4.7729,4.7729,0
2008-07-03,4.7604,4.7604,4.7604,4.7604,0
2008-07-07,4.7770,4.7770,4.7770,4.7770,0
2008-07-08,4.8020,4.8020,4.8020,4.8020,0
2008-07-09,4.8145,4.8145,4.8145,4.8145,0
2008-07-10,4.8186,4.8186,4.8186,4.8186,0
2008-07-11,4.7645,4.7645,4.7645,4.7645,0
2008-07-14,4.7937,4.7937,4.7937,4.7937,0
2008-07-15,4.7978,4.7978,4.7978,4.7978,0
2008-07-16,4.7313,4.7313,4.7313,4.7313,0
2008-07-17,4.7063,4.7063,4.7063,4.7063,0
2008-07-18,4.6938,4.6938,4.6938,4.6938,0
2008-07-21,4.7021,4.7021,4.7021,4.7021,0
2008-07-22,4.6896,4.6896,4.6896,4.6896,0
2008-07-23,4.6772,4.6772,4.6772,4.6772,0
2008-07-24,4.7229,4.7229,4.7229,4.7229,0
2008-07-25,4.6730,4.6730,4.6730,4.6730,0
2008-07-28,4.7188,4.7188,4.7188,4.7188,0
2008-07-29,4.7021,4.7021,4.7021,4.7021,0
2008-07-30,4.7105,4.7105,4.7105,4.7105,0
2008-07-31,4.7706,4.7706,4.7706,4.7706,0
2008-08-01,4.7664,4.7664,4.7664,4.7664,0
2008-08-04,4.7581,4.7581,4.7581,4.7581,0
2008-08-05,4.7372,4.7372,4.7372,4.7372,0
2008-08-06,4.7121,4.7121,4.7121,4.7121,0
2008-08-07,4.7790,4.7790,4.7790,4.7790,0
2008-08-08,4.7873,4.7873,4.7873,4.7873,0
2008-08-11,4.7455,4.7455,4.7455,4.7455,0
2008-08-12,4.7831,4.7831,4.7831,4.7831,0
2008-08-13,4.7706,4.7706,4.7706,4.7706,0
2008-08-14,4.7998,4.7998,4.7998,4.7998,0
2008-08-15,4.8207,4.8207,4.8207,4.8207,0
2008-08-18,4.8333,4.8333,4.8333,4.8333,0
2008-08-19,4.8207,4.8207,4.8207,4.8207,0
2008-08-20,4.8416,4.8416,4.8416,4.8416,0
2008-08-21,4.8291,4.8291,4.8291,4.8291,0
2008-08-22,4.8249,4.8249,4.8249,4.8249,0
2008-08-25,4.8583,4.8583,4.8583,4.8583,0
2008-08-26,4.8583,4.8583,4.8583,4.8583,0
2008-08-27,4.8667,4.8667,4.8667,4.8667,0
2008-08-28,4.8625,4.8625,4.8625,4.8625,0
2008-08-29,4.8566,4.8566,4.8566,4.8566,0
2008-09-02,4.8902,4.8902,4.8902,4.8902,0
2008-09-03,4.9112,4.9112,4.9112,4.9112,0
2008-09-04,4.9321,4.9321,4.9321,4.9321,0
2008-09-05,4.9279,4.9279,4.9279,4.9279,0
2008-09-08,4.9531,4.9531,4.9531,4.9531,0
2008-09-09,4.9783,4.9783,4.9783,4.9783,0
2008-09-10,4.9573,4.9573,4.9573,4.9573,0
2008-09-11,4.9615,4.9615,4.9615,4.9615,0
2008-09-12,4.9112,4.9112,4.9112,4.9112,0
2008-09-15,5.0370,5.0370,5.0370,5.0370,0
2008-09-16,5.0244,5.0244,5.0244,5.0244,0
2008-09-17,5.0496,5.0496,5.0496,5.0496,0
2008-09-18,4.9867,4.9867,4.9867,4.9867,0
2008-09-19,4.8692,4.8692,4.8692,4.8692,0
2008-09-22,4.8524,4.8524,4.8524,4.8524,0
2008-09-23,4.8441,4.8441,4.8441,4.8441,0
2008-09-24,4.8566,4.8566,4.8566,4.8566,0
2008-09-25,4.8441,4.8441,4.8441,4.8441,0
2008-09-26,4.8524,4.8524,4.8524,4.8524,0
2008-09-29,4.9573,4.9573,4.9573,4.9573,0
2008-09-30,4.8702,4.8702,4.8702,4.8702,0
2008-10-01,4.9207,4.9207,4.9207,4.9207,0
2008-10-02,4.9543,4.9543,4.9543,4.9543,0
2008-10-03,4.9754,4.9754,4.9754,4.9754,0
2008-10-06,5.0385,5.0385,5.0385,5.0385,0
2008-10-07,5.0006,5.0006,5.0006,5.0006,0
2008-10-08,4.9333,4.9333,4.9333,4.9333,0
2008-10-09,4.8702,4.8702,4.8702,4.8702,0
2008-10-10,4.8407,4.8407,4.8407,4.8407,0
2008-10-13,4.7523,4.7523,4.7523,4.7523,0
2008-10-14,4.7523,4.7523,4.7523,4.7523,0
2008-10-15,4.7733,4.7733,4.7733,4.7733,0
2008-10-16,4.7523,4.7523,4.7523,4.7523,0
2008-10-17,4.7270,4.7270,4.7270,4.7270,0
2008-10-20,4.7649,4.7649,4.7649,4.7649,0
2008-10-21,4.8070,4.8070,4.8070,4.8070,0
2008-10-22,4.8575,4.8575,4.8575,4.8575,0
2008-10-23,4.8828,4.8828,4.8828,4.8828,0
2008-10-24,4.8365,4.8365,4.8365,4.8365,0
2008-10-27,4.8365,4.8365,4.8365,4.8365,0
2008-10-28,4.7733,4.7733,4.7733,4.7733,0
2008-10-29,4.7607,4.7607,4.7607,4.7607,0
2008-10-30,4.7144,4.7144,4.7144,4.7144,0
2008-10-31,4.6933,4.6933,4.6933,4.6933,0
2008-11-03,4.7102,4.7102,4.7102,4.7102,0
2008-11-04,4.7947,4.7947,4.7947,4.7947,0
2008-11-05,4.8454,4.8454,4.8454,4.8454,0
2008-11-06,4.8285,4.8285,4.8285,4.8285,0
2008-11-07,4.8074,4.8074,4.8074,4.8074,0
2008-11-10,4.8454,4.8454,4.8454,4.8454,0
2008-11-11,4.8580,4.8580,4.8580,4.8580,0
2008-11-12,4.8707,4.8707,4.8707,4.8707,0
2008-11-13,4.8074,4.8074,4.8074,4.8074,0
2008-11-14,4.8876,4.8876,4.8876,4.8876,0
2008-11-17,4.8961,4.8961,4.8961,4.8961,0
2008-11-18,4.9552,4.9552,4.9552,4.9552,0
2008-11-19,5.0312,5.0312,5.0312,5.0312,0
2008-11-20,5.1918,5.1918,5.1918,5.1918,0
2008-11-21,5.1369,5.1369,5.1369,5.1369,0
2008-11-24,5.0693,5.0693,5.0693,5.0693,0
2008-11-25,5.1960,5.1960,5.1960,5.1960,0
2008-11-26,5.2044,5.2044,5.2044,5.2044,0
2008-11-28,5.2600,5.2600,5.2600,5.2600,0
2008-12-01,5.3829,5.3829,5.3829,5.3829,0
2008-12-02,5.4083,5.4083,5.4083,5.4083,0
2008-12-03,5.4210,5.4210,5.4210,5.4210,0
2008-12-04,5.4931,5.4931,5.4931,5.4931,0
2008-12-05,5.4295,5.4295,5.4295,5.4295,0
2008-12-08,5.4168,5.4168,5.4168,5.4168,0
2008-12-09,5.4846,5.4846,5.4846,5.4846,0
2008-12-10,5.4761,5.4761,5.4761,5.4761,0
2008-12-11,5.4888,5.4888,5.4888,5.4888,0
2008-12-12,5.4931,5.4931,5.4931,5.4931,0
2008-12-15,5.5355,5.5355,5.5355,5.5355,0
2008-12-16,5.6414,5.6414,5.6414,5.6414,0
2008-12-17,5.7432,5.7432,5.7432,5.7432,0
2008-12-18,5.8237,5.8237,5.8237,5.8237,0
2008-12-19,5.8110,5.8110,5.8110,5.8110,0
2008-12-22,5.7855,5.7855,5.7855,5.7855,0
2008-12-23,5.7898,5.7898,5.7898,5.7898,0
2008-12-24,5.7771,5.7771,5.7771,5.7771,0
2008-12-26,5.8025,5.8025,5.8025,5.8025,0
2008-12-29,5.7813,5.7813,5.7813,5.7813,0
2008-12-30,5.8214,5.8214,5.8214,5.8214,0
2008-12-31,5.7264,5.7264,5.7264,5.7264,0
2009-01-02,5.6151,5.6151,5.6151,5.6151,0
2009-01-05,5.5210,5.5210,5.5210,5.5210,0
2009-01-06,5.5039,5.5039,5.5039,5.5039,0
2009-01-07,5.5124,5.5124,5.5124,5.5124,0
2009-01-08,5.5210,5.5210,5.5210,5.5210,0
2009-01-09,5.5338,5.5338,5.5338,5.5338,0
2009-01-12,5.5852,5.5852,5.5852,5.5852,0
2009-01-13,5.5937,5.5937,5.5937,5.5937,0
2009-01-14,5.6622,5.6622,5.6622,5.6622,0
2009-01-15,5.6537,5.6537,5.6537,5.6537,0
2009-01-16,5.6194,5.6194,5.6194,5.6194,0
2009-01-20,5.5681,5.5681,5.5681,5.5681,0
2009-01-21,5.4397,5.4397,5.4397,5.4397,0
2009-01-22,5.3755,5.3755,5.3755,5.3755,0
2009-01-23,5.3498,5.3498,5.3498,5.3498,0
2009-01-26,5.3327,5.3327,5.3327,5.3327,0
2009-01-27,5.4097,5.4097,5.4097,5.4097,0
2009-01-28,5.3241,5.3241,5.3241,5.3241,0
2009-01-29,5.2300,5.2300,5.2300,5.2300,0
2009-01-30,5.2415,5.2415,5.2415,5.2415,0
2009-02-02,5.3274,5.3274,5.3274,5.3274,0
2009-02-03,5.2373,5.2373,5.2373,5.2373,0
2009-02-04,5.2330,5.2330,5.2330,5.2330,0
2009-02-05,5.2415,5.2415,5.2415,5.2415,0
2009-02-06,5.2158,5.2158,5.2158,5.2158,0
2009-02-09,5.2244,5.2244,5.2244,5.2244,0
2009-02-10,5.3102,5.3102,5.3102,5.3102,0
2009-02-11,5.3489,5.3489,5.3489,5.3489,0
2009-02-12,5.3274,5.3274,5.3274,5.3274,0
2009-02-13,5.2330,5.2330,5.2330,5.2330,0
2009-02-17,5.3617,5.3617,5.3617,5.3617,0
2009-02-18,5.3188,5.3188,5.3188,5.3188,0
2009-02-19,5.2501,5.2501,5.2501,5.2501,0
2009-02-20,5.2845,5.2845,5.2845,5.2845,0
2009-02-23,5.3059,5.3059,5.3059,5.3059,0
2009-02-24,5.3145,5.3145,5.3145,5.3145,0
2009-02-25,5.2415,5.2415,5.2415,5.2415,0
2009-02-26,5.2072,5.2072,5.2072,5.2072,0
2009-02-27,5.1887,5.1887,5.1887,5.1887,0
2009-03-02,5.2662,5.2662,5.2662,5.2662,0
2009-03-03,5.2533,5.2533,5.2533,5.2533,0
2009-03-04,5.2231,5.2231,5.2231,5.2231,0
2009-03-05,5.3308,5.3308,5.3308,5.3308,0
2009-03-06,5.3092,5.3092,5.3092,5.3092,0
2009-03-09,5.2834,5.2834,5.2834,5.2834,0
2009-03-10,5.2102,5.2102,5.2102,5.2102,0
2009-03-11,5.2619,5.2619,5.2619,5.2619,0
2009-03-12,5.2920,5.2920,5.2920,5.2920,0
2009-03-13,5.2791,5.2791,5.2791,5.2791,0
2009-03-16,5.2317,5.2317,5.2317,5.2317,0
2009-03-17,5.1973,5.1973,5.1973,5.1973,0
2009-03-18,5.4298,5.4298,5.4298,5.4298,0
2009-03-19,5.4212,5.4212,5.4212,5.4212,0
2009-03-20,5.3954,5.3954,5.3954,5.3954,0
2009-03-23,5.3695,5.3695,5.3695,5.3695,0
2009-03-24,5.3825,5.3825,5.3825,5.3825,0
2009-03-25,5.3394,5.3394,5.3394,5.3394,0
2009-03-26,5.3918,5.3918,5.3918,5.3918,0
2009-03-27,5.4007,5.4007,5.4007,5.4007,0
2009-03-30,5.4141,5.4141,5.4141,5.4141,0
2009-03-31,5.4636,5.4636,5.4636,5.4636,0
2009-04-01,5.4993,5.4993,5.4993,5.4993,0
2009-04-02,5.4457,5.4457,5.4457,5.4457,0
2009-04-03,5.3521,5.3521,5.3521,5.3521,0
2009-04-06,5.3298,5.3298,5.3298,5.3298,0
2009-04-07,5.3476,5.3476,5.3476,5.3476,0
2009-04-08,5.3788,5.3788,5.3788,5.3788,0
2009-04-09,5.3164,5.3164,5.3164,5.3164,0
2009-04-13,5.3655,5.3655,5.3655,5.3655,0
2009-04-14,5.3878,5.3878,5.3878,5.3878,0
2009-04-15,5.3833,5.3833,5.3833,5.3833,0
2009-04-16,5.3432,5.3432,5.3432,5.3432,0
2009-04-17,5.2896,5.2896,5.2896,5.2896,0
2009-04-20,5.3521,5.3521,5.3521,5.3521,0
2009-04-21,5.3164,5.3164,5.3164,5.3164,0
2009-04-22,5.2807,5.2807,5.2807,5.2807,0
2009-04-23,5.2896,5.2896,5.2896,5.2896,0
2009-04-24,5.2495,5.2495,5.2495,5.2495,0
2009-04-27,5.2807,5.2807,5.2807,5.2807,0
2009-04-28,5.2227,5.2227,5.2227,5.2227,0
2009-04-29,5.1826,5.1826,5.1826,5.1826,0
2009-04-30,5.1911,5.1911,5.1911,5.1911,0
2009-05-01,5.1598,5.1598,5.1598,5.1598,0
2009-05-04,5.1732,5.1732,5.1732,5.1732,0
2009-05-05,5.1732,5.1732,5.1732,5.1732,0
2009-05-06,5.1642,5.1642,5.1642,5.1642,0
2009-05-07,5.0837,5.0837,5.0837,5.0837,0
2009-05-08,5.0882,5.0882,5.0882,5.0882,0
2009-05-11,5.1463,5.1463,5.1463,5.1463,0
2009-05-12,5.1598,5.1598,5.1598,5.1598,0
2009-05-13,5.2045,5.2045,5.2045,5.2045,0
2009-05-14,5.2135,5.2135,5.2135,5.2135,0
2009-05-15,5.2000,5.2000,5.2000,5.2000,0
2009-05-18,5.1463,5.1463,5.1463,5.1463,0
2009-05-19,5.1329,5.1329,5.1329,5.1329,0
2009-05-20,5.1732,5.1732,5.1732,5.1732,0
2009-05-21,5.0703,5.0703,5.0703,5.0703,0
2009-05-22,5.0255,5.0255,5.0255,5.0255,0
2009-05-26,4.9718,4.9718,4.9718,4.9718,0
2009-05-27,4.8913,4.8913,4.8913,4.8913,0
2009-05-28,4.9405,4.9405,4.9405,4.9405,0
2009-05-29,5.0528,5.0528,5.0528,5.0528,0
2009-06-01,4.9270,4.9270,4.9270,4.9270,0
2009-06-02,4.9585,4.9585,4.9585,4.9585,0
2009-06-03,4.9899,4.9899,4.9899,4.9899,0
2009-06-04,4.9046,4.9046,4.9046,4.9046,0
2009-06-05,4.8686,4.8686,4.8686,4.8686,0
2009-06-08,4.8552,4.8552,4.8552,4.8552,0
2009-06-09,4.8641,4.8641,4.8641,4.8641,0
2009-06-10,4.8147,4.8147,4.8147,4.8147,0
2009-06-11,4.8552,4.8552,4.8552,4.8552,0
2009-06-12,4.8866,4.8866,4.8866,4.8866,0
2009-06-15,4.9225,4.9225,4.9225,4.9225,0
2009-06-16,4.9809,4.9809,4.9809,4.9809,0
2009-06-17,4.9629,4.9629,4.9629,4.9629,0
2009-06-18,4.9001,4.9001,4.9001,4.9001,0
2009-06-19,4.9360,4.9360,4.9360,4.9360,0
2009-06-22,4.9809,4.9809,4.9809,4.9809,0
2009-06-23,5.0258,5.0258,5.0258,5.0258,0
2009-06-24,4.9854,4.9854,4.9854,4.9854,0
2009-06-25,5.0662,5.0662,5.0662,5.0662,0
2009-06-26,5.0752,5.0752,5.0752,5.0752,0
2009-06-29,5.0842,5.0842,5.0842,5.0842,0
2009-06-30,5.0883,5.0883,5.0883,5.0883,0
2009-07-01,5.0838,5.0838,5.0838,5.0838,0
2009-07-02,5.1018,5.1018,5.1018,5.1018,0
2009-07-06,5.0928,5.0928,5.0928,5.0928,0
2009-07-07,5.1198,5.1198,5.1198,5.1198,0
2009-07-08,5.1919,5.1919,5.1919,5.1919,0
2009-07-09,5.1378,5.1378,5.1378,5.1378,0
2009-07-10,5.1784,5.1784,5.1784,5.1784,0
2009-07-13,5.1469,5.1469,5.1469,5.1469,0
2009-07-14,5.0838,5.0838,5.0838,5.0838,0
2009-07-15,4.9846,4.9846,4.9846,4.9846,0
2009-07-16,5.0297,5.0297,5.0297,5.0297,0
2009-07-17,4.9711,4.9711,4.9711,4.9711,0
2009-07-20,4.9936,4.9936,4.9936,4.9936,0
2009-07-21,5.0747,5.0747,5.0747,5.0747,0
2009-07-22,5.0342,5.0342,5.0342,5.0342,0
2009-07-23,4.9576,4.9576,4.9576,4.9576,0
2009-07-24,4.9801,4.9801,4.9801,4.9801,0
2009-07-27,4.9395,4.9395,4.9395,4.9395,0
2009-07-28,4.9666,4.9666,4.9666,4.9666,0
2009-07-29,4.9846,4.9846,4.9846,4.9846,0
2009-07-30,5.0342,5.0342,5.0342,5.0342,0
2009-07-31,5.1292,5.1292,5.1292,5.1292,0
2009-08-03,5.0613,5.0613,5.0613,5.0613,0
2009-08-04,5.0297,5.0297,5.0297,5.0297,0
2009-08-05,4.9754,4.9754,4.9754,4.9754,0
2009-08-06,4.9890,4.9890,4.9890,4.9890,0
2009-08-07,4.9437,4.9437,4.9437,4.9437,0
2009-08-10,4.9980,4.9980,4.9980,4.9980,0
2009-08-11,5.0478,5.0478,5.0478,5.0478,0
2009-08-12,5.0025,5.0025,5.0025,5.0025,0
2009-08-13,5.0704,5.0704,5.0704,5.0704,0
2009-08-14,5.0794,5.0794,5.0794,5.0794,0
2009-08-17,5.1382,5.1382,5.1382,5.1382,0
2009-08-18,5.1156,5.1156,5.1156,5.1156,0
2009-08-19,5.1473,5.1473,5.1473,5.1473,0
2009-08-20,5.1744,5.1744,5.1744,5.1744,0
2009-08-21,5.0885,5.0885,5.0885,5.0885,0
2009-08-24,5.1563,5.1563,5.1563,5.1563,0
2009-08-25,5.1789,5.1789,5.1789,5.1789,0
2009-08-26,5.1970,5.1970,5.1970,5.1970,0
2009-08-27,5.1699,5.1699,5.1699,5.1699,0
2009-08-28,5.1880,5.1880,5.1880,5.1880,0
2009-08-31,5.2157,5.2157,5.2157,5.2157,0
2009-09-01,5.2157,5.2157,5.2157,5.2157,0
2009-09-02,5.2747,5.2747,5.2747,5.2747,0
2009-09-03,5.2429,5.2429,5.2429,5.2429,0
2009-09-04,5.1793,5.1793,5.1793,5.1793,0
2009-09-08,5.1521,5.1521,5.1521,5.1521,0
2009-09-09,5.1521,5.1521,5.1521,5.1521,0
2009-09-10,5.2247,5.2247,5.2247,5.2247,0
2009-09-11,5.2474,5.2474,5.2474,5.2474,0
2009-09-14,5.2020,5.2020,5.2020,5.2020,0
2009-09-15,5.1793,5.1793,5.1793,5.1793,0
2009-09-16,5.1884,5.1884,5.1884,5.1884,0
2009-09-17,5.2384,5.2384,5.2384,5.2384,0
2009-09-18,5.1975,5.1975,5.1975,5.1975,0
2009-09-21,5.1975,5.1975,5.1975,5.1975,0
2009-09-22,5.2066,5.2066,5.2066,5.2066,0
2009-09-23,5.2157,5.2157,5.2157,5.2157,0
2009-09-24,5.2338,5.2338,5.2338,5.2338,0
2009-09-25,5.2792,5.2792,5.2792,5.2792,0
2009-09-28,5.3155,5.3155,5.3155,5.3155,0
2009-09-29,5.3110,5.3110,5.3110,5.3110,0
2009-09-30,5.3192,5.3192,5.3192,5.3192,0
2009-10-01,5.3784,5.3784,5.3784,5.3784,0
2009-10-02,5.3511,5.3511,5.3511,5.3511,0
2009-10-05,5.3511,5.3511,5.3511,5.3511,0
2009-10-06,5.3146,5.3146,5.3146,5.3146,0
2009-10-07,5.3647,5.3647,5.3647,5.3647,0
2009-10-08,5.3192,5.3192,5.3192,5.3192,0
2009-10-09,5.2235,5.2235,5.2235,5.2235,0
2009-10-12,5.2372,5.2372,5.2372,5.2372,0
2009-10-13,5.2554,5.2554,5.2554,5.2554,0
2009-10-14,5.1917,5.1917,5.1917,5.1917,0
2009-10-15,5.1735,5.1735,5.1735,5.1735,0
2009-10-16,5.2099,5.2099,5.2099,5.2099,0
2009-10-19,5.2418,5.2418,5.2418,5.2418,0
2009-10-20,5.2645,5.2645,5.2645,5.2645,0
2009-10-21,5.2372,5.2372,5.2372,5.2372,0
2009-10-22,5.2144,5.2144,5.2144,5.2144,0
2009-10-23,5.1780,5.1780,5.1780,5.1780,0
2009-10-26,5.1279,5.1279,5.1279,5.1279,0
2009-10-27,5.1871,5.1871,5.1871,5.1871,0
2009-10-28,5.2099,5.2099,5.2099,5.2099,0
2009-10-29,5.1643,5.1643,5.1643,5.1643,0
2009-10-30,5.2420,5.2420,5.2420,5.2420,0
2009-11-02,5.2238,5.2238,5.2238,5.2238,0
2009-11-03,5.1826,5.1826,5.1826,5.1826,0
2009-11-04,5.1461,5.1461,5.1461,5.1461,0
2009-11-05,5.1415,5.1415,5.1415,5.1415,0
2009-11-06,5.1506,5.1506,5.1506,5.1506,0
2009-11-09,5.1598,5.1598,5.1598,5.1598,0
2009-11-10,5.1461,5.1461,5.1461,5.1461,0
2009-11-11,5.1689,5.1689,5.1689,5.1689,0
2009-11-12,5.1598,5.1598,5.1598,5.1598,0
2009-11-13,5.1872,5.1872,5.1872,5.1872,0
2009-11-16,5.2420,5.2420,5.2420,5.2420,0
2009-11-17,5.2603,5.2603,5.2603,5.2603,0
2009-11-18,5.2283,5.2283,5.2283,5.2283,0
2009-11-19,5.2420,5.2420,5.2420,5.2420,0
2009-11-20,5.2375,5.2375,5.2375,5.2375,0
2009-11-23,5.2375,5.2375,5.2375,5.2375,0
2009-11-24,5.2649,5.2649,5.2649,5.2649,0
2009-11-25,5.2923,5.2923,5.2923,5.2923,0
2009-11-27,5.3152,5.3152,5.3152,5.3152,0
2009-11-30,5.3422,5.3422,5.3422,5.3422,0
2009-12-01,5.2872,5.2872,5.2872,5.2872,0
2009-12-02,5.2872,5.2872,5.2872,5.2872,0
2009-12-03,5.2413,5.2413,5.2413,5.2413,0
2009-12-04,5.1863,5.1863,5.1863,5.1863,0
2009-12-07,5.1955,5.1955,5.1955,5.1955,0
2009-12-08,5.2092,5.2092,5.2092,5.2092,0
2009-12-09,5.1909,5.1909,5.1909,5.1909,0
2009-12-10,5.1405,5.1405,5.1405,5.1405,0
2009-12-11,5.1267,5.1267,5.1267,5.1267,0
2009-12-14,5.1313,5.1313,5.1313,5.1313,0
2009-12-15,5.1129,5.1129,5.1129,5.1129,0
2009-12-16,5.1083,5.1083,5.1083,5.1083,0
2009-12-17,5.1863,5.1863,5.1863,5.1863,0
2009-12-18,5.1542,5.1542,5.1542,5.1542,0
2009-12-21,5.0763,5.0763,5.0763,5.0763,0
2009-12-22,5.0487,5.0487,5.0487,5.0487,0
2009-12-23,5.0442,5.0442,5.0442,5.0442,0
2009-12-24,4.9983,4.9983,4.9983,4.9983,0
2009-12-28,4.9937,4.9937,4.9937,4.9937,0
2009-12-29,5.0166,5.0166,5.0166,5.0166,0
2009-12-30,5.0397,5.0397,5.0397,5.0397,0
2009-12-31,5.0401,5.0401,5.0401,5.0401,0
2010-01-04,5.0309,5.0309,5.0309,5.0309,0
2010-01-05,5.0586,5.0586,5.0586,5.0586,0
2010-01-06,5.0078,5.0078,5.0078,5.0078,0
2010-01-07,5.0170,5.0170,5.0170,5.0170,0
2010-01-08,5.0170,5.0170,5.0170,5.0170,0
2010-01-11,4.9985,4.9985,4.9985,4.9985,0
2010-01-12,5.0725,5.0725,5.0725,5.0725,0
2010-01-13,5.0263,5.0263,5.0263,5.0263,0
2010-01-14,5.0771,5.0771,5.0771,5.0771,0
2010-01-15,5.0956,5.0956,5.0956,5.0956,0
2010-01-19,5.0910,5.0910,5.0910,5.0910,0
2010-01-20,5.1234,5.1234,5.1234,5.1234,0
2010-01-21,5.1511,5.1511,5.1511,5.1511,0
2010-01-22,5.1511,5.1511,5.1511,5.1511,0
2010-01-25,5.1280,5.1280,5.1280,5.1280,0
2010-01-26,5.1326,5.1326,5.1326,5.1326,0
2010-01-27,5.1234,5.1234,5.1234,5.1234,0
2010-01-28,5.1187,5.1187,5.1187,5.1187,0
2010-01-29,5.1744,5.1744,5.1744,5.1744,0
2010-02-01,5.1327,5.1327,5.1327,5.1327,0
2010-02-02,5.1419,5.1419,5.1419,5.1419,0
2010-02-03,5.0955,5.0955,5.0955,5.0955,0
2010-02-04,5.1698,5.1698,5.1698,5.1698,0
2010-02-05,5.1791,5.1791,5.1791,5.1791,0
2010-02-08,5.1791,5.1791,5.1791,5.1791,0
2010-02-09,5.1327,5.1327,5.1327,5.1327,0
2010-02-10,5.0955,5.0955,5.0955,5.0955,0
2010-02-11,5.0770,5.0770,5.0770,5.0770,0
2010-02-12,5.0909,5.0909,5.0909,5.0909,0
2010-02-16,5.1002,5.1002,5.1002,5.1002,0
2010-02-17,5.0538,5.0538,5.0538,5.0538,0
2010-02-18,5.0352,5.0352,5.0352,5.0352,0
2010-02-19,5.0491,5.0491,5.0491,5.0491,0
2010-02-22,5.0352,5.0352,5.0352,5.0352,0
2010-02-23,5.1002,5.1002,5.1002,5.1002,0
2010-02-24,5.1048,5.1048,5.1048,5.1048,0
2010-02-25,5.1327,5.1327,5.1327,5.1327,0
2010-02-26,5.1639,5.1639,5.1639,5.1639,0
2010-03-01,5.1685,5.1685,5.1685,5.1685,0
2010-03-02,5.1639,5.1639,5.1639,5.1639,0
2010-03-03,5.1545,5.1545,5.1545,5.1545,0
2010-03-04,5.1732,5.1732,5.1732,5.1732,0
2010-03-05,5.1173,5.1173,5.1173,5.1173,0
2010-03-08,5.0940,5.0940,5.0940,5.0940,0
2010-03-09,5.0987,5.0987,5.0987,5.0987,0
2010-03-10,5.0894,5.0894,5.0894,5.0894,0
2010-03-11,5.0987,5.0987,5.0987,5.0987,0
2010-03-12,5.1220,5.1220,5.1220,5.1220,0
2010-03-15,5.1173,5.1173,5.1173,5.1173,0
2010-03-16,5.1499,5.1499,5.1499,5.1499,0
2010-03-17,5.1685,5.1685,5.1685,5.1685,0
2010-03-18,5.1545,5.1545,5.1545,5.1545,0
2010-03-19,5.1545,5.1545,5.1545,5.1545,0
2010-03-22,5.1592,5.1592,5.1592,5.1592,0
2010-03-23,5.1406,5.1406,5.1406,5.1406,0
2010-03-24,5.0614,5.0614,5.0614,5.0614,0
2010-03-25,5.0335,5.0335,5.0335,5.0335,0
2010-03-26,5.0428,5.0428,5.0428,5.0428,0
2010-03-29,5.0293,5.0293,5.0293,5.0293,0
2010-03-30,5.0433,5.0433,5.0433,5.0433,0
2010-03-31,5.0859,5.0859,5.0859,5.0859,0
2010-04-01,5.0718,5.0718,5.0718,5.0718,0
2010-04-05,5.0016,5.0016,5.0016,5.0016,0
2010-04-06,5.0109,5.0109,5.0109,5.0109,0
2010-04-07,5.0625,5.0625,5.0625,5.0625,0
2010-04-08,5.0578,5.0578,5.0578,5.0578,0
2010-04-09,5.0671,5.0671,5.0671,5.0671,0
2010-04-12,5.0906,5.0906,5.0906,5.0906,0
2010-04-13,5.1046,5.1046,5.1046,5.1046,0
2010-04-14,5.0718,5.0718,5.0718,5.0718,0
2010-04-15,5.0812,5.0812,5.0812,5.0812,0
2010-04-16,5.1140,5.1140,5.1140,5.1140,0
2010-04-19,5.0999,5.0999,5.0999,5.0999,0
2010-04-20,5.1140,5.1140,5.1140,5.1140,0
2010-04-21,5.1468,5.1468,5.1468,5.1468,0
2010-04-22,5.1327,5.1327,5.1327,5.1327,0
2010-04-23,5.1140,5.1140,5.1140,5.1140,0
2010-04-26,5.1187,5.1187,5.1187,5.1187,0
2010-04-27,5.1842,5.1842,5.1842,5.1842,0
2010-04-28,5.1421,5.1421,5.1421,5.1421,0
2010-04-29,5.1608,5.1608,5.1608,5.1608,0
2010-04-30,5.2266,5.2266,5.2266,5.2266,0
2010-05-03,5.2219,5.2219,5.2219,5.2219,0
2010-05-04,5.2924,5.2924,5.2924,5.2924,0
2010-05-05,5.3112,5.3112,5.3112,5.3112,0
2010-05-06,5.4428,5.4428,5.4428,5.4428,0
2010-05-07,5.3864,5.3864,5.3864,5.3864,0
2010-05-10,5.3018,5.3018,5.3018,5.3018,0
2010-05-11,5.2971,5.2971,5.2971,5.2971,0
2010-05-12,5.2642,5.2642,5.2642,5.2642,0
2010-05-13,5.2924,5.2924,5.2924,5.2924,0
2010-05-14,5.3582,5.3582,5.3582,5.3582,0
2010-05-17,5.3394,5.3394,5.3394,5.3394,0
2010-05-18,5.4099,5.4099,5.4099,5.4099,0
2010-05-19,5.4193,5.4193,5.4193,5.4193,0
2010-05-20,5.5086,5.5086,5.5086,5.5086,0
2010-05-21,5.5133,5.5133,5.5133,5.5133,0
2010-05-24,5.4992,5.4992,5.4992,5.4992,0
2010-05-25,5.5274,5.5274,5.5274,5.5274,0
2010-05-26,5.5086,5.5086,5.5086,5.5086,0
2010-05-27,5.4052,5.4052,5.4052,5.4052,0
2010-05-28,5.4481,5.4481,5.4481,5.4481,0
2010-06-01,5.4717,5.4717,5.4717,5.4717,0
2010-06-02,5.4293,5.4293,5.4293,5.4293,0
2010-06-03,5.4010,5.4010,5.4010,5.4010,0
2010-06-04,5.5189,5.5189,5.5189,5.5189,0
2010-06-07,5.5519,5.5519,5.5519,5.5519,0
2010-06-08,5.5283,5.5283,5.5283,5.5283,0
2010-06-09,5.5236,5.5236,5.5236,5.5236,0
2010-06-10,5.4387,5.4387,5.4387,5.4387,0
2010-06-11,5.4953,5.4953,5.4953,5.4953,0
2010-06-14,5.4764,5.4764,5.4764,5.4764,0
2010-06-15,5.4481,5.4481,5.4481,5.4481,0
2010-06-16,5.4764,5.4764,5.4764,5.4764,0
2010-06-17,5.5142,5.5142,5.5142,5.5142,0
2010-06-18,5.5000,5.5000,5.5000,5.5000,0
2010-06-21,5.4906,5.4906,5.4906,5.4906,0
2010-06-22,5.5425,5.5425,5.5425,5.5425,0
2010-06-23,5.5755,5.5755,5.5755,5.5755,0
2010-06-24,5.5472,5.5472,5.5472,5.5472,0
2010-06-25,5.5661,5.5661,5.5661,5.5661,0
2010-06-28,5.6085,5.6085,5.6085,5.6085,0
2010-06-29,5.6604,5.6604,5.6604,5.6604,0
2010-06-30,5.7025,5.7025,5.7025,5.7025,0
2010-07-01,5.7073,5.7073,5.7073,5.7073,0
2010-07-02,5.6694,5.6694,5.6694,5.6694,0
2010-07-06,5.7120,5.7120,5.7120,5.7120,0
2010-07-07,5.6599,5.6599,5.6599,5.6599,0
2010-07-08,5.6315,5.6315,5.6315,5.6315,0
2010-07-09,5.6031,5.6031,5.6031,5.6031,0
2010-07-12,5.6031,5.6031,5.6031,5.6031,0
2010-07-13,5.5606,5.5606,5.5606,5.5606,0
2010-07-14,5.6126,5.6126,5.6126,5.6126,0
2010-07-15,5.6552,5.6552,5.6552,5.6552,0
2010-07-16,5.6836,5.6836,5.6836,5.6836,0
2010-07-19,5.6552,5.6552,5.6552,5.6552,0
2010-07-20,5.6647,5.6647,5.6647,5.6647,0
2010-07-21,5.7404,5.7404,5.7404,5.7404,0
2010-07-22,5.6836,5.6836,5.6836,5.6836,0
2010-07-23,5.6315,5.6315,5.6315,5.6315,0
2010-07-26,5.6268,5.6268,5.6268,5.6268,0
2010-07-27,5.5795,5.5795,5.5795,5.5795,0
2010-07-28,5.6031,5.6031,5.6031,5.6031,0
2010-07-29,5.6031,5.6031,5.6031,5.6031,0
2010-07-30,5.6929,5.6929,5.6929,5.6929,0
2010-08-02,5.6359,5.6359,5.6359,5.6359,0
2010-08-03,5.6644,5.6644,5.6644,5.6644,0
2010-08-04,5.6312,5.6312,5.6312,5.6312,0
2010-08-05,5.6596,5.6596,5.6596,5.6596,0
2010-08-06,5.7119,5.7119,5.7119,5.7119,0
2010-08-09,5.6929,5.6929,5.6929,5.6929,0
2010-08-10,5.7119,5.7119,5.7119,5.7119,0
2010-08-11,5.7784,5.7784,5.7784,5.7784,0
2010-08-12,5.7594,5.7594,5.7594,5.7594,0
2010-08-13,5.8163,5.8163,5.8163,5.8163,0
2010-08-16,5.9303,5.9303,5.9303,5.9303,0
2010-08-17,5.8923,5.8923,5.8923,5.8923,0
2010-08-18,5.9065,5.9065,5.9065,5.9065,0
2010-08-19,5.9778,5.9778,5.9778,5.9778,0
2010-08-20,5.9635,5.9635,5.9635,5.9635,0
2010-08-23,5.9588,5.9588,5.9588,5.9588,0
2010-08-24,6.0442,6.0442,6.0442,6.0442,0
2010-08-25,6.0252,6.0252,6.0252,6.0252,0
2010-08-26,6.0680,6.0680,6.0680,6.0680,0
2010-08-27,5.9303,5.9303,5.9303,5.9303,0
2010-08-30,6.0252,6.0252,6.0252,6.0252,0
2010-08-31,6.0962,6.0962,6.0962,6.0962,0
2010-09-01,5.9914,5.9914,5.9914,5.9914,0
2010-09-02,5.9438,5.9438,5.9438,5.9438,0
2010-09-03,5.8771,5.8771,5.8771,5.8771,0
2010-09-07,5.9771,5.9771,5.9771,5.9771,0
2010-09-08,5.9343,5.9343,5.9343,5.9343,0
2010-09-09,5.8390,5.8390,5.8390,5.8390,0
2010-09-10,5.8152,5.8152,5.8152,5.8152,0
2010-09-13,5.8390,5.8390,5.8390,5.8390,0
2010-09-14,5.8867,5.8867,5.8867,5.8867,0
2010-09-15,5.8200,5.8200,5.8200,5.8200,0
2010-09-16,5.7819,5.7819,5.7819,5.7819,0
2010-09-17,5.7914,5.7914,5.7914,5.7914,0
2010-09-20,5.8152,5.8152,5.8152,5.8152,0
2010-09-21,5.8867,5.8867,5.8867,5.8867,0
2010-09-22,5.9248,5.9248,5.9248,5.9248,0
2010-09-23,5.9390,5.9390,5.9390,5.9390,0
2010-09-24,5.8724,5.8724,5.8724,5.8724,0
2010-09-27,5.9581,5.9581,5.9581,5.9581,0
2010-09-28,5.9914,5.9914,5.9914,5.9914,0
2010-09-29,5.9724,5.9724,5.9724,5.9724,0
2010-09-30,5.9853,5.9853,5.9853,5.9853,0
2010-10-01,5.9662,5.9662,5.9662,5.9662,0
2010-10-04,5.9805,5.9805,5.9805,5.9805,0
2010-10-05,5.9566,5.9566,5.9566,5.9566,0
2010-10-06,6.0187,6.0187,6.0187,6.0187,0
2010-10-07,5.9901,5.9901,5.9901,5.9901,0
2010-10-08,5.9709,5.9709,5.9709,5.9709,0
2010-10-11,5.9709,5.9709,5.9709,5.9709,0
2010-10-12,5.9232,5.9232,5.9232,5.9232,0
2010-10-13,5.9136,5.9136,5.9136,5.9136,0
2010-10-14,5.8468,5.8468,5.8468,5.8468,0
2010-10-15,5.7847,5.7847,5.7847,5.7847,0
2010-10-18,5.8229,5.8229,5.8229,5.8229,0
2010-10-19,5.8515,5.8515,5.8515,5.8515,0
2010-10-20,5.8563,5.8563,5.8563,5.8563,0
2010-10-21,5.7990,5.7990,5.7990,5.7990,0
2010-10-22,5.8229,5.8229,5.8229,5.8229,0
2010-10-25,5.8372,5.8372,5.8372,5.8372,0
2010-10-26,5.7608,5.7608,5.7608,5.7608,0
2010-10-27,5.7178,5.7178,5.7178,5.7178,0
2010-10-28,5.7321,5.7321,5.7321,5.7321,0
2010-10-29,5.7887,5.7887,5.7887,5.7887,0
2010-11-01,5.7743,5.7743,5.7743,5.7743,0
2010-11-02,5.8318,5.8318,5.8318,5.8318,0
2010-11-03,5.7551,5.7551,5.7551,5.7551,0
2010-11-04,5.7934,5.7934,5.7934,5.7934,0
2010-11-05,5.7168,5.7168,5.7168,5.7168,0
2010-11-08,5.7312,5.7312,5.7312,5.7312,0
2010-11-09,5.6305,5.6305,5.6305,5.6305,0
2010-11-10,5.6353,5.6353,5.6353,5.6353,0
2010-11-11,5.6401,5.6401,5.6401,5.6401,0
2010-11-12,5.5970,5.5970,5.5970,5.5970,0
2010-11-15,5.4916,5.4916,5.4916,5.4916,0
2010-11-16,5.5922,5.5922,5.5922,5.5922,0
2010-11-17,5.5682,5.5682,5.5682,5.5682,0
2010-11-18,5.5730,5.5730,5.5730,5.5730,0
2010-11-19,5.6018,5.6018,5.6018,5.6018,0
2010-11-22,5.6257,5.6257,5.6257,5.6257,0
2010-11-23,5.6497,5.6497,5.6497,5.6497,0
2010-11-24,5.5634,5.5634,5.5634,5.5634,0
2010-11-26,5.6161,5.6161,5.6161,5.6161,0
2010-11-29,5.6545,5.6545,5.6545,5.6545,0
2010-11-30,5.6963,5.6963,5.6963,5.6963,0
2010-12-01,5.5809,5.5809,5.5809,5.5809,0
2010-12-02,5.5665,5.5665,5.5665,5.5665,0
2010-12-03,5.5329,5.5329,5.5329,5.5329,0
2010-12-06,5.6002,5.6002,5.6002,5.6002,0
2010-12-07,5.4848,5.4848,5.4848,5.4848,0
2010-12-08,5.4319,5.4319,5.4319,5.4319,0
2010-12-09,5.4463,5.4463,5.4463,5.4463,0
2010-12-10,5.4127,5.4127,5.4127,5.4127,0
2010-12-13,5.4271,5.4271,5.4271,5.4271,0
2010-12-14,5.3550,5.3550,5.3550,5.3550,0
2010-12-15,5.3021,5.3021,5.3021,5.3021,0
2010-12-16,5.3310,5.3310,5.3310,5.3310,0
2010-12-17,5.4127,5.4127,5.4127,5.4127,0
2010-12-20,5.4079,5.4079,5.4079,5.4079,0
2010-12-21,5.4319,5.4319,5.4319,5.4319,0
2010-12-22,5.4031,5.4031,5.4031,5.4031,0
2010-12-23,5.3839,5.3839,5.3839,5.3839,0
2010-12-27,5.4319,5.4319,5.4319,5.4319,0
2010-12-28,5.3358,5.3358,5.3358,5.3358,0
2010-12-29,5.4127,5.4127,5.4127,5.4127,0
2010-12-30,5.4092,5.4092,5.4092,5.4092,0
2010-12-31,5.4926,5.4926,5.4926,5.4926,0
2011-01-03,5.4479,5.4479,5.4479,5.4479,0
2011-01-04,5.4529,5.4529,5.4529,5.4529,0
2011-01-05,5.3537,5.3537,5.3537,5.3537,0
2011-01-06,5.3685,5.3685,5.3685,5.3685,0
2011-01-07,5.3983,5.3983,5.3983,5.3983,0
2011-01-10,5.4231,5.4231,5.4231,5.4231,0
2011-01-11,5.3983,5.3983,5.3983,5.3983,0
2011-01-12,5.3685,5.3685,5.3685,5.3685,0
2011-01-13,5.4033,5.4033,5.4033,5.4033,0
2011-01-14,5.3785,5.3785,5.3785,5.3785,0
2011-01-18,5.3537,5.3537,5.3537,5.3537,0
2011-01-19,5.3834,5.3834,5.3834,5.3834,0
2011-01-20,5.3239,5.3239,5.3239,5.3239,0
2011-01-21,5.3487,5.3487,5.3487,5.3487,0
2011-01-24,5.3537,5.3537,5.3537,5.3537,0
2011-01-25,5.3983,5.3983,5.3983,5.3983,0
2011-01-26,5.3338,5.3338,5.3338,5.3338,0
2011-01-27,5.3487,5.3487,5.3487,5.3487,0
2011-01-28,5.3785,5.3785,5.3785,5.3785,0
2011-01-31,5.3620,5.3620,5.3620,5.3620,0
2011-02-01,5.3371,5.3371,5.3371,5.3371,0
2011-02-02,5.3322,5.3322,5.3322,5.3322,0
2011-02-03,5.2923,5.2923,5.2923,5.2923,0
2011-02-04,5.2425,5.2425,5.2425,5.2425,0
2011-02-07,5.2575,5.2575,5.2575,5.2575,0
2011-02-08,5.2177,5.2177,5.2177,5.2177,0
2011-02-09,5.2525,5.2525,5.2525,5.2525,0
2011-02-10,5.2077,5.2077,5.2077,5.2077,0
2011-02-11,5.2674,5.2674,5.2674,5.2674,0
2011-02-14,5.2724,5.2724,5.2724,5.2724,0
2011-02-15,5.2923,5.2923,5.2923,5.2923,0
2011-02-16,5.2824,5.2824,5.2824,5.2824,0
2011-02-17,5.2874,5.2874,5.2874,5.2874,0
2011-02-18,5.2774,5.2774,5.2774,5.2774,0
2011-02-22,5.3421,5.3421,5.3421,5.3421,0
2011-02-23,5.3571,5.3571,5.3571,5.3571,0
2011-02-24,5.3819,5.3819,5.3819,5.3819,0
2011-02-25,5.4068,5.4068,5.4068,5.4068,0
2011-02-28,5.4283,5.4283,5.4283,5.4283,0
2011-03-01,5.4383,5.4383,5.4383,5.4383,0
2011-03-02,5.3734,5.3734,5.3734,5.3734,0
2011-03-03,5.3234,5.3234,5.3234,5.3234,0
2011-03-04,5.3634,5.3634,5.3634,5.3634,0
2011-03-07,5.3434,5.3434,5.3434,5.3434,0
2011-03-08,5.3135,5.3135,5.3135,5.3135,0
2011-03-09,5.3534,5.3534,5.3534,5.3534,0
2011-03-10,5.4283,5.4283,5.4283,5.4283,0
2011-03-11,5.4033,5.4033,5.4033,5.4033,0
2011-03-14,5.4083,5.4083,5.4083,5.4083,0
2011-03-15,5.4633,5.4633,5.4633,5.4633,0
2011-03-16,5.5232,5.5232,5.5232,5.5232,0
2011-03-17,5.4882,5.4882,5.4882,5.4882,0
2011-03-18,5.4932,5.4932,5.4932,5.4932,0
2011-03-21,5.4683,5.4683,5.4683,5.4683,0
2011-03-22,5.4733,5.4733,5.4733,5.4733,0
2011-03-23,5.4683,5.4683,5.4683,5.4683,0
2011-03-24,5.4333,5.4333,5.4333,5.4333,0
2011-03-25,5.4183,5.4183,5.4183,5.4183,0
2011-03-28,5.4233,5.4233,5.4233,5.4233,0
2011-03-29,5.3884,5.3884,5.3884,5.3884,0
2011-03-30,5.4183,5.4183,5.4183,5.4183,0
2011-03-31,5.4293,5.4293,5.4293,5.4293,0
2011-04-01,5.4444,5.4444,5.4444,5.4444,0
2011-04-04,5.4494,5.4494,5.4494,5.4494,0
2011-04-05,5.4293,5.4293,5.4293,5.4293,0
2011-04-06,5.3642,5.3642,5.3642,5.3642,0
2011-04-07,5.3492,5.3492,5.3492,5.3492,0
2011-04-08,5.3292,5.3292,5.3292,5.3292,0
2011-04-11,5.3342,5.3342,5.3342,5.3342,0
2011-04-12,5.3793,5.3793,5.3793,5.3793,0
2011-04-13,5.4093,5.4093,5.4093,5.4093,0
2011-04-14,5.4043,5.4043,5.4043,5.4043,0
2011-04-15,5.4644,5.4644,5.4644,5.4644,0
2011-04-18,5.4794,5.4794,5.4794,5.4794,0
2011-04-19,5.4945,5.4945,5.4945,5.4945,0
2011-04-20,5.4694,5.4694,5.4694,5.4694,0
2011-04-21,5.4644,5.4644,5.4644,5.4644,0
2011-04-25,5.4794,5.4794,5.4794,5.4794,0
2011-04-26,5.5245,5.5245,5.5245,5.5245,0
2011-04-27,5.4744,5.4744,5.4744,5.4744,0
2011-04-28,5.5095,5.5095,5.5095,5.5095,0
2011-04-29,5.5401,5.5401,5.5401,5.5401,0
2011-05-02,5.5451,5.5451,5.5451,5.5451,0
2011-05-03,5.5753,5.5753,5.5753,5.5753,0
2011-05-04,5.5954,5.5954,5.5954,5.5954,0
2011-05-05,5.6406,5.6406,5.6406,5.6406,0
2011-05-06,5.6255,5.6255,5.6255,5.6255,0
2011-05-09,5.6255,5.6255,5.6255,5.6255,0
2011-05-10,5.5904,5.5904,5.5904,5.5904,0
2011-05-11,5.6155,5.6155,5.6155,5.6155,0
2011-05-12,5.5904,5.5904,5.5904,5.5904,0
2011-05-13,5.6255,5.6255,5.6255,5.6255,0
2011-05-16,5.6556,5.6556,5.6556,5.6556,0
2011-05-17,5.6958,5.6958,5.6958,5.6958,0
2011-05-18,5.6406,5.6406,5.6406,5.6406,0
2011-05-19,5.6406,5.6406,5.6406,5.6406,0
2011-05-20,5.6406,5.6406,5.6406,5.6406,0
2011-05-23,5.6607,5.6607,5.6607,5.6607,0
2011-05-24,5.6757,5.6757,5.6757,5.6757,0
2011-05-25,5.6556,5.6556,5.6556,5.6556,0
2011-05-26,5.6958,5.6958,5.6958,5.6958,0
2011-05-27,5.6808,5.6808,5.6808,5.6808,0
2011-05-31,5.7226,5.7226,5.7226,5.7226,0
2011-06-01,5.7881,5.7881,5.7881,5.7881,0
2011-06-02,5.7024,5.7024,5.7024,5.7024,0
2011-06-03,5.7226,5.7226,5.7226,5.7226,0
2011-06-06,5.6923,5.6923,5.6923,5.6923,0
2011-06-07,5.7125,5.7125,5.7125,5.7125,0
2011-06-08,5.7478,5.7478,5.7478,5.7478,0
2011-06-09,5.7276,5.7276,5.7276,5.7276,0
2011-06-10,5.7578,5.7578,5.7578,5.7578,0
2011-06-13,5.7377,5.7377,5.7377,5.7377,0
2011-06-14,5.6571,5.6571,5.6571,5.6571,0
2011-06-15,5.7427,5.7427,5.7427,5.7427,0
2011-06-16,5.7729,5.7729,5.7729,5.7729,0
2011-06-17,5.7478,5.7478,5.7478,5.7478,0
2011-06-20,5.7478,5.7478,5.7478,5.7478,0
2011-06-21,5.7276,5.7276,5.7276,5.7276,0
2011-06-22,5.7276,5.7276,5.7276,5.7276,0
2011-06-23,5.7679,5.7679,5.7679,5.7679,0
2011-06-24,5.7578,5.7578,5.7578,5.7578,0
2011-06-27,5.6923,5.6923,5.6923,5.6923,0
2011-06-28,5.6420,5.6420,5.6420,5.6420,0
2011-06-29,5.6067,5.6067,5.6067,5.6067,0
2011-06-30,5.6082,5.6082,5.6082,5.6082,0
2011-07-01,5.5931,5.5931,5.5931,5.5931,0
2011-07-05,5.6133,5.6133,5.6133,5.6133,0
2011-07-06,5.6335,5.6335,5.6335,5.6335,0
2011-07-07,5.6183,5.6183,5.6183,5.6183,0
2011-07-08,5.6891,5.6891,5.6891,5.6891,0
2011-07-11,5.7598,5.7598,5.7598,5.7598,0
2011-07-12,5.7800,5.7800,5.7800,5.7800,0
2011-07-13,5.7952,5.7952,5.7952,5.7952,0
2011-07-14,5.7295,5.7295,5.7295,5.7295,0
2011-07-15,5.7345,5.7345,5.7345,5.7345,0
2011-07-18,5.6941,5.6941,5.6941,5.6941,0
2011-07-19,5.7851,5.7851,5.7851,5.7851,0
2011-07-20,5.7295,5.7295,5.7295,5.7295,0
2011-07-21,5.6891,5.6891,5.6891,5.6891,0
2011-07-22,5.7244,5.7244,5.7244,5.7244,0
2011-07-25,5.6739,5.6739,5.6739,5.6739,0
2011-07-26,5.7093,5.7093,5.7093,5.7093,0
2011-07-27,5.7042,5.7042,5.7042,5.7042,0
2011-07-28,5.7194,5.7194,5.7194,5.7194,0
2011-07-29,5.8430,5.8430,5.8430,5.8430,0
2011-08-01,5.8937,5.8937,5.8937,5.8937,0
2011-08-02,6.0356,6.0356,6.0356,6.0356,0
2011-08-03,6.0508,6.0508,6.0508,6.0508,0
2011-08-04,6.2231,6.2231,6.2231,6.2231,0
2011-08-05,6.0812,6.0812,6.0812,6.0812,0
2011-08-08,6.2484,6.2484,6.2484,6.2484,0
2011-08-09,6.2839,6.2839,6.2839,6.2839,0
2011-08-10,6.4360,6.4360,6.4360,6.4360,0
2011-08-11,6.1826,6.1826,6.1826,6.1826,0
2011-08-12,6.2839,6.2839,6.2839,6.2839,0
2011-08-15,6.2282,6.2282,6.2282,6.2282,0
2011-08-16,6.3093,6.3093,6.3093,6.3093,0
2011-08-17,6.3903,6.3903,6.3903,6.3903,0
2011-08-18,6.5018,6.5018,6.5018,6.5018,0
2011-08-19,6.5424,6.5424,6.5424,6.5424,0
2011-08-22,6.5272,6.5272,6.5272,6.5272,0
2011-08-23,6.4511,6.4511,6.4511,6.4511,0
2011-08-24,6.2941,6.2941,6.2941,6.2941,0
2011-08-25,6.3447,6.3447,6.3447,6.3447,0
2011-08-26,6.4005,6.4005,6.4005,6.4005,0
2011-08-29,6.3194,6.3194,6.3194,6.3194,0
2011-08-30,6.4106,6.4106,6.4106,6.4106,0
2011-08-31,6.3502,6.3502,6.3502,6.3502,0
2011-09-01,6.4518,6.4518,6.4518,6.4518,0
2011-09-02,6.6245,6.6245,6.6245,6.6245,0
2011-09-06,6.6804,6.6804,6.6804,6.6804,0
2011-09-07,6.5788,6.5788,6.5788,6.5788,0
2011-09-08,6.6245,6.6245,6.6245,6.6245,0
2011-09-09,6.6956,6.6956,6.6956,6.6956,0
2011-09-12,6.6956,6.6956,6.6956,6.6956,0
2011-09-13,6.6194,6.6194,6.6194,6.6194,0
2011-09-14,6.6550,6.6550,6.6550,6.6550,0
2011-09-15,6.5737,6.5737,6.5737,6.5737,0
2011-09-16,6.5991,6.5991,6.5991,6.5991,0
2011-09-19,6.7159,6.7159,6.7159,6.7159,0
2011-09-20,6.7362,6.7362,6.7362,6.7362,0
2011-09-21,6.9039,6.9039,6.9039,6.9039,0
2011-09-22,7.1274,7.1274,7.1274,7.1274,0
2011-09-23,7.0157,7.0157,7.0157,7.0157,0
2011-09-26,6.9090,6.9090,6.9090,6.9090,0
2011-09-27,6.8023,6.8023,6.8023,6.8023,0
2011-09-28,6.8074,6.8074,6.8074,6.8074,0
2011-09-29,6.8480,6.8480,6.8480,6.8480,0
2011-09-30,6.9957,6.9957,6.9957,6.9957,0
2011-10-03,7.1637,7.1637,7.1637,7.1637,0
2011-10-04,7.0975,7.0975,7.0975,7.0975,0
2011-10-05,7.0415,7.0415,7.0415,7.0415,0
2011-10-06,6.9295,6.9295,6.9295,6.9295,0
2011-10-07,6.8735,6.8735,6.8735,6.8735,0
2011-10-10,6.7767,6.7767,6.7767,6.7767,0
2011-10-11,6.7716,6.7716,6.7716,6.7716,0
2011-10-12,6.6902,6.6902,6.6902,6.6902,0
2011-10-13,6.7411,6.7411,6.7411,6.7411,0
2011-10-14,6.6596,6.6596,6.6596,6.6596,0
2011-10-17,6.7513,6.7513,6.7513,6.7513,0
2011-10-18,6.7207,6.7207,6.7207,6.7207,0
2011-10-19,6.7207,6.7207,6.7207,6.7207,0
2011-10-20,6.6800,6.6800,6.6800,6.6800,0
2011-10-21,6.6240,6.6240,6.6240,6.6240,0
2011-10-24,6.6240,6.6240,6.6240,6.6240,0
2011-10-25,6.7665,6.7665,6.7665,6.7665,0
2011-10-26,6.6698,6.6698,6.6698,6.6698,0
2011-10-27,6.4712,6.4712,6.4712,6.4712,0
2011-10-28,6.5323,6.5323,6.5323,6.5323,0
2011-10-31,6.7630,6.7630,6.7630,6.7630,0
2011-11-01,6.9519,6.9519,6.9519,6.9519,0
2011-11-02,6.8958,6.8958,6.8958,6.8958,0
2011-11-03,6.8141,6.8141,6.8141,6.8141,0
2011-11-04,6.8192,6.8192,6.8192,6.8192,0
2011-11-07,6.8651,6.8651,6.8651,6.8651,0
2011-11-08,6.7835,6.7835,6.7835,6.7835,0
2011-11-09,6.9060,6.9060,6.9060,6.9060,0
2011-11-10,6.8192,6.8192,6.8192,6.8192,0
2011-11-11,6.7784,6.7784,6.7784,6.7784,0
2011-11-14,6.8600,6.8600,6.8600,6.8600,0
2011-11-15,6.8549,6.8549,6.8549,6.8549,0
2011-11-16,6.9060,6.9060,6.9060,6.9060,0
2011-11-17,6.9570,6.9570,6.9570,6.9570,0
2011-11-18,6.9468,6.9468,6.9468,6.9468,0
2011-11-21,6.9876,6.9876,6.9876,6.9876,0
2011-11-22,7.0438,7.0438,7.0438,7.0438,0
2011-11-23,7.1101,7.1101,7.1101,7.1101,0
2011-11-25,7.0183,7.0183,7.0183,7.0183,0
2011-11-28,7.0132,7.0132,7.0132,7.0132,0
2011-11-29,6.9723,6.9723,6.9723,6.9723,0
2011-11-30,6.8859,6.8859,6.8859,6.8859,0
2011-12-01,6.8501,6.8501,6.8501,6.8501,0
2011-12-02,6.9319,6.9319,6.9319,6.9319,0
2011-12-05,6.9268,6.9268,6.9268,6.9268,0
2011-12-06,6.8705,6.8705,6.8705,6.8705,0
2011-12-07,6.9012,6.9012,6.9012,6.9012,0
2011-12-08,6.9728,6.9728,6.9728,6.9728,0
2011-12-09,6.8501,6.8501,6.8501,6.8501,0
2011-12-12,6.9114,6.9114,6.9114,6.9114,0
2011-12-13,6.9677,6.9677,6.9677,6.9677,0
2011-12-14,7.0803,7.0803,7.0803,7.0803,0
2011-12-15,7.0598,7.0598,7.0598,7.0598,0
2011-12-16,7.1263,7.1263,7.1263,7.1263,0
2011-12-19,7.1979,7.1979,7.1979,7.1979,0
2011-12-20,7.0496,7.0496,7.0496,7.0496,0
2011-12-21,6.9677,6.9677,6.9677,6.9677,0
2011-12-22,6.9882,6.9882,6.9882,6.9882,0
2011-12-23,6.9063,6.9063,6.9063,6.9063,0
2011-12-27,6.9421,6.9421,6.9421,6.9421,0
2011-12-28,7.0547,7.0547,7.0547,7.0547,0
2011-12-29,7.0696,7.0696,7.0696,7.0696,0
2011-12-30,7.1026,7.1026,7.1026,7.1026,0
2012-01-03,7.0121,7.0121,7.0121,7.0121,0
2012-01-04,6.9482,6.9482,6.9482,6.9482,0
2012-01-05,6.9322,6.9322,6.9322,6.9322,0
2012-01-06,6.9748,6.9748,6.9748,6.9748,0
2012-01-09,6.9695,6.9695,6.9695,6.9695,0
2012-01-10,6.9588,6.9588,6.9588,6.9588,0
2012-01-11,7.0387,7.0387,7.0387,7.0387,0
2012-01-12,7.0280,7.0280,7.0280,7.0280,0
2012-01-13,7.0919,7.0919,7.0919,7.0919,0
2012-01-17,7.1132,7.1132,7.1132,7.1132,0
2012-01-18,7.0440,7.0440,7.0440,7.0440,0
2012-01-19,6.9588,6.9588,6.9588,6.9588,0
2012-01-20,6.8896,6.8896,6.8896,6.8896,0
2012-01-23,6.8470,6.8470,6.8470,6.8470,0
2012-01-24,6.8523,6.8523,6.8523,6.8523,0
2012-01-25,6.8523,6.8523,6.8523,6.8523,0
2012-01-26,6.9269,6.9269,6.9269,6.9269,0
2012-01-27,6.9482,6.9482,6.9482,6.9482,0
2012-01-30,7.0227,7.0227,7.0227,7.0227,0
2012-01-31,7.1081,7.1081,7.1081,7.1081,0
2012-02-01,7.0334,7.0334,7.0334,7.0334,0
2012-02-02,7.0387,7.0387,7.0387,7.0387,0
2012-02-03,6.9053,6.9053,6.9053,6.9053,0
2012-02-06,6.9587,6.9587,6.9587,6.9587,0
2012-02-07,6.8893,6.8893,6.8893,6.8893,0
2012-02-08,6.8893,6.8893,6.8893,6.8893,0
2012-02-09,6.8466,6.8466,6.8466,6.8466,0
2012-02-10,6.9213,6.9213,6.9213,6.9213,0
2012-02-13,6.9267,6.9267,6.9267,6.9267,0
2012-02-14,6.9640,6.9640,6.9640,6.9640,0
2012-02-15,6.9533,6.9533,6.9533,6.9533,0
2012-02-16,6.9000,6.9000,6.9000,6.9000,0
2012-02-17,6.8946,6.8946,6.8946,6.8946,0
2012-02-21,6.8359,6.8359,6.8359,6.8359,0
2012-02-22,6.9000,6.9000,6.9000,6.9000,0
2012-02-23,6.9106,6.9106,6.9106,6.9106,0
2012-02-24,6.9373,6.9373,6.9373,6.9373,0
2012-02-27,6.9960,6.9960,6.9960,6.9960,0
2012-02-28,6.9800,6.9800,6.9800,6.9800,0
2012-02-29,6.9581,6.9581,6.9581,6.9581,0
2012-03-01,6.8939,6.8939,6.8939,6.8939,0
2012-03-02,6.9420,6.9420,6.9420,6.9420,0
2012-03-05,6.9046,6.9046,6.9046,6.9046,0
2012-03-06,6.9688,6.9688,6.9688,6.9688,0
2012-03-07,6.9367,6.9367,6.9367,6.9367,0
2012-03-08,6.8779,6.8779,6.8779,6.8779,0
2012-03-09,6.8779,6.8779,6.8779,6.8779,0
2012-03-12,6.8832,6.8832,6.8832,6.8832,0
2012-03-13,6.7762,6.7762,6.7762,6.7762,0
2012-03-14,6.6211,6.6211,6.6211,6.6211,0
2012-03-15,6.6265,6.6265,6.6265,6.6265,0
2012-03-16,6.6318,6.6318,6.6318,6.6318,0
2012-03-19,6.5623,6.5623,6.5623,6.5623,0
2012-03-20,6.5784,6.5784,6.5784,6.5784,0
2012-03-21,6.6479,6.6479,6.6479,6.6479,0
2012-03-22,6.6639,6.6639,6.6639,6.6639,0
2012-03-23,6.7174,6.7174,6.7174,6.7174,0
2012-03-26,6.6960,6.6960,6.6960,6.6960,0
2012-03-27,6.7335,6.7335,6.7335,6.7335,0
2012-03-28,6.7281,6.7281,6.7281,6.7281,0
2012-03-29,6.7709,6.7709,6.7709,6.7709,0
2012-03-30,6.6949,6.6949,6.6949,6.6949,0
2012-04-02,6.7220,6.7220,6.7220,6.7220,0
2012-04-03,6.6189,6.6189,6.6189,6.6189,0
2012-04-04,6.6894,6.6894,6.6894,6.6894,0
2012-04-05,6.7383,6.7383,6.7383,6.7383,0
2012-04-09,6.8795,6.8795,6.8795,6.8795,0
2012-04-10,6.9446,6.9446,6.9446,6.9446,0
2012-04-11,6.8795,6.8795,6.8795,6.8795,0
2012-04-12,6.8523,6.8523,6.8523,6.8523,0
2012-04-13,6.9446,6.9446,6.9446,6.9446,0
2012-04-16,6.9446,6.9446,6.9446,6.9446,0
2012-04-17,6.9284,6.9284,6.9284,6.9284,0
2012-04-18,6.9501,6.9501,6.9501,6.9501,0
2012-04-19,6.9609,6.9609,6.9609,6.9609,0
2012-04-20,6.9555,6.9555,6.9555,6.9555,0
2012-04-23,6.9989,6.9989,6.9989,6.9989,0
2012-04-24,6.9555,6.9555,6.9555,6.9555,0
2012-04-25,6.9284,6.9284,6.9284,6.9284,0
2012-04-26,6.9609,6.9609,6.9609,6.9609,0
2012-04-27,6.9664,6.9664,6.9664,6.9664,0
2012-04-30,6.9876,6.9876,6.9876,6.9876,0
2012-05-01,6.9549,6.9549,6.9549,6.9549,0
2012-05-02,6.9930,6.9930,6.9930,6.9930,0
2012-05-03,6.9985,6.9985,6.9985,6.9985,0
2012-05-04,7.0420,7.0420,7.0420,7.0420,0
2012-05-07,7.0475,7.0475,7.0475,7.0475,0
2012-05-08,7.0801,7.0801,7.0801,7.0801,0
2012-05-09,7.0801,7.0801,7.0801,7.0801,0
2012-05-10,7.0638,7.0638,7.0638,7.0638,0
2012-05-11,7.1128,7.1128,7.1128,7.1128,0
2012-05-14,7.1944,7.1944,7.1944,7.1944,0
2012-05-15,7.2216,7.2216,7.2216,7.2216,0
2012-05-16,7.2379,7.2379,7.2379,7.2379,0
2012-05-17,7.3522,7.3522,7.3522,7.3522,0
2012-05-18,7.3522,7.3522,7.3522,7.3522,0
2012-05-21,7.3359,7.3359,7.3359,7.3359,0
2012-05-22,7.2597,7.2597,7.2597,7.2597,0
2012-05-23,7.3087,7.3087,7.3087,7.3087,0
2012-05-24,7.2869,7.2869,7.2869,7.2869,0
2012-05-25,7.2978,7.2978,7.2978,7.2978,0
2012-05-29,7.2869,7.2869,7.2869,7.2869,0
2012-05-30,7.4447,7.4447,7.4447,7.4447,0
2012-05-31,7.5320,7.5320,7.5320,7.5320,0
2012-06-01,7.6902,7.6902,7.6902,7.6902,0
2012-06-04,7.6411,7.6411,7.6411,7.6411,0
2012-06-05,7.5538,7.5538,7.5538,7.5538,0
2012-06-06,7.4175,7.4175,7.4175,7.4175,0
2012-06-07,7.4284,7.4284,7.4284,7.4284,0
2012-06-08,7.4229,7.4229,7.4229,7.4229,0
2012-06-11,7.4556,7.4556,7.4556,7.4556,0
2012-06-12,7.3902,7.3902,7.3902,7.3902,0
2012-06-13,7.4556,7.4556,7.4556,7.4556,0
2012-06-14,7.4447,7.4447,7.4447,7.4447,0
2012-06-15,7.4829,7.4829,7.4829,7.4829,0
2012-06-18,7.5156,7.5156,7.5156,7.5156,0
2012-06-19,7.4338,7.4338,7.4338,7.4338,0
2012-06-20,7.4502,7.4502,7.4502,7.4502,0
2012-06-21,7.4884,7.4884,7.4884,7.4884,0
2012-06-22,7.4011,7.4011,7.4011,7.4011,0
2012-06-25,7.4884,7.4884,7.4884,7.4884,0
2012-06-26,7.4665,7.4665,7.4665,7.4665,0
2012-06-27,7.4775,7.4775,7.4775,7.4775,0
2012-06-28,7.4938,7.4938,7.4938,7.4938,0
2012-06-29,7.4233,7.4233,7.4233,7.4233,0
2012-07-02,7.4944,7.4944,7.4944,7.4944,0
2012-07-03,7.4506,7.4506,7.4506,7.4506,0
2012-07-05,7.4725,7.4725,7.4725,7.4725,0
2012-07-06,7.5326,7.5326,7.5326,7.5326,0
2012-07-09,7.5928,7.5928,7.5928,7.5928,0
2012-07-10,7.6037,7.6037,7.6037,7.6037,0
2012-07-11,7.6146,7.6146,7.6146,7.6146,0
2012-07-12,7.6583,7.6583,7.6583,7.6583,0
2012-07-13,7.6365,7.6365,7.6365,7.6365,0
2012-07-16,7.6693,7.6693,7.6693,7.6693,0
2012-07-17,7.6146,7.6146,7.6146,7.6146,0
2012-07-18,7.6201,7.6201,7.6201,7.6201,0
2012-07-19,7.6037,7.6037,7.6037,7.6037,0
2012-07-20,7.6802,7.6802,7.6802,7.6802,0
2012-07-23,7.7185,7.7185,7.7185,7.7185,0
2012-07-24,7.7677,7.7677,7.7677,7.7677,0
2012-07-25,7.7841,7.7841,7.7841,7.7841,0
2012-07-26,7.7239,7.7239,7.7239,7.7239,0
2012-07-27,7.5928,7.5928,7.5928,7.5928,0
2012-07-30,7.6365,7.6365,7.6365,7.6365,0
2012-07-31,7.6699,7.6699,7.6699,7.6699,0
2012-08-01,7.6370,7.6370,7.6370,7.6370,0
2012-08-02,7.6754,7.6754,7.6754,7.6754,0
2012-08-03,7.5603,7.5603,7.5603,7.5603,0
2012-08-06,7.5658,7.5658,7.5658,7.5658,0
2012-08-07,7.4782,7.4782,7.4782,7.4782,0
2012-08-08,7.4453,7.4453,7.4453,7.4453,0
2012-08-09,7.4398,7.4398,7.4398,7.4398,0
2012-08-10,7.4672,7.4672,7.4672,7.4672,0
2012-08-13,7.4617,7.4617,7.4617,7.4617,0
2012-08-14,7.3686,7.3686,7.3686,7.3686,0
2012-08-15,7.2809,7.2809,7.2809,7.2809,0
2012-08-16,7.2261,7.2261,7.2261,7.2261,0
2012-08-17,7.2535,7.2535,7.2535,7.2535,0
2012-08-20,7.2645,7.2645,7.2645,7.2645,0
2012-08-21,7.2864,7.2864,7.2864,7.2864,0
2012-08-22,7.3960,7.3960,7.3960,7.3960,0
2012-08-23,7.4288,7.4288,7.4288,7.4288,0
2012-08-24,7.4234,7.4234,7.4234,7.4234,0
2012-08-27,7.4562,7.4562,7.4562,7.4562,0
2012-08-28,7.4727,7.4727,7.4727,7.4727,0
2012-08-29,7.4508,7.4508,7.4508,7.4508,0
2012-08-30,7.4782,7.4782,7.4782,7.4782,0
2012-08-31,7.5830,7.5830,7.5830,7.5830,0
2012-09-04,7.5830,7.5830,7.5830,7.5830,0
2012-09-05,7.5501,7.5501,7.5501,7.5501,0
2012-09-06,7.4403,7.4403,7.4403,7.4403,0
2012-09-07,7.4128,7.4128,7.4128,7.4128,0
2012-09-10,7.4183,7.4183,7.4183,7.4183,0
2012-09-11,7.3854,7.3854,7.3854,7.3854,0
2012-09-12,7.3030,7.3030,7.3030,7.3030,0
2012-09-13,7.2810,7.2810,7.2810,7.2810,0
2012-09-14,7.1108,7.1108,7.1108,7.1108,0
2012-09-17,7.1712,7.1712,7.1712,7.1712,0
2012-09-18,7.2042,7.2042,7.2042,7.2042,0
2012-09-19,7.2426,7.2426,7.2426,7.2426,0
2012-09-20,7.2591,7.2591,7.2591,7.2591,0
2012-09-21,7.2700,7.2700,7.2700,7.2700,0
2012-09-24,7.3195,7.3195,7.3195,7.3195,0
2012-09-25,7.3799,7.3799,7.3799,7.3799,0
2012-09-26,7.4512,7.4512,7.4512,7.4512,0
2012-09-27,7.4128,7.4128,7.4128,7.4128,0
2012-09-28,7.4293,7.4293,7.4293,7.4293,0
2012-10-01,7.4513,7.4513,7.4513,7.4513,0
2012-10-02,7.4458,7.4458,7.4458,7.4458,0
2012-10-03,7.4458,7.4458,7.4458,7.4458,0
2012-10-04,7.3633,7.3633,7.3633,7.3633,0
2012-10-05,7.2807,7.2807,7.2807,7.2807,0
2012-10-08,7.3138,7.3138,7.3138,7.3138,0
2012-10-09,7.3193,7.3193,7.3193,7.3193,0
2012-10-10,7.3633,7.3633,7.3633,7.3633,0
2012-10-11,7.4018,7.4018,7.4018,7.4018,0
2012-10-12,7.4183,7.4183,7.4183,7.4183,0
2012-10-15,7.4073,7.4073,7.4073,7.4073,0
2012-10-16,7.3193,7.3193,7.3193,7.3193,0
2012-10-17,7.2477,7.2477,7.2477,7.2477,0
2012-10-18,7.2092,7.2092,7.2092,7.2092,0
2012-10-19,7.2917,7.2917,7.2917,7.2917,0
2012-10-22,7.2532,7.2532,7.2532,7.2532,0
2012-10-23,7.3358,7.3358,7.3358,7.3358,0
2012-10-24,7.2807,7.2807,7.2807,7.2807,0
2012-10-25,7.2477,7.2477,7.2477,7.2477,0
2012-10-26,7.3358,7.3358,7.3358,7.3358,0
2012-10-31,7.3976,7.3976,7.3976,7.3976,0
2012-11-01,7.3589,7.3589,7.3589,7.3589,0
2012-11-02,7.3534,7.3534,7.3534,7.3534,0
2012-11-05,7.3865,7.3865,7.3865,7.3865,0
2012-11-06,7.3258,7.3258,7.3258,7.3258,0
2012-11-07,7.4472,7.4472,7.4472,7.4472,0
2012-11-08,7.5410,7.5410,7.5410,7.5410,0
2012-11-09,7.5465,7.5465,7.5465,7.5465,0
2012-11-12,7.5465,7.5465,7.5465,7.5465,0
2012-11-13,7.5796,7.5796,7.5796,7.5796,0
2012-11-14,7.5851,7.5851,7.5851,7.5851,0
2012-11-15,7.5741,7.5741,7.5741,7.5741,0
2012-11-16,7.5686,7.5686,7.5686,7.5686,0
2012-11-19,7.5299,7.5299,7.5299,7.5299,0
2012-11-20,7.4582,7.4582,7.4582,7.4582,0
2012-11-21,7.4527,7.4527,7.4527,7.4527,0
2012-11-23,7.4417,7.4417,7.4417,7.4417,0
2012-11-26,7.4748,7.4748,7.4748,7.4748,0
2012-11-27,7.4968,7.4968,7.4968,7.4968,0
2012-11-28,7.4913,7.4913,7.4913,7.4913,0
2012-11-29,7.4968,7.4968,7.4968,7.4968,0
2012-11-30,7.4974,7.4974,7.4974,7.4974,0
2012-12-03,7.5029,7.5029,7.5029,7.5029,0
2012-12-04,7.5361,7.5361,7.5361,7.5361,0
2012-12-05,7.5306,7.5306,7.5306,7.5306,0
2012-12-06,7.5472,7.5472,7.5472,7.5472,0
2012-12-07,7.4863,7.4863,7.4863,7.4863,0
2012-12-10,7.5140,7.5140,7.5140,7.5140,0
2012-12-11,7.4642,7.4642,7.4642,7.4642,0
2012-12-12,7.3868,7.3868,7.3868,7.3868,0
2012-12-13,7.3813,7.3813,7.3813,7.3813,0
2012-12-14,7.4255,7.4255,7.4255,7.4255,0
2012-12-17,7.3315,7.3315,7.3315,7.3315,0
2012-12-18,7.2652,7.2652,7.2652,7.2652,0
2012-12-19,7.2873,7.2873,7.2873,7.2873,0
2012-12-20,7.2873,7.2873,7.2873,7.2873,0
2012-12-21,7.3481,7.3481,7.3481,7.3481,0
2012-12-24,7.3426,7.3426,7.3426,7.3426,0
2012-12-26,7.3647,7.3647,7.3647,7.3647,0
2012-12-27,7.3868,7.3868,7.3868,7.3868,0
2012-12-28,7.4205,7.4205,7.4205,7.4205,0
2012-12-31,7.3491,7.3491,7.3491,7.3491,0
2013-01-02,7.2422,7.2422,7.2422,7.2422,0
2013-01-03,7.1523,7.1523,7.1523,7.1523,0
2013-01-04,7.1691,7.1691,7.1691,7.1691,0
2013-01-07,7.1748,7.1748,7.1748,7.1748,0
2013-01-08,7.2141,7.2141,7.2141,7.2141,0
2013-01-09,7.2085,7.2085,7.2085,7.2085,0
2013-01-10,7.1916,7.1916,7.1916,7.1916,0
2013-01-11,7.2422,7.2422,7.2422,7.2422,0
2013-01-14,7.2310,7.2310,7.2310,7.2310,0
2013-01-15,7.2535,7.2535,7.2535,7.2535,0
2013-01-16,7.2703,7.2703,7.2703,7.2703,0
2013-01-17,7.2085,7.2085,7.2085,7.2085,0
2013-01-18,7.2479,7.2479,7.2479,7.2479,0
2013-01-22,7.2591,7.2591,7.2591,7.2591,0
2013-01-23,7.2535,7.2535,7.2535,7.2535,0
2013-01-24,7.2310,7.2310,7.2310,7.2310,0
2013-01-25,7.1410,7.1410,7.1410,7.1410,0
2013-01-28,7.1129,7.1129,7.1129,7.1129,0
2013-01-29,7.0792,7.0792,7.0792,7.0792,0
2013-01-30,7.0679,7.0679,7.0679,7.0679,0
2013-01-31,7.1085,7.1085,7.1085,7.1085,0
2013-02-01,7.0296,7.0296,7.0296,7.0296,0
2013-02-04,7.1085,7.1085,7.1085,7.1085,0
2013-02-05,7.0521,7.0521,7.0521,7.0521,0
2013-02-06,7.1029,7.1029,7.1029,7.1029,0
2013-02-07,7.0916,7.0916,7.0916,7.0916,0
2013-02-08,7.1085,7.1085,7.1085,7.1085,0
2013-02-11,7.1085,7.1085,7.1085,7.1085,0
2013-02-12,7.0916,7.0916,7.0916,7.0916,0
2013-02-13,7.0352,7.0352,7.0352,7.0352,0
2013-02-14,7.0916,7.0916,7.0916,7.0916,0
2013-02-15,7.0747,7.0747,7.0747,7.0747,0
2013-02-19,7.0465,7.0465,7.0465,7.0465,0
2013-02-20,7.0578,7.0578,7.0578,7.0578,0
2013-02-21,7.0972,7.0972,7.0972,7.0972,0
2013-02-22,7.1029,7.1029,7.1029,7.1029,0
2013-02-25,7.2269,7.2269,7.2269,7.2269,0
2013-02-26,7.1931,7.1931,7.1931,7.1931,0
2013-02-27,7.1705,7.1705,7.1705,7.1705,0
2013-02-28,7.1982,7.1982,7.1982,7.1982,0
2013-03-01,7.2321,7.2321,7.2321,7.2321,0
2013-03-04,7.1982,7.1982,7.1982,7.1982,0
2013-03-05,7.1813,7.1813,7.1813,7.1813,0
2013-03-06,7.1191,7.1191,7.1191,7.1191,0
2013-03-07,7.0682,7.0682,7.0682,7.0682,0
2013-03-08,7.0004,7.0004,7.0004,7.0004,0
2013-03-11,7.0004,7.0004,7.0004,7.0004,0
2013-03-12,7.0456,7.0456,7.0456,7.0456,0
2013-03-13,7.0400,7.0400,7.0400,7.0400,0
2013-03-14,7.0230,7.0230,7.0230,7.0230,0
2013-03-15,7.0513,7.0513,7.0513,7.0513,0
2013-03-18,7.1021,7.1021,7.1021,7.1021,0
2013-03-19,7.1417,7.1417,7.1417,7.1417,0
2013-03-20,7.0739,7.0739,7.0739,7.0739,0
2013-03-21,7.1304,7.1304,7.1304,7.1304,0
2013-03-22,7.1361,7.1361,7.1361,7.1361,0
2013-03-25,7.1304,7.1304,7.1304,7.1304,0
2013-03-26,7.1361,7.1361,7.1361,7.1361,0
2013-03-27,7.1926,7.1926,7.1926,7.1926,0
2013-03-28,7.2005,7.2005,7.2005,7.2005,0
2013-04-01,7.2232,7.2232,7.2232,7.2232,0
2013-04-02,7.2005,7.2005,7.2005,7.2005,0
2013-04-03,7.2573,7.2573,7.2573,7.2573,0
2013-04-04,7.3311,7.3311,7.3311,7.3311,0
2013-04-05,7.4617,7.4617,7.4617,7.4617,0
2013-04-08,7.4106,7.4106,7.4106,7.4106,0
2013-04-09,7.3936,7.3936,7.3936,7.3936,0
2013-04-10,7.3027,7.3027,7.3027,7.3027,0
2013-04-11,7.3141,7.3141,7.3141,7.3141,0
2013-04-12,7.4106,7.4106,7.4106,7.4106,0
2013-04-15,7.4674,7.4674,7.4674,7.4674,0
2013-04-16,7.4106,7.4106,7.4106,7.4106,0
2013-04-17,7.4560,7.4560,7.4560,7.4560,0
2013-04-18,7.4674,7.4674,7.4674,7.4674,0
2013-04-19,7.4560,7.4560,7.4560,7.4560,0
2013-04-22,7.4560,7.4560,7.4560,7.4560,0
2013-04-23,7.4390,7.4390,7.4390,7.4390,0
2013-04-24,7.4504,7.4504,7.4504,7.4504,0
2013-04-25,7.4276,7.4276,7.4276,7.4276,0
2013-04-26,7.4844,7.4844,7.4844,7.4844,0
2013-04-29,7.4617,7.4617,7.4617,7.4617,0
2013-04-30,7.4794,7.4794,7.4794,7.4794,0
2013-05-01,7.5420,7.5420,7.5420,7.5420,0
2013-05-02,7.5420,7.5420,7.5420,7.5420,0
2013-05-03,7.3769,7.3769,7.3769,7.3769,0
2013-05-06,7.3598,7.3598,7.3598,7.3598,0
2013-05-07,7.3371,7.3371,7.3371,7.3371,0
2013-05-08,7.3428,7.3428,7.3428,7.3428,0
2013-05-09,7.3257,7.3257,7.3257,7.3257,0
2013-05-10,7.2517,7.2517,7.2517,7.2517,0
2013-05-13,7.2061,7.2061,7.2061,7.2061,0
2013-05-14,7.1321,7.1321,7.1321,7.1321,0
2013-05-15,7.1720,7.1720,7.1720,7.1720,0
2013-05-16,7.2403,7.2403,7.2403,7.2403,0
2013-05-17,7.1549,7.1549,7.1549,7.1549,0
2013-05-20,7.1492,7.1492,7.1492,7.1492,0
2013-05-21,7.1948,7.1948,7.1948,7.1948,0
2013-05-22,7.0980,7.0980,7.0980,7.0980,0
2013-05-23,7.1265,7.1265,7.1265,7.1265,0
2013-05-24,7.1378,7.1378,7.1378,7.1378,0
2013-05-28,6.9614,6.9614,6.9614,6.9614,0
2013-05-29,7.0297,7.0297,7.0297,7.0297,0
2013-05-30,7.0183,7.0183,7.0183,7.0183,0
2013-05-31,7.0132,7.0132,7.0132,7.0132,0
2013-06-03,7.0474,7.0474,7.0474,7.0474,0
2013-06-04,6.9846,6.9846,6.9846,6.9846,0
2013-06-05,7.0702,7.0702,7.0702,7.0702,0
2013-06-06,7.0645,7.0645,7.0645,7.0645,0
2013-06-07,6.9561,6.9561,6.9561,6.9561,0
2013-06-10,6.9219,6.9219,6.9219,6.9219,0
2013-06-11,6.9903,6.9903,6.9903,6.9903,0
2013-06-12,6.8990,6.8990,6.8990,6.8990,0
2013-06-13,6.9961,6.9961,6.9961,6.9961,0
2013-06-14,6.9846,6.9846,6.9846,6.9846,0
2013-06-17,6.9504,6.9504,6.9504,6.9504,0
2013-06-18,6.9561,6.9561,6.9561,6.9561,0
2013-06-19,6.8762,6.8762,6.8762,6.8762,0
2013-06-20,6.7735,6.7735,6.7735,6.7735,0
2013-06-21,6.6651,6.6651,6.6651,6.6651,0
2013-06-24,6.6765,6.6765,6.6765,6.6765,0
2013-06-25,6.6308,6.6308,6.6308,6.6308,0
2013-06-26,6.6708,6.6708,6.6708,6.6708,0
2013-06-27,6.7336,6.7336,6.7336,6.7336,0
2013-06-28,6.7850,6.7850,6.7850,6.7850,0
2013-07-01,6.7965,6.7965,6.7965,6.7965,0
2013-07-02,6.7965,6.7965,6.7965,6.7965,0
2013-07-03,6.7793,6.7793,6.7793,6.7793,0
2013-07-05,6.5619,6.5619,6.5619,6.5619,0
2013-07-08,6.6191,6.6191,6.6191,6.6191,0
2013-07-09,6.6249,6.6249,6.6249,6.6249,0
2013-07-10,6.5791,6.5791,6.5791,6.5791,0
2013-07-11,6.6535,6.6535,6.6535,6.6535,0
2013-07-12,6.6477,6.6477,6.6477,6.6477,0
2013-07-15,6.6764,6.6764,6.6764,6.6764,0
2013-07-16,6.6992,6.6992,6.6992,6.6992,0
2013-07-17,6.7107,6.7107,6.7107,6.7107,0
2013-07-18,6.6363,6.6363,6.6363,6.6363,0
2013-07-19,6.7278,6.7278,6.7278,6.7278,0
2013-07-22,6.7336,6.7336,6.7336,6.7336,0
2013-07-23,6.7107,6.7107,6.7107,6.7107,0
2013-07-24,6.6363,6.6363,6.6363,6.6363,0
2013-07-25,6.6306,6.6306,6.6306,6.6306,0
2013-07-26,6.6592,6.6592,6.6592,6.6592,0
2013-07-29,6.6191,6.6191,6.6191,6.6191,0
2013-07-30,6.6134,6.6134,6.6134,6.6134,0
2013-07-31,6.6541,6.6541,6.6541,6.6541,0
2013-08-01,6.5394,6.5394,6.5394,6.5394,0
2013-08-02,6.6025,6.6025,6.6025,6.6025,0
2013-08-05,6.5624,6.5624,6.5624,6.5624,0
2013-08-06,6.5738,6.5738,6.5738,6.5738,0
2013-08-07,6.6197,6.6197,6.6197,6.6197,0
2013-08-08,6.6369,6.6369,6.6369,6.6369,0
2013-08-09,6.6427,6.6427,6.6427,6.6427,0
2013-08-12,6.6025,6.6025,6.6025,6.6025,0
2013-08-13,6.5165,6.5165,6.5165,6.5165,0
2013-08-14,6.5222,6.5222,6.5222,6.5222,0
2013-08-15,6.4476,6.4476,6.4476,6.4476,0
2013-08-16,6.4190,6.4190,6.4190,6.4190,0
2013-08-19,6.3673,6.3673,6.3673,6.3673,0
2013-08-20,6.4132,6.4132,6.4132,6.4132,0
2013-08-21,6.3501,6.3501,6.3501,6.3501,0
2013-08-22,6.4017,6.4017,6.4017,6.4017,0
2013-08-23,6.4648,6.4648,6.4648,6.4648,0
2013-08-26,6.4935,6.4935,6.4935,6.4935,0
2013-08-27,6.5681,6.5681,6.5681,6.5681,0
2013-08-28,6.5165,6.5165,6.5165,6.5165,0
2013-08-29,6.5566,6.5566,6.5566,6.5566,0
2013-08-30,6.5687,6.5687,6.5687,6.5687,0
2013-09-03,6.4882,6.4882,6.4882,6.4882,0
2013-09-04,6.4709,6.4709,6.4709,6.4709,0
2013-09-05,6.3846,6.3846,6.3846,6.3846,0
2013-09-06,6.4134,6.4134,6.4134,6.4134,0
2013-09-09,6.4192,6.4192,6.4192,6.4192,0
2013-09-10,6.3789,6.3789,6.3789,6.3789,0
2013-09-11,6.4249,6.4249,6.4249,6.4249,0
2013-09-12,6.4249,6.4249,6.4249,6.4249,0
2013-09-13,6.4422,6.4422,6.4422,6.4422,0
2013-09-16,6.4077,6.4077,6.4077,6.4077,0
2013-09-17,6.4537,6.4537,6.4537,6.4537,0
2013-09-18,6.5284,6.5284,6.5284,6.5284,0
2013-09-19,6.4939,6.4939,6.4939,6.4939,0
2013-09-20,6.5227,6.5227,6.5227,6.5227,0
2013-09-23,6.5630,6.5630,6.5630,6.5630,0
2013-09-24,6.6262,6.6262,6.6262,6.6262,0
2013-09-25,6.6435,6.6435,6.6435,6.6435,0
2013-09-26,6.6032,6.6032,6.6032,6.6032,0
2013-09-27,6.6147,6.6147,6.6147,6.6147,0
2013-09-30,6.6263,6.6263,6.6263,6.6263,0
2013-10-01,6.6090,6.6090,6.6090,6.6090,0
2013-10-02,6.6147,6.6147,6.6147,6.6147,0
2013-10-03,6.6090,6.6090,6.6090,6.6090,0
2013-10-04,6.5974,6.5974,6.5974,6.5974,0
2013-10-07,6.6205,6.6205,6.6205,6.6205,0
2013-10-08,6.6205,6.6205,6.6205,6.6205,0
2013-10-09,6.5744,6.5744,6.5744,6.5744,0
2013-10-10,6.5801,6.5801,6.5801,6.5801,0
2013-10-11,6.5801,6.5801,6.5801,6.5801,0
2013-10-14,6.5398,6.5398,6.5398,6.5398,0
2013-10-15,6.5282,6.5282,6.5282,6.5282,0
2013-10-16,6.5974,6.5974,6.5974,6.5974,0
2013-10-17,6.6551,6.6551,6.6551,6.6551,0
2013-10-18,6.6666,6.6666,6.6666,6.6666,0
2013-10-21,6.6436,6.6436,6.6436,6.6436,0
2013-10-22,6.7128,6.7128,6.7128,6.7128,0
2013-10-23,6.7416,6.7416,6.7416,6.7416,0
2013-10-24,6.7128,6.7128,6.7128,6.7128,0
2013-10-25,6.7358,6.7358,6.7358,6.7358,0
2013-10-28,6.7128,6.7128,6.7128,6.7128,0
2013-10-29,6.7243,6.7243,6.7243,6.7243,0
2013-10-30,6.6897,6.6897,6.6897,6.6897,0
2013-10-31,6.7140,6.7140,6.7140,6.7140,0
2013-11-01,6.6446,6.6446,6.6446,6.6446,0
2013-11-04,6.6504,6.6504,6.6504,6.6504,0
2013-11-05,6.5752,6.5752,6.5752,6.5752,0
2013-11-06,6.5810,6.5810,6.5810,6.5810,0
2013-11-07,6.6272,6.6272,6.6272,6.6272,0
2013-11-08,6.4827,6.4827,6.4827,6.4827,0
2013-11-11,6.4884,6.4884,6.4884,6.4884,0
2013-11-12,6.4827,6.4827,6.4827,6.4827,0
2013-11-13,6.5058,6.5058,6.5058,6.5058,0
2013-11-14,6.5463,6.5463,6.5463,6.5463,0
2013-11-15,6.5521,6.5521,6.5521,6.5521,0
2013-11-18,6.5868,6.5868,6.5868,6.5868,0
2013-11-19,6.5405,6.5405,6.5405,6.5405,0
2013-11-20,6.4422,6.4422,6.4422,6.4422,0
2013-11-21,6.4480,6.4480,6.4480,6.4480,0
2013-11-22,6.5000,6.5000,6.5000,6.5000,0
2013-11-25,6.5174,6.5174,6.5174,6.5174,0
2013-11-26,6.5405,6.5405,6.5405,6.5405,0
2013-11-27,6.5289,6.5289,6.5289,6.5289,0
2013-11-29,6.5469,6.5469,6.5469,6.5469,0
2013-12-02,6.4947,6.4947,6.4947,6.4947,0
2013-12-03,6.5121,6.5121,6.5121,6.5121,0
2013-12-04,6.4599,6.4599,6.4599,6.4599,0
2013-12-05,6.4425,6.4425,6.4425,6.4425,0
2013-12-06,6.4599,6.4599,6.4599,6.4599,0
2013-12-09,6.4773,6.4773,6.4773,6.4773,0
2013-12-10,6.5237,6.5237,6.5237,6.5237,0
2013-12-11,6.4715,6.4715,6.4715,6.4715,0
2013-12-12,6.4541,6.4541,6.4541,6.4541,0
2013-12-13,6.4773,6.4773,6.4773,6.4773,0
2013-12-16,6.4599,6.4599,6.4599,6.4599,0
2013-12-17,6.4839,6.4839,6.4839,6.4839,0
2013-12-18,6.4488,6.4488,6.4488,6.4488,0
2013-12-19,6.4430,6.4430,6.4430,6.4430,0
2013-12-20,6.5307,6.5307,6.5307,6.5307,0
2013-12-23,6.4956,6.4956,6.4956,6.4956,0
2013-12-24,6.4430,6.4430,6.4430,6.4430,0
2013-12-26,6.4196,6.4196,6.4196,6.4196,0
2013-12-27,6.4020,6.4020,6.4020,6.4020,0
2013-12-30,6.4430,6.4430,6.4430,6.4430,0
2013-12-31,6.3914,6.3914,6.3914,6.3914,0
2014-01-02,6.4441,6.4441,6.4441,6.4441,0
2014-01-03,6.4383,6.4383,6.4383,6.4383,0
2014-01-06,6.4617,6.4617,6.4617,6.4617,0
2014-01-07,6.4793,6.4793,6.4793,6.4793,0
2014-01-08,6.4617,6.4617,6.4617,6.4617,0
2014-01-09,6.4910,6.4910,6.4910,6.4910,0
2014-01-10,6.5673,6.5673,6.5673,6.5673,0
2014-01-13,6.5966,6.5966,6.5966,6.5966,0
2014-01-14,6.5614,6.5614,6.5614,6.5614,0
2014-01-15,6.5555,6.5555,6.5555,6.5555,0
2014-01-16,6.5966,6.5966,6.5966,6.5966,0
2014-01-17,6.6200,6.6200,6.6200,6.6200,0
2014-01-21,6.6200,6.6200,6.6200,6.6200,0
2014-01-22,6.6083,6.6083,6.6083,6.6083,0
2014-01-23,6.6904,6.6904,6.6904,6.6904,0
2014-01-24,6.7315,6.7315,6.7315,6.7315,0
2014-01-27,6.6904,6.6904,6.6904,6.6904,0
2014-01-28,6.7021,6.7021,6.7021,6.7021,0
2014-01-29,6.7490,6.7490,6.7490,6.7490,0
2014-01-30,6.7373,6.7373,6.7373,6.7373,0
2014-01-31,6.7914,6.7914,6.7914,6.7914,0
2014-02-03,6.8679,6.8679,6.8679,6.8679,0
2014-02-04,6.8032,6.8032,6.8032,6.8032,0
2014-02-05,6.7444,6.7444,6.7444,6.7444,0
2014-02-06,6.7209,6.7209,6.7209,6.7209,0
2014-02-07,6.7209,6.7209,6.7209,6.7209,0
2014-02-10,6.7385,6.7385,6.7385,6.7385,0
2014-02-11,6.7032,6.7032,6.7032,6.7032,0
2014-02-12,6.6679,6.6679,6.6679,6.6679,0
2014-02-13,6.7032,6.7032,6.7032,6.7032,0
2014-02-14,6.7032,6.7032,6.7032,6.7032,0
2014-02-18,6.7209,6.7209,6.7209,6.7209,0
2014-02-19,6.6973,6.6973,6.6973,6.6973,0
2014-02-20,6.6797,6.6797,6.6797,6.6797,0
2014-02-21,6.7091,6.7091,6.7091,6.7091,0
2014-02-24,6.6915,6.6915,6.6915,6.6915,0
2014-02-25,6.7444,6.7444,6.7444,6.7444,0
2014-02-26,6.7797,6.7797,6.7797,6.7797,0
2014-02-27,6.8091,6.8091,6.8091,6.8091,0
2014-02-28,6.8320,6.8320,6.8320,6.8320,0
2014-03-03,6.8733,6.8733,6.8733,6.8733,0
2014-03-04,6.7790,6.7790,6.7790,6.7790,0
2014-03-05,6.7849,6.7849,6.7849,6.7849,0
2014-03-06,6.7259,6.7259,6.7259,6.7259,0
2014-03-07,6.6847,6.6847,6.6847,6.6847,0
2014-03-10,6.6906,6.6906,6.6906,6.6906,0
2014-03-11,6.7083,6.7083,6.7083,6.7083,0
2014-03-12,6.7495,6.7495,6.7495,6.7495,0
2014-03-13,6.8379,6.8379,6.8379,6.8379,0
2014-03-14,6.8379,6.8379,6.8379,6.8379,0
2014-03-17,6.7849,6.7849,6.7849,6.7849,0
2014-03-18,6.8085,6.8085,6.8085,6.8085,0
2014-03-19,6.7554,6.7554,6.7554,6.7554,0
2014-03-20,6.7495,6.7495,6.7495,6.7495,0
2014-03-21,6.8085,6.8085,6.8085,6.8085,0
2014-03-24,6.8497,6.8497,6.8497,6.8497,0
2014-03-25,6.8261,6.8261,6.8261,6.8261,0
2014-03-26,6.8733,6.8733,6.8733,6.8733,0
2014-03-27,6.9087,6.9087,6.9087,6.9087,0
2014-03-28,6.8674,6.8674,6.8674,6.8674,0
2014-03-31,6.8692,6.8692,6.8692,6.8692,0
2014-04-01,6.8160,6.8160,6.8160,6.8160,0
2014-04-02,6.7805,6.7805,6.7805,6.7805,0
2014-04-03,6.8042,6.8042,6.8042,6.8042,0
2014-04-04,6.8455,6.8455,6.8455,6.8455,0
2014-04-07,6.8869,6.8869,6.8869,6.8869,0
2014-04-08,6.8987,6.8987,6.8987,6.8987,0
2014-04-09,6.8692,6.8692,6.8692,6.8692,0
2014-04-10,6.9283,6.9283,6.9283,6.9283,0
2014-04-11,6.9756,6.9756,6.9756,6.9756,0
2014-04-14,6.9579,6.9579,6.9579,6.9579,0
2014-04-15,6.9933,6.9933,6.9933,6.9933,0
2014-04-16,6.9992,6.9992,6.9992,6.9992,0
2014-04-17,6.9283,6.9283,6.9283,6.9283,0
2014-04-21,6.9224,6.9224,6.9224,6.9224,0
2014-04-22,6.9401,6.9401,6.9401,6.9401,0
2014-04-23,6.9756,6.9756,6.9756,6.9756,0
2014-04-24,6.9874,6.9874,6.9874,6.9874,0
2014-04-25,6.9992,6.9992,6.9992,6.9992,0
2014-04-28,6.9638,6.9638,6.9638,6.9638,0
2014-04-29,6.9579,6.9579,6.9579,6.9579,0
2014-04-30,7.0005,7.0005,7.0005,7.0005,0
2014-05-01,7.0657,7.0657,7.0657,7.0657,0
2014-05-02,7.1072,7.1072,7.1072,7.1072,0
2014-05-05,7.0657,7.0657,7.0657,7.0657,0
2014-05-06,7.0954,7.0954,7.0954,7.0954,0
2014-05-07,7.0717,7.0717,7.0717,7.0717,0
2014-05-08,7.0480,7.0480,7.0480,7.0480,0
2014-05-09,7.0242,7.0242,7.0242,7.0242,0
2014-05-12,7.0005,7.0005,7.0005,7.0005,0
2014-05-13,7.0539,7.0539,7.0539,7.0539,0
2014-05-14,7.1191,7.1191,7.1191,7.1191,0
2014-05-15,7.1724,7.1724,7.1724,7.1724,0
2014-05-16,7.1547,7.1547,7.1547,7.1547,0
2014-05-19,7.1072,7.1072,7.1072,7.1072,0
2014-05-20,7.1191,7.1191,7.1191,7.1191,0
2014-05-21,7.0776,7.0776,7.0776,7.0776,0
2014-05-22,7.0717,7.0717,7.0717,7.0717,0
2014-05-23,7.1013,7.1013,7.1013,7.1013,0
2014-05-27,7.1369,7.1369,7.1369,7.1369,0
2014-05-28,7.2199,7.2199,7.2199,7.2199,0
2014-05-29,7.1843,7.1843,7.1843,7.1843,0
2014-05-30,7.1974,7.1974,7.1974,7.1974,0
2014-06-02,7.1439,7.1439,7.1439,7.1439,0
2014-06-03,7.0666,7.0666,7.0666,7.0666,0
2014-06-04,7.0607,7.0607,7.0607,7.0607,0
2014-06-05,7.0666,7.0666,7.0666,7.0666,0
2014-06-06,7.0607,7.0607,7.0607,7.0607,0
2014-06-09,7.0547,7.0547,7.0547,7.0547,0
2014-06-10,7.0310,7.0310,7.0310,7.0310,0
2014-06-11,7.0369,7.0369,7.0369,7.0369,0
2014-06-12,7.0963,7.0963,7.0963,7.0963,0
2014-06-13,7.0904,7.0904,7.0904,7.0904,0
2014-06-16,7.1023,7.1023,7.1023,7.1023,0
2014-06-17,7.0547,7.0547,7.0547,7.0547,0
2014-06-18,7.1023,7.1023,7.1023,7.1023,0
2014-06-19,7.0250,7.0250,7.0250,7.0250,0
2014-06-20,7.0666,7.0666,7.0666,7.0666,0
2014-06-23,7.0428,7.0428,7.0428,7.0428,0
2014-06-24,7.1082,7.1082,7.1082,7.1082,0
2014-06-25,7.1261,7.1261,7.1261,7.1261,0
2014-06-26,7.1558,7.1558,7.1558,7.1558,0
2014-06-27,7.1439,7.1439,7.1439,7.1439,0
2014-06-30,7.1802,7.1802,7.1802,7.1802,0
2014-07-01,7.1266,7.1266,7.1266,7.1266,0
2014-07-02,7.0551,7.0551,7.0551,7.0551,0
2014-07-03,7.0313,7.0313,7.0313,7.0313,0
2014-07-07,7.0789,7.0789,7.0789,7.0789,0
2014-07-08,7.1504,7.1504,7.1504,7.1504,0
2014-07-09,7.1504,7.1504,7.1504,7.1504,0
2014-07-10,7.1564,7.1564,7.1564,7.1564,0
2014-07-11,7.1921,7.1921,7.1921,7.1921,0
2014-07-14,7.1624,7.1624,7.1624,7.1624,0
2014-07-15,7.1504,7.1504,7.1504,7.1504,0
2014-07-16,7.1862,7.1862,7.1862,7.1862,0
2014-07-17,7.2696,7.2696,7.2696,7.2696,0
2014-07-18,7.2458,7.2458,7.2458,7.2458,0
2014-07-21,7.2756,7.2756,7.2756,7.2756,0
2014-07-22,7.2875,7.2875,7.2875,7.2875,0
2014-07-23,7.2815,7.2815,7.2815,7.2815,0
2014-07-24,7.2279,7.2279,7.2279,7.2279,0
2014-07-25,7.2994,7.2994,7.2994,7.2994,0
2014-07-28,7.2934,7.2934,7.2934,7.2934,0
2014-07-29,7.3173,7.3173,7.3173,7.3173,0
2014-07-30,7.2219,7.2219,7.2219,7.2219,0
2014-07-31,7.2231,7.2231,7.2231,7.2231,0
2014-08-01,7.2709,7.2709,7.2709,7.2709,0
2014-08-04,7.2530,7.2530,7.2530,7.2530,0
2014-08-05,7.2769,7.2769,7.2769,7.2769,0
2014-08-06,7.2769,7.2769,7.2769,7.2769,0
2014-08-07,7.3367,7.3367,7.3367,7.3367,0
2014-08-08,7.3247,7.3247,7.3247,7.3247,0
2014-08-11,7.3247,7.3247,7.3247,7.3247,0
2014-08-12,7.2829,7.2829,7.2829,7.2829,0
2014-08-13,7.3247,7.3247,7.3247,7.3247,0
2014-08-14,7.3785,7.3785,7.3785,7.3785,0
2014-08-15,7.4442,7.4442,7.4442,7.4442,0
2014-08-18,7.3785,7.3785,7.3785,7.3785,0
2014-08-19,7.3605,7.3605,7.3605,7.3605,0
2014-08-20,7.3426,7.3426,7.3426,7.3426,0
2014-08-21,7.3844,7.3844,7.3844,7.3844,0
2014-08-22,7.4143,7.4143,7.4143,7.4143,0
2014-08-25,7.4382,7.4382,7.4382,7.4382,0
2014-08-26,7.4203,7.4203,7.4203,7.4203,0
2014-08-27,7.4741,7.4741,7.4741,7.4741,0
2014-08-28,7.5099,7.5099,7.5099,7.5099,0
2014-08-29,7.5285,7.5285,7.5285,7.5285,0
2014-09-02,7.4087,7.4087,7.4087,7.4087,0
2014-09-03,7.4446,7.4446,7.4446,7.4446,0
2014-09-04,7.3668,7.3668,7.3668,7.3668,0
2014-09-05,7.3488,7.3488,7.3488,7.3488,0
2014-09-08,7.3488,7.3488,7.3488,7.3488,0
2014-09-09,7.3428,7.3428,7.3428,7.3428,0
2014-09-10,7.3009,7.3009,7.3009,7.3009,0
2014-09-11,7.2769,7.2769,7.2769,7.2769,0
2014-09-12,7.2051,7.2051,7.2051,7.2051,0
2014-09-15,7.2170,7.2170,7.2170,7.2170,0
2014-09-16,7.1871,7.1871,7.1871,7.1871,0
2014-09-17,7.1691,7.1691,7.1691,7.1691,0
2014-09-18,7.1871,7.1871,7.1871,7.1871,0
2014-09-19,7.2650,7.2650,7.2650,7.2650,0
2014-09-22,7.2769,7.2769,7.2769,7.2769,0
2014-09-23,7.3189,7.3189,7.3189,7.3189,0
2014-09-24,7.2829,7.2829,7.2829,7.2829,0
2014-09-25,7.3608,7.3608,7.3608,7.3608,0
2014-09-26,7.3488,7.3488,7.3488,7.3488,0
2014-09-29,7.4027,7.4027,7.4027,7.4027,0
2014-09-30,7.3787,7.3787,7.3787,7.3787,0
2014-10-01,7.5108,7.5108,7.5108,7.5108,0
2014-10-02,7.4567,7.4567,7.4567,7.4567,0
2014-10-03,7.4747,7.4747,7.4747,7.4747,0
2014-10-06,7.4808,7.4808,7.4808,7.4808,0
2014-10-07,7.5768,7.5768,7.5768,7.5768,0
2014-10-08,7.5768,7.5768,7.5768,7.5768,0
2014-10-09,7.5528,7.5528,7.5528,7.5528,0
2014-10-10,7.6188,7.6188,7.6188,7.6188,0
2014-10-13,7.6609,7.6609,7.6609,7.6609,0
2014-10-14,7.7029,7.7029,7.7029,7.7029,0
2014-10-15,7.7569,7.7569,7.7569,7.7569,0
2014-10-16,7.7209,7.7209,7.7209,7.7209,0
2014-10-17,7.6789,7.6789,7.6789,7.6789,0
2014-10-20,7.6969,7.6969,7.6969,7.6969,0
2014-10-21,7.6429,7.6429,7.6429,7.6429,0
2014-10-22,7.6489,7.6489,7.6489,7.6489,0
2014-10-23,7.5828,7.5828,7.5828,7.5828,0
2014-10-24,7.5888,7.5888,7.5888,7.5888,0
2014-10-27,7.6008,7.6008,7.6008,7.6008,0
2014-10-28,7.5588,7.5588,7.5588,7.5588,0
2014-10-29,7.5708,7.5708,7.5708,7.5708,0
2014-10-30,7.5768,7.5768,7.5768,7.5768,0
2014-10-31,7.5714,7.5714,7.5714,7.5714,0
2014-11-03,7.5774,7.5774,7.5774,7.5774,0
2014-11-04,7.5895,7.5895,7.5895,7.5895,0
2014-11-05,7.5834,7.5834,7.5834,7.5834,0
2014-11-06,7.5353,7.5353,7.5353,7.5353,0
2014-11-07,7.6135,7.6135,7.6135,7.6135,0
2014-11-10,7.5473,7.5473,7.5473,7.5473,0
2014-11-11,7.5473,7.5473,7.5473,7.5473,0
2014-11-12,7.5473,7.5473,7.5473,7.5473,0
2014-11-13,7.5654,7.5654,7.5654,7.5654,0
2014-11-14,7.5955,7.5955,7.5955,7.5955,0
2014-11-17,7.5834,7.5834,7.5834,7.5834,0
2014-11-18,7.5955,7.5955,7.5955,7.5955,0
2014-11-19,7.5533,7.5533,7.5533,7.5533,0
2014-11-20,7.5834,7.5834,7.5834,7.5834,0
2014-11-21,7.6316,7.6316,7.6316,7.6316,0
2014-11-24,7.6316,7.6316,7.6316,7.6316,0
2014-11-25,7.6918,7.6918,7.6918,7.6918,0
2014-11-26,7.7098,7.7098,7.7098,7.7098,0
2014-11-28,7.7882,7.7882,7.7882,7.7882,0
2014-12-01,7.7460,7.7460,7.7460,7.7460,0
2014-12-02,7.6676,7.6676,7.6676,7.6676,0
2014-12-03,7.6978,7.6978,7.6978,7.6978,0
2014-12-04,7.7521,7.7521,7.7521,7.7521,0
2014-12-05,7.7159,7.7159,7.7159,7.7159,0
2014-12-08,7.7943,7.7943,7.7943,7.7943,0
2014-12-09,7.8365,7.8365,7.8365,7.8365,0
2014-12-10,7.8908,7.8908,7.8908,7.8908,0
2014-12-11,7.9089,7.9089,7.9089,7.9089,0
2014-12-12,8.0115,8.0115,8.0115,8.0115,0
2014-12-15,7.9994,7.9994,7.9994,7.9994,0
2014-12-16,8.0839,8.0839,8.0839,8.0839,0
2014-12-17,8.0184,8.0184,8.0184,8.0184,0
2014-12-18,7.9021,7.9021,7.9021,7.9021,0
2014-12-19,7.9816,7.9816,7.9816,7.9816,0
2014-12-22,7.9939,7.9939,7.9939,7.9939,0
2014-12-23,7.8409,7.8409,7.8409,7.8409,0
2014-12-24,7.8837,7.8837,7.8837,7.8837,0
2014-12-26,7.9021,7.9021,7.9021,7.9021,0
2014-12-29,7.9572,7.9572,7.9572,7.9572,0
2014-12-30,7.9755,7.9755,7.9755,7.9755,0
2014-12-31,8.0068,8.0068,8.0068,8.0068,0
2015-01-02,8.0866,8.0866,8.0866,8.0866,0
2015-01-05,8.2031,8.2031,8.2031,8.2031,0
2015-01-06,8.3381,8.3381,8.3381,8.3381,0
2015-01-07,8.3258,8.3258,8.3258,8.3258,0
2015-01-08,8.2215,8.2215,8.2215,8.2215,0
2015-01-09,8.3013,8.3013,8.3013,8.3013,0
2015-01-12,8.3443,8.3443,8.3443,8.3443,0
2015-01-13,8.3443,8.3443,8.3443,8.3443,0
2015-01-14,8.3995,8.3995,8.3995,8.3995,0
2015-01-15,8.5283,8.5283,8.5283,8.5283,0
2015-01-16,8.4179,8.4179,8.4179,8.4179,0
2015-01-20,8.5222,8.5222,8.5222,8.5222,0
2015-01-21,8.4302,8.4302,8.4302,8.4302,0
2015-01-22,8.3995,8.3995,8.3995,8.3995,0
2015-01-23,8.5038,8.5038,8.5038,8.5038,0
2015-01-26,8.4792,8.4792,8.4792,8.4792,0
2015-01-27,8.4915,8.4915,8.4915,8.4915,0
2015-01-28,8.6142,8.6142,8.6142,8.6142,0
2015-01-29,8.5651,8.5651,8.5651,8.5651,0
2015-01-30,8.7250,8.7250,8.7250,8.7250,0
2015-02-02,8.6943,8.6943,8.6943,8.6943,0
2015-02-03,8.5221,8.5221,8.5221,8.5221,0
2015-02-04,8.5344,8.5344,8.5344,8.5344,0
2015-02-05,8.4545,8.4545,8.4545,8.4545,0
2015-02-06,8.3130,8.3130,8.3130,8.3130,0
2015-02-09,8.3007,8.3007,8.3007,8.3007,0
2015-02-10,8.2392,8.2392,8.2392,8.2392,0
2015-02-11,8.2454,8.2454,8.2454,8.2454,0
2015-02-12,8.2208,8.2208,8.2208,8.2208,0
2015-02-13,8.1409,8.1409,8.1409,8.1409,0
2015-02-17,8.0302,8.0302,8.0302,8.0302,0
2015-02-18,8.0671,8.0671,8.0671,8.0671,0
2015-02-19,8.0241,8.0241,8.0241,8.0241,0
2015-02-20,8.0425,8.0425,8.0425,8.0425,0
2015-02-23,8.1163,8.1163,8.1163,8.1163,0
2015-02-24,8.2208,8.2208,8.2208,8.2208,0
2015-02-25,8.2515,8.2515,8.2515,8.2515,0
2015-02-26,8.1532,8.1532,8.1532,8.1532,0
2015-02-27,8.2314,8.2314,8.2314,8.2314,0
2015-03-02,8.0959,8.0959,8.0959,8.0959,0
2015-03-03,8.0651,8.0651,8.0651,8.0651,0
2015-03-04,8.0712,8.0712,8.0712,8.0712,0
2015-03-05,8.0589,8.0589,8.0589,8.0589,0
2015-03-06,7.8864,7.8864,7.8864,7.8864,0
2015-03-09,7.9542,7.9542,7.9542,7.9542,0
2015-03-10,8.0466,8.0466,8.0466,8.0466,0
2015-03-11,8.1020,8.1020,8.1020,8.1020,0
2015-03-12,8.0959,8.0959,8.0959,8.0959,0
2015-03-13,8.0712,8.0712,8.0712,8.0712,0
2015-03-16,8.1390,8.1390,8.1390,8.1390,0
2015-03-17,8.2006,8.2006,8.2006,8.2006,0
2015-03-18,8.3485,8.3485,8.3485,8.3485,0
2015-03-19,8.3177,8.3177,8.3177,8.3177,0
2015-03-20,8.3546,8.3546,8.3546,8.3546,0
2015-03-23,8.3485,8.3485,8.3485,8.3485,0
2015-03-24,8.4163,8.4163,8.4163,8.4163,0
2015-03-25,8.3546,8.3546,8.3546,8.3546,0
2015-03-26,8.2314,8.2314,8.2314,8.2314,0
2015-03-27,8.3177,8.3177,8.3177,8.3177,0
2015-03-30,8.2869,8.2869,8.2869,8.2869,0
2015-03-31,8.3242,8.3242,8.3242,8.3242,0
2015-04-01,8.4237,8.4237,8.4237,8.4237,0
2015-04-02,8.3429,8.3429,8.3429,8.3429,0
2015-04-06,8.2993,8.2993,8.2993,8.2993,0
2015-04-07,8.3615,8.3615,8.3615,8.3615,0
2015-04-08,8.3553,8.3553,8.3553,8.3553,0
2015-04-09,8.2620,8.2620,8.2620,8.2620,0
2015-04-10,8.2682,8.2682,8.2682,8.2682,0
2015-04-13,8.2806,8.2806,8.2806,8.2806,0
2015-04-14,8.3366,8.3366,8.3366,8.3366,0
2015-04-15,8.3304,8.3304,8.3304,8.3304,0
2015-04-16,8.2931,8.2931,8.2931,8.2931,0
2015-04-17,8.3740,8.3740,8.3740,8.3740,0
2015-04-20,8.3118,8.3118,8.3118,8.3118,0
2015-04-21,8.2744,8.2744,8.2744,8.2744,0
2015-04-22,8.1500,8.1500,8.1500,8.1500,0
2015-04-23,8.1873,8.1873,8.1873,8.1873,0
2015-04-24,8.2371,8.2371,8.2371,8.2371,0
2015-04-27,8.2309,8.2309,8.2309,8.2309,0
2015-04-28,8.1251,8.1251,8.1251,8.1251,0
2015-04-29,8.0380,8.0380,8.0380,8.0380,0
2015-04-30,8.0686,8.0686,8.0686,8.0686,0
2015-05-01,7.9626,7.9626,7.9626,7.9626,0
2015-05-04,7.8940,7.8940,7.8940,7.8940,0
2015-05-05,7.8815,7.8815,7.8815,7.8815,0
2015-05-06,7.7568,7.7568,7.7568,7.7568,0
2015-05-07,7.8503,7.8503,7.8503,7.8503,0
2015-05-08,7.8753,7.8753,7.8753,7.8753,0
2015-05-11,7.6882,7.6882,7.6882,7.6882,0
2015-05-12,7.7069,7.7069,7.7069,7.7069,0
2015-05-13,7.6508,7.6508,7.6508,7.6508,0
2015-05-14,7.6695,7.6695,7.6695,7.6695,0
2015-05-15,7.8129,7.8129,7.8129,7.8129,0
2015-05-18,7.6944,7.6944,7.6944,7.6944,0
2015-05-19,7.6259,7.6259,7.6259,7.6259,0
2015-05-20,7.6383,7.6383,7.6383,7.6383,0
2015-05-21,7.7381,7.7381,7.7381,7.7381,0
2015-05-22,7.7319,7.7319,7.7319,7.7319,0
2015-05-26,7.8566,7.8566,7.8566,7.8566,0
2015-05-27,7.8753,7.8753,7.8753,7.8753,0
2015-05-28,7.8566,7.8566,7.8566,7.8566,0
2015-05-29,7.8947,7.8947,7.8947,7.8947,0
2015-06-01,7.8134,7.8134,7.8134,7.8134,0
2015-06-02,7.7072,7.7072,7.7072,7.7072,0
2015-06-03,7.5947,7.5947,7.5947,7.5947,0
2015-06-04,7.6822,7.6822,7.6822,7.6822,0
2015-06-05,7.5884,7.5884,7.5884,7.5884,0
2015-06-08,7.5822,7.5822,7.5822,7.5822,0
2015-06-09,7.5322,7.5322,7.5322,7.5322,0
2015-06-10,7.4634,7.4634,7.4634,7.4634,0
2015-06-11,7.6072,7.6072,7.6072,7.6072,0
2015-06-12,7.6134,7.6134,7.6134,7.6134,0
2015-06-15,7.6197,7.6197,7.6197,7.6197,0
2015-06-16,7.6759,7.6759,7.6759,7.6759,0
2015-06-17,7.6259,7.6259,7.6259,7.6259,0
2015-06-18,7.5947,7.5947,7.5947,7.5947,0
2015-06-19,7.6822,7.6822,7.6822,7.6822,0
2015-06-22,7.5384,7.5384,7.5384,7.5384,0
2015-06-23,7.4884,7.4884,7.4884,7.4884,0
2015-06-24,7.5447,7.5447,7.5447,7.5447,0
2015-06-25,7.5196,7.5196,7.5196,7.5196,0
2015-06-26,7.4384,7.4384,7.4384,7.4384,0
2015-06-29,7.6197,7.6197,7.6197,7.6197,0
2015-06-30,7.6002,7.6002,7.6002,7.6002,0
2015-07-01,7.5000,7.5000,7.5000,7.5000,0
2015-07-02,7.5251,7.5251,7.5251,7.5251,0
2015-07-06,7.6504,7.6504,7.6504,7.6504,0
2015-07-07,7.7193,7.7193,7.7193,7.7193,0
2015-07-08,7.7819,7.7819,7.7819,7.7819,0
2015-07-09,7.6316,7.6316,7.6316,7.6316,0
2015-07-10,7.5188,7.5188,7.5188,7.5188,0
2015-07-13,7.4937,7.4937,7.4937,7.4937,0
2015-07-14,7.5188,7.5188,7.5188,7.5188,0
2015-07-15,7.5877,7.5877,7.5877,7.5877,0
2015-07-16,7.6378,7.6378,7.6378,7.6378,0
2015-07-17,7.6692,7.6692,7.6692,7.6692,0
2015-07-20,7.6441,7.6441,7.6441,7.6441,0
2015-07-21,7.6817,7.6817,7.6817,7.6817,0
2015-07-22,7.7255,7.7255,7.7255,7.7255,0
2015-07-23,7.8133,7.8133,7.8133,7.8133,0
2015-07-24,7.8321,7.8321,7.8321,7.8321,0
2015-07-27,7.8697,7.8697,7.8697,7.8697,0
2015-07-28,7.8133,7.8133,7.8133,7.8133,0
2015-07-29,7.7882,7.7882,7.7882,7.7882,0
2015-07-30,7.8383,7.8383,7.8383,7.8383,0
2015-07-31,7.9200,7.9200,7.9200,7.9200,0
2015-08-03,7.9953,7.9953,7.9953,7.9953,0
2015-08-04,7.9325,7.9325,7.9325,7.9325,0
2015-08-05,7.8760,7.8760,7.8760,7.8760,0
2015-08-06,7.9325,7.9325,7.9325,7.9325,0
2015-08-07,8.0268,8.0268,8.0268,8.0268,0
2015-08-10,7.9388,7.9388,7.9388,7.9388,0
2015-08-11,8.0519,8.0519,8.0519,8.0519,0
2015-08-12,8.0142,8.0142,8.0142,8.0142,0
2015-08-13,7.9828,7.9828,7.9828,7.9828,0
2015-08-14,8.0016,8.0016,8.0016,8.0016,0
2015-08-17,8.0330,8.0330,8.0330,8.0330,0
2015-08-18,7.9765,7.9765,7.9765,7.9765,0
2015-08-19,8.0456,8.0456,8.0456,8.0456,0
2015-08-20,8.1210,8.1210,8.1210,8.1210,0
2015-08-21,8.1461,8.1461,8.1461,8.1461,0
2015-08-24,8.1398,8.1398,8.1398,8.1398,0
2015-08-25,8.0205,8.0205,8.0205,8.0205,0
2015-08-26,7.8697,7.8697,7.8697,7.8697,0
2015-08-27,7.8823,7.8823,7.8823,7.8823,0
2015-08-28,7.8949,7.8949,7.8949,7.8949,0
2015-08-31,7.8634,7.8634,7.8634,7.8634,0
2015-09-01,7.9074,7.9074,7.9074,7.9074,0
2015-09-02,7.8508,7.8508,7.8508,7.8508,0
2015-09-03,7.8823,7.8823,7.8823,7.8823,0
2015-09-04,7.9515,7.9515,7.9515,7.9515,0
2015-09-08,7.8382,7.8382,7.8382,7.8382,0
2015-09-09,7.8697,7.8697,7.8697,7.8697,0
2015-09-10,7.8256,7.8256,7.8256,7.8256,0
2015-09-11,7.8697,7.8697,7.8697,7.8697,0
2015-09-14,7.8760,7.8760,7.8760,7.8760,0
2015-09-15,7.7375,7.7375,7.7375,7.7375,0
2015-09-16,7.7060,7.7060,7.7060,7.7060,0
2015-09-17,7.8004,7.8004,7.8004,7.8004,0
2015-09-18,7.9074,7.9074,7.9074,7.9074,0
2015-09-21,7.7941,7.7941,7.7941,7.7941,0
2015-09-22,7.8886,7.8886,7.8886,7.8886,0
2015-09-23,7.8886,7.8886,7.8886,7.8886,0
2015-09-24,7.9389,7.9389,7.9389,7.9389,0
2015-09-25,7.8760,7.8760,7.8760,7.8760,0
2015-09-28,8.0019,8.0019,8.0019,8.0019,0
2015-09-29,8.0208,8.0208,8.0208,8.0208,0
2015-09-30,8.0138,8.0138,8.0138,8.0138,0
2015-10-01,8.0454,8.0454,8.0454,8.0454,0
2015-10-02,8.0896,8.0896,8.0896,8.0896,0
2015-10-05,7.9886,7.9886,7.9886,7.9886,0
2015-10-06,8.0201,8.0201,8.0201,8.0201,0
2015-10-07,7.9949,7.9949,7.9949,7.9949,0
2015-10-08,7.9318,7.9318,7.9318,7.9318,0
2015-10-09,7.9444,7.9444,7.9444,7.9444,0
2015-10-12,8.0138,8.0138,8.0138,8.0138,0
2015-10-13,8.0138,8.0138,8.0138,8.0138,0
2015-10-14,8.0832,8.0832,8.0832,8.0832,0
2015-10-15,8.0454,8.0454,8.0454,8.0454,0
2015-10-16,8.0391,8.0391,8.0391,8.0391,0
2015-10-19,8.0201,8.0201,8.0201,8.0201,0
2015-10-20,7.9697,7.9697,7.9697,7.9697,0
2015-10-21,8.0454,8.0454,8.0454,8.0454,0
2015-10-22,8.0580,8.0580,8.0580,8.0580,0
2015-10-23,7.9949,7.9949,7.9949,7.9949,0
2015-10-26,8.0391,8.0391,8.0391,8.0391,0
2015-10-27,8.0580,8.0580,8.0580,8.0580,0
2015-10-28,8.0265,8.0265,8.0265,8.0265,0
2015-10-29,7.9066,7.9066,7.9066,7.9066,0
2015-10-30,7.9755,7.9755,7.9755,7.9755,0
2015-11-02,7.9439,7.9439,7.9439,7.9439,0
2015-11-03,7.8806,7.8806,7.8806,7.8806,0
2015-11-04,7.8870,7.8870,7.8870,7.8870,0
2015-11-05,7.8617,7.8617,7.8617,7.8617,0
2015-11-06,7.7541,7.7541,7.7541,7.7541,0
2015-11-09,7.7162,7.7162,7.7162,7.7162,0
2015-11-10,7.7352,7.7352,7.7352,7.7352,0
2015-11-11,7.7035,7.7035,7.7035,7.7035,0
2015-11-12,7.7541,7.7541,7.7541,7.7541,0
2015-11-13,7.7921,7.7921,7.7921,7.7921,0
2015-11-16,7.7858,7.7858,7.7858,7.7858,0
2015-11-17,7.7984,7.7984,7.7984,7.7984,0
2015-11-18,7.8111,7.8111,7.8111,7.8111,0
2015-11-19,7.8617,7.8617,7.8617,7.8617,0
2015-11-20,7.8364,7.8364,7.8364,7.8364,0
2015-11-23,7.8617,7.8617,7.8617,7.8617,0
2015-11-24,7.8617,7.8617,7.8617,7.8617,0
2015-11-25,7.8743,7.8743,7.8743,7.8743,0
2015-11-27,7.8680,7.8680,7.8680,7.8680,0
2015-11-30,7.9111,7.9111,7.9111,7.9111,0
2015-12-01,8.0062,8.0062,8.0062,8.0062,0
2015-12-02,8.0125,8.0125,8.0125,8.0125,0
2015-12-03,7.8033,7.8033,7.8033,7.8033,0
2015-12-04,7.8731,7.8731,7.8731,7.8731,0
2015-12-07,7.9364,7.9364,7.9364,7.9364,0
2015-12-08,7.9428,7.9428,7.9428,7.9428,0
2015-12-09,7.9364,7.9364,7.9364,7.9364,0
2015-12-10,7.9364,7.9364,7.9364,7.9364,0
2015-12-11,8.0569,8.0569,8.0569,8.0569,0
2015-12-14,7.9555,7.9555,7.9555,7.9555,0
2015-12-15,7.9111,7.9111,7.9111,7.9111,0
2015-12-16,7.8921,7.8921,7.8921,7.8921,0
2015-12-17,7.9808,7.9808,7.9808,7.9808,0
2015-12-18,8.0189,8.0189,8.0189,8.0189,0
2015-12-21,8.0125,8.0125,8.0125,8.0125,0
2015-12-22,7.9618,7.9618,7.9618,7.9618,0
2015-12-23,7.9047,7.9047,7.9047,7.9047,0
2015-12-24,7.9435,7.9435,7.9435,7.9435,0
2015-12-28,7.9628,7.9628,7.9628,7.9628,0
2015-12-29,7.8402,7.8402,7.8402,7.8402,0
2015-12-30,7.8338,7.8338,7.8338,7.8338,0
2015-12-31,7.8849,7.8849,7.8849,7.8849,0
2016-01-04,7.9366,7.9366,7.9366,7.9366,0
2016-01-05,7.9043,7.9043,7.9043,7.9043,0
2016-01-06,8.0013,8.0013,8.0013,8.0013,0
2016-01-07,8.0142,8.0142,8.0142,8.0142,0
2016-01-08,8.0466,8.0466,8.0466,8.0466,0
2016-01-11,7.9690,7.9690,7.9690,7.9690,0
2016-01-12,8.0724,8.0724,8.0724,8.0724,0
2016-01-13,8.1501,8.1501,8.1501,8.1501,0
2016-01-14,8.0724,8.0724,8.0724,8.0724,0
2016-01-15,8.1889,8.1889,8.1889,8.1889,0
2016-01-19,8.1695,8.1695,8.1695,8.1695,0
2016-01-20,8.2471,8.2471,8.2471,8.2471,0
2016-01-21,8.1953,8.1953,8.1953,8.1953,0
2016-01-22,8.1630,8.1630,8.1630,8.1630,0
2016-01-25,8.2018,8.2018,8.2018,8.2018,0
2016-01-26,8.2083,8.2083,8.2083,8.2083,0
2016-01-27,8.2083,8.2083,8.2083,8.2083,0
2016-01-28,8.2212,8.2212,8.2212,8.2212,0
2016-01-29,8.2977,8.2977,8.2977,8.2977,0
2016-02-01,8.2718,8.2718,8.2718,8.2718,0
2016-02-02,8.4144,8.4144,8.4144,8.4144,0
2016-02-03,8.3561,8.3561,8.3561,8.3561,0
2016-02-04,8.3885,8.3885,8.3885,8.3885,0
2016-02-05,8.4014,8.4014,8.4014,8.4014,0
2016-02-08,8.5635,8.5635,8.5635,8.5635,0
2016-02-09,8.5765,8.5765,8.5765,8.5765,0
2016-02-10,8.6478,8.6478,8.6478,8.6478,0
2016-02-11,8.6932,8.6932,8.6932,8.6932,0
2016-02-12,8.5635,8.5635,8.5635,8.5635,0
2016-02-16,8.4857,8.4857,8.4857,8.4857,0
2016-02-17,8.4338,8.4338,8.4338,8.4338,0
2016-02-18,8.5246,8.5246,8.5246,8.5246,0
2016-02-19,8.5311,8.5311,8.5311,8.5311,0
2016-02-22,8.5246,8.5246,8.5246,8.5246,0
2016-02-23,8.5570,8.5570,8.5570,8.5570,0
2016-02-24,8.5441,8.5441,8.5441,8.5441,0
2016-02-25,8.5700,8.5700,8.5700,8.5700,0
2016-02-26,8.4922,8.4922,8.4922,8.4922,0
2016-02-29,8.5351,8.5351,8.5351,8.5351,0
2016-03-01,8.4051,8.4051,8.4051,8.4051,0
2016-03-02,8.4376,8.4376,8.4376,8.4376,0
2016-03-03,8.4636,8.4636,8.4636,8.4636,0
2016-03-04,8.4051,8.4051,8.4051,8.4051,0
2016-03-07,8.3987,8.3987,8.3987,8.3987,0
2016-03-08,8.4896,8.4896,8.4896,8.4896,0
2016-03-09,8.4376,8.4376,8.4376,8.4376,0
2016-03-10,8.4051,8.4051,8.4051,8.4051,0
2016-03-11,8.3207,8.3207,8.3207,8.3207,0
2016-03-14,8.3467,8.3467,8.3467,8.3467,0
2016-03-15,8.3532,8.3532,8.3532,8.3532,0
2016-03-16,8.3779,8.3779,8.3779,8.3779,0
2016-03-17,8.4104,8.4104,8.4104,8.4104,0
2016-03-18,8.4299,8.4299,8.4299,8.4299,0
2016-03-21,8.3649,8.3649,8.3649,8.3649,0
2016-03-22,8.3649,8.3649,8.3649,8.3649,0
2016-03-23,8.4559,8.4559,8.4559,8.4559,0
2016-03-24,8.4559,8.4559,8.4559,8.4559,0
2016-03-28,8.4624,8.4624,8.4624,8.4624,0
2016-03-29,8.5469,8.5469,8.5469,8.5469,0
2016-03-30,8.4689,8.4689,8.4689,8.4689,0
2016-03-31,8.5399,8.5399,8.5399,8.5399,0
2016-04-01,8.5594,8.5594,8.5594,8.5594,0
2016-04-04,8.5659,8.5659,8.5659,8.5659,0
2016-04-05,8.6506,8.6506,8.6506,8.6506,0
2016-04-06,8.5920,8.5920,8.5920,8.5920,0
2016-04-07,8.6897,8.6897,8.6897,8.6897,0
2016-04-08,8.6376,8.6376,8.6376,8.6376,0
2016-04-11,8.6311,8.6311,8.6311,8.6311,0
2016-04-12,8.5725,8.5725,8.5725,8.5725,0
2016-04-13,8.5985,8.5985,8.5985,8.5985,0
2016-04-14,8.5594,8.5594,8.5594,8.5594,0
2016-04-15,8.6180,8.6180,8.6180,8.6180,0
2016-04-18,8.5920,8.5920,8.5920,8.5920,0
2016-04-19,8.5659,8.5659,8.5659,8.5659,0
2016-04-20,8.4747,8.4747,8.4747,8.4747,0
2016-04-21,8.4291,8.4291,8.4291,8.4291,0
2016-04-22,8.4096,8.4096,8.4096,8.4096,0
2016-04-25,8.3770,8.3770,8.3770,8.3770,0
2016-04-26,8.3379,8.3379,8.3379,8.3379,0
2016-04-27,8.4096,8.4096,8.4096,8.4096,0
2016-04-28,8.4487,8.4487,8.4487,8.4487,0
2016-04-29,8.4866,8.4866,8.4866,8.4866,0
2016-05-02,8.4082,8.4082,8.4082,8.4082,0
2016-05-03,8.5061,8.5061,8.5061,8.5061,0
2016-05-04,8.5518,8.5518,8.5518,8.5518,0
2016-05-05,8.6041,8.6041,8.6041,8.6041,0
2016-05-06,8.5649,8.5649,8.5649,8.5649,0
2016-05-09,8.5910,8.5910,8.5910,8.5910,0
2016-05-10,8.5910,8.5910,8.5910,8.5910,0
2016-05-11,8.6367,8.6367,8.6367,8.6367,0
2016-05-12,8.5975,8.5975,8.5975,8.5975,0
2016-05-13,8.6693,8.6693,8.6693,8.6693,0
2016-05-16,8.6041,8.6041,8.6041,8.6041,0
2016-05-17,8.6106,8.6106,8.6106,8.6106,0
2016-05-18,8.4931,8.4931,8.4931,8.4931,0
2016-05-19,8.5322,8.5322,8.5322,8.5322,0
2016-05-20,8.5322,8.5322,8.5322,8.5322,0
2016-05-23,8.5453,8.5453,8.5453,8.5453,0
2016-05-24,8.5127,8.5127,8.5127,8.5127,0
2016-05-25,8.4866,8.4866,8.4866,8.4866,0
2016-05-26,8.5257,8.5257,8.5257,8.5257,0
2016-05-27,8.5127,8.5127,8.5127,8.5127,0
2016-05-31,8.5513,8.5513,8.5513,8.5513,0
2016-06-01,8.5774,8.5774,8.5774,8.5774,0
2016-06-02,8.6363,8.6363,8.6363,8.6363,0
2016-06-03,8.7541,8.7541,8.7541,8.7541,0
2016-06-06,8.6887,8.6887,8.6887,8.6887,0
2016-06-07,8.7148,8.7148,8.7148,8.7148,0
2016-06-08,8.7541,8.7541,8.7541,8.7541,0
2016-06-09,8.8064,8.8064,8.8064,8.8064,0
2016-06-10,8.8391,8.8391,8.8391,8.8391,0
2016-06-13,8.8784,8.8784,8.8784,8.8784,0
2016-06-14,8.8784,8.8784,8.8784,8.8784,0
2016-06-15,8.9046,8.9046,8.9046,8.9046,0
2016-06-16,8.9504,8.9504,8.9504,8.9504,0
2016-06-17,8.8980,8.8980,8.8980,8.8980,0
2016-06-20,8.7999,8.7999,8.7999,8.7999,0
2016-06-21,8.7672,8.7672,8.7672,8.7672,0
2016-06-22,8.7737,8.7737,8.7737,8.7737,0
2016-06-23,8.6887,8.6887,8.6887,8.6887,0
2016-06-24,8.8980,8.8980,8.8980,8.8980,0
2016-06-27,9.1139,9.1139,9.1139,9.1139,0
2016-06-28,9.1270,9.1270,9.1270,9.1270,0
2016-06-29,9.0616,9.0616,9.0616,9.0616,0
2016-06-30,9.1062,9.1062,9.1062,9.1062,0
2016-07-01,9.2045,9.2045,9.2045,9.2045,0
2016-07-05,9.3356,9.3356,9.3356,9.3356,0
2016-07-06,9.3487,9.3487,9.3487,9.3487,0
2016-07-07,9.3487,9.3487,9.3487,9.3487,0
2016-07-08,9.4077,9.4077,9.4077,9.4077,0
2016-07-11,9.3291,9.3291,9.3291,9.3291,0
2016-07-12,9.1914,9.1914,9.1914,9.1914,0
2016-07-13,9.2832,9.2832,9.2832,9.2832,0
2016-07-14,9.1586,9.1586,9.1586,9.1586,0
2016-07-15,9.0865,9.0865,9.0865,9.0865,0
2016-07-18,9.0734,9.0734,9.0734,9.0734,0
2016-07-19,9.1258,9.1258,9.1258,9.1258,0
2016-07-20,9.0734,9.0734,9.0734,9.0734,0
2016-07-21,9.0865,9.0865,9.0865,9.0865,0
2016-07-22,9.0996,9.0996,9.0996,9.0996,0
2016-07-25,9.0931,9.0931,9.0931,9.0931,0
2016-07-26,9.1062,9.1062,9.1062,9.1062,0
2016-07-27,9.2111,9.2111,9.2111,9.2111,0
2016-07-28,9.1980,9.1980,9.1980,9.1980,0
2016-07-29,9.2893,9.2893,9.2893,9.2893,0
2016-08-01,9.1973,9.1973,9.1973,9.1973,0
2016-08-02,9.1053,9.1053,9.1053,9.1053,0
2016-08-03,9.1119,9.1119,9.1119,9.1119,0
2016-08-04,9.1710,9.1710,9.1710,9.1710,0
2016-08-05,9.0790,9.0790,9.0790,9.0790,0
2016-08-08,9.0922,9.0922,9.0922,9.0922,0
2016-08-09,9.1776,9.1776,9.1776,9.1776,0
2016-08-10,9.2104,9.2104,9.2104,9.2104,0
2016-08-11,9.1316,9.1316,9.1316,9.1316,0
2016-08-12,9.2039,9.2039,9.2039,9.2039,0
2016-08-15,9.1185,9.1185,9.1185,9.1185,0
2016-08-16,9.0988,9.0988,9.0988,9.0988,0
2016-08-17,9.1447,9.1447,9.1447,9.1447,0
2016-08-18,9.1579,9.1579,9.1579,9.1579,0
2016-08-19,9.1119,9.1119,9.1119,9.1119,0
2016-08-22,9.1842,9.1842,9.1842,9.1842,0
2016-08-23,9.1907,9.1907,9.1907,9.1907,0
2016-08-24,9.1710,9.1710,9.1710,9.1710,0
2016-08-25,9.1382,9.1382,9.1382,9.1382,0
2016-08-26,9.0856,9.0856,9.0856,9.0856,0
2016-08-29,9.1973,9.1973,9.1973,9.1973,0
2016-08-30,9.1644,9.1644,9.1644,9.1644,0
2016-08-31,9.1967,9.1967,9.1967,9.1967,0
2016-09-01,9.2033,9.2033,9.2033,9.2033,0
2016-09-02,9.1309,9.1309,9.1309,9.1309,0
2016-09-06,9.1967,9.1967,9.1967,9.1967,0
2016-09-07,9.1901,9.1901,9.1901,9.1901,0
2016-09-08,9.0848,9.0848,9.0848,9.0848,0
2016-09-09,8.9400,8.9400,8.9400,8.9400,0
2016-09-12,8.9400,8.9400,8.9400,8.9400,0
2016-09-13,8.8478,8.8478,8.8478,8.8478,0
2016-09-14,8.8544,8.8544,8.8544,8.8544,0
2016-09-15,8.8215,8.8215,8.8215,8.8215,0
2016-09-16,8.8873,8.8873,8.8873,8.8873,0
2016-09-19,8.8544,8.8544,8.8544,8.8544,0
2016-09-20,8.8873,8.8873,8.8873,8.8873,0
2016-09-21,8.9531,8.9531,8.9531,8.9531,0
2016-09-22,9.0190,9.0190,9.0190,9.0190,0
2016-09-23,9.0058,9.0058,9.0058,9.0058,0
2016-09-26,9.0585,9.0585,9.0585,9.0585,0
2016-09-27,9.1243,9.1243,9.1243,9.1243,0
2016-09-28,9.1111,9.1111,9.1111,9.1111,0
2016-09-29,9.1243,9.1243,9.1243,9.1243,0
2016-09-30,9.0755,9.0755,9.0755,9.0755,0
2016-10-03,9.0359,9.0359,9.0359,9.0359,0
2016-10-04,8.9370,8.9370,8.9370,8.9370,0
2016-10-05,8.8974,8.8974,8.8974,8.8974,0
2016-10-06,8.8512,8.8512,8.8512,8.8512,0
2016-10-07,8.8512,8.8512,8.8512,8.8512,0
2016-10-10,8.7985,8.7985,8.7985,8.7985,0
2016-10-11,8.7853,8.7853,8.7853,8.7853,0
2016-10-12,8.7919,8.7919,8.7919,8.7919,0
2016-10-13,8.8183,8.8183,8.8183,8.8183,0
2016-10-14,8.7061,8.7061,8.7061,8.7061,0
2016-10-17,8.7589,8.7589,8.7589,8.7589,0
2016-10-18,8.7853,8.7853,8.7853,8.7853,0
2016-10-19,8.7919,8.7919,8.7919,8.7919,0
2016-10-20,8.7985,8.7985,8.7985,8.7985,0
2016-10-21,8.8117,8.8117,8.8117,8.8117,0
2016-10-24,8.7721,8.7721,8.7721,8.7721,0
2016-10-25,8.7919,8.7919,8.7919,8.7919,0
2016-10-26,8.7391,8.7391,8.7391,8.7391,0
2016-10-27,8.6468,8.6468,8.6468,8.6468,0
2016-10-28,8.6270,8.6270,8.6270,8.6270,0
2016-10-31,8.6918,8.6918,8.6918,8.6918,0
2016-11-01,8.6918,8.6918,8.6918,8.6918,0
2016-11-02,8.7314,8.7314,8.7314,8.7314,0
2016-11-03,8.6653,8.6653,8.6653,8.6653,0
2016-11-04,8.7380,8.7380,8.7380,8.7380,0
2016-11-07,8.6653,8.6653,8.6653,8.6653,0
2016-11-08,8.6257,8.6257,8.6257,8.6257,0
2016-11-09,8.2886,8.2886,8.2886,8.2886,0
2016-11-10,8.1696,8.1696,8.1696,8.1696,0
2016-11-11,8.1299,8.1299,8.1299,8.1299,0
2016-11-14,8.0771,8.0771,8.0771,8.0771,0
2016-11-15,8.1101,8.1101,8.1101,8.1101,0
2016-11-16,8.1762,8.1762,8.1762,8.1762,0
2016-11-17,8.0704,8.0704,8.0704,8.0704,0
2016-11-18,8.0374,8.0374,8.0374,8.0374,0
2016-11-21,8.0572,8.0572,8.0572,8.0572,0
2016-11-22,8.0506,8.0506,8.0506,8.0506,0
2016-11-23,8.0242,8.0242,8.0242,8.0242,0
2016-11-25,8.0242,8.0242,8.0242,8.0242,0
2016-11-28,8.0837,8.0837,8.0837,8.0837,0
2016-11-29,8.1035,8.1035,8.1035,8.1035,0
2016-11-30,8.0088,8.0088,8.0088,8.0088,0
2016-12-01,7.9359,7.9359,7.9359,7.9359,0
2016-12-02,7.9823,7.9823,7.9823,7.9823,0
2016-12-05,7.9756,7.9756,7.9756,7.9756,0
2016-12-06,7.9756,7.9756,7.9756,7.9756,0
2016-12-07,8.0286,8.0286,8.0286,8.0286,0
2016-12-08,7.9425,7.9425,7.9425,7.9425,0
2016-12-09,7.8498,7.8498,7.8498,7.8498,0
2016-12-12,7.8564,7.8564,7.8564,7.8564,0
2016-12-13,7.8895,7.8895,7.8895,7.8895,0
2016-12-14,7.8034,7.8034,7.8034,7.8034,0
2016-12-15,7.8233,7.8233,7.8233,7.8233,0
2016-12-16,7.8100,7.8100,7.8100,7.8100,0
2016-12-19,7.8895,7.8895,7.8895,7.8895,0
2016-12-20,7.8498,7.8498,7.8498,7.8498,0
2016-12-21,7.8829,7.8829,7.8829,7.8829,0
2016-12-22,7.8763,7.8763,7.8763,7.8763,0
2016-12-23,7.8871,7.8871,7.8871,7.8871,0
2016-12-27,7.8600,7.8600,7.8600,7.8600,0
2016-12-28,7.9143,7.9143,7.9143,7.9143,0
2016-12-29,7.9346,7.9346,7.9346,7.9346,0
2016-12-30,7.9808,7.9808,7.9808,7.9808,0
2017-01-03,8.0012,8.0012,8.0012,8.0012,0
2017-01-04,8.0284,8.0284,8.0284,8.0284,0
2017-01-05,8.1440,8.1440,8.1440,8.1440,0
2017-01-06,8.0692,8.0692,8.0692,8.0692,0
2017-01-09,8.1372,8.1372,8.1372,8.1372,0
2017-01-10,8.1304,8.1304,8.1304,8.1304,0
2017-01-11,8.1508,8.1508,8.1508,8.1508,0
2017-01-12,8.1372,8.1372,8.1372,8.1372,0
2017-01-13,8.1032,8.1032,8.1032,8.1032,0
2017-01-17,8.1780,8.1780,8.1780,8.1780,0
2017-01-18,8.0760,8.0760,8.0760,8.0760,0
2017-01-19,8.0284,8.0284,8.0284,8.0284,0
2017-01-20,8.0148,8.0148,8.0148,8.0148,0
2017-01-23,8.0896,8.0896,8.0896,8.0896,0
2017-01-24,8.0284,8.0284,8.0284,8.0284,0
2017-01-25,7.9400,7.9400,7.9400,7.9400,0
2017-01-26,7.9604,7.9604,7.9604,7.9604,0
2017-01-27,7.9876,7.9876,7.9876,7.9876,0
2017-01-30,7.9604,7.9604,7.9604,7.9604,0
2017-01-31,8.0327,8.0327,8.0327,8.0327,0
2017-02-01,7.9918,7.9918,7.9918,7.9918,0
2017-02-02,7.9850,7.9850,7.9850,7.9850,0
2017-02-03,7.9782,7.9782,7.9782,7.9782,0
2017-02-06,8.0258,8.0258,8.0258,8.0258,0
2017-02-07,8.0804,8.0804,8.0804,8.0804,0
2017-02-08,8.1757,8.1757,8.1757,8.1757,0
2017-02-09,8.0940,8.0940,8.0940,8.0940,0
2017-02-10,8.0872,8.0872,8.0872,8.0872,0
2017-02-13,8.0599,8.0599,8.0599,8.0599,0
2017-02-14,8.0054,8.0054,8.0054,8.0054,0
2017-02-15,7.9713,7.9713,7.9713,7.9713,0
2017-02-16,8.0122,8.0122,8.0122,8.0122,0
2017-02-17,8.0531,8.0531,8.0531,8.0531,0
2017-02-21,8.0395,8.0395,8.0395,8.0395,0
2017-02-22,8.0531,8.0531,8.0531,8.0531,0
2017-02-23,8.0735,8.0735,8.0735,8.0735,0
2017-02-24,8.1621,8.1621,8.1621,8.1621,0
2017-02-27,8.1144,8.1144,8.1144,8.1144,0
2017-02-28,8.1588,8.1588,8.1588,8.1588,0
2017-03-01,8.0222,8.0222,8.0222,8.0222,0
2017-03-02,8.0018,8.0018,8.0018,8.0018,0
2017-03-03,8.0154,8.0154,8.0154,8.0154,0
2017-03-06,7.9813,7.9813,7.9813,7.9813,0
2017-03-07,7.9540,7.9540,7.9540,7.9540,0
2017-03-08,7.9130,7.9130,7.9130,7.9130,0
2017-03-09,7.8516,7.8516,7.8516,7.8516,0
2017-03-10,7.8720,7.8720,7.8720,7.8720,0
2017-03-13,7.8243,7.8243,7.8243,7.8243,0
2017-03-14,7.8584,7.8584,7.8584,7.8584,0
2017-03-15,7.9540,7.9540,7.9540,7.9540,0
2017-03-16,7.9198,7.9198,7.9198,7.9198,0
2017-03-17,7.9608,7.9608,7.9608,7.9608,0
2017-03-20,7.9949,7.9949,7.9949,7.9949,0
2017-03-21,8.0564,8.0564,8.0564,8.0564,0
2017-03-22,8.0905,8.0905,8.0905,8.0905,0
2017-03-23,8.0769,8.0769,8.0769,8.0769,0
2017-03-24,8.0973,8.0973,8.0973,8.0973,0
2017-03-27,8.1383,8.1383,8.1383,8.1383,0
2017-03-28,8.0837,8.0837,8.0837,8.0837,0
2017-03-29,8.1315,8.1315,8.1315,8.1315,0
2017-03-30,8.0700,8.0700,8.0700,8.0700,0
2017-03-31,8.1111,8.1111,8.1111,8.1111,0
2017-04-03,8.1864,8.1864,8.1864,8.1864,0
2017-04-04,8.1453,8.1453,8.1453,8.1453,0
2017-04-05,8.1659,8.1659,8.1659,8.1659,0
2017-04-06,8.1590,8.1590,8.1590,8.1590,0
2017-04-07,8.1248,8.1248,8.1248,8.1248,0
2017-04-10,8.1590,8.1590,8.1590,8.1590,0
2017-04-11,8.2343,8.2343,8.2343,8.2343,0
2017-04-12,8.2754,8.2754,8.2754,8.2754,0
2017-04-13,8.3028,8.3028,8.3028,8.3028,0
2017-04-17,8.2685,8.2685,8.2685,8.2685,0
2017-04-18,8.3781,8.3781,8.3781,8.3781,0
2017-04-19,8.3301,8.3301,8.3301,8.3301,0
2017-04-20,8.3028,8.3028,8.3028,8.3028,0
2017-04-21,8.2959,8.2959,8.2959,8.2959,0
2017-04-24,8.2549,8.2549,8.2549,8.2549,0
2017-04-25,8.1659,8.1659,8.1659,8.1659,0
2017-04-26,8.2001,8.2001,8.2001,8.2001,0
2017-04-27,8.2001,8.2001,8.2001,8.2001,0
2017-04-28,8.2399,8.2399,8.2399,8.2399,0
2017-05-01,8.1713,8.1713,8.1713,8.1713,0
2017-05-02,8.2056,8.2056,8.2056,8.2056,0
2017-05-03,8.2124,8.2124,8.2124,8.2124,0
2017-05-04,8.1713,8.1713,8.1713,8.1713,0
2017-05-05,8.1781,8.1781,8.1781,8.1781,0
2017-05-08,8.1301,8.1301,8.1301,8.1301,0
2017-05-09,8.1301,8.1301,8.1301,8.1301,0
2017-05-10,8.1164,8.1164,8.1164,8.1164,0
2017-05-11,8.1164,8.1164,8.1164,8.1164,0
2017-05-12,8.1781,8.1781,8.1781,8.1781,0
2017-05-15,8.1576,8.1576,8.1576,8.1576,0
2017-05-16,8.1850,8.1850,8.1850,8.1850,0
2017-05-17,8.3016,8.3016,8.3016,8.3016,0
2017-05-18,8.3085,8.3085,8.3085,8.3085,0
2017-05-19,8.3222,8.3222,8.3222,8.3222,0
2017-05-22,8.3016,8.3016,8.3016,8.3016,0
2017-05-23,8.2467,8.2467,8.2467,8.2467,0
2017-05-24,8.2879,8.2879,8.2879,8.2879,0
2017-05-25,8.2948,8.2948,8.2948,8.2948,0
2017-05-26,8.3016,8.3016,8.3016,8.3016,0
2017-05-30,8.3428,8.3428,8.3428,8.3428,0
2017-05-31,8.3827,8.3827,8.3827,8.3827,0
2017-06-01,8.3827,8.3827,8.3827,8.3827,0
2017-06-02,8.4721,8.4721,8.4721,8.4721,0
2017-06-05,8.4239,8.4239,8.4239,8.4239,0
2017-06-06,8.4652,8.4652,8.4652,8.4652,0
2017-06-07,8.4308,8.4308,8.4308,8.4308,0
2017-06-08,8.4033,8.4033,8.4033,8.4033,0
2017-06-09,8.3896,8.3896,8.3896,8.3896,0
2017-06-12,8.3896,8.3896,8.3896,8.3896,0
2017-06-13,8.3896,8.3896,8.3896,8.3896,0
2017-06-14,8.5133,8.5133,8.5133,8.5133,0
2017-06-15,8.4996,8.4996,8.4996,8.4996,0
2017-06-16,8.5065,8.5065,8.5065,8.5065,0
2017-06-19,8.4927,8.4927,8.4927,8.4927,0
2017-06-20,8.5615,8.5615,8.5615,8.5615,0
2017-06-21,8.5821,8.5821,8.5821,8.5821,0
2017-06-22,8.5959,8.5959,8.5959,8.5959,0
2017-06-23,8.5890,8.5890,8.5890,8.5890,0
2017-06-26,8.6234,8.6234,8.6234,8.6234,0
2017-06-27,8.5340,8.5340,8.5340,8.5340,0
2017-06-28,8.5065,8.5065,8.5065,8.5065,0
2017-06-29,8.4446,8.4446,8.4446,8.4446,0
2017-06-30,8.4356,8.4356,8.4356,8.4356,0
2017-07-03,8.3874,8.3874,8.3874,8.3874,0
2017-07-05,8.4012,8.4012,8.4012,8.4012,0
2017-07-06,8.3391,8.3391,8.3391,8.3391,0
2017-07-07,8.2978,8.2978,8.2978,8.2978,0
2017-07-10,8.3047,8.3047,8.3047,8.3047,0
2017-07-11,8.3184,8.3184,8.3184,8.3184,0
2017-07-12,8.3667,8.3667,8.3667,8.3667,0
2017-07-13,8.3253,8.3253,8.3253,8.3253,0
2017-07-14,8.3322,8.3322,8.3322,8.3322,0
2017-07-17,8.3529,8.3529,8.3529,8.3529,0
2017-07-18,8.4218,8.4218,8.4218,8.4218,0
2017-07-19,8.4287,8.4287,8.4287,8.4287,0
2017-07-20,8.4494,8.4494,8.4494,8.4494,0
2017-07-21,8.4838,8.4838,8.4838,8.4838,0
2017-07-24,8.4494,8.4494,8.4494,8.4494,0
2017-07-25,8.3391,8.3391,8.3391,8.3391,0
2017-07-26,8.3598,8.3598,8.3598,8.3598,0
2017-07-27,8.3184,8.3184,8.3184,8.3184,0
2017-07-28,8.3667,8.3667,8.3667,8.3667,0
2017-07-31,8.3860,8.3860,8.3860,8.3860,0
2017-08-01,8.4413,8.4413,8.4413,8.4413,0
2017-08-02,8.4482,8.4482,8.4482,8.4482,0
2017-08-03,8.5311,8.5311,8.5311,8.5311,0
2017-08-04,8.4551,8.4551,8.4551,8.4551,0
2017-08-07,8.4689,8.4689,8.4689,8.4689,0
2017-08-08,8.4413,8.4413,8.4413,8.4413,0
2017-08-09,8.4827,8.4827,8.4827,8.4827,0
2017-08-10,8.5518,8.5518,8.5518,8.5518,0
2017-08-11,8.5518,8.5518,8.5518,8.5518,0
2017-08-14,8.5104,8.5104,8.5104,8.5104,0
2017-08-15,8.4758,8.4758,8.4758,8.4758,0
2017-08-16,8.5035,8.5035,8.5035,8.5035,0
2017-08-17,8.5587,8.5587,8.5587,8.5587,0
2017-08-18,8.5587,8.5587,8.5587,8.5587,0
2017-08-21,8.5794,8.5794,8.5794,8.5794,0
2017-08-22,8.5449,8.5449,8.5449,8.5449,0
2017-08-23,8.6002,8.6002,8.6002,8.6002,0
2017-08-24,8.5656,8.5656,8.5656,8.5656,0
2017-08-25,8.6002,8.6002,8.6002,8.6002,0
2017-08-28,8.5933,8.5933,8.5933,8.5933,0
2017-08-29,8.6209,8.6209,8.6209,8.6209,0
2017-08-30,8.6140,8.6140,8.6140,8.6140,0
2017-08-31,8.6604,8.6604,8.6604,8.6604,0
2017-09-01,8.5911,8.5911,8.5911,8.5911,0
2017-09-05,8.7227,8.7227,8.7227,8.7227,0
2017-09-06,8.6742,8.6742,8.6742,8.6742,0
2017-09-07,8.7573,8.7573,8.7573,8.7573,0
2017-09-08,8.7365,8.7365,8.7365,8.7365,0
2017-09-11,8.6396,8.6396,8.6396,8.6396,0
2017-09-12,8.5911,8.5911,8.5911,8.5911,0
2017-09-13,8.5635,8.5635,8.5635,8.5635,0
2017-09-14,8.5911,8.5911,8.5911,8.5911,0
2017-09-15,8.5911,8.5911,8.5911,8.5911,0
2017-09-18,8.5496,8.5496,8.5496,8.5496,0
2017-09-19,8.5288,8.5288,8.5288,8.5288,0
2017-09-20,8.5288,8.5288,8.5288,8.5288,0
2017-09-21,8.5219,8.5219,8.5219,8.5219,0
2017-09-22,8.5496,8.5496,8.5496,8.5496,0
2017-09-25,8.5981,8.5981,8.5981,8.5981,0
2017-09-26,8.5842,8.5842,8.5842,8.5842,0
2017-09-27,8.4596,8.4596,8.4596,8.4596,0
2017-09-28,8.4388,8.4388,8.4388,8.4388,0
2017-09-29,8.4638,8.4638,8.4638,8.4638,0
2017-10-02,8.4499,8.4499,8.4499,8.4499,0
2017-10-03,8.4638,8.4638,8.4638,8.4638,0
2017-10-04,8.4638,8.4638,8.4638,8.4638,0
2017-10-05,8.4291,8.4291,8.4291,8.4291,0
2017-10-06,8.4014,8.4014,8.4014,8.4014,0
2017-10-09,8.4222,8.4222,8.4222,8.4222,0
2017-10-10,8.4361,8.4361,8.4361,8.4361,0
2017-10-11,8.4569,8.4569,8.4569,8.4569,0
2017-10-12,8.4916,8.4916,8.4916,8.4916,0
2017-10-13,8.5471,8.5471,8.5471,8.5471,0
2017-10-16,8.5401,8.5401,8.5401,8.5401,0
2017-10-17,8.5471,8.5471,8.5471,8.5471,0
2017-10-18,8.4916,8.4916,8.4916,8.4916,0
2017-10-19,8.5054,8.5054,8.5054,8.5054,0
2017-10-20,8.4222,8.4222,8.4222,8.4222,0
2017-10-23,8.4291,8.4291,8.4291,8.4291,0
2017-10-24,8.3806,8.3806,8.3806,8.3806,0
2017-10-25,8.3459,8.3459,8.3459,8.3459,0
2017-10-26,8.3181,8.3181,8.3181,8.3181,0
2017-10-27,8.3667,8.3667,8.3667,8.3667,0
2017-10-30,8.4430,8.4430,8.4430,8.4430,0
2017-10-31,8.4625,8.4625,8.4625,8.4625,0
2017-11-01,8.4972,8.4972,8.4972,8.4972,0
2017-11-02,8.5320,8.5320,8.5320,8.5320,0
2017-11-03,8.5529,8.5529,8.5529,8.5529,0
2017-11-06,8.5807,8.5807,8.5807,8.5807,0
2017-11-07,8.6155,8.6155,8.6155,8.6155,0
2017-11-08,8.5946,8.5946,8.5946,8.5946,0
2017-11-09,8.5668,8.5668,8.5668,8.5668,0
2017-11-10,8.4486,8.4486,8.4486,8.4486,0
2017-11-13,8.4625,8.4625,8.4625,8.4625,0
2017-11-14,8.5112,8.5112,8.5112,8.5112,0
2017-11-15,8.6085,8.6085,8.6085,8.6085,0
2017-11-16,8.5320,8.5320,8.5320,8.5320,0
2017-11-17,8.5876,8.5876,8.5876,8.5876,0
2017-11-20,8.5876,8.5876,8.5876,8.5876,0
2017-11-21,8.6085,8.6085,8.6085,8.6085,0
2017-11-22,8.6363,8.6363,8.6363,8.6363,0
2017-11-24,8.6085,8.6085,8.6085,8.6085,0
2017-11-27,8.5946,8.5946,8.5946,8.5946,0
2017-11-28,8.6085,8.6085,8.6085,8.6085,0
2017-11-29,8.5251,8.5251,8.5251,8.5251,0
2017-11-30,8.5160,8.5160,8.5160,8.5160,0
2017-12-01,8.6275,8.6275,8.6275,8.6275,0
2017-12-04,8.6275,8.6275,8.6275,8.6275,0
2017-12-05,8.6693,8.6693,8.6693,8.6693,0
2017-12-06,8.6972,8.6972,8.6972,8.6972,0
2017-12-07,8.6345,8.6345,8.6345,8.6345,0
2017-12-08,8.6275,8.6275,8.6275,8.6275,0
2017-12-11,8.6066,8.6066,8.6066,8.6066,0
2017-12-12,8.6066,8.6066,8.6066,8.6066,0
2017-12-13,8.6693,8.6693,8.6693,8.6693,0
2017-12-14,8.7042,8.7042,8.7042,8.7042,0
2017-12-15,8.7251,8.7251,8.7251,8.7251,0
2017-12-18,8.6484,8.6484,8.6484,8.6484,0
2017-12-19,8.5439,8.5439,8.5439,8.5439,0
2017-12-20,8.4533,8.4533,8.4533,8.4533,0
2017-12-21,8.4951,8.4951,8.4951,8.4951,0
2017-12-22,8.5090,8.5090,8.5090,8.5090,0
2017-12-26,8.5299,8.5299,8.5299,8.5299,0
2017-12-27,8.6414,8.6414,8.6414,8.6414,0
2017-12-28,8.6275,8.6275,8.6275,8.6275,0
2017-12-29,8.6687,8.6687,8.6687,8.6687,0
2018-01-02,8.5709,8.5709,8.5709,8.5709,0
2018-01-03,8.6058,8.6058,8.6058,8.6058,0
2018-01-04,8.6058,8.6058,8.6058,8.6058,0
2018-01-05,8.5779,8.5779,8.5779,8.5779,0
2018-01-08,8.5709,8.5709,8.5709,8.5709,0
2018-01-09,8.4592,8.4592,8.4592,8.4592,0
2018-01-10,8.4522,8.4522,8.4522,8.4522,0
2018-01-11,8.4801,8.4801,8.4801,8.4801,0
2018-01-12,8.4941,8.4941,8.4941,8.4941,0
2018-01-16,8.5290,8.5290,8.5290,8.5290,0
2018-01-17,8.5150,8.5150,8.5150,8.5150,0
2018-01-18,8.4312,8.4312,8.4312,8.4312,0
2018-01-19,8.3893,8.3893,8.3893,8.3893,0
2018-01-22,8.3963,8.3963,8.3963,8.3963,0
2018-01-23,8.4312,8.4312,8.4312,8.4312,0
2018-01-24,8.3823,8.3823,8.3823,8.3823,0
2018-01-25,8.4522,8.4522,8.4522,8.4522,0
2018-01-26,8.4103,8.4103,8.4103,8.4103,0
2018-01-29,8.3614,8.3614,8.3614,8.3614,0
2018-01-30,8.3125,8.3125,8.3125,8.3125,0
2018-01-31,8.3741,8.3741,8.3741,8.3741,0
2018-02-01,8.2621,8.2621,8.2621,8.2621,0
2018-02-02,8.1780,8.1780,8.1780,8.1780,0
2018-02-05,8.2621,8.2621,8.2621,8.2621,0
2018-02-06,8.2060,8.2060,8.2060,8.2060,0
2018-02-07,8.1290,8.1290,8.1290,8.1290,0
2018-02-08,8.1220,8.1220,8.1220,8.1220,0
2018-02-09,8.0660,8.0660,8.0660,8.0660,0
2018-02-12,8.1010,8.1010,8.1010,8.1010,0
2018-02-13,8.1360,8.1360,8.1360,8.1360,0
2018-02-14,8.0520,8.0520,8.0520,8.0520,0
2018-02-15,8.0730,8.0730,8.0730,8.0730,0
2018-02-16,8.1150,8.1150,8.1150,8.1150,0
2018-02-20,8.0800,8.0800,8.0800,8.0800,0
2018-02-21,7.9820,7.9820,7.9820,7.9820,0
2018-02-22,8.0100,8.0100,8.0100,8.0100,0
2018-02-23,8.0730,8.0730,8.0730,8.0730,0
2018-02-26,8.0730,8.0730,8.0730,8.0730,0
2018-02-27,8.0660,8.0660,8.0660,8.0660,0
2018-02-28,8.1327,8.1327,8.1327,8.1327,0
2018-03-01,8.1888,8.1888,8.1888,8.1888,0
2018-03-02,8.1186,8.1186,8.1186,8.1186,0
2018-03-05,8.0976,8.0976,8.0976,8.0976,0
2018-03-06,8.1046,8.1046,8.1046,8.1046,0
2018-03-07,8.0976,8.0976,8.0976,8.0976,0
2018-03-08,8.1327,8.1327,8.1327,8.1327,0
2018-03-09,8.0835,8.0835,8.0835,8.0835,0
2018-03-12,8.1327,8.1327,8.1327,8.1327,0
2018-03-13,8.1748,8.1748,8.1748,8.1748,0
2018-03-14,8.2379,8.2379,8.2379,8.2379,0
2018-03-15,8.2379,8.2379,8.2379,8.2379,0
2018-03-16,8.2028,8.2028,8.2028,8.2028,0
2018-03-19,8.1818,8.1818,8.1818,8.1818,0
2018-03-20,8.1467,8.1467,8.1467,8.1467,0
2018-03-21,8.1537,8.1537,8.1537,8.1537,0
2018-03-22,8.2309,8.2309,8.2309,8.2309,0
2018-03-23,8.2239,8.2239,8.2239,8.2239,0
2018-03-26,8.1958,8.1958,8.1958,8.1958,0
2018-03-27,8.2730,8.2730,8.2730,8.2730,0
2018-03-28,8.2941,8.2941,8.2941,8.2941,0
2018-03-29,8.3567,8.3567,8.3567,8.3567,0
2018-04-02,8.3637,8.3637,8.3637,8.3637,0
2018-04-03,8.3004,8.3004,8.3004,8.3004,0
2018-04-04,8.2863,8.2863,8.2863,8.2863,0
2018-04-05,8.2300,8.2300,8.2300,8.2300,0
2018-04-06,8.3145,8.3145,8.3145,8.3145,0
2018-04-09,8.3285,8.3285,8.3285,8.3285,0
2018-04-10,8.3145,8.3145,8.3145,8.3145,0
2018-04-11,8.3426,8.3426,8.3426,8.3426,0
2018-04-12,8.2793,8.2793,8.2793,8.2793,0
2018-04-13,8.3004,8.3004,8.3004,8.3004,0
2018-04-16,8.3004,8.3004,8.3004,8.3004,0
2018-04-17,8.3215,8.3215,8.3215,8.3215,0
2018-04-18,8.2511,8.2511,8.2511,8.2511,0
2018-04-19,8.1878,8.1878,8.1878,8.1878,0
2018-04-20,8.1245,8.1245,8.1245,8.1245,0
2018-04-23,8.1245,8.1245,8.1245,8.1245,0
2018-04-24,8.0894,8.0894,8.0894,8.0894,0
2018-04-25,8.0401,8.0401,8.0401,8.0401,0
2018-04-26,8.0894,8.0894,8.0894,8.0894,0
2018-04-27,8.1456,8.1456,8.1456,8.1456,0
2018-04-30,8.1865,8.1865,8.1865,8.1865,0
2018-05-01,8.1583,8.1583,8.1583,8.1583,0
2018-05-02,8.1442,8.1442,8.1442,8.1442,0
2018-05-03,8.1724,8.1724,8.1724,8.1724,0
2018-05-04,8.1865,8.1865,8.1865,8.1865,0
2018-05-07,8.1795,8.1795,8.1795,8.1795,0
2018-05-08,8.1654,8.1654,8.1654,8.1654,0
2018-05-09,8.1231,8.1231,8.1231,8.1231,0
2018-05-10,8.1795,8.1795,8.1795,8.1795,0
2018-05-11,8.1936,8.1936,8.1936,8.1936,0
2018-05-14,8.1513,8.1513,8.1513,8.1513,0
2018-05-15,8.0596,8.0596,8.0596,8.0596,0
2018-05-16,8.0314,8.0314,8.0314,8.0314,0
2018-05-17,7.9891,7.9891,7.9891,7.9891,0
2018-05-18,8.0596,8.0596,8.0596,8.0596,0
2018-05-21,8.0596,8.0596,8.0596,8.0596,0
2018-05-22,8.0526,8.0526,8.0526,8.0526,0
2018-05-23,8.1019,8.1019,8.1019,8.1019,0
2018-05-24,8.1654,8.1654,8.1654,8.1654,0
2018-05-25,8.2147,8.2147,8.2147,8.2147,0
2018-05-29,8.3840,8.3840,8.3840,8.3840,0
2018-05-30,8.3276,8.3276,8.3276,8.3276,0
2018-05-31,8.3332,8.3332,8.3332,8.3332,0
2018-06-01,8.2908,8.2908,8.2908,8.2908,0
2018-06-04,8.2272,8.2272,8.2272,8.2272,0
2018-06-05,8.2555,8.2555,8.2555,8.2555,0
2018-06-06,8.1848,8.1848,8.1848,8.1848,0
2018-06-07,8.2625,8.2625,8.2625,8.2625,0
2018-06-08,8.2343,8.2343,8.2343,8.2343,0
2018-06-11,8.2201,8.2201,8.2201,8.2201,0
2018-06-12,8.2201,8.2201,8.2201,8.2201,0
2018-06-13,8.2201,8.2201,8.2201,8.2201,0
2018-06-14,8.2837,8.2837,8.2837,8.2837,0
2018-06-15,8.2837,8.2837,8.2837,8.2837,0
2018-06-18,8.2837,8.2837,8.2837,8.2837,0
2018-06-19,8.3261,8.3261,8.3261,8.3261,0
2018-06-20,8.2555,8.2555,8.2555,8.2555,0
2018-06-21,8.2979,8.2979,8.2979,8.2979,0
2018-06-22,8.2979,8.2979,8.2979,8.2979,0
2018-06-25,8.3191,8.3191,8.3191,8.3191,0
2018-06-26,8.3191,8.3191,8.3191,8.3191,0
2018-06-27,8.3968,8.3968,8.3968,8.3968,0
2018-06-28,8.3968,8.3968,8.3968,8.3968,0
2018-06-29,8.3883,8.3883,8.3883,8.3883,0
2018-07-02,8.3812,8.3812,8.3812,8.3812,0
2018-07-03,8.4237,8.4237,8.4237,8.4237,0
2018-07-05,8.4450,8.4450,8.4450,8.4450,0
2018-07-06,8.4663,8.4663,8.4663,8.4663,0
2018-07-09,8.4237,8.4237,8.4237,8.4237,0
2018-07-10,8.4167,8.4167,8.4167,8.4167,0
2018-07-11,8.4450,8.4450,8.4450,8.4450,0
2018-07-12,8.4450,8.4450,8.4450,8.4450,0
2018-07-13,8.4663,8.4663,8.4663,8.4663,0
2018-07-16,8.4308,8.4308,8.4308,8.4308,0
2018-07-17,8.4167,8.4167,8.4167,8.4167,0
2018-07-18,8.3812,8.3812,8.3812,8.3812,0
2018-07-19,8.4308,8.4308,8.4308,8.4308,0
2018-07-20,8.3316,8.3316,8.3316,8.3316,0
2018-07-23,8.2325,8.2325,8.2325,8.2325,0
2018-07-24,8.2608,8.2608,8.2608,8.2608,0
2018-07-25,8.2466,8.2466,8.2466,8.2466,0
2018-07-26,8.2325,8.2325,8.2325,8.2325,0
2018-07-27,8.2466,8.2466,8.2466,8.2466,0
2018-07-30,8.2183,8.2183,8.2183,8.2183,0
2018-07-31,8.2808,8.2808,8.2808,8.2808,0
2018-08-01,8.2169,8.2169,8.2169,8.2169,0
2018-08-02,8.2240,8.2240,8.2240,8.2240,0
2018-08-03,8.2595,8.2595,8.2595,8.2595,0
2018-08-06,8.2595,8.2595,8.2595,8.2595,0
2018-08-07,8.2240,8.2240,8.2240,8.2240,0
2018-08-08,8.2311,8.2311,8.2311,8.2311,0
2018-08-09,8.2950,8.2950,8.2950,8.2950,0
2018-08-10,8.3518,8.3518,8.3518,8.3518,0
2018-08-13,8.3376,8.3376,8.3376,8.3376,0
2018-08-14,8.3163,8.3163,8.3163,8.3163,0
2018-08-15,8.3589,8.3589,8.3589,8.3589,0
2018-08-16,8.3589,8.3589,8.3589,8.3589,0
2018-08-17,8.3660,8.3660,8.3660,8.3660,0
2018-08-20,8.4228,8.4228,8.4228,8.4228,0
2018-08-21,8.3944,8.3944,8.3944,8.3944,0
2018-08-22,8.4299,8.4299,8.4299,8.4299,0
2018-08-23,8.4370,8.4370,8.4370,8.4370,0
2018-08-24,8.4512,8.4512,8.4512,8.4512,0
2018-08-27,8.4015,8.4015,8.4015,8.4015,0
2018-08-28,8.3518,8.3518,8.3518,8.3518,0
2018-08-29,8.3660,8.3660,8.3660,8.3660,0
2018-08-30,8.3802,8.3802,8.3802,8.3802,0
2018-08-31,8.3788,8.3788,8.3788,8.3788,0
2018-09-04,8.3290,8.3290,8.3290,8.3290,0
2018-09-05,8.3076,8.3076,8.3076,8.3076,0
2018-09-06,8.3361,8.3361,8.3361,8.3361,0
2018-09-07,8.2720,8.2720,8.2720,8.2720,0
2018-09-10,8.2934,8.2934,8.2934,8.2934,0
2018-09-11,8.2364,8.2364,8.2364,8.2364,0
2018-09-12,8.2578,8.2578,8.2578,8.2578,0
2018-09-13,8.2649,8.2649,8.2649,8.2649,0
2018-09-14,8.2293,8.2293,8.2293,8.2293,0
2018-09-17,8.2293,8.2293,8.2293,8.2293,0
2018-09-18,8.1368,8.1368,8.1368,8.1368,0
2018-09-19,8.0940,8.0940,8.0940,8.0940,0
2018-09-20,8.1296,8.1296,8.1296,8.1296,0
2018-09-21,8.1225,8.1225,8.1225,8.1225,0
2018-09-24,8.1012,8.1012,8.1012,8.1012,0
2018-09-25,8.0940,8.0940,8.0940,8.0940,0
2018-09-26,8.1510,8.1510,8.1510,8.1510,0
2018-09-27,8.1510,8.1510,8.1510,8.1510,0
2018-09-28,8.1488,8.1488,8.1488,8.1488,0
2018-10-01,8.0918,8.0918,8.0918,8.0918,0
2018-10-02,8.1417,8.1417,8.1417,8.1417,0
2018-10-03,7.9990,7.9990,7.9990,7.9990,0
2018-10-04,7.9419,7.9419,7.9419,7.9419,0
2018-10-05,7.8777,7.8777,7.8777,7.8777,0
2018-10-08,7.8492,7.8492,7.8492,7.8492,0
2018-10-09,7.9276,7.9276,7.9276,7.9276,0
2018-10-10,7.9062,7.9062,7.9062,7.9062,0
2018-10-11,7.9990,7.9990,7.9990,7.9990,0
2018-10-12,7.9633,7.9633,7.9633,7.9633,0
2018-10-15,7.9705,7.9705,7.9705,7.9705,0
2018-10-16,7.9776,7.9776,7.9776,7.9776,0
2018-10-17,7.9348,7.9348,7.9348,7.9348,0
2018-10-18,7.9276,7.9276,7.9276,7.9276,0
2018-10-19,7.9134,7.9134,7.9134,7.9134,0
2018-10-22,7.8991,7.8991,7.8991,7.8991,0
2018-10-23,7.9276,7.9276,7.9276,7.9276,0
2018-10-24,7.9847,7.9847,7.9847,7.9847,0
2018-10-25,7.9491,7.9491,7.9491,7.9491,0
2018-10-26,7.9990,7.9990,7.9990,7.9990,0
2018-10-29,7.9776,7.9776,7.9776,7.9776,0
2018-10-30,7.9419,7.9419,7.9419,7.9419,0
2018-10-31,7.9190,7.9190,7.9190,7.9190,0
2018-11-01,7.9262,7.9262,7.9262,7.9262,0
2018-11-02,7.8332,7.8332,7.8332,7.8332,0
2018-11-05,7.8618,7.8618,7.8618,7.8618,0
2018-11-06,7.8546,7.8546,7.8546,7.8546,0
2018-11-07,7.8618,7.8618,7.8618,7.8618,0
2018-11-08,7.8546,7.8546,7.8546,7.8546,0
2018-11-09,7.9119,7.9119,7.9119,7.9119,0
2018-11-12,7.9619,7.9619,7.9619,7.9619,0
2018-11-13,7.9548,7.9548,7.9548,7.9548,0
2018-11-14,7.9619,7.9619,7.9619,7.9619,0
2018-11-15,7.9619,7.9619,7.9619,7.9619,0
2018-11-16,7.9977,7.9977,7.9977,7.9977,0
2018-11-19,8.0192,8.0192,8.0192,8.0192,0
2018-11-20,8.0263,8.0263,8.0263,8.0263,0
2018-11-21,8.0192,8.0192,8.0192,8.0192,0
2018-11-23,8.0263,8.0263,8.0263,8.0263,0
2018-11-26,8.0120,8.0120,8.0120,8.0120,0
2018-11-27,8.0192,8.0192,8.0192,8.0192,0
2018-11-28,7.9763,7.9763,7.9763,7.9763,0
2018-11-29,8.0120,8.0120,8.0120,8.0120,0
2018-11-30,8.0608,8.0608,8.0608,8.0608,0
2018-12-03,8.1110,8.1110,8.1110,8.1110,0
2018-12-04,8.2401,8.2401,8.2401,8.2401,0
2018-12-06,8.2616,8.2616,8.2616,8.2616,0
2018-12-07,8.2831,8.2831,8.2831,8.2831,0
2018-12-10,8.3118,8.3118,8.3118,8.3118,0
2018-12-11,8.3118,8.3118,8.3118,8.3118,0
2018-12-12,8.2688,8.2688,8.2688,8.2688,0
2018-12-13,8.2544,8.2544,8.2544,8.2544,0
2018-12-14,8.2759,8.2759,8.2759,8.2759,0
2018-12-17,8.3261,8.3261,8.3261,8.3261,0
2018-12-18,8.3692,8.3692,8.3692,8.3692,0
2018-12-19,8.4767,8.4767,8.4767,8.4767,0
2018-12-20,8.4409,8.4409,8.4409,8.4409,0
2018-12-21,8.4409,8.4409,8.4409,8.4409,0
2018-12-24,8.4767,8.4767,8.4767,8.4767,0
2018-12-26,8.3907,8.3907,8.3907,8.3907,0
2018-12-27,8.3907,8.3907,8.3907,8.3907,0
2018-12-28,8.4624,8.4624,8.4624,8.4624,0
2018-12-31,8.5048,8.5048,8.5048,8.5048,0
2019-01-02,8.5551,8.5551,8.5551,8.5551,0
2019-01-03,8.6486,8.6486,8.6486,8.6486,0
2019-01-04,8.5551,8.5551,8.5551,8.5551,0
2019-01-07,8.5264,8.5264,8.5264,8.5264,0
2019-01-08,8.5048,8.5048,8.5048,8.5048,0
2019-01-09,8.4904,8.4904,8.4904,8.4904,0
2019-01-10,8.4329,8.4329,8.4329,8.4329,0
2019-01-11,8.4689,8.4689,8.4689,8.4689,0
2019-01-14,8.4329,8.4329,8.4329,8.4329,0
2019-01-15,8.4042,8.4042,8.4042,8.4042,0
2019-01-16,8.4185,8.4185,8.4185,8.4185,0
2019-01-17,8.4113,8.4113,8.4113,8.4113,0
2019-01-18,8.3682,8.3682,8.3682,8.3682,0
2019-01-22,8.4185,8.4185,8.4185,8.4185,0
2019-01-23,8.4185,8.4185,8.4185,8.4185,0
2019-01-24,8.4689,8.4689,8.4689,8.4689,0
2019-01-25,8.4329,8.4329,8.4329,8.4329,0
2019-01-28,8.4185,8.4185,8.4185,8.4185,0
2019-01-29,8.4617,8.4617,8.4617,8.4617,0
2019-01-30,8.4545,8.4545,8.4545,8.4545,0
2019-01-31,8.5467,8.5467,8.5467,8.5467,0
2019-02-01,8.4963,8.4963,8.4963,8.4963,0
2019-02-04,8.4602,8.4602,8.4602,8.4602,0
2019-02-05,8.4963,8.4963,8.4963,8.4963,0
2019-02-06,8.4963,8.4963,8.4963,8.4963,0
2019-02-07,8.5467,8.5467,8.5467,8.5467,0
2019-02-08,8.5828,8.5828,8.5828,8.5828,0
2019-02-11,8.5539,8.5539,8.5539,8.5539,0
2019-02-12,8.5323,8.5323,8.5323,8.5323,0
2019-02-13,8.5035,8.5035,8.5035,8.5035,0
2019-02-14,8.5467,8.5467,8.5467,8.5467,0
2019-02-15,8.5539,8.5539,8.5539,8.5539,0
2019-02-19,8.5756,8.5756,8.5756,8.5756,0
2019-02-20,8.5539,8.5539,8.5539,8.5539,0
2019-02-21,8.4819,8.4819,8.4819,8.4819,0
2019-02-22,8.5251,8.5251,8.5251,8.5251,0
2019-02-25,8.5035,8.5035,8.5035,8.5035,0
2019-02-26,8.5395,8.5395,8.5395,8.5395,0
2019-02-27,8.4530,8.4530,8.4530,8.4530,0
2019-02-28,8.4350,8.4350,8.4350,8.4350,0
2019-03-01,8.3628,8.3628,8.3628,8.3628,0
2019-03-04,8.4278,8.4278,8.4278,8.4278,0
2019-03-05,8.4422,8.4422,8.4422,8.4422,0
2019-03-06,8.4711,8.4711,8.4711,8.4711,0
2019-03-07,8.5216,8.5216,8.5216,8.5216,0
2019-03-08,8.5578,8.5578,8.5578,8.5578,0
2019-03-11,8.5289,8.5289,8.5289,8.5289,0
2019-03-12,8.5866,8.5866,8.5866,8.5866,0
2019-03-13,8.5722,8.5722,8.5722,8.5722,0
2019-03-14,8.5144,8.5144,8.5144,8.5144,0
2019-03-15,8.5650,8.5650,8.5650,8.5650,0
2019-03-18,8.5578,8.5578,8.5578,8.5578,0
2019-03-19,8.5433,8.5433,8.5433,8.5433,0
2019-03-20,8.6300,8.6300,8.6300,8.6300,0
2019-03-21,8.6444,8.6444,8.6444,8.6444,0
2019-03-22,8.7744,8.7744,8.7744,8.7744,0
2019-03-25,8.7889,8.7889,8.7889,8.7889,0
2019-03-26,8.7816,8.7816,8.7816,8.7816,0
2019-03-27,8.8538,8.8538,8.8538,8.8538,0
2019-03-28,8.8827,8.8827,8.8827,8.8827,0
2019-03-29,8.8965,8.8965,8.8965,8.8965,0
2019-04-01,8.7662,8.7662,8.7662,8.7662,0
2019-04-02,8.7879,8.7879,8.7879,8.7879,0
2019-04-03,8.7083,8.7083,8.7083,8.7083,0
2019-04-04,8.7300,8.7300,8.7300,8.7300,0
2019-04-05,8.7445,8.7445,8.7445,8.7445,0
2019-04-08,8.7155,8.7155,8.7155,8.7155,0
2019-04-09,8.7445,8.7445,8.7445,8.7445,0
2019-04-10,8.7590,8.7590,8.7590,8.7590,0
2019-04-11,8.7083,8.7083,8.7083,8.7083,0
2019-04-12,8.6504,8.6504,8.6504,8.6504,0
2019-04-15,8.6648,8.6648,8.6648,8.6648,0
2019-04-16,8.6142,8.6142,8.6142,8.6142,0
2019-04-17,8.6142,8.6142,8.6142,8.6142,0
2019-04-18,8.6648,8.6648,8.6648,8.6648,0
2019-04-22,8.6142,8.6142,8.6142,8.6142,0
2019-04-23,8.6359,8.6359,8.6359,8.6359,0
2019-04-24,8.7010,8.7010,8.7010,8.7010,0
2019-04-25,8.6866,8.6866,8.6866,8.6866,0
2019-04-26,8.7155,8.7155,8.7155,8.7155,0
2019-04-29,8.6648,8.6648,8.6648,8.6648,0
2019-04-30,8.7294,8.7294,8.7294,8.7294,0
2019-05-01,8.7585,8.7585,8.7585,8.7585,0
2019-05-02,8.7149,8.7149,8.7149,8.7149,0
2019-05-03,8.7367,8.7367,8.7367,8.7367,0
2019-05-06,8.7657,8.7657,8.7657,8.7657,0
2019-05-07,8.8310,8.8310,8.8310,8.8310,0
2019-05-08,8.7875,8.7875,8.7875,8.7875,0
2019-05-09,8.8238,8.8238,8.8238,8.8238,0
2019-05-10,8.8092,8.8092,8.8092,8.8092,0
2019-05-13,8.8818,8.8818,8.8818,8.8818,0
2019-05-14,8.8528,8.8528,8.8528,8.8528,0
2019-05-15,8.9036,8.9036,8.9036,8.9036,0
2019-05-16,8.8746,8.8746,8.8746,8.8746,0
2019-05-17,8.8963,8.8963,8.8963,8.8963,0
2019-05-20,8.8746,8.8746,8.8746,8.8746,0
2019-05-21,8.8600,8.8600,8.8600,8.8600,0
2019-05-22,8.9036,8.9036,8.9036,8.9036,0
2019-05-23,9.0052,9.0052,9.0052,9.0052,0
2019-05-24,9.0124,9.0124,9.0124,9.0124,0
2019-05-28,9.0777,9.0777,9.0777,9.0777,0
2019-05-29,9.0995,9.0995,9.0995,9.0995,0
2019-05-30,9.1721,9.1721,9.1721,9.1721,0
2019-05-31,9.3103,9.3103,9.3103,9.3103,0
2019-06-03,9.3685,9.3685,9.3685,9.3685,0
2019-06-04,9.2666,9.2666,9.2666,9.2666,0
2019-06-05,9.2157,9.2157,9.2157,9.2157,0
2019-06-06,9.2375,9.2375,9.2375,9.2375,0
2019-06-07,9.3175,9.3175,9.3175,9.3175,0
2019-06-10,9.2375,9.2375,9.2375,9.2375,0
2019-06-11,9.2375,9.2375,9.2375,9.2375,0
2019-06-12,9.2448,9.2448,9.2448,9.2448,0
2019-06-13,9.2739,9.2739,9.2739,9.2739,0
2019-06-14,9.2957,9.2957,9.2957,9.2957,0
2019-06-17,9.3103,9.3103,9.3103,9.3103,0
2019-06-18,9.3539,9.3539,9.3539,9.3539,0
2019-06-19,9.3685,9.3685,9.3685,9.3685,0
2019-06-20,9.3903,9.3903,9.3903,9.3903,0
2019-06-21,9.2957,9.2957,9.2957,9.2957,0
2019-06-24,9.3612,9.3612,9.3612,9.3612,0
2019-06-25,9.3903,9.3903,9.3903,9.3903,0
2019-06-26,9.3321,9.3321,9.3321,9.3321,0
2019-06-27,9.3903,9.3903,9.3903,9.3903,0
2019-06-28,9.4041,9.4041,9.4041,9.4041,0
2019-07-01,9.3823,9.3823,9.3823,9.3823,0
2019-07-02,9.4479,9.4479,9.4479,9.4479,0
2019-07-03,9.5062,9.5062,9.5062,9.5062,0
2019-07-05,9.3895,9.3895,9.3895,9.3895,0
2019-07-08,9.3968,9.3968,9.3968,9.3968,0
2019-07-09,9.3968,9.3968,9.3968,9.3968,0
2019-07-10,9.3458,9.3458,9.3458,9.3458,0
2019-07-11,9.2219,9.2219,9.2219,9.2219,0
2019-07-12,9.2365,9.2365,9.2365,9.2365,0
2019-07-15,9.2875,9.2875,9.2875,9.2875,0
2019-07-16,9.2583,9.2583,9.2583,9.2583,0
2019-07-17,9.3531,9.3531,9.3531,9.3531,0
2019-07-18,9.3531,9.3531,9.3531,9.3531,0
2019-07-19,9.3312,9.3312,9.3312,9.3312,0
2019-07-22,9.3458,9.3458,9.3458,9.3458,0
2019-07-23,9.2948,9.2948,9.2948,9.2948,0
2019-07-24,9.3312,9.3312,9.3312,9.3312,0
2019-07-25,9.2875,9.2875,9.2875,9.2875,0
2019-07-26,9.3094,9.3094,9.3094,9.3094,0
2019-07-29,9.3094,9.3094,9.3094,9.3094,0
2019-07-30,9.3312,9.3312,9.3312,9.3312,0
2019-07-31,9.4247,9.4247,9.4247,9.4247,0
2019-08-01,9.6074,9.6074,9.6074,9.6074,0
2019-08-02,9.6878,9.6878,9.6878,9.6878,0
2019-08-05,9.8558,9.8558,9.8558,9.8558,0
2019-08-06,9.9216,9.9216,9.9216,9.9216,0
2019-08-07,9.9362,9.9362,9.9362,9.9362,0
2019-08-08,9.9508,9.9508,9.9508,9.9508,0
2019-08-09,9.9289,9.9289,9.9289,9.9289,0
2019-08-12,10.1261,10.1261,10.1261,10.1261,0
2019-08-13,10.0969,10.0969,10.0969,10.0969,0
2019-08-14,10.3088,10.3088,10.3088,10.3088,0
2019-08-15,10.4257,10.4257,10.4257,10.4257,0
2019-08-16,10.3453,10.3453,10.3453,10.3453,0
2019-08-19,10.1992,10.1992,10.1992,10.1992,0
2019-08-20,10.3015,10.3015,10.3015,10.3015,0
2019-08-21,10.2357,10.2357,10.2357,10.2357,0
2019-08-22,10.1626,10.1626,10.1626,10.1626,0
2019-08-23,10.3234,10.3234,10.3234,10.3234,0
2019-08-26,10.2869,10.2869,10.2869,10.2869,0
2019-08-27,10.4403,10.4403,10.4403,10.4403,0
2019-08-28,10.4549,10.4549,10.4549,10.4549,0
2019-08-29,10.4111,10.4111,10.4111,10.4111,0
2019-08-30,10.4308,10.4308,10.4308,10.4308,0
2019-09-03,10.4381,10.4381,10.4381,10.4381,0
2019-09-04,10.4528,10.4528,10.4528,10.4528,0
2019-09-05,10.2771,10.2771,10.2771,10.2771,0
2019-09-06,10.3430,10.3430,10.3430,10.3430,0
2019-09-09,10.1673,10.1673,10.1673,10.1673,0
2019-09-10,9.9916,9.9916,9.9916,9.9916,0
2019-09-11,9.9697,9.9697,9.9697,9.9697,0
2019-09-12,9.9038,9.9038,9.9038,9.9038,0
2019-09-13,9.6915,9.6915,9.6915,9.6915,0
2019-09-16,9.8086,9.8086,9.8086,9.8086,0
2019-09-17,9.8672,9.8672,9.8672,9.8672,0
2019-09-18,9.9111,9.9111,9.9111,9.9111,0
2019-09-19,9.9331,9.9331,9.9331,9.9331,0
2019-09-20,10.0502,10.0502,10.0502,10.0502,0
2019-09-23,10.0575,10.0575,10.0575,10.0575,0
2019-09-24,10.1746,10.1746,10.1746,10.1746,0
2019-09-25,10.0209,10.0209,10.0209,10.0209,0
2019-09-26,10.0941,10.0941,10.0941,10.0941,0
2019-09-27,10.1161,10.1161,10.1161,10.1161,0
2019-09-30,10.1579,10.1579,10.1579,10.1579,0
2019-10-01,10.1872,10.1872,10.1872,10.1872,0
2019-10-02,10.2165,10.2165,10.2165,10.2165,0
2019-10-03,10.3046,10.3046,10.3046,10.3046,0
2019-10-04,10.3706,10.3706,10.3706,10.3706,0
2019-10-07,10.2899,10.2899,10.2899,10.2899,0
2019-10-08,10.3192,10.3192,10.3192,10.3192,0
2019-10-09,10.2532,10.2532,10.2532,10.2532,0
2019-10-10,10.1065,10.1065,10.1065,10.1065,0
2019-10-11,9.9892,9.9892,9.9892,9.9892,0
2019-10-14,10.0552,10.0552,10.0552,10.0552,0
2019-10-15,9.9305,9.9305,9.9305,9.9305,0
2019-10-16,9.9452,9.9452,9.9452,9.9452,0
2019-10-17,9.9232,9.9232,9.9232,9.9232,0
2019-10-18,9.9232,9.9232,9.9232,9.9232,0
2019-10-21,9.8425,9.8425,9.8425,9.8425,0
2019-10-22,9.9012,9.9012,9.9012,9.9012,0
2019-10-23,9.9085,9.9085,9.9085,9.9085,0
2019-10-24,9.8865,9.8865,9.8865,9.8865,0
2019-10-25,9.8425,9.8425,9.8425,9.8425,0
2019-10-28,9.7545,9.7545,9.7545,9.7545,0
2019-10-29,9.7618,9.7618,9.7618,9.7618,0
2019-10-30,9.8938,9.8938,9.8938,9.8938,0
2019-10-31,10.0460,10.0460,10.0460,10.0460,0
2019-11-01,10.0166,10.0166,10.0166,10.0166,0
2019-11-04,9.8916,9.8916,9.8916,9.8916,0
2019-11-05,9.7741,9.7741,9.7741,9.7741,0
2019-11-06,9.8402,9.8402,9.8402,9.8402,0
2019-11-07,9.6638,9.6638,9.6638,9.6638,0
2019-11-08,9.6197,9.6197,9.6197,9.6197,0
2019-11-11,9.6271,9.6271,9.6271,9.6271,0
2019-11-12,9.6638,9.6638,9.6638,9.6638,0
2019-11-13,9.7226,9.7226,9.7226,9.7226,0
2019-11-14,9.8181,9.8181,9.8181,9.8181,0
2019-11-15,9.8108,9.8108,9.8108,9.8108,0
2019-11-18,9.8328,9.8328,9.8328,9.8328,0
2019-11-19,9.9063,9.9063,9.9063,9.9063,0
2019-11-20,10.0019,10.0019,10.0019,10.0019,0
2019-11-21,9.9431,9.9431,9.9431,9.9431,0
2019-11-22,9.9578,9.9578,9.9578,9.9578,0
2019-11-25,9.9872,9.9872,9.9872,9.9872,0
2019-11-26,10.0386,10.0386,10.0386,10.0386,0
2019-11-27,10.0019,10.0019,10.0019,10.0019,0
2019-11-29,10.0063,10.0063,10.0063,10.0063,0
2019-12-02,9.8738,9.8738,9.8738,9.8738,0
2019-12-03,10.0726,10.0726,10.0726,10.0726,0
2019-12-04,9.9768,9.9768,9.9768,9.9768,0
2019-12-05,9.9327,9.9327,9.9327,9.9327,0
2019-12-06,9.8738,9.8738,9.8738,9.8738,0
2019-12-09,9.8958,9.8958,9.8958,9.8958,0
2019-12-10,9.8958,9.8958,9.8958,9.8958,0
2019-12-11,9.9695,9.9695,9.9695,9.9695,0
2019-12-12,9.8075,9.8075,9.8075,9.8075,0
2019-12-13,9.9179,9.9179,9.9179,9.9179,0
2019-12-16,9.8222,9.8222,9.8222,9.8222,0
2019-12-17,9.8149,9.8149,9.8149,9.8149,0
2019-12-18,9.7339,9.7339,9.7339,9.7339,0
2019-12-19,9.7486,9.7486,9.7486,9.7486,0
2019-12-20,9.7604,9.7604,9.7604,9.7604,0
2019-12-23,9.7382,9.7382,9.7382,9.7382,0
2019-12-24,9.7678,9.7678,9.7678,9.7678,0
2019-12-26,9.7899,9.7899,9.7899,9.7899,0
2019-12-27,9.8047,9.8047,9.8047,9.8047,0
2019-12-30,9.7678,9.7678,9.7678,9.7678,0
2019-12-31,9.7064,9.7064,9.7064,9.7064,0
2020-01-02,9.8025,9.8025,9.8025,9.8025,0
2020-01-03,9.9431,9.9431,9.9431,9.9431,0
2020-01-06,9.8913,9.8913,9.8913,9.8913,0
2020-01-07,9.8469,9.8469,9.8469,9.8469,0
2020-01-08,9.7804,9.7804,9.7804,9.7804,0
2020-01-09,9.8099,9.8099,9.8099,9.8099,0
2020-01-10,9.8913,9.8913,9.8913,9.8913,0
2020-01-13,9.8617,9.8617,9.8617,9.8617,0
2020-01-14,9.9061,9.9061,9.9061,9.9061,0
2020-01-15,9.9727,9.9727,9.9727,9.9727,0
2020-01-16,9.9357,9.9357,9.9357,9.9357,0
2020-01-17,9.8617,9.8617,9.8617,9.8617,0
2020-01-21,9.9579,9.9579,9.9579,9.9579,0
2020-01-22,9.9949,9.9949,9.9949,9.9949,0
2020-01-23,10.0541,10.0541,10.0541,10.0541,0
2020-01-24,10.1355,10.1355,10.1355,10.1355,0
2020-01-27,10.2834,10.2834,10.2834,10.2834,0
2020-01-28,10.2020,10.2020,10.2020,10.2020,0
2020-01-29,10.3056,10.3056,10.3056,10.3056,0
2020-01-30,10.3056,10.3056,10.3056,10.3056,0
2020-01-31,10.4146,10.4146,10.4146,10.4146,0
2020-02-03,10.4072,10.4072,10.4072,10.4072,0
2020-02-04,10.2663,10.2663,10.2663,10.2663,0
2020-02-05,10.1626,10.1626,10.1626,10.1626,0
2020-02-06,10.2144,10.2144,10.2144,10.2144,0
2020-02-07,10.3256,10.3256,10.3256,10.3256,0
2020-02-10,10.3553,10.3553,10.3553,10.3553,0
2020-02-11,10.3034,10.3034,10.3034,10.3034,0
2020-02-12,10.2515,10.2515,10.2515,10.2515,0
2020-02-13,10.2886,10.2886,10.2886,10.2886,0
2020-02-14,10.3256,10.3256,10.3256,10.3256,0
2020-02-18,10.3923,10.3923,10.3923,10.3923,0
2020-02-19,10.3923,10.3923,10.3923,10.3923,0
2020-02-20,10.4739,10.4739,10.4739,10.4739,0
2020-02-21,10.5702,10.5702,10.5702,10.5702,0
2020-02-24,10.7259,10.7259,10.7259,10.7259,0
2020-02-25,10.7926,10.7926,10.7926,10.7926,0
2020-02-26,10.7333,10.7333,10.7333,10.7333,0
2020-02-27,10.8371,10.8371,10.8371,10.8371,0
2020-02-28,11.1007,11.1007,11.1007,11.1007,0
2020-03-02,11.0190,11.0190,11.0190,11.0190,0
2020-03-03,11.1898,11.1898,11.1898,11.1898,0
2020-03-04,11.0784,11.0784,11.0784,11.0784,0
2020-03-05,11.3309,11.3309,11.3309,11.3309,0
2020-03-06,11.8952,11.8952,11.8952,11.8952,0
2020-03-09,12.2071,12.2071,12.2071,12.2071,0
2020-03-10,11.6130,11.6130,11.6130,11.6130,0
2020-03-11,11.4868,11.4868,11.4868,11.4868,0
2020-03-12,11.3086,11.3086,11.3086,11.3086,0
2020-03-13,11.0636,11.0636,11.0636,11.0636,0
2020-03-16,11.6279,11.6279,11.6279,11.6279,0
2020-03-17,10.9448,10.9448,10.9448,10.9448,0
2020-03-18,10.4695,10.4695,10.4695,10.4695,0
2020-03-19,10.4770,10.4770,10.4770,10.4770,0
2020-03-20,11.1601,11.1601,11.1601,11.1601,0
2020-03-23,11.6279,11.6279,11.6279,11.6279,0
2020-03-24,11.5685,11.5685,11.5685,11.5685,0
2020-03-25,11.4942,11.4942,11.4942,11.4942,0
2020-03-26,11.5685,11.5685,11.5685,11.5685,0
2020-03-27,11.8432,11.8432,11.8432,11.8432,0
2020-03-30,11.7838,11.7838,11.7838,11.7838,0
2020-03-31,11.7298,11.7298,11.7298,11.7298,0
2020-04-01,11.9023,11.9023,11.9023,11.9023,0
2020-04-02,11.9698,11.9698,11.9698,11.9698,0
2020-04-03,12.0223,12.0223,12.0223,12.0223,0
2020-04-06,11.9473,11.9473,11.9473,11.9473,0
2020-04-07,11.8798,11.8798,11.8798,11.8798,0
2020-04-08,11.7673,11.7673,11.7673,11.7673,0
2020-04-09,11.7973,11.7973,11.7973,11.7973,0
2020-04-13,11.7073,11.7073,11.7073,11.7073,0
2020-04-14,11.7073,11.7073,11.7073,11.7073,0
2020-04-15,11.9998,11.9998,11.9998,11.9998,0
2020-04-16,12.1348,12.1348,12.1348,12.1348,0
2020-04-17,11.9698,11.9698,11.9698,11.9698,0
2020-04-20,12.0598,12.0598,12.0598,12.0598,0
2020-04-21,12.2098,12.2098,12.2098,12.2098,0
2020-04-22,12.0898,12.0898,12.0898,12.0898,0
2020-04-23,12.1573,12.1573,12.1573,12.1573,0
2020-04-24,12.1798,12.1798,12.1798,12.1798,0
2020-04-27,11.9698,11.9698,11.9698,11.9698,0
2020-04-28,12.0973,12.0973,12.0973,12.0973,0
2020-04-29,12.0448,12.0448,12.0448,12.0448,0
2020-04-30,11.9427,11.9427,11.9427,11.9427,0
2020-05-01,12.0178,12.0178,12.0178,12.0178,0
2020-05-04,11.9727,11.9727,11.9727,11.9727,0
2020-05-05,11.8976,11.8976,11.8976,11.8976,0
2020-05-06,11.7173,11.7173,11.7173,11.7173,0
2020-05-07,11.9051,11.9051,11.9051,11.9051,0
2020-05-08,11.7624,11.7624,11.7624,11.7624,0
2020-05-11,11.6647,11.6647,11.6647,11.6647,0
2020-05-12,11.7849,11.7849,11.7849,11.7849,0
2020-05-13,11.8600,11.8600,11.8600,11.8600,0
2020-05-14,11.9727,11.9727,11.9727,11.9727,0
2020-05-15,11.9351,11.9351,11.9351,11.9351,0
2020-05-18,11.6873,11.6873,11.6873,11.6873,0
2020-05-19,11.7323,11.7323,11.7323,11.7323,0
2020-05-20,11.7624,11.7624,11.7624,11.7624,0
2020-05-21,11.7924,11.7924,11.7924,11.7924,0
2020-05-22,11.8450,11.8450,11.8450,11.8450,0
2020-05-26,11.7023,11.7023,11.7023,11.7023,0
2020-05-27,11.6948,11.6948,11.6948,11.6948,0
2020-05-28,11.6422,11.6422,11.6422,11.6422,0
2020-05-29,11.7430,11.7430,11.7430,11.7430,0
2020-06-01,11.6678,11.6678,11.6678,11.6678,0
2020-06-02,11.6302,11.6302,11.6302,11.6302,0
2020-06-03,11.4797,11.4797,11.4797,11.4797,0
2020-06-04,11.3142,11.3142,11.3142,11.3142,0
2020-06-05,11.2315,11.2315,11.2315,11.2315,0
2020-06-08,11.2766,11.2766,11.2766,11.2766,0
2020-06-09,11.4045,11.4045,11.4045,11.4045,0
2020-06-10,11.5625,11.5625,11.5625,11.5625,0
2020-06-11,11.7806,11.7806,11.7806,11.7806,0
2020-06-12,11.6678,11.6678,11.6678,11.6678,0
2020-06-15,11.6753,11.6753,11.6753,11.6753,0
2020-06-16,11.5098,11.5098,11.5098,11.5098,0
2020-06-17,11.5399,11.5399,11.5399,11.5399,0
2020-06-18,11.6603,11.6603,11.6603,11.6603,0
2020-06-19,11.6678,11.6678,11.6678,11.6678,0
2020-06-22,11.6753,11.6753,11.6753,11.6753,0
2020-06-23,11.6001,11.6001,11.6001,11.6001,0
2020-06-24,11.7129,11.7129,11.7129,11.7129,0
2020-06-25,11.7430,11.7430,11.7430,11.7430,0
2020-06-26,11.8559,11.8559,11.8559,11.8559,0
2020-06-29,11.8258,11.8258,11.8258,11.8258,0
2020-06-30,11.7904,11.7904,11.7904,11.7904,0
2020-07-01,11.7602,11.7602,11.7602,11.7602,0
2020-07-02,11.7753,11.7753,11.7753,11.7753,0
2020-07-06,11.7301,11.7301,11.7301,11.7301,0
2020-07-07,11.8808,11.8808,11.8808,11.8808,0
2020-07-08,11.8431,11.8431,11.8431,11.8431,0
2020-07-09,12.0164,12.0164,12.0164,12.0164,0
2020-07-10,11.9561,11.9561,11.9561,11.9561,0
2020-07-13,11.9862,11.9862,11.9862,11.9862,0
2020-07-14,12.0088,12.0088,12.0088,12.0088,0
2020-07-15,11.9561,11.9561,11.9561,11.9561,0
2020-07-16,12.0088,12.0088,12.0088,12.0088,0
2020-07-17,11.9787,11.9787,11.9787,11.9787,0
2020-07-20,12.0088,12.0088,12.0088,12.0088,0
2020-07-21,12.0164,12.0164,12.0164,12.0164,0
2020-07-22,12.0540,12.0540,12.0540,12.0540,0
2020-07-23,12.1746,12.1746,12.1746,12.1746,0
2020-07-24,12.1821,12.1821,12.1821,12.1821,0
2020-07-27,12.1294,12.1294,12.1294,12.1294,0
2020-07-28,12.2122,12.2122,12.2122,12.2122,0
2020-07-29,12.1972,12.1972,12.1972,12.1972,0
2020-07-30,12.2725,12.2725,12.2725,12.2725,0
2020-07-31,12.2823,12.2823,12.2823,12.2823,0
2020-08-03,12.2220,12.2220,12.2220,12.2220,0
2020-08-04,12.3351,12.3351,12.3351,12.3351,0
2020-08-05,12.2371,12.2371,12.2371,12.2371,0
2020-08-06,12.2974,12.2974,12.2974,12.2974,0
2020-08-07,12.2220,12.2220,12.2220,12.2220,0
2020-08-10,12.1692,12.1692,12.1692,12.1692,0
2020-08-11,12.0258,12.0258,12.0258,12.0258,0
2020-08-12,11.9277,11.9277,11.9277,11.9277,0
2020-08-13,11.7995,11.7995,11.7995,11.7995,0
2020-08-14,11.7618,11.7618,11.7618,11.7618,0
2020-08-17,11.7919,11.7919,11.7919,11.7919,0
2020-08-18,11.8674,11.8674,11.8674,11.8674,0
2020-08-19,11.7995,11.7995,11.7995,11.7995,0
2020-08-20,11.9051,11.9051,11.9051,11.9051,0
2020-08-21,11.9655,11.9655,11.9655,11.9655,0
2020-08-24,11.9428,11.9428,11.9428,11.9428,0
2020-08-25,11.8598,11.8598,11.8598,11.8598,0
2020-08-26,11.8146,11.8146,11.8146,11.8146,0
2020-08-27,11.6260,11.6260,11.6260,11.6260,0
2020-08-28,11.6184,11.6184,11.6184,11.6184,0
2020-08-31,11.7038,11.7038,11.7038,11.7038,0
2020-09-01,11.8322,11.8322,11.8322,11.8322,0
2020-09-02,11.9380,11.9380,11.9380,11.9380,0
2020-09-03,11.9683,11.9683,11.9683,11.9683,0
2020-09-04,11.7416,11.7416,11.7416,11.7416,0
2020-09-08,11.8171,11.8171,11.8171,11.8171,0
2020-09-09,11.7794,11.7794,11.7794,11.7794,0
2020-09-10,11.8322,11.8322,11.8322,11.8322,0
2020-09-11,11.8549,11.8549,11.8549,11.8549,0
2020-09-14,11.8625,11.8625,11.8625,11.8625,0
2020-09-15,11.8398,11.8398,11.8398,11.8398,0
2020-09-16,11.8020,11.8020,11.8020,11.8020,0
2020-09-17,11.8398,11.8398,11.8398,11.8398,0
2020-09-18,11.7945,11.7945,11.7945,11.7945,0
2020-09-21,11.8474,11.8474,11.8474,11.8474,0
2020-09-22,11.8474,11.8474,11.8474,11.8474,0
2020-09-23,11.8625,11.8625,11.8625,11.8625,0
2020-09-24,11.9002,11.9002,11.9002,11.9002,0
2020-09-25,11.9002,11.9002,11.9002,11.9002,0
2020-09-28,11.8700,11.8700,11.8700,11.8700,0
2020-09-29,11.8851,11.8851,11.8851,11.8851,0
2020-09-30,11.7959,11.7959,11.7959,11.7959,0
2020-10-01,11.8186,11.8186,11.8186,11.8186,0
2020-10-02,11.7656,11.7656,11.7656,11.7656,0
2020-10-05,11.5537,11.5537,11.5537,11.5537,0
2020-10-06,11.6143,11.6143,11.6143,11.6143,0
2020-10-07,11.5235,11.5235,11.5235,11.5235,0
2020-10-08,11.5840,11.5840,11.5840,11.5840,0
2020-10-09,11.5764,11.5764,11.5764,11.5764,0
2020-10-12,11.6143,11.6143,11.6143,11.6143,0
2020-10-13,11.6975,11.6975,11.6975,11.6975,0
2020-10-14,11.7202,11.7202,11.7202,11.7202,0
2020-10-15,11.7051,11.7051,11.7051,11.7051,0
2020-10-16,11.6672,11.6672,11.6672,11.6672,0
2020-10-19,11.6218,11.6218,11.6218,11.6218,0
2020-10-20,11.5159,11.5159,11.5159,11.5159,0
2020-10-21,11.4781,11.4781,11.4781,11.4781,0
2020-10-22,11.3646,11.3646,11.3646,11.3646,0
2020-10-23,11.4251,11.4251,11.4251,11.4251,0
2020-10-26,11.5310,11.5310,11.5310,11.5310,0
2020-10-27,11.6067,11.6067,11.6067,11.6067,0
2020-10-28,11.6143,11.6143,11.6143,11.6143,0
2020-10-29,11.5008,11.5008,11.5008,11.5008,0
2020-10-30,11.4189,11.4189,11.4189,11.4189,0
2020-11-02,11.4871,11.4871,11.4871,11.4871,0
2020-11-03,11.4265,11.4265,11.4265,11.4265,0
2020-11-04,11.6614,11.6614,11.6614,11.6614,0
2020-11-05,11.6841,11.6841,11.6841,11.6841,0
2020-11-06,11.5477,11.5477,11.5477,11.5477,0
2020-11-09,11.3053,11.3053,11.3053,11.3053,0
2020-11-10,11.2447,11.2447,11.2447,11.2447,0
2020-11-11,11.2825,11.2825,11.2825,11.2825,0
2020-11-12,11.4720,11.4720,11.4720,11.4720,0
2020-11-13,11.4568,11.4568,11.4568,11.4568,0
2020-11-16,11.4265,11.4265,11.4265,11.4265,0
2020-11-17,11.5023,11.5023,11.5023,11.5023,0
2020-11-18,11.5250,11.5250,11.5250,11.5250,0
2020-11-19,11.5856,11.5856,11.5856,11.5856,0
2020-11-20,11.6841,11.6841,11.6841,11.6841,0
2020-11-23,11.6311,11.6311,11.6311,11.6311,0
2020-11-24,11.5250,11.5250,11.5250,11.5250,0
2020-11-25,11.4871,11.4871,11.4871,11.4871,0
2020-11-27,11.5932,11.5932,11.5932,11.5932,0
2020-11-30,11.5940,11.5940,11.5940,11.5940,0
2020-12-01,11.4270,11.4270,11.4270,11.4270,0
2020-12-02,11.3360,11.3360,11.3360,11.3360,0
2020-12-03,11.4270,11.4270,11.4270,11.4270,0
2020-12-04,11.2677,11.2677,11.2677,11.2677,0
2020-12-07,11.3663,11.3663,11.3663,11.3663,0
2020-12-08,11.4195,11.4195,11.4195,11.4195,0
2020-12-09,11.3739,11.3739,11.3739,11.3739,0
2020-12-10,11.4802,11.4802,11.4802,11.4802,0
2020-12-11,11.5105,11.5105,11.5105,11.5105,0
2020-12-14,11.4877,11.4877,11.4877,11.4877,0
2020-12-15,11.4498,11.4498,11.4498,11.4498,0
2020-12-16,11.4195,11.4195,11.4195,11.4195,0
2020-12-17,11.3967,11.3967,11.3967,11.3967,0
2020-12-18,11.3588,11.3588,11.3588,11.3588,0
2020-12-21,11.4043,11.4043,11.4043,11.4043,0
2020-12-22,11.4574,11.4574,11.4574,11.4574,0
2020-12-23,11.3739,11.3739,11.3739,11.3739,0
2020-12-24,11.4195,11.4195,11.4195,11.4195,0
2020-12-28,11.4270,11.4270,11.4270,11.4270,0
2020-12-29,11.4075,11.4075,11.4075,11.4075,0
2020-12-30,11.4319,11.4319,11.4319,11.4319,0
2020-12-31,11.4744,11.4744,11.4744,11.4744,0
2021-01-04,11.4499,11.4499,11.4499,11.4499,0
2021-01-05,11.3764,11.3764,11.3764,11.3764,0
2021-01-06,11.1559,11.1559,11.1559,11.1559,0
2021-01-07,11.0661,11.0661,11.0661,11.0661,0
2021-01-08,11.0252,11.0252,11.0252,11.0252,0
2021-01-11,11.0007,11.0007,11.0007,11.0007,0
2021-01-12,10.9926,10.9926,10.9926,10.9926,0
2021-01-13,11.1069,11.1069,11.1069,11.1069,0
2021-01-14,11.0089,11.0089,11.0089,11.0089,0
2021-01-15,11.0579,11.0579,11.0579,11.0579,0
2021-01-19,11.0906,11.0906,11.0906,11.0906,0
2021-01-20,11.0906,11.0906,11.0906,11.0906,0
2021-01-21,11.0252,11.0252,11.0252,11.0252,0
2021-01-22,11.0497,11.0497,11.0497,11.0497,0
2021-01-25,11.1722,11.1722,11.1722,11.1722,0
2021-01-26,11.1641,11.1641,11.1641,11.1641,0
2021-01-27,11.1641,11.1641,11.1641,11.1641,0
2021-01-28,11.1314,11.1314,11.1314,11.1314,0
2021-01-29,11.0823,11.0823,11.0823,11.0823,0
2021-02-01,11.0905,11.0905,11.0905,11.0905,0
2021-02-02,11.0332,11.0332,11.0332,11.0332,0
2021-02-03,10.9351,10.9351,10.9351,10.9351,0
2021-02-04,10.9024,10.9024,10.9024,10.9024,0
2021-02-05,10.8124,10.8124,10.8124,10.8124,0
2021-02-08,10.8615,10.8615,10.8615,10.8615,0
2021-02-09,10.8615,10.8615,10.8615,10.8615,0
2021-02-10,10.9269,10.9269,10.9269,10.9269,0
2021-02-11,10.8779,10.8779,10.8779,10.8779,0
2021-02-12,10.7470,10.7470,10.7470,10.7470,0
2021-02-16,10.5916,10.5916,10.5916,10.5916,0
2021-02-17,10.6407,10.6407,10.6407,10.6407,0
2021-02-18,10.6080,10.6080,10.6080,10.6080,0
2021-02-19,10.4771,10.4771,10.4771,10.4771,0
2021-02-22,10.3953,10.3953,10.3953,10.3953,0
2021-02-23,10.3708,10.3708,10.3708,10.3708,0
2021-02-24,10.3135,10.3135,10.3135,10.3135,0
2021-02-25,10.1336,10.1336,10.1336,10.1336,0
2021-02-26,10.4604,10.4604,10.4604,10.4604,0
2021-03-01,10.3375,10.3375,10.3375,10.3375,0
2021-03-02,10.3457,10.3457,10.3457,10.3457,0
2021-03-03,10.2392,10.2392,10.2392,10.2392,0
2021-03-04,10.1737,10.1737,10.1737,10.1737,0
2021-03-05,10.1819,10.1819,10.1819,10.1819,0
2021-03-08,10.1164,10.1164,10.1164,10.1164,0
2021-03-09,10.2311,10.2311,10.2311,10.2311,0
2021-03-10,10.2556,10.2556,10.2556,10.2556,0
2021-03-11,10.1901,10.1901,10.1901,10.1901,0
2021-03-12,9.9771,9.9771,9.9771,9.9771,0
2021-03-15,10.0263,10.0263,10.0263,10.0263,0
2021-03-16,9.9935,9.9935,9.9935,9.9935,0
2021-03-17,9.9280,9.9280,9.9280,9.9280,0
2021-03-18,9.8379,9.8379,9.8379,9.8379,0
2021-03-19,9.8870,9.8870,9.8870,9.8870,0
2021-03-22,9.9853,9.9853,9.9853,9.9853,0
2021-03-23,10.0754,10.0754,10.0754,10.0754,0
2021-03-24,10.1246,10.1246,10.1246,10.1246,0
2021-03-25,10.0590,10.0590,10.0590,10.0590,0
2021-03-26,10.0181,10.0181,10.0181,10.0181,0
2021-03-29,9.9362,9.9362,9.9362,9.9362,0
2021-03-30,9.9853,9.9853,9.9853,9.9853,0
2021-03-31,9.9575,9.9575,9.9575,9.9575,0
2021-04-01,10.1009,10.1009,10.1009,10.1009,0
2021-04-05,10.0587,10.0587,10.0587,10.0587,0
2021-04-06,10.1178,10.1178,10.1178,10.1178,0
2021-04-07,10.0672,10.0672,10.0672,10.0672,0
2021-04-08,10.1347,10.1347,10.1347,10.1347,0
2021-04-09,10.1009,10.1009,10.1009,10.1009,0
2021-04-12,10.1009,10.1009,10.1009,10.1009,0
2021-04-13,10.1600,10.1600,10.1600,10.1600,0
2021-04-14,10.1347,10.1347,10.1347,10.1347,0
2021-04-15,10.2950,10.2950,10.2950,10.2950,0
2021-04-16,10.2191,10.2191,10.2191,10.2191,0
2021-04-19,10.1937,10.1937,10.1937,10.1937,0
2021-04-20,10.2359,10.2359,10.2359,10.2359,0
2021-04-21,10.2528,10.2528,10.2528,10.2528,0
2021-04-22,10.2866,10.2866,10.2866,10.2866,0
2021-04-23,10.2697,10.2697,10.2697,10.2697,0
2021-04-26,10.2613,10.2613,10.2613,10.2613,0
2021-04-27,10.1769,10.1769,10.1769,10.1769,0
2021-04-28,10.1853,10.1853,10.1853,10.1853,0
2021-04-29,10.1516,10.1516,10.1516,10.1516,0
2021-04-30,10.1938,10.1938,10.1938,10.1938,0
2021-05-03,10.2023,10.2023,10.2023,10.2023,0
2021-05-04,10.2530,10.2530,10.2530,10.2530,0
2021-05-05,10.2699,10.2699,10.2699,10.2699,0
2021-05-06,10.2868,10.2868,10.2868,10.2868,0
2021-05-07,10.2445,10.2445,10.2445,10.2445,0
2021-05-10,10.1516,10.1516,10.1516,10.1516,0
2021-05-11,10.0924,10.0924,10.0924,10.0924,0
2021-05-12,9.9909,9.9909,9.9909,9.9909,0
2021-05-13,10.0079,10.0079,10.0079,10.0079,0
2021-05-14,10.0839,10.0839,10.0839,10.0839,0
2021-05-17,10.0670,10.0670,10.0670,10.0670,0
2021-05-18,10.0501,10.0501,10.0501,10.0501,0
2021-05-19,10.0163,10.0163,10.0163,10.0163,0
2021-05-20,10.1008,10.1008,10.1008,10.1008,0
2021-05-21,10.1262,10.1262,10.1262,10.1262,0
2021-05-24,10.1600,10.1600,10.1600,10.1600,0
2021-05-25,10.2530,10.2530,10.2530,10.2530,0
2021-05-26,10.2361,10.2361,10.2361,10.2361,0
2021-05-27,10.1938,10.1938,10.1938,10.1938,0
2021-05-28,10.2108,10.2108,10.2108,10.2108,0
2021-06-01,10.1853,10.1853,10.1853,10.1853,0
2021-06-02,10.2108,10.2108,10.2108,10.2108,0
2021-06-03,10.1769,10.1769,10.1769,10.1769,0
2021-06-04,10.3039,10.3039,10.3039,10.3039,0
2021-06-07,10.2700,10.2700,10.2700,10.2700,0
2021-06-08,10.3378,10.3378,10.3378,10.3378,0
2021-06-09,10.4224,10.4224,10.4224,10.4224,0
2021-06-10,10.4817,10.4817,10.4817,10.4817,0
2021-06-11,10.4647,10.4647,10.4647,10.4647,0
2021-06-14,10.3885,10.3885,10.3885,10.3885,0
2021-06-15,10.3801,10.3801,10.3801,10.3801,0
2021-06-16,10.3631,10.3631,10.3631,10.3631,0
2021-06-17,10.5071,10.5071,10.5071,10.5071,0
2021-06-18,10.6849,10.6849,10.6849,10.6849,0
2021-06-21,10.5325,10.5325,10.5325,10.5325,0
2021-06-22,10.5409,10.5409,10.5409,10.5409,0
2021-06-23,10.5240,10.5240,10.5240,10.5240,0
2021-06-24,10.5325,10.5325,10.5325,10.5325,0
2021-06-25,10.4393,10.4393,10.4393,10.4393,0
2021-06-28,10.5325,10.5325,10.5325,10.5325,0
2021-06-29,10.5494,10.5494,10.5494,10.5494,0
2021-06-30,10.6096,10.6096,10.6096,10.6096,0
2021-07-01,10.6096,10.6096,10.6096,10.6096,0
2021-07-02,10.6605,10.6605,10.6605,10.6605,0
2021-07-06,10.7792,10.7792,10.7792,10.7792,0
2021-07-07,10.8725,10.8725,10.8725,10.8725,0
2021-07-08,10.9149,10.9149,10.9149,10.9149,0
2021-07-09,10.7792,10.7792,10.7792,10.7792,0
2021-07-12,10.7623,10.7623,10.7623,10.7623,0
2021-07-13,10.6775,10.6775,10.6775,10.6775,0
2021-07-14,10.7962,10.7962,10.7962,10.7962,0
2021-07-15,10.9065,10.9065,10.9065,10.9065,0
2021-07-16,10.8810,10.8810,10.8810,10.8810,0
2021-07-19,11.1015,11.1015,11.1015,11.1015,0
2021-07-20,11.0082,11.0082,11.0082,11.0082,0
2021-07-21,10.8810,10.8810,10.8810,10.8810,0
2021-07-22,10.9658,10.9658,10.9658,10.9658,0
2021-07-23,10.8980,10.8980,10.8980,10.8980,0
2021-07-26,10.8725,10.8725,10.8725,10.8725,0
2021-07-27,10.9743,10.9743,10.9743,10.9743,0
2021-07-28,10.9743,10.9743,10.9743,10.9743,0
2021-07-29,10.9234,10.9234,10.9234,10.9234,0
2021-07-30,10.9922,10.9922,10.9922,10.9922,0
2021-08-02,11.0772,11.0772,11.0772,11.0772,0
2021-08-03,11.0857,11.0857,11.0857,11.0857,0
2021-08-04,11.1112,11.1112,11.1112,11.1112,0
2021-08-05,11.0517,11.0517,11.0517,11.0517,0
2021-08-06,10.8818,10.8818,10.8818,10.8818,0
2021-08-09,10.8393,10.8393,10.8393,10.8393,0
2021-08-10,10.7969,10.7969,10.7969,10.7969,0
2021-08-11,10.7884,10.7884,10.7884,10.7884,0
2021-08-12,10.7714,10.7714,10.7714,10.7714,0
2021-08-13,10.9243,10.9243,10.9243,10.9243,0
2021-08-16,10.9583,10.9583,10.9583,10.9583,0
2021-08-17,10.9583,10.9583,10.9583,10.9583,0
2021-08-18,10.9837,10.9837,10.9837,10.9837,0
2021-08-19,11.0602,11.0602,11.0602,11.0602,0
2021-08-20,11.0602,11.0602,11.0602,11.0602,0
2021-08-23,11.0602,11.0602,11.0602,11.0602,0
2021-08-24,10.9837,10.9837,10.9837,10.9837,0
2021-08-25,10.8903,10.8903,10.8903,10.8903,0
2021-08-26,10.9158,10.9158,10.9158,10.9158,0
2021-08-27,10.9837,10.9837,10.9837,10.9837,0
2021-08-30,11.0092,11.0092,11.0092,11.0092,0
2021-08-31,10.9667,10.9667,10.9667,10.9667,0
2021-09-01,10.9752,10.9752,10.9752,10.9752,0
2021-09-02,11.0177,11.0177,11.0177,11.0177,0
2021-09-03,10.9241,10.9241,10.9241,10.9241,0
2021-09-07,10.8391,10.8391,10.8391,10.8391,0
2021-09-08,10.8986,10.8986,10.8986,10.8986,0
2021-09-09,11.0177,11.0177,11.0177,11.0177,0
2021-09-10,10.9326,10.9326,10.9326,10.9326,0
2021-09-13,11.0007,11.0007,11.0007,11.0007,0
2021-09-14,11.1113,11.1113,11.1113,11.1113,0
2021-09-15,11.0773,11.0773,11.0773,11.0773,0
2021-09-16,11.0262,11.0262,11.0262,11.0262,0
2021-09-17,10.9752,10.9752,10.9752,10.9752,0
2021-09-20,11.1028,11.1028,11.1028,11.1028,0
2021-09-21,11.0943,11.0943,11.0943,11.0943,0
2021-09-22,11.1453,11.1453,11.1453,11.1453,0
2021-09-23,10.9071,10.9071,10.9071,10.9071,0
2021-09-24,10.8135,10.8135,10.8135,10.8135,0
2021-09-27,10.7710,10.7710,10.7710,10.7710,0
2021-09-28,10.6179,10.6179,10.6179,10.6179,0
2021-09-29,10.6349,10.6349,10.6349,10.6349,0
2021-09-30,10.6511,10.6511,10.6511,10.6511,0
2021-10-01,10.7277,10.7277,10.7277,10.7277,0
2021-10-04,10.7022,10.7022,10.7022,10.7022,0
2021-10-05,10.6085,10.6085,10.6085,10.6085,0
2021-10-06,10.6596,10.6596,10.6596,10.6596,0
2021-10-07,10.5488,10.5488,10.5488,10.5488,0
2021-10-08,10.4806,10.4806,10.4806,10.4806,0
2021-10-11,10.4551,10.4551,10.4551,10.4551,0
2021-10-12,10.6255,10.6255,10.6255,10.6255,0
2021-10-13,10.7192,10.7192,10.7192,10.7192,0
2021-10-14,10.7618,10.7618,10.7618,10.7618,0
2021-10-15,10.6937,10.6937,10.6937,10.6937,0
2021-10-18,10.7363,10.7363,10.7363,10.7363,0
2021-10-19,10.5999,10.5999,10.5999,10.5999,0
2021-10-20,10.5318,10.5318,10.5318,10.5318,0
2021-10-21,10.5233,10.5233,10.5233,10.5233,0
2021-10-22,10.6255,10.6255,10.6255,10.6255,0
2021-10-25,10.6085,10.6085,10.6085,10.6085,0
2021-10-26,10.6851,10.6851,10.6851,10.6851,0
2021-10-27,10.8726,10.8726,10.8726,10.8726,0
2021-10-28,10.8215,10.8215,10.8215,10.8215,0
2021-10-29,10.8642,10.8642,10.8642,10.8642,0
2021-11-01,10.8129,10.8129,10.8129,10.8129,0
2021-11-02,10.8471,10.8471,10.8471,10.8471,0
2021-11-03,10.7532,10.7532,10.7532,10.7532,0
2021-11-04,10.8556,10.8556,10.8556,10.8556,0
2021-11-05,11.0007,11.0007,11.0007,11.0007,0
2021-11-08,10.9836,10.9836,10.9836,10.9836,0
2021-11-09,11.1031,11.1031,11.1031,11.1031,0
2021-11-10,10.9239,10.9239,10.9239,10.9239,0
2021-11-11,10.8898,10.8898,10.8898,10.8898,0
2021-11-12,10.8642,10.8642,10.8642,10.8642,0
2021-11-15,10.7276,10.7276,10.7276,10.7276,0
2021-11-16,10.7105,10.7105,10.7105,10.7105,0
2021-11-17,10.7788,10.7788,10.7788,10.7788,0
2021-11-18,10.8129,10.8129,10.8129,10.8129,0
2021-11-19,10.9239,10.9239,10.9239,10.9239,0
2021-11-22,10.7959,10.7959,10.7959,10.7959,0
2021-11-23,10.6508,10.6508,10.6508,10.6508,0
2021-11-24,10.8044,10.8044,10.8044,10.8044,0
2021-11-26,11.0604,11.0604,11.0604,11.0604,0
2021-11-29,10.9751,10.9751,10.9751,10.9751,0
2021-11-30,11.1546,11.1546,11.1546,11.1546,0
2021-12-01,11.1973,11.1973,11.1973,11.1973,0
2021-12-02,11.2144,11.2144,11.2144,11.2144,0
2021-12-03,11.3341,11.3341,11.3341,11.3341,0
2021-12-06,11.1888,11.1888,11.1888,11.1888,0
2021-12-07,11.1119,11.1119,11.1119,11.1119,0
2021-12-08,10.9495,10.9495,10.9495,10.9495,0
2021-12-09,11.0007,11.0007,11.0007,11.0007,0
2021-12-10,10.9751,10.9751,10.9751,10.9751,0
2021-12-13,11.1204,11.1204,11.1204,11.1204,0
2021-12-14,11.0948,11.0948,11.0948,11.0948,0
2021-12-15,11.0007,11.0007,11.0007,11.0007,0
2021-12-16,11.0007,11.0007,11.0007,11.0007,0
2021-12-17,11.1119,11.1119,11.1119,11.1119,0
2021-12-20,11.0435,11.0435,11.0435,11.0435,0
2021-12-21,10.9922,10.9922,10.9922,10.9922,0
2021-12-22,11.0435,11.0435,11.0435,11.0435,0
2021-12-23,10.9495,10.9495,10.9495,10.9495,0
2021-12-27,10.9751,10.9751,10.9751,10.9751,0
2021-12-28,10.9324,10.9324,10.9324,10.9324,0
2021-12-29,10.8212,10.8212,10.8212,10.8212,0
2021-12-30,10.9067,10.9067,10.9067,10.9067,0
2021-12-31,10.9410,10.9410,10.9410,10.9410,0
2022-01-03,10.6841,10.6841,10.6841,10.6841,0
2022-01-04,10.6328,10.6328,10.6328,10.6328,0
2022-01-05,10.5814,10.5814,10.5814,10.5814,0
2022-01-06,10.5985,10.5985,10.5985,10.5985,0
2022-01-07,10.5300,10.5300,10.5300,10.5300,0
2022-01-10,10.5472,10.5472,10.5472,10.5472,0
2022-01-11,10.6071,10.6071,10.6071,10.6071,0
2022-01-12,10.5728,10.5728,10.5728,10.5728,0
2022-01-13,10.6584,10.6584,10.6584,10.6584,0
2022-01-14,10.5044,10.5044,10.5044,10.5044,0
2022-01-18,10.3588,10.3588,10.3588,10.3588,0
2022-01-19,10.4359,10.4359,10.4359,10.4359,0
2022-01-20,10.4872,10.4872,10.4872,10.4872,0
2022-01-21,10.6071,10.6071,10.6071,10.6071,0
2022-01-24,10.5300,10.5300,10.5300,10.5300,0
2022-01-25,10.5044,10.5044,10.5044,10.5044,0
2022-01-26,10.3845,10.3845,10.3845,10.3845,0
2022-01-27,10.5557,10.5557,10.5557,10.5557,0
2022-01-28,10.5643,10.5643,10.5643,10.5643,0
2022-01-31,10.5386,10.5386,10.5386,10.5386,0
2022-02-01,10.5042,10.5042,10.5042,10.5042,0
2022-02-02,10.5386,10.5386,10.5386,10.5386,0
2022-02-03,10.4614,10.4614,10.4614,10.4614,0
2022-02-04,10.3156,10.3156,10.3156,10.3156,0
2022-02-07,10.3156,10.3156,10.3156,10.3156,0
2022-02-08,10.2470,10.2470,10.2470,10.2470,0
2022-02-09,10.2727,10.2727,10.2727,10.2727,0
2022-02-10,10.1098,10.1098,10.1098,10.1098,0
2022-02-11,10.2642,10.2642,10.2642,10.2642,0
2022-02-14,10.1355,10.1355,10.1355,10.1355,0
2022-02-15,10.0326,10.0326,10.0326,10.0326,0
2022-02-16,10.0841,10.0841,10.0841,10.0841,0
2022-02-17,10.1527,10.1527,10.1527,10.1527,0
2022-02-18,10.2556,10.2556,10.2556,10.2556,0
2022-02-22,10.2727,10.2727,10.2727,10.2727,0
2022-02-23,10.1355,10.1355,10.1355,10.1355,0
2022-02-24,10.1441,10.1441,10.1441,10.1441,0
2022-02-25,10.1441,10.1441,10.1441,10.1441,0
2022-02-28,10.3751,10.3751,10.3751,10.3751,0
2022-03-01,10.4954,10.4954,10.4954,10.4954,0
2022-03-02,10.1604,10.1604,10.1604,10.1604,0
2022-03-03,10.2549,10.2549,10.2549,10.2549,0
2022-03-04,10.4267,10.4267,10.4267,10.4267,0
2022-03-07,10.3580,10.3580,10.3580,10.3580,0
2022-03-08,10.2377,10.2377,10.2377,10.2377,0
2022-03-09,10.1432,10.1432,10.1432,10.1432,0
2022-03-10,10.0144,10.0144,10.0144,10.0144,0
2022-03-11,10.0402,10.0402,10.0402,10.0402,0
2022-03-14,9.8255,9.8255,9.8255,9.8255,0
2022-03-15,9.8083,9.8083,9.8083,9.8083,0
2022-03-16,9.8856,9.8856,9.8856,9.8856,0
2022-03-17,9.8083,9.8083,9.8083,9.8083,0
2022-03-18,9.9114,9.9114,9.9114,9.9114,0
2022-03-21,9.6966,9.6966,9.6966,9.6966,0
2022-03-22,9.5850,9.5850,9.5850,9.5850,0
2022-03-23,9.7739,9.7739,9.7739,9.7739,0
2022-03-24,9.7052,9.7052,9.7052,9.7052,0
2022-03-25,9.5678,9.5678,9.5678,9.5678,0
2022-03-28,9.6365,9.6365,9.6365,9.6365,0
2022-03-29,9.7138,9.7138,9.7138,9.7138,0
2022-03-30,9.7825,9.7825,9.7825,9.7825,0
2022-03-31,9.8264,9.8264,9.8264,9.8264,0
2022-04-01,9.8522,9.8522,9.8522,9.8522,0
2022-04-04,9.7920,9.7920,9.7920,9.7920,0
2022-04-05,9.5855,9.5855,9.5855,9.5855,0
2022-04-06,9.5080,9.5080,9.5080,9.5080,0
2022-04-07,9.4306,9.4306,9.4306,9.4306,0
2022-04-08,9.3187,9.3187,9.3187,9.3187,0
2022-04-11,9.1897,9.1897,9.1897,9.1897,0
2022-04-12,9.1811,9.1811,9.1811,9.1811,0
2022-04-13,9.1983,9.1983,9.1983,9.1983,0
2022-04-14,9.0262,9.0262,9.0262,9.0262,0
2022-04-18,8.9746,8.9746,8.9746,8.9746,0
2022-04-19,8.9143,8.9143,8.9143,8.9143,0
2022-04-20,9.0864,9.0864,9.0864,9.0864,0
2022-04-21,9.0176,9.0176,9.0176,9.0176,0
2022-04-22,8.9746,8.9746,8.9746,8.9746,0
2022-04-25,9.0520,9.0520,9.0520,9.0520,0
2022-04-26,9.1380,9.1380,9.1380,9.1380,0
2022-04-27,9.0348,9.0348,9.0348,9.0348,0
2022-04-28,9.0434,9.0434,9.0434,9.0434,0
2022-04-29,8.9486,8.9486,8.9486,8.9486,0
2022-05-02,8.8106,8.8106,8.8106,8.8106,0
2022-05-03,8.8624,8.8624,8.8624,8.8624,0
2022-05-04,8.8968,8.8968,8.8968,8.8968,0
2022-05-05,8.6813,8.6813,8.6813,8.6813,0
2022-05-06,8.5520,8.5520,8.5520,8.5520,0
2022-05-09,8.6210,8.6210,8.6210,8.6210,0
2022-05-10,8.6986,8.6986,8.6986,8.6986,0
2022-05-11,8.8365,8.8365,8.8365,8.8365,0
2022-05-12,8.8365,8.8365,8.8365,8.8365,0
2022-05-13,8.7072,8.7072,8.7072,8.7072,0
2022-05-16,8.7158,8.7158,8.7158,8.7158,0
2022-05-17,8.6123,8.6123,8.6123,8.6123,0
2022-05-18,8.7848,8.7848,8.7848,8.7848,0
2022-05-19,8.7934,8.7934,8.7934,8.7934,0
2022-05-20,8.8882,8.8882,8.8882,8.8882,0
2022-05-23,8.7589,8.7589,8.7589,8.7589,0
2022-05-24,8.9141,8.9141,8.9141,8.9141,0
2022-05-25,8.9399,8.9399,8.9399,8.9399,0
2022-05-26,8.9055,8.9055,8.9055,8.9055,0
2022-05-27,8.9227,8.9227,8.9227,8.9227,0
2022-05-31,8.7689,8.7689,8.7689,8.7689,0
2022-06-01,8.7603,8.7603,8.7603,8.7603,0
2022-06-02,8.7603,8.7603,8.7603,8.7603,0
2022-06-03,8.7344,8.7344,8.7344,8.7344,0
2022-06-06,8.5875,8.5875,8.5875,8.5875,0
2022-06-07,8.6739,8.6739,8.6739,8.6739,0
2022-06-08,8.6048,8.6048,8.6048,8.6048,0
2022-06-09,8.6220,8.6220,8.6220,8.6220,0
2022-06-10,8.5616,8.5616,8.5616,8.5616,0
2022-06-13,8.3110,8.3110,8.3110,8.3110,0
2022-06-14,8.2074,8.2074,8.2074,8.2074,0
2022-06-15,8.3542,8.3542,8.3542,8.3542,0
2022-06-16,8.4061,8.4061,8.4061,8.4061,0
2022-06-17,8.4493,8.4493,8.4493,8.4493,0
2022-06-21,8.3110,8.3110,8.3110,8.3110,0
2022-06-22,8.5184,8.5184,8.5184,8.5184,0
2022-06-23,8.5789,8.5789,8.5789,8.5789,0
2022-06-24,8.4665,8.4665,8.4665,8.4665,0
2022-06-27,8.4061,8.4061,8.4061,8.4061,0
2022-06-28,8.4320,8.4320,8.4320,8.4320,0
2022-06-29,8.5529,8.5529,8.5529,8.5529,0
2022-06-30,8.6404,8.6404,8.6404,8.6404,0
2022-07-01,8.7183,8.7183,8.7183,8.7183,0
2022-07-05,8.7962,8.7962,8.7962,8.7962,0
2022-07-06,8.6577,8.6577,8.6577,8.6577,0
2022-07-07,8.5884,8.5884,8.5884,8.5884,0
2022-07-08,8.4932,8.4932,8.4932,8.4932,0
2022-07-11,8.6404,8.6404,8.6404,8.6404,0
2022-07-12,8.6750,8.6750,8.6750,8.6750,0
2022-07-13,8.7616,8.7616,8.7616,8.7616,0
2022-07-14,8.6923,8.6923,8.6923,8.6923,0
2022-07-15,8.7443,8.7443,8.7443,8.7443,0
2022-07-18,8.6577,8.6577,8.6577,8.6577,0
2022-07-19,8.6144,8.6144,8.6144,8.6144,0
2022-07-20,8.6404,8.6404,8.6404,8.6404,0
2022-07-21,8.7702,8.7702,8.7702,8.7702,0
2022-07-22,8.9174,8.9174,8.9174,8.9174,0
2022-07-25,8.8308,8.8308,8.8308,8.8308,0
2022-07-26,8.8395,8.8395,8.8395,8.8395,0
2022-07-27,8.8049,8.8049,8.8049,8.8049,0
2022-07-28,8.8655,8.8655,8.8655,8.8655,0
2022-07-29,8.8672,8.8672,8.8672,8.8672,0
2022-08-01,9.0581,9.0581,9.0581,9.0581,0
2022-08-02,8.8846,8.8846,8.8846,8.8846,0
2022-08-03,9.0060,9.0060,9.0060,9.0060,0
2022-08-04,9.0060,9.0060,9.0060,9.0060,0
2022-08-05,8.8065,8.8065,8.8065,8.8065,0
2022-08-08,8.9279,8.9279,8.9279,8.9279,0
2022-08-09,8.8932,8.8932,8.8932,8.8932,0
2022-08-10,8.8412,8.8412,8.8412,8.8412,0
2022-08-11,8.6590,8.6590,8.6590,8.6590,0
2022-08-12,8.7371,8.7371,8.7371,8.7371,0
2022-08-15,8.7371,8.7371,8.7371,8.7371,0
2022-08-16,8.7718,8.7718,8.7718,8.7718,0
2022-08-17,8.6763,8.6763,8.6763,8.6763,0
2022-08-18,8.6937,8.6937,8.6937,8.6937,0
2022-08-19,8.5635,8.5635,8.5635,8.5635,0
2022-08-22,8.5288,8.5288,8.5288,8.5288,0
2022-08-23,8.4855,8.4855,8.4855,8.4855,0
2022-08-24,8.4247,8.4247,8.4247,8.4247,0
2022-08-25,8.5375,8.5375,8.5375,8.5375,0
2022-08-26,8.5896,8.5896,8.5896,8.5896,0
2022-08-29,8.5115,8.5115,8.5115,8.5115,0
2022-08-30,8.5375,8.5375,8.5375,8.5375,0
2022-08-31,8.4784,8.4784,8.4784,8.4784,0
2022-09-01,8.3306,8.3306,8.3306,8.3306,0
2022-09-02,8.3740,8.3740,8.3740,8.3740,0
2022-09-06,8.1827,8.1827,8.1827,8.1827,0
2022-09-07,8.2958,8.2958,8.2958,8.2958,0
2022-09-08,8.2349,8.2349,8.2349,8.2349,0
2022-09-09,8.2349,8.2349,8.2349,8.2349,0
2022-09-12,8.1740,8.1740,8.1740,8.1740,0
2022-09-13,8.1914,8.1914,8.1914,8.1914,0
2022-09-14,8.2088,8.2088,8.2088,8.2088,0
2022-09-15,8.1914,8.1914,8.1914,8.1914,0
2022-09-16,8.1305,8.1305,8.1305,8.1305,0
2022-09-19,8.1479,8.1479,8.1479,8.1479,0
2022-09-20,8.0697,8.0697,8.0697,8.0697,0
2022-09-21,8.1827,8.1827,8.1827,8.1827,0
2022-09-22,7.9827,7.9827,7.9827,7.9827,0
2022-09-23,8.0175,8.0175,8.0175,8.0175,0
2022-09-26,7.8610,7.8610,7.8610,7.8610,0
2022-09-27,7.6697,7.6697,7.6697,7.6697,0
2022-09-28,7.9132,7.9132,7.9132,7.9132,0
2022-09-29,7.8697,7.8697,7.8697,7.8697,0
2022-09-30,7.8017,7.8017,7.8017,7.8017,0
2022-10-03,7.9237,7.9237,7.9237,7.9237,0
2022-10-04,7.8976,7.8976,7.8976,7.8976,0
2022-10-05,7.8191,7.8191,7.8191,7.8191,0
2022-10-06,7.7843,7.7843,7.7843,7.7843,0
2022-10-07,7.7058,7.7058,7.7058,7.7058,0
2022-10-10,7.6012,7.6012,7.6012,7.6012,0
2022-10-11,7.6273,7.6273,7.6273,7.6273,0
2022-10-12,7.6622,7.6622,7.6622,7.6622,0
2022-10-13,7.5925,7.5925,7.5925,7.5925,0
2022-10-14,7.5402,7.5402,7.5402,7.5402,0
2022-10-17,7.5053,7.5053,7.5053,7.5053,0
2022-10-18,7.5315,7.5315,7.5315,7.5315,0
2022-10-19,7.4007,7.4007,7.4007,7.4007,0
2022-10-20,7.2874,7.2874,7.2874,7.2874,0
2022-10-21,7.1566,7.1566,7.1566,7.1566,0
2022-10-24,7.1130,7.1130,7.1130,7.1130,0
2022-10-25,7.2961,7.2961,7.2961,7.2961,0
2022-10-26,7.3920,7.3920,7.3920,7.3920,0
2022-10-27,7.4617,7.4617,7.4617,7.4617,0
2022-10-28,7.4094,7.4094,7.4094,7.4094,0
2022-10-31,7.3683,7.3683,7.3683,7.3683,0
2022-11-01,7.4383,7.4383,7.4383,7.4383,0
2022-11-02,7.4033,7.4033,7.4033,7.4033,0
2022-11-03,7.3596,7.3596,7.3596,7.3596,0
2022-11-04,7.2634,7.2634,7.2634,7.2634,0
2022-11-07,7.1935,7.1935,7.1935,7.1935,0
2022-11-08,7.2634,7.2634,7.2634,7.2634,0
2022-11-09,7.2809,7.2809,7.2809,7.2809,0
2022-11-10,7.5519,7.5519,7.5519,7.5519,0
2022-11-11,7.5257,7.5257,7.5257,7.5257,0
2022-11-14,7.5169,7.5169,7.5169,7.5169,0
2022-11-15,7.6218,7.6218,7.6218,7.6218,0
2022-11-16,7.7791,7.7791,7.7791,7.7791,0
2022-11-17,7.7005,7.7005,7.7005,7.7005,0
2022-11-18,7.6568,7.6568,7.6568,7.6568,0
2022-11-21,7.6743,7.6743,7.6743,7.6743,0
2022-11-22,7.7704,7.7704,7.7704,7.7704,0
2022-11-23,7.8928,7.8928,7.8928,7.8928,0
2022-11-25,7.8753,7.8753,7.8753,7.8753,0
2022-11-28,7.8928,7.8928,7.8928,7.8928,0
2022-11-29,7.8141,7.8141,7.8141,7.8141,0
2022-11-30,7.8781,7.8781,7.8781,7.8781,0
2022-12-01,8.1059,8.1059,8.1059,8.1059,0
2022-12-02,8.1936,8.1936,8.1936,8.1936,0
2022-12-05,8.0884,8.0884,8.0884,8.0884,0
2022-12-06,8.1848,8.1848,8.1848,8.1848,0
2022-12-07,8.3425,8.3425,8.3425,8.3425,0
2022-12-08,8.3162,8.3162,8.3162,8.3162,0
2022-12-09,8.1322,8.1322,8.1322,8.1322,0
2022-12-12,8.1497,8.1497,8.1497,8.1497,0
2022-12-13,8.2286,8.2286,8.2286,8.2286,0
2022-12-14,8.2637,8.2637,8.2637,8.2637,0
2022-12-15,8.2987,8.2987,8.2987,8.2987,0
2022-12-16,8.2198,8.2198,8.2198,8.2198,0
2022-12-19,8.0884,8.0884,8.0884,8.0884,0
2022-12-20,7.9569,7.9569,7.9569,7.9569,0
2022-12-21,7.9745,7.9745,7.9745,7.9745,0
2022-12-22,7.9745,7.9745,7.9745,7.9745,0
2022-12-23,7.8606,7.8606,7.8606,7.8606,0
2022-12-27,7.7291,7.7291,7.7291,7.7291,0
2022-12-28,7.6853,7.6853,7.6853,7.6853,0
2022-12-29,7.7554,7.7554,7.7554,7.7554,0
2022-12-30,7.7062,7.7062,7.7062,7.7062,0
2023-01-03,7.8380,7.8380,7.8380,7.8380,0
2023-01-04,7.9347,7.9347,7.9347,7.9347,0
2023-01-05,7.9522,7.9522,7.9522,7.9522,0
2023-01-06,8.0928,8.0928,8.0928,8.0928,0
2023-01-09,8.1368,8.1368,8.1368,8.1368,0
2023-01-10,8.0137,8.0137,8.0137,8.0137,0
2023-01-11,8.1280,8.1280,8.1280,8.1280,0
2023-01-12,8.2686,8.2686,8.2686,8.2686,0
2023-01-13,8.1983,8.1983,8.1983,8.1983,0
2023-01-17,8.1543,8.1543,8.1543,8.1543,0
2023-01-18,8.3389,8.3389,8.3389,8.3389,0
2023-01-19,8.2949,8.2949,8.2949,8.2949,0
2023-01-20,8.1719,8.1719,8.1719,8.1719,0
2023-01-23,8.1368,8.1368,8.1368,8.1368,0
2023-01-24,8.2510,8.2510,8.2510,8.2510,0
2023-01-25,8.2686,8.2686,8.2686,8.2686,0
2023-01-26,8.2246,8.2246,8.2246,8.2246,0
2023-01-27,8.2071,8.2071,8.2071,8.2071,0
2023-01-30,8.1719,8.1719,8.1719,8.1719,0
2023-01-31,8.2450,8.2450,8.2450,8.2450,0
2023-02-01,8.3507,8.3507,8.3507,8.3507,0
2023-02-02,8.3595,8.3595,8.3595,8.3595,0
2023-02-03,8.2362,8.2362,8.2362,8.2362,0
2023-02-06,8.1657,8.1657,8.1657,8.1657,0
2023-02-07,8.1041,8.1041,8.1041,8.1041,0
2023-02-08,8.1393,8.1393,8.1393,8.1393,0
2023-02-09,8.0688,8.0688,8.0688,8.0688,0
2023-02-10,7.9808,7.9808,7.9808,7.9808,0
2023-02-13,8.0424,8.0424,8.0424,8.0424,0
2023-02-14,8.0248,8.0248,8.0248,8.0248,0
2023-02-15,7.9543,7.9543,7.9543,7.9543,0
2023-02-16,7.8486,7.8486,7.8486,7.8486,0
2023-02-17,7.9015,7.9015,7.9015,7.9015,0
2023-02-21,7.7605,7.7605,7.7605,7.7605,0
2023-02-22,7.8222,7.8222,7.8222,7.8222,0
2023-02-23,7.8839,7.8839,7.8839,7.8839,0
2023-02-24,7.7870,7.7870,7.7870,7.7870,0
2023-02-27,7.8046,7.8046,7.8046,7.8046,0
2023-02-28,7.8505,7.8505,7.8505,7.8505,0
2023-03-01,7.7622,7.7622,7.7622,7.7622,0
2023-03-02,7.7004,7.7004,7.7004,7.7004,0
2023-03-03,7.8593,7.8593,7.8593,7.8593,0
2023-03-06,7.8152,7.8152,7.8152,7.8152,0
2023-03-07,7.8505,7.8505,7.8505,7.8505,0
2023-03-08,7.8593,7.8593,7.8593,7.8593,0
2023-03-09,7.8858,7.8858,7.8858,7.8858,0
2023-03-10,8.1331,8.1331,8.1331,8.1331,0
2023-03-13,8.1772,8.1772,8.1772,8.1772,0
2023-03-14,8.0536,8.0536,8.0536,8.0536,0
2023-03-15,8.1949,8.1949,8.1949,8.1949,0
2023-03-16,8.1242,8.1242,8.1242,8.1242,0
2023-03-17,8.2390,8.2390,8.2390,8.2390,0
2023-03-20,8.1684,8.1684,8.1684,8.1684,0
2023-03-21,8.0978,8.0978,8.0978,8.0978,0
2023-03-22,8.2037,8.2037,8.2037,8.2037,0
2023-03-23,8.2126,8.2126,8.2126,8.2126,0
2023-03-24,8.2390,8.2390,8.2390,8.2390,0
2023-03-27,8.0713,8.0713,8.0713,8.0713,0
2023-03-28,8.0713,8.0713,8.0713,8.0713,0
2023-03-29,8.0536,8.0536,8.0536,8.0536,0
2023-03-30,8.0889,8.0889,8.0889,8.0889,0
2023-03-31,8.2164,8.2164,8.2164,8.2164,0
2023-04-03,8.2607,8.2607,8.2607,8.2607,0
2023-04-04,8.3138,8.3138,8.3138,8.3138,0
2023-04-05,8.3846,8.3846,8.3846,8.3846,0
2023-04-06,8.4024,8.4024,8.4024,8.4024,0
2023-04-10,8.2784,8.2784,8.2784,8.2784,0
2023-04-11,8.2872,8.2872,8.2872,8.2872,0
2023-04-12,8.2784,8.2784,8.2784,8.2784,0
2023-04-13,8.2253,8.2253,8.2253,8.2253,0
2023-04-14,8.1456,8.1456,8.1456,8.1456,0
2023-04-17,8.0571,8.0571,8.0571,8.0571,0
2023-04-18,8.0836,8.0836,8.0836,8.0836,0
2023-04-19,8.0748,8.0748,8.0748,8.0748,0
2023-04-20,8.1367,8.1367,8.1367,8.1367,0
2023-04-21,8.0925,8.0925,8.0925,8.0925,0
2023-04-24,8.1633,8.1633,8.1633,8.1633,0
2023-04-25,8.2872,8.2872,8.2872,8.2872,0
2023-04-26,8.2076,8.2076,8.2076,8.2076,0
2023-04-27,8.1279,8.1279,8.1279,8.1279,0
2023-04-28,8.2646,8.2646,8.2646,8.2646,0
2023-05-01,8.0515,8.0515,8.0515,8.0515,0
2023-05-02,8.2291,8.2291,8.2291,8.2291,0
2023-05-03,8.2823,8.2823,8.2823,8.2823,0
2023-05-04,8.2113,8.2113,8.2113,8.2113,0
2023-05-05,8.1758,8.1758,8.1758,8.1758,0
2023-05-08,8.0782,8.0782,8.0782,8.0782,0
2023-05-09,8.0515,8.0515,8.0515,8.0515,0
2023-05-10,8.1226,8.1226,8.1226,8.1226,0
2023-05-11,8.2024,8.2024,8.2024,8.2024,0
2023-05-12,8.1403,8.1403,8.1403,8.1403,0
2023-05-15,8.0604,8.0604,8.0604,8.0604,0
2023-05-16,8.0249,8.0249,8.0249,8.0249,0
2023-05-17,8.0072,8.0072,8.0072,8.0072,0
2023-05-18,7.9450,7.9450,7.9450,7.9450,0
2023-05-19,7.8918,7.8918,7.8918,7.8918,0
2023-05-22,7.8651,7.8651,7.8651,7.8651,0
2023-05-23,7.8740,7.8740,7.8740,7.8740,0
2023-05-24,7.8385,7.8385,7.8385,7.8385,0
2023-05-25,7.8119,7.8119,7.8119,7.8119,0
2023-05-26,7.8385,7.8385,7.8385,7.8385,0
2023-05-30,7.9361,7.9361,7.9361,7.9361,0
2023-05-31,8.0287,8.0287,8.0287,8.0287,0
2023-06-01,8.0554,8.0554,8.0554,8.0554,0
2023-06-02,7.9753,7.9753,7.9753,7.9753,0
2023-06-05,7.9664,7.9664,7.9664,7.9664,0
2023-06-06,8.0020,8.0020,8.0020,8.0020,0
2023-06-07,7.8952,7.8952,7.8952,7.8952,0
2023-06-08,7.9753,7.9753,7.9753,7.9753,0
2023-06-09,7.9664,7.9664,7.9664,7.9664,0
2023-06-12,7.9842,7.9842,7.9842,7.9842,0
2023-06-13,7.9041,7.9041,7.9041,7.9041,0
2023-06-14,7.9575,7.9575,7.9575,7.9575,0
2023-06-15,8.0287,8.0287,8.0287,8.0287,0
2023-06-16,8.0020,8.0020,8.0020,8.0020,0
2023-06-20,8.0465,8.0465,8.0465,8.0465,0
2023-06-21,8.0643,8.0643,8.0643,8.0643,0
2023-06-22,7.9753,7.9753,7.9753,7.9753,0
2023-06-23,8.0376,8.0376,8.0376,8.0376,0
2023-06-26,8.0554,8.0554,8.0554,8.0554,0
2023-06-27,8.0287,8.0287,8.0287,8.0287,0
2023-06-28,8.0643,8.0643,8.0643,8.0643,0
2023-06-29,7.9219,7.9219,7.9219,7.9219,0
2023-06-30,8.0236,8.0236,8.0236,8.0236,0
2023-07-03,7.9790,7.9790,7.9790,7.9790,0
2023-07-05,7.8987,7.8987,7.8987,7.8987,0
2023-07-06,7.7916,7.7916,7.7916,7.7916,0
2023-07-07,7.7559,7.7559,7.7559,7.7559,0
2023-07-10,7.7559,7.7559,7.7559,7.7559,0
2023-07-11,7.8005,7.8005,7.8005,7.8005,0
2023-07-12,7.8987,7.8987,7.8987,7.8987,0
2023-07-13,7.9790,7.9790,7.9790,7.9790,0
2023-07-14,7.9344,7.9344,7.9344,7.9344,0
2023-07-17,7.9433,7.9433,7.9433,7.9433,0
2023-07-18,7.9701,7.9701,7.9701,7.9701,0
2023-07-19,8.0504,8.0504,8.0504,8.0504,0
2023-07-20,7.9522,7.9522,7.9522,7.9522,0
2023-07-21,7.9522,7.9522,7.9522,7.9522,0
2023-07-24,7.9255,7.9255,7.9255,7.9255,0
2023-07-25,7.9076,7.9076,7.9076,7.9076,0
2023-07-26,7.9255,7.9255,7.9255,7.9255,0
2023-07-27,7.7737,7.7737,7.7737,7.7737,0
2023-07-28,7.8094,7.8094,7.8094,7.8094,0
2023-07-31,7.8497,7.8497,7.8497,7.8497,0
2023-08-01,7.7334,7.7334,7.7334,7.7334,0
2023-08-02,7.6618,7.6618,7.6618,7.6618,0
2023-08-03,7.5006,7.5006,7.5006,7.5006,0
2023-08-04,7.6259,7.6259,7.6259,7.6259,0
2023-08-07,7.5633,7.5633,7.5633,7.5633,0
2023-08-08,7.6439,7.6439,7.6439,7.6439,0
2023-08-09,7.6797,7.6797,7.6797,7.6797,0
2023-08-10,7.5633,7.5633,7.5633,7.5633,0
2023-08-11,7.5275,7.5275,7.5275,7.5275,0
2023-08-14,7.5185,7.5185,7.5185,7.5185,0
2023-08-15,7.4738,7.4738,7.4738,7.4738,0
2023-08-16,7.4201,7.4201,7.4201,7.4201,0
2023-08-17,7.3843,7.3843,7.3843,7.3843,0
2023-08-18,7.4111,7.4111,7.4111,7.4111,0
2023-08-21,7.3127,7.3127,7.3127,7.3127,0
2023-08-22,7.3574,7.3574,7.3574,7.3574,0
2023-08-23,7.5275,7.5275,7.5275,7.5275,0
2023-08-24,7.4827,7.4827,7.4827,7.4827,0
2023-08-25,7.5006,7.5006,7.5006,7.5006,0
2023-08-28,7.5096,7.5096,7.5096,7.5096,0
2023-08-29,7.5901,7.5901,7.5901,7.5901,0
2023-08-30,7.5812,7.5812,7.5812,7.5812,0
2023-08-31,7.6306,7.6306,7.6306,7.6306,0
2023-09-01,7.5228,7.5228,7.5228,7.5228,0
2023-09-05,7.4241,7.4241,7.4241,7.4241,0
2023-09-06,7.4421,7.4421,7.4421,7.4421,0
2023-09-07,7.4510,7.4510,7.4510,7.4510,0
2023-09-08,7.4780,7.4780,7.4780,7.4780,0
2023-09-11,7.4331,7.4331,7.4331,7.4331,0
2023-09-12,7.4690,7.4690,7.4690,7.4690,0
2023-09-13,7.4690,7.4690,7.4690,7.4690,0
2023-09-14,7.4241,7.4241,7.4241,7.4241,0
2023-09-15,7.3792,7.3792,7.3792,7.3792,0
2023-09-18,7.4151,7.4151,7.4151,7.4151,0
2023-09-19,7.3702,7.3702,7.3702,7.3702,0
2023-09-20,7.3792,7.3792,7.3792,7.3792,0
2023-09-21,7.2086,7.2086,7.2086,7.2086,0
2023-09-22,7.2625,7.2625,7.2625,7.2625,0
2023-09-25,7.1009,7.1009,7.1009,7.1009,0
2023-09-26,7.0740,7.0740,7.0740,7.0740,0
2023-09-27,7.0291,7.0291,7.0291,7.0291,0
2023-09-28,7.0471,7.0471,7.0471,7.0471,0
2023-09-29,7.0687,7.0687,7.0687,7.0687,0
2023-10-02,6.9606,6.9606,6.9606,6.9606,0
2023-10-03,6.8255,6.8255,6.8255,6.8255,0
2023-10-04,6.9066,6.9066,6.9066,6.9066,0
2023-10-05,6.8796,6.8796,6.8796,6.8796,0
2023-10-06,6.7985,6.7985,6.7985,6.7985,0
2023-10-09,6.9336,6.9336,6.9336,6.9336,0
2023-10-10,6.9336,6.9336,6.9336,6.9336,0
2023-10-11,7.0597,7.0597,7.0597,7.0597,0
2023-10-12,6.8886,6.8886,6.8886,6.8886,0
2023-10-13,6.9966,6.9966,6.9966,6.9966,0
2023-10-16,6.8976,6.8976,6.8976,6.8976,0
2023-10-17,6.8165,6.8165,6.8165,6.8165,0
2023-10-18,6.7535,6.7535,6.7535,6.7535,0
2023-10-19,6.6364,6.6364,6.6364,6.6364,0
2023-10-20,6.6725,6.6725,6.6725,6.6725,0
2023-10-23,6.7535,6.7535,6.7535,6.7535,0
2023-10-24,6.8165,6.8165,6.8165,6.8165,0
2023-10-25,6.6815,6.6815,6.6815,6.6815,0
2023-10-26,6.7805,6.7805,6.7805,6.7805,0
2023-10-27,6.7625,6.7625,6.7625,6.7625,0
2023-10-30,6.7265,6.7265,6.7265,6.7265,0
2023-10-31,6.7220,6.7220,6.7220,6.7220,0
2023-11-01,6.8575,6.8575,6.8575,6.8575,0
2023-11-02,6.9930,6.9930,6.9930,6.9930,0
2023-11-03,7.0472,7.0472,7.0472,7.0472,0
2023-11-06,6.9840,6.9840,6.9840,6.9840,0
2023-11-07,7.0743,7.0743,7.0743,7.0743,0
2023-11-08,7.1737,7.1737,7.1737,7.1737,0
2023-11-09,7.0201,7.0201,7.0201,7.0201,0
2023-11-10,7.0563,7.0563,7.0563,7.0563,0
2023-11-13,7.0472,7.0472,7.0472,7.0472,0
2023-11-14,7.1918,7.1918,7.1918,7.1918,0
2023-11-15,7.1014,7.1014,7.1014,7.1014,0
2023-11-16,7.1828,7.1828,7.1828,7.1828,0
2023-11-17,7.2099,7.2099,7.2099,7.2099,0
2023-11-20,7.2460,7.2460,7.2460,7.2460,0
2023-11-21,7.2370,7.2370,7.2370,7.2370,0
2023-11-22,7.2641,7.2641,7.2641,7.2641,0
2023-11-24,7.1828,7.1828,7.1828,7.1828,0
2023-11-27,7.2912,7.2912,7.2912,7.2912,0
2023-11-28,7.3002,7.3002,7.3002,7.3002,0
2023-11-29,7.3906,7.3906,7.3906,7.3906,0
2023-11-30,7.3316,7.3316,7.3316,7.3316,0
2023-12-01,7.4585,7.4585,7.4585,7.4585,0
2023-12-04,7.4223,7.4223,7.4223,7.4223,0
2023-12-05,7.5673,7.5673,7.5673,7.5673,0
2023-12-06,7.6670,7.6670,7.6670,7.6670,0
2023-12-07,7.6217,7.6217,7.6217,7.6217,0
2023-12-08,7.5582,7.5582,7.5582,7.5582,0
2023-12-11,7.5492,7.5492,7.5492,7.5492,0
2023-12-12,7.5673,7.5673,7.5673,7.5673,0
2023-12-13,7.7304,7.7304,7.7304,7.7304,0
2023-12-14,7.9117,7.9117,7.9117,7.9117,0
2023-12-15,7.9207,7.9207,7.9207,7.9207,0
2023-12-18,7.8663,7.8663,7.8663,7.8663,0
2023-12-19,7.9026,7.9026,7.9026,7.9026,0
2023-12-20,7.9570,7.9570,7.9570,7.9570,0
2023-12-21,7.9117,7.9117,7.9117,7.9117,0
2023-12-22,7.8845,7.8845,7.8845,7.8845,0
2023-12-26,7.9026,7.9026,7.9026,7.9026,0
2023-12-27,8.0295,8.0295,8.0295,8.0295,0
2023-12-28,7.9751,7.9751,7.9751,7.9751,0
2023-12-29,7.9624,7.9624,7.9624,7.9624,0
2024-01-02,7.8897,7.8897,7.8897,7.8897,0
2024-01-03,7.9260,7.9260,7.9260,7.9260,0
2024-01-04,7.8169,7.8169,7.8169,7.8169,0
2024-01-05,7.7442,7.7442,7.7442,7.7442,0
2024-01-08,7.8078,7.8078,7.8078,7.8078,0
2024-01-09,7.7806,7.7806,7.7806,7.7806,0
2024-01-10,7.7351,7.7351,7.7351,7.7351,0
2024-01-11,7.7806,7.7806,7.7806,7.7806,0
2024-01-12,7.7715,7.7715,7.7715,7.7715,0
2024-01-16,7.6442,7.6442,7.6442,7.6442,0
2024-01-17,7.6261,7.6261,7.6261,7.6261,0
2024-01-18,7.5624,7.5624,7.5624,7.5624,0
2024-01-19,7.5806,7.5806,7.5806,7.5806,0
2024-01-22,7.6261,7.6261,7.6261,7.6261,0
2024-01-23,7.5715,7.5715,7.5715,7.5715,0
2024-01-24,7.5261,7.5261,7.5261,7.5261,0
2024-01-25,7.5715,7.5715,7.5715,7.5715,0
2024-01-26,7.5533,7.5533,7.5533,7.5533,0
2024-01-29,7.6351,7.6351,7.6351,7.6351,0
2024-01-30,7.6988,7.6988,7.6988,7.6988,0
2024-01-31,7.7854,7.7854,7.7854,7.7854,0
2024-02-01,7.9312,7.9312,7.9312,7.9312,0
2024-02-02,7.7671,7.7671,7.7671,7.7671,0
2024-02-05,7.6213,7.6213,7.6213,7.6213,0
2024-02-06,7.6851,7.6851,7.6851,7.6851,0
2024-02-07,7.6578,7.6578,7.6578,7.6578,0
2024-02-08,7.6031,7.6031,7.6031,7.6031,0
2024-02-09,7.5939,7.5939,7.5939,7.5939,0
2024-02-12,7.6031,7.6031,7.6031,7.6031,0
2024-02-13,7.4754,7.4754,7.4754,7.4754,0
2024-02-14,7.5119,7.5119,7.5119,7.5119,0
2024-02-15,7.5484,7.5484,7.5484,7.5484,0
2024-02-16,7.5028,7.5028,7.5028,7.5028,0
2024-02-20,7.5119,7.5119,7.5119,7.5119,0
2024-02-21,7.4572,7.4572,7.4572,7.4572,0
2024-02-22,7.4937,7.4937,7.4937,7.4937,0
2024-02-23,7.5757,7.5757,7.5757,7.5757,0
2024-02-26,7.5575,7.5575,7.5575,7.5575,0
2024-02-27,7.5119,7.5119,7.5119,7.5119,0
2024-02-28,7.5484,7.5484,7.5484,7.5484,0
2024-02-29,7.6160,7.6160,7.6160,7.6160,0
2024-03-01,7.6617,7.6617,7.6617,7.6617,0
2024-03-04,7.6343,7.6343,7.6343,7.6343,0
2024-03-05,7.7349,7.7349,7.7349,7.7349,0
2024-03-06,7.7806,7.7806,7.7806,7.7806,0
2024-03-07,7.7806,7.7806,7.7806,7.7806,0
2024-03-08,7.7714,7.7714,7.7714,7.7714,0
2024-03-11,7.7623,7.7623,7.7623,7.7623,0
2024-03-12,7.6983,7.6983,7.6983,7.6983,0
2024-03-13,7.6709,7.6709,7.6709,7.6709,0
2024-03-14,7.5520,7.5520,7.5520,7.5520,0
2024-03-15,7.5520,7.5520,7.5520,7.5520,0
2024-03-18,7.5246,7.5246,7.5246,7.5246,0
2024-03-19,7.5520,7.5520,7.5520,7.5520,0
2024-03-20,7.5520,7.5520,7.5520,7.5520,0
2024-03-21,7.5612,7.5612,7.5612,7.5612,0
2024-03-22,7.6343,7.6343,7.6343,7.6343,0
2024-03-25,7.5977,7.5977,7.5977,7.5977,0
2024-03-26,7.6160,7.6160,7.6160,7.6160,0
2024-03-27,7.6800,7.6800,7.6800,7.6800,0
2024-03-28,7.7039,7.7039,7.7039,7.7039,0
2024-04-01,7.5663,7.5663,7.5663,7.5663,0
2024-04-02,7.5296,7.5296,7.5296,7.5296,0
2024-04-03,7.5204,7.5204,7.5204,7.5204,0
2024-04-04,7.5663,7.5663,7.5663,7.5663,0
2024-04-05,7.4746,7.4746,7.4746,7.4746,0
2024-04-08,7.4746,7.4746,7.4746,7.4746,0
2024-04-09,7.5388,7.5388,7.5388,7.5388,0
2024-04-10,7.3737,7.3737,7.3737,7.3737,0
2024-04-11,7.3370,7.3370,7.3370,7.3370,0
2024-04-12,7.3829,7.3829,7.3829,7.3829,0
2024-04-15,7.2728,7.2728,7.2728,7.2728,0
2024-04-16,7.2270,7.2270,7.2270,7.2270,0
2024-04-17,7.3003,7.3003,7.3003,7.3003,0
2024-04-18,7.2636,7.2636,7.2636,7.2636,0
2024-04-19,7.2820,7.2820,7.2820,7.2820,0
2024-04-22,7.2728,7.2728,7.2728,7.2728,0
2024-04-23,7.2820,7.2820,7.2820,7.2820,0
2024-04-24,7.2270,7.2270,7.2270,7.2270,0
2024-04-25,7.1811,7.1811,7.1811,7.1811,0
2024-04-26,7.2178,7.2178,7.2178,7.2178,0
2024-04-29,7.2728,7.2728,7.2728,7.2728,0
2024-04-30,7.2424,7.2424,7.2424,7.2424,0
2024-05-01,7.2885,7.2885,7.2885,7.2885,0
2024-05-02,7.3161,7.3161,7.3161,7.3161,0
2024-05-03,7.3897,7.3897,7.3897,7.3897,0
2024-05-06,7.4173,7.4173,7.4173,7.4173,0
2024-05-07,7.4541,7.4541,7.4541,7.4541,0
2024-05-08,7.4173,7.4173,7.4173,7.4173,0
2024-05-09,7.4449,7.4449,7.4449,7.4449,0
2024-05-10,7.4081,7.4081,7.4081,7.4081,0
2024-05-13,7.4265,7.4265,7.4265,7.4265,0
2024-05-14,7.4541,7.4541,7.4541,7.4541,0
2024-05-15,7.5553,7.5553,7.5553,7.5553,0
2024-05-16,7.5461,7.5461,7.5461,7.5461,0
2024-05-17,7.5001,7.5001,7.5001,7.5001,0
2024-05-20,7.4817,7.4817,7.4817,7.4817,0
2024-05-21,7.5093,7.5093,7.5093,7.5093,0
2024-05-22,7.5185,7.5185,7.5185,7.5185,0
2024-05-23,7.4725,7.4725,7.4725,7.4725,0
2024-05-24,7.4817,7.4817,7.4817,7.4817,0
2024-05-28,7.3897,7.3897,7.3897,7.3897,0
2024-05-29,7.3069,7.3069,7.3069,7.3069,0
2024-05-30,7.3713,7.3713,7.3713,7.3713,0
2024-05-31,7.4525,7.4525,7.4525,7.4525,0
2024-06-03,7.5541,7.5541,7.5541,7.5541,0
2024-06-04,7.6280,7.6280,7.6280,7.6280,0
2024-06-05,7.6834,7.6834,7.6834,7.6834,0
2024-06-06,7.6834,7.6834,7.6834,7.6834,0
2024-06-07,7.5357,7.5357,7.5357,7.5357,0
2024-06-10,7.4895,7.4895,7.4895,7.4895,0
2024-06-11,7.5634,7.5634,7.5634,7.5634,0
2024-06-12,7.6188,7.6188,7.6188,7.6188,0
2024-06-13,7.7204,7.7204,7.7204,7.7204,0
2024-06-14,7.7665,7.7665,7.7665,7.7665,0
2024-06-17,7.7019,7.7019,7.7019,7.7019,0
2024-06-18,7.7665,7.7665,7.7665,7.7665,0
2024-06-20,7.7111,7.7111,7.7111,7.7111,0
2024-06-21,7.7111,7.7111,7.7111,7.7111,0
2024-06-24,7.7388,7.7388,7.7388,7.7388,0
2024-06-25,7.7481,7.7481,7.7481,7.7481,0
2024-06-26,7.6465,7.6465,7.6465,7.6465,0
2024-06-27,7.6742,7.6742,7.6742,7.6742,0
2024-06-28,7.5778,7.5778,7.5778,7.5778,0
2024-07-01,7.4481,7.4481,7.4481,7.4481,0
2024-07-02,7.4945,7.4945,7.4945,7.4945,0
2024-07-03,7.5964,7.5964,7.5964,7.5964,0
2024-07-05,7.6427,7.6427,7.6427,7.6427,0
2024-07-08,7.6612,7.6612,7.6612,7.6612,0
2024-07-09,7.6334,7.6334,7.6334,7.6334,0
2024-07-10,7.6519,7.6519,7.6519,7.6519,0
2024-07-11,7.7261,7.7261,7.7261,7.7261,0
2024-07-12,7.7446,7.7446,7.7446,7.7446,0
2024-07-15,7.6797,7.6797,7.6797,7.6797,0
2024-07-16,7.7631,7.7631,7.7631,7.7631,0
2024-07-17,7.7724,7.7724,7.7724,7.7724,0
2024-07-18,7.7168,7.7168,7.7168,7.7168,0
2024-07-19,7.6797,7.6797,7.6797,7.6797,0
2024-07-22,7.6519,7.6519,7.6519,7.6519,0
2024-07-23,7.6519,7.6519,7.6519,7.6519,0
2024-07-24,7.5778,7.5778,7.5778,7.5778,0
2024-07-25,7.6242,7.6242,7.6242,7.6242,0
2024-07-26,7.6797,7.6797,7.6797,7.6797,0
2024-07-29,7.7168,7.7168,7.7168,7.7168,0
2024-07-30,7.7353,7.7353,7.7353,7.7353,0
2024-07-31,7.8441,7.8441,7.8441,7.8441,0
2024-08-01,7.9184,7.9184,7.9184,7.9184,0
2024-08-02,8.1322,8.1322,8.1322,8.1322,0
2024-08-05,8.1693,8.1693,8.1693,8.1693,0
2024-08-06,8.0114,8.0114,8.0114,8.0114,0
2024-08-07,7.9463,7.9463,7.9463,7.9463,0
2024-08-08,7.8998,7.8998,7.8998,7.8998,0
2024-08-09,7.9742,7.9742,7.9742,7.9742,0
2024-08-12,8.0021,8.0021,8.0021,8.0021,0
2024-08-13,8.0485,8.0485,8.0485,8.0485,0
2024-08-14,8.0950,8.0950,8.0950,8.0950,0
2024-08-15,8.0206,8.0206,8.0206,8.0206,0
2024-08-16,8.0485,8.0485,8.0485,8.0485,0
2024-08-19,8.0857,8.0857,8.0857,8.0857,0
2024-08-20,8.1415,8.1415,8.1415,8.1415,0
2024-08-21,8.1508,8.1508,8.1508,8.1508,0
2024-08-22,8.0764,8.0764,8.0764,8.0764,0
2024-08-23,8.1229,8.1229,8.1229,8.1229,0
2024-08-26,8.1043,8.1043,8.1043,8.1043,0
2024-08-27,8.0857,8.0857,8.0857,8.0857,0
2024-08-28,8.0764,8.0764,8.0764,8.0764,0
2024-08-29,8.0485,8.0485,8.0485,8.0485,0
2024-08-30,8.0084,8.0084,8.0084,8.0084,0
2024-09-03,8.1203,8.1203,8.1203,8.1203,0
2024-09-04,8.2042,8.2042,8.2042,8.2042,0
2024-09-05,8.2508,8.2508,8.2508,8.2508,0
2024-09-06,8.2508,8.2508,8.2508,8.2508,0
2024-09-09,8.2788,8.2788,8.2788,8.2788,0
2024-09-10,8.3347,8.3347,8.3347,8.3347,0
2024-09-11,8.3254,8.3254,8.3254,8.3254,0
2024-09-12,8.2881,8.2881,8.2881,8.2881,0
2024-09-13,8.3068,8.3068,8.3068,8.3068,0
2024-09-16,8.3814,8.3814,8.3814,8.3814,0
2024-09-17,8.3441,8.3441,8.3441,8.3441,0
2024-09-18,8.2508,8.2508,8.2508,8.2508,0
2024-09-19,8.2229,8.2229,8.2229,8.2229,0
2024-09-20,8.2042,8.2042,8.2042,8.2042,0
2024-09-23,8.1856,8.1856,8.1856,8.1856,0
2024-09-24,8.1856,8.1856,8.1856,8.1856,0
2024-09-25,8.1203,8.1203,8.1203,8.1203,0
2024-09-26,8.1390,8.1390,8.1390,8.1390,0
2024-09-27,8.1763,8.1763,8.1763,8.1763,0
2024-09-30,8.1632,8.1632,8.1632,8.1632,0
2024-10-01,8.2193,8.2193,8.2193,8.2193,0
2024-10-02,8.1538,8.1538,8.1538,8.1538,0
2024-10-03,8.0884,8.0884,8.0884,8.0884,0
2024-10-04,7.9855,7.9855,7.9855,7.9855,0
2024-10-07,7.9294,7.9294,7.9294,7.9294,0
2024-10-08,7.9387,7.9387,7.9387,7.9387,0
2024-10-09,7.8920,7.8920,7.8920,7.8920,0
2024-10-10,7.8639,7.8639,7.8639,7.8639,0
2024-10-11,7.8452,7.8452,7.8452,7.8452,0
2024-10-14,7.8172,7.8172,7.8172,7.8172,0
2024-10-15,7.9294,7.9294,7.9294,7.9294,0
2024-10-16,7.9481,7.9481,7.9481,7.9481,0
2024-10-17,7.8452,7.8452,7.8452,7.8452,0
2024-10-18,7.8452,7.8452,7.8452,7.8452,0
2024-10-21,7.7237,7.7237,7.7237,7.7237,0
2024-10-22,7.7237,7.7237,7.7237,7.7237,0
2024-10-23,7.7050,7.7050,7.7050,7.7050,0
2024-10-24,7.7424,7.7424,7.7424,7.7424,0
2024-10-25,7.7050,7.7050,7.7050,7.7050,0
2024-10-28,7.6769,7.6769,7.6769,7.6769,0
2024-10-29,7.6863,7.6863,7.6863,7.6863,0
2024-10-30,7.7050,7.7050,7.7050,7.7050,0
2024-10-31,7.7397,7.7397,7.7397,7.7397,0
2024-11-01,7.6365,7.6365,7.6365,7.6365,0
2024-11-04,7.7397,7.7397,7.7397,7.7397,0
2024-11-05,7.7678,7.7678,7.7678,7.7678,0
2024-11-06,7.5896,7.5896,7.5896,7.5896,0
2024-11-07,7.6740,7.6740,7.6740,7.6740,0
2024-11-08,7.7585,7.7585,7.7585,7.7585,0
2024-11-11,7.7303,7.7303,7.7303,7.7303,0
2024-11-12,7.6177,7.6177,7.6177,7.6177,0
2024-11-13,7.5614,7.5614,7.5614,7.5614,0
2024-11-14,7.5990,7.5990,7.5990,7.5990,0
2024-11-15,7.5708,7.5708,7.5708,7.5708,0
2024-11-18,7.5896,7.5896,7.5896,7.5896,0
2024-11-19,7.6271,7.6271,7.6271,7.6271,0
2024-11-20,7.5990,7.5990,7.5990,7.5990,0
2024-11-21,7.5896,7.5896,7.5896,7.5896,0
2024-11-22,7.5896,7.5896,7.5896,7.5896,0
2024-11-25,7.7678,7.7678,7.7678,7.7678,0
2024-11-26,7.7397,7.7397,7.7397,7.7397,0
2024-11-27,7.7960,7.7960,7.7960,7.7960,0
2024-11-29,7.8779,7.8779,7.8779,7.8779,0
2024-12-02,7.8967,7.8967,7.8967,7.8967,0
2024-12-03,7.8402,7.8402,7.8402,7.8402,0
2024-12-04,7.9155,7.9155,7.9155,7.9155,0
2024-12-05,7.9249,7.9249,7.9249,7.9249,0
2024-12-06,7.9343,7.9343,7.9343,7.9343,0
2024-12-09,7.8779,7.8779,7.8779,7.8779,0
2024-12-10,7.8402,7.8402,7.8402,7.8402,0
2024-12-11,7.7743,7.7743,7.7743,7.7743,0
2024-12-12,7.6896,7.6896,7.6896,7.6896,0
2024-12-13,7.6143,7.6143,7.6143,7.6143,0
2024-12-16,7.6331,7.6331,7.6331,7.6331,0
2024-12-17,7.6426,7.6426,7.6426,7.6426,0
2024-12-18,7.5484,7.5484,7.5484,7.5484,0
2024-12-19,7.4637,7.4637,7.4637,7.4637,0
2024-12-20,7.4826,7.4826,7.4826,7.4826,0
2024-12-23,7.4261,7.4261,7.4261,7.4261,0
2024-12-24,7.4449,7.4449,7.4449,7.4449,0
2024-12-26,7.4449,7.4449,7.4449,7.4449,0
2024-12-27,7.3884,7.3884,7.3884,7.3884,0
2024-12-30,7.4543,7.4543,7.4543,7.4543,0
2024-12-31,7.4524,7.4524,7.4524,7.4524,0
2025-01-02,7.4524,7.4524,7.4524,7.4524,0
2025-01-03,7.4335,7.4335,7.4335,7.4335,0
2025-01-06,7.4052,7.4052,7.4052,7.4052,0
2025-01-07,7.3296,7.3296,7.3296,7.3296,0
2025-01-08,7.3296,7.3296,7.3296,7.3296,0
2025-01-10,7.2730,7.2730,7.2730,7.2730,0
2025-01-13,7.2635,7.2635,7.2635,7.2635,0
2025-01-14,7.2541,7.2541,7.2541,7.2541,0
2025-01-15,7.3674,7.3674,7.3674,7.3674,0
2025-01-16,7.3958,7.3958,7.3958,7.3958,0
2025-01-17,7.4052,7.4052,7.4052,7.4052,0
2025-01-21,7.4619,7.4619,7.4619,7.4619,0
2025-01-22,7.4335,7.4335,7.4335,7.4335,0
2025-01-23,7.3769,7.3769,7.3769,7.3769,0
2025-01-24,7.4052,7.4052,7.4052,7.4052,0
2025-01-27,7.4997,7.4997,7.4997,7.4997,0
2025-01-28,7.4808,7.4808,7.4808,7.4808,0
2025-01-29,7.4713,7.4713,7.4713,7.4713,0
2025-01-30,7.4997,7.4997,7.4997,7.4997,0
2025-01-31,7.4883,7.4883,7.4883,7.4883,0
2025-02-03,7.5357,7.5357,7.5357,7.5357,0
2025-02-04,7.5546,7.5546,7.5546,7.5546,0
2025-02-05,7.6684,7.6684,7.6684,7.6684,0
2025-02-06,7.6684,7.6684,7.6684,7.6684,0
2025-02-07,7.6210,7.6210,7.6210,7.6210,0
2025-02-10,7.6020,7.6020,7.6020,7.6020,0
2025-02-11,7.5546,7.5546,7.5546,7.5546,0
2025-02-12,7.4598,7.4598,7.4598,7.4598,0
2025-02-13,7.5641,7.5641,7.5641,7.5641,0
2025-02-14,7.6115,7.6115,7.6115,7.6115,0
2025-02-18,7.5262,7.5262,7.5262,7.5262,0
2025-02-19,7.5357,7.5357,7.5357,7.5357,0
2025-02-20,7.5546,7.5546,7.5546,7.5546,0
2025-02-21,7.6399,7.6399,7.6399,7.6399,0
2025-02-24,7.6589,7.6589,7.6589,7.6589,0
2025-02-25,7.7726,7.7726,7.7726,7.7726,0
2025-02-26,7.8106,7.8106,7.8106,7.8106,0
2025-02-27,7.7726,7.7726,7.7726,7.7726,0
2025-02-28,7.8830,7.8830,7.8830,7.8830,0
2025-03-03,7.9210,7.9210,7.9210,7.9210,0
2025-03-04,7.8354,7.8354,7.8354,7.8354,0
2025-03-05,7.7688,7.7688,7.7688,7.7688,0
2025-03-06,7.7498,7.7498,7.7498,7.7498,0
2025-03-07,7.7213,7.7213,7.7213,7.7213,0
2025-03-10,7.7974,7.7974,7.7974,7.7974,0
2025-03-11,7.7498,7.7498,7.7498,7.7498,0
2025-03-12,7.7023,7.7023,7.7023,7.7023,0
2025-03-13,7.7593,7.7593,7.7593,7.7593,0
2025-03-14,7.7213,7.7213,7.7213,7.7213,0
2025-03-17,7.7498,7.7498,7.7498,7.7498,0
2025-03-18,7.7593,7.7593,7.7593,7.7593,0
2025-03-19,7.7974,7.7974,7.7974,7.7974,0
2025-03-20,7.8069,7.8069,7.8069,7.8069,0
2025-03-21,7.7688,7.7688,7.7688,7.7688,0
2025-03-24,7.6833,7.6833,7.6833,7.6833,0
2025-03-25,7.6928,7.6928,7.6928,7.6928,0
2025-03-26,7.6452,7.6452,7.6452,7.6452,0
2025-03-27,7.6167,7.6167,7.6167,7.6167,0
2025-03-28,7.7213,7.7213,7.7213,7.7213,0
2025-03-31,7.8053,7.8053,7.8053,7.8053,0
2025-04-01,7.8721,7.8721,7.8721,7.8721,0
2025-04-02,7.8625,7.8625,7.8625,7.8625,0
2025-04-03,7.9198,7.9198,7.9198,7.9198,0
2025-04-04,7.9866,7.9866,7.9866,7.9866,0
2025-04-07,7.7576,7.7576,7.7576,7.7576,0
2025-04-08,7.6144,7.6144,7.6144,7.6144,0
2025-04-09,7.6335,7.6335,7.6335,7.6335,0
2025-04-10,7.4713,7.4713,7.4713,7.4713,0
2025-04-11,7.4808,7.4808,7.4808,7.4808,0
2025-04-14,7.5381,7.5381,7.5381,7.5381,0
2025-04-15,7.5667,7.5667,7.5667,7.5667,0
2025-04-16,7.6144,7.6144,7.6144,7.6144,0
2025-04-17,7.6144,7.6144,7.6144,7.6144,0
2025-04-21,7.4236,7.4236,7.4236,7.4236,0
2025-04-22,7.4618,7.4618,7.4618,7.4618,0
2025-04-23,7.5286,7.5286,7.5286,7.5286,0
2025-04-24,7.5953,7.5953,7.5953,7.5953,0
2025-04-25,7.6431,7.6431,7.6431,7.6431,0
2025-04-28,7.6908,7.6908,7.6908,7.6908,0
2025-04-29,7.7480,7.7480,7.7480,7.7480,0
2025-04-30,7.7174,7.7174,7.7174,7.7174,0
2025-05-01,7.6791,7.6791,7.6791,7.6791,0
2025-05-02,7.6025,7.6025,7.6025,7.6025,0
2025-05-05,7.5642,7.5642,7.5642,7.5642,0
2025-05-06,7.5833,7.5833,7.5833,7.5833,0
2025-05-07,7.5833,7.5833,7.5833,7.5833,0
2025-05-08,7.5355,7.5355,7.5355,7.5355,0
2025-05-09,7.5450,7.5450,7.5450,7.5450,0
2025-05-12,7.4780,7.4780,7.4780,7.4780,0
2025-05-13,7.4397,7.4397,7.4397,7.4397,0
2025-05-14,7.4014,7.4014,7.4014,7.4014,0
2025-05-15,7.4589,7.4589,7.4589,7.4589,0
2025-05-16,7.4780,7.4780,7.4780,7.4780,0
2025-05-19,7.4493,7.4493,7.4493,7.4493,0
2025-05-20,7.4014,7.4014,7.4014,7.4014,0
2025-05-21,7.2865,7.2865,7.2865,7.2865,0
2025-05-22,7.3248,7.3248,7.3248,7.3248,0
2025-05-23,7.3440,7.3440,7.3440,7.3440,0
2025-05-27,7.4301,7.4301,7.4301,7.4301,0
2025-05-28,7.3918,7.3918,7.3918,7.3918,0
2025-05-29,7.4589,7.4589,7.4589,7.4589,0
2025-05-30,7.4963,7.4963,7.4963,7.4963,0
2025-06-02,7.4387,7.4387,7.4387,7.4387,0
2025-06-03,7.4291,7.4291,7.4291,7.4291,0
2025-06-04,7.5348,7.5348,7.5348,7.5348,0
2025-06-05,7.5348,7.5348,7.5348,7.5348,0
2025-06-06,7.4387,7.4387,7.4387,7.4387,0
2025-06-09,7.4483,7.4483,7.4483,7.4483,0
2025-06-10,7.4771,7.4771,7.4771,7.4771,0
2025-06-11,7.5059,7.5059,7.5059,7.5059,0
2025-06-12,7.5924,7.5924,7.5924,7.5924,0
2025-06-13,7.5156,7.5156,7.5156,7.5156,0
2025-06-16,7.4483,7.4483,7.4483,7.4483,0
2025-06-17,7.5348,7.5348,7.5348,7.5348,0
2025-06-18,7.5348,7.5348,7.5348,7.5348,0
2025-06-20,7.5252,7.5252,7.5252,7.5252,0
2025-06-23,7.5540,7.5540,7.5540,7.5540,0
2025-06-24,7.5540,7.5540,7.5540,7.5540,0
2025-06-25,7.6117,7.6117,7.6117,7.6117,0
2025-06-26,7.6405,7.6405,7.6405,7.6405,0
2025-06-27,7.5924,7.5924,7.5924,7.5924,0
2025-06-30,7.6889,7.6889,7.6889,7.6889,0
2025-07-01,7.6986,7.6986,7.6986,7.6986,0
2025-07-02,7.6503,7.6503,7.6503,7.6503,0
2025-07-03,7.6117,7.6117,7.6117,7.6117,0
2025-07-07,7.5442,7.5442,7.5442,7.5442,0
2025-07-08,7.5249,7.5249,7.5249,7.5249,0
2025-07-09,7.6021,7.6021,7.6021,7.6021,0
2025-07-10,7.6117,7.6117,7.6117,7.6117,0
2025-07-11,7.5056,7.5056,7.5056,7.5056,0
2025-07-14,7.4960,7.4960,7.4960,7.4960,0
2025-07-15,7.4477,7.4477,7.4477,7.4477,0
2025-07-16,7.4574,7.4574,7.4574,7.4574,0
2025-07-17,7.4574,7.4574,7.4574,7.4574,0
2025-07-18,7.4670,7.4670,7.4670,7.4670,0
2025-07-21,7.5249,7.5249,7.5249,7.5249,0
2025-07-22,7.5635,7.5635,7.5635,7.5635,0
2025-07-23,7.5249,7.5249,7.5249,7.5249,0
2025-07-24,7.5153,7.5153,7.5153,7.5153,0
2025-07-25,7.5539,7.5539,7.5539,7.5539,0
2025-07-28,7.5153,7.5153,7.5153,7.5153,0
2025-07-29,7.6214,7.6214,7.6214,7.6214,0
2025-07-30,7.5828,7.5828,7.5828,7.5828,0
2025-07-31,7.6206,7.6206,7.6206,7.6206,0
2025-08-01,7.7271,7.7271,7.7271,7.7271,0
2025-08-04,7.7464,7.7464,7.7464,7.7464,0
2025-08-05,7.7658,7.7658,7.7658,7.7658,0
2025-08-06,7.7174,7.7174,7.7174,7.7174,0
2025-08-07,7.7174,7.7174,7.7174,7.7174,0
2025-08-08,7.6787,7.6787,7.6787,7.6787,0
2025-08-11,7.6883,7.6883,7.6883,7.6883,0
2025-08-12,7.6496,7.6496,7.6496,7.6496,0
2025-08-13,7.7077,7.7077,7.7077,7.7077,0
2025-08-14,7.6496,7.6496,7.6496,7.6496,0
2025-08-15,7.6012,7.6012,7.6012,7.6012,0
2025-08-18,7.5818,7.5818,7.5818,7.5818,0
2025-08-19,7.6206,7.6206,7.6206,7.6206,0
2025-08-20,7.6302,7.6302,7.6302,7.6302,0
2025-08-21,7.6012,7.6012,7.6012,7.6012,0
2025-08-22,7.6496,7.6496,7.6496,7.6496,0
2025-08-25,7.6302,7.6302,7.6302,7.6302,0
2025-08-26,7.6302,7.6302,7.6302,7.6302,0
2025-08-27,7.6206,7.6206,7.6206,7.6206,0
2025-08-28,7.6690,7.6690,7.6690,7.6690,0
2025-08-29,7.6486,7.6486,7.6486,7.6486,0
2025-09-02,7.6000,7.6000,7.6000,7.6000,0
2025-09-03,7.6680,7.6680,7.6680,7.6680,0
2025-09-04,7.7166,7.7166,7.7166,7.7166,0
2025-09-05,7.8235,7.8235,7.8235,7.8235,0
2025-09-08,7.9110,7.9110,7.9110,7.9110,0
2025-09-09,7.8721,7.8721,7.8721,7.8721,0
2025-09-10,7.9110,7.9110,7.9110,7.9110,0
2025-09-11,7.9498,7.9498,7.9498,7.9498,0
2025-09-12,7.9110,7.9110,7.9110,7.9110,0
2025-09-15,7.9401,7.9401,7.9401,7.9401,0
2025-09-16,7.9498,7.9498,7.9498,7.9498,0
2025-09-17,7.9304,7.9304,7.9304,7.9304,0
2025-09-18,7.8527,7.8527,7.8527,7.8527,0
2025-09-19,7.8429,7.8429,7.8429,7.8429,0
2025-09-22,7.8138,7.8138,7.8138,7.8138,0
2025-09-23,7.8624,7.8624,7.8624,7.8624,0
2025-09-24,7.8332,7.8332,7.8332,7.8332,0
2025-09-25,7.8332,7.8332,7.8332,7.8332,0
2025-09-26,7.8138,7.8138,7.8138,7.8138,0
2025-09-29,7.8721,7.8721,7.8721,7.8721,0
2025-09-30,7.8799,7.8799,7.8799,7.8799,0
2025-10-01,7.8994,7.8994,7.8994,7.8994,0
2025-10-02,7.9287,7.9287,7.9287,7.9287,0
2025-10-03,7.8994,7.8994,7.8994,7.8994,0
2025-10-06,7.8506,7.8506,7.8506,7.8506,0
2025-10-07,7.8896,7.8896,7.8896,7.8896,0
2025-10-08,7.8896,7.8896,7.8896,7.8896,0
2025-10-09,7.8896,7.8896,7.8896,7.8896,0
2025-10-10,7.9969,7.9969,7.9969,7.9969,0
2025-10-13,7.9872,7.9872,7.9872,7.9872,0
2025-10-14,8.0164,8.0164,8.0164,8.0164,0
2025-10-15,7.9969,7.9969,7.9969,7.9969,0
2025-10-16,8.0554,8.0554,8.0554,8.0554,0
2025-10-17,8.0359,8.0359,8.0359,8.0359,0
2025-10-20,8.0652,8.0652,8.0652,8.0652,0
2025-10-21,8.1042,8.1042,8.1042,8.1042,0
2025-10-22,8.1042,8.1042,8.1042,8.1042,0
2025-10-23,8.0554,8.0554,8.0554,8.0554,0
2025-10-24,8.0554,8.0554,8.0554,8.0554,0
2025-10-27,8.0749,8.0749,8.0749,8.0749,0
2025-10-28,8.0944,8.0944,8.0944,8.0944,0
2025-10-29,8.0164,8.0164,8.0164,8.0164,0
2025-10-30,7.9774,7.9774,7.9774,7.9774,0
2025-10-31,7.9862,7.9862,7.9862,7.9862,0
2025-11-03,7.9667,7.9667,7.9667,7.9667,0
2025-11-04,7.9862,7.9862,7.9862,7.9862,0
2025-11-05,7.8981,7.8981,7.8981,7.8981,0
2025-11-06,7.9667,7.9667,7.9667,7.9667,0
2025-11-07,7.9471,7.9471,7.9471,7.9471,0
2025-11-10,7.9471,7.9471,7.9471,7.9471,0
2025-11-11,7.9862,7.9862,7.9862,7.9862,0
2025-11-12,7.9960,7.9960,7.9960,7.9960,0
2025-11-13,7.9373,7.9373,7.9373,7.9373,0
2025-11-14,7.8981,7.8981,7.8981,7.8981,0
2025-11-17,7.9079,7.9079,7.9079,7.9079,0
2025-11-18,7.9079,7.9079,7.9079,7.9079,0
2025-11-19,7.8981,7.8981,7.8981,7.8981,0
2025-11-20,7.9275,7.9275,7.9275,7.9275,0
2025-11-21,7.9471,7.9471,7.9471,7.9471,0
2025-11-24,7.9862,7.9862,7.9862,7.9862,0
2025-11-25,8.0058,8.0058,8.0058,8.0058,0
2025-11-26,8.0254,8.0254,8.0254,8.0254,0
2025-11-28,8.0234,8.0234,8.0234,8.0234,0
2025-12-01,7.9252,7.9252,7.9252,7.9252,0
2025-12-02,7.9350,7.9350,7.9350,7.9350,0
2025-12-03,7.9547,7.9547,7.9547,7.9547,0
2025-12-04,7.9154,7.9154,7.9154,7.9154,0
2025-12-05,7.8761,7.8761,7.8761,7.8761,0
2025-12-08,7.8466,7.8466,7.8466,7.8466,0
2025-12-09,7.8565,7.8565,7.8565,7.8565,0
2025-12-10,7.8761,7.8761,7.8761,7.8761,0
2025-12-11,7.8761,7.8761,7.8761,7.8761,0
2025-12-12,7.8074,7.8074,7.8074,7.8074,0
2025-12-15,7.8074,7.8074,7.8074,7.8074,0
2025-12-16,7.8466,7.8466,7.8466,7.8466,0
2025-12-17,7.8466,7.8466,7.8466,7.8466,0
2025-12-18,7.8761,7.8761,7.8761,7.8761,0
2025-12-19,7.8368,7.8368,7.8368,7.8368,0
2025-12-22,7.8270,7.8270,7.8270,7.8270,0
2025-12-23,7.8368,7.8368,7.8368,7.8368,0
2025-12-24,7.8761,7.8761,7.8761,7.8761,0
2025-12-26,7.8565,7.8565,7.8565,7.8565,0
2025-12-29,7.8859,7.8859,7.8859,7.8859,0
2025-12-30,7.8761,7.8761,7.8761,7.8761,0
2025-12-31,7.8653,7.8653,7.8653,7.8653,0
2026-01-02,7.8357,7.8357,7.8357,7.8357,0
2026-01-05,7.8653,7.8653,7.8653,7.8653,0
2026-01-06,7.8554,7.8554,7.8554,7.8554,0
2026-01-07,7.8948,7.8948,7.8948,7.8948,0
2026-01-08,7.8554,7.8554,7.8554,7.8554,0
2026-01-09,7.8948,7.8948,7.8948,7.8948,0
2026-01-12,7.8751,7.8751,7.8751,7.8751,0
2026-01-13,7.8850,7.8850,7.8850,7.8850,0
2026-01-14,7.9244,7.9244,7.9244,7.9244,0
2026-01-15,7.9244,7.9244,7.9244,7.9244,0
2026-01-16,7.8751,7.8751,7.8751,7.8751,0
2026-01-20,7.7864,7.7864,7.7864,7.7864,0
2026-01-21,7.8357,7.8357,7.8357,7.8357,0
2026-01-22,7.8653,7.8653,7.8653,7.8653,0
2026-01-23,7.8751,7.8751,7.8751,7.8751,0
2026-01-26,7.9145,7.9145,7.9145,7.9145,0
2026-01-27,7.8751,7.8751,7.8751,7.8751,0
2026-01-28,7.8554,7.8554,7.8554,7.8554,0
2026-01-29,7.8554,7.8554,7.8554,7.8554,0
2026-01-30,7.8544,7.8544,7.8544,7.8544,0
2026-02-02,7.8247,7.8247,7.8247,7.8247,0
2026-02-03,7.8346,7.8346,7.8346,7.8346,0
2026-02-04,7.8247,7.8247,7.8247,7.8247,0
2026-02-05,7.8940,7.8940,7.8940,7.8940,0
2026-02-06,7.8940,7.8940,7.8940,7.8940,0
2026-02-09,7.8940,7.8940,7.8940,7.8940,0
2026-02-10,7.9731,7.9731,7.9731,7.9731,0
2026-02-11,7.9434,7.9434,7.9434,7.9434,0
2026-02-12,8.0325,8.0325,8.0325,8.0325,0
2026-02-13,8.0720,8.0720,8.0720,8.0720,0
2026-02-17,8.0819,8.0819,8.0819,8.0819,0
2026-02-18,8.0523,8.0523,8.0523,8.0523,0
2026-02-19,8.0622,8.0622,8.0622,8.0622,0
2026-02-20,8.0424,8.0424,8.0424,8.0424,0
2026-02-23,8.0720,8.0720,8.0720,8.0720,0
2026-02-24,8.0819,8.0819,8.0819,8.0819,0
2026-02-25,8.0819,8.0819,8.0819,8.0819,0
2026-02-26,8.1116,8.1116,8.1116,8.1116,0
2026-02-27,8.1781,8.1781,8.1781,8.1781,0
2026-03-02,8.0987,8.0987,8.0987,8.0987,0
2026-03-03,8.0888,8.0888,8.0888,8.0888,0
2026-03-04,8.0590,8.0590,8.0590,8.0590,0
2026-03-05,8.0292,8.0292,8.0292,8.0292,0
2026-03-06,7.9995,7.9995,7.9995,7.9995,0
2026-03-09,8.0590,8.0590,8.0590,8.0590,0
2026-03-10,7.9796,7.9796,7.9796,7.9796,0
2026-03-11,7.8903,7.8903,7.8903,7.8903,0
2026-03-12,7.8704,7.8704,7.8704,7.8704,0
2026-03-13,7.8307,7.8307,7.8307,7.8307,0
2026-03-16,7.8804,7.8804,7.8804,7.8804,0
2026-03-17,7.9101,7.9101,7.9101,7.9101,0
2026-03-18,7.8605,7.8605,7.8605,7.8605,0
2026-03-19,7.9002,7.9002,7.9002,7.9002,0
2026-03-20,7.7414,7.7414,7.7414,7.7414,0
2026-03-23,7.7910,7.7910,7.7910,7.7910,0
2026-03-24,7.7613,7.7613,7.7613,7.7613,0
2026-03-25,7.8307,7.8307,7.8307,7.8307,0
2026-03-26,7.7613,7.7613,7.7613,7.7613,0
2026-03-27,7.7216,7.7216,7.7216,7.7216,0
2026-03-30,7.8208,7.8208,7.8208,7.8208,0
2026-03-31,7.8507,7.8507,7.8507,7.8507,0
2026-04-01,7.8407,7.8407,7.8407,7.8407,0
2026-04-02,7.8806,7.8806,7.8806,7.8806,0
2026-04-06,7.8706,7.8706,7.8706,7.8706,0
2026-04-07,7.8706,7.8706,7.8706,7.8706,0
2026-04-08,7.9005,7.9005,7.9005,7.9005,0
2026-04-09,7.8806,7.8806,7.8806,7.8806,0
2026-04-10,7.8607,7.8607,7.8607,7.8607,0
2026-04-13,7.8806,7.8806,7.8806,7.8806,0
2026-04-14,7.9204,7.9204,7.9204,7.9204,0
2026-04-15,7.8906,7.8906,7.8906,7.8906,0
2026-04-16,7.8507,7.8507,7.8507,7.8507,0
2026-04-17,7.9105,7.9105,7.9105,7.9105,0
2026-04-20,7.9105,7.9105,7.9105,7.9105,0
2026-04-21,7.8607,7.8607,7.8607,7.8607,0
2026-04-22,7.8806,7.8806,7.8806,7.8806,0
2026-04-23,7.8607,7.8607,7.8607,7.8607,0
2026-04-24,7.8706,7.8706,7.8706,7.8706,0
2026-04-27,7.8407,7.8407,7.8407,7.8407,0
2026-04-28,7.8407,7.8407,7.8407,7.8407,0
2026-04-29,7.7710,7.7710,7.7710,7.7710,0
2026-04-30,7.8100,7.8100,7.8100,7.8100,0
2026-05-01,7.8300,7.8300,7.8300,7.8300,0
2026-05-04,7.7700,7.7700,7.7700,7.7700,0
2026-05-05,7.8100,7.8100,7.8100,7.8100,0
2026-05-06,7.8700,7.8700,7.8700,7.8700,0
2026-05-07,7.8300,7.8300,7.8300,7.8300,0
2026-05-08,7.8600,7.8600,7.8600,7.8600,0
2026-05-11,7.8200,7.8200,7.8200,7.8200,0
2026-05-12,7.7700,7.7700,7.7700,7.7700,0
2026-05-13,7.7500,7.7500,7.7500,7.7500,0
2026-05-14,7.7600,7.7600,7.7600,7.7600,0
2026-05-15,7.6500,7.6500,7.6500,7.6500,0
2026-05-18,7.6400,7.6400,7.6400,7.6400,0
2026-05-19,7.5900,7.5900,7.5900,7.5900,0
2026-05-20,7.6600,7.6600,7.6600,7.6600,0
2026-05-21,7.6900,7.6900,7.6900,7.6900,0
2026-05-22,7.7100,7.7100,7.7100,7.7100,0
2026-05-26,7.7600,7.7600,7.7600,7.7600,0
2026-05-27,7.7700,7.7700,7.7700,7.7700,0
2026-05-28,7.8100,7.8100,7.8100,7.8100,0
2026-05-29,7.8100,7.8100,7.8100,7.8100,0
2026-06-01,7.8100,7.8100,7.8100,7.8100,0
2026-06-02,7.8300,7.8300,7.8300,7.8300,0
2026-06-03,7.8000,7.8000,7.8000,7.8000,0
2026-06-04,7.8100,7.8100,7.8100,7.8100,0
2026-06-05,7.7600,7.7600,7.7600,7.7600,0
2026-06-08,7.7300,7.7300,7.7300,7.7300,0
2026-06-09,7.7700,7.7700,7.7700,7.7700,0
2026-06-10,7.7500,7.7500,7.7500,7.7500,0
2026-06-11,7.8400,7.8400,7.8400,7.8400,0
2026-06-12,7.8200,7.8200,7.8200,7.8200,0
2026-06-15,7.8200,7.8200,7.8200,7.8200,0
2026-06-16,7.8600,7.8600,7.8600,7.8600,0
2026-06-17,7.8500,7.8500,7.8500,7.8500,0
2026-06-18,7.8900,7.8900,7.8900,7.8900,0
2026-06-22,7.8300,7.8300,7.8300,7.8300,0
2026-06-23,7.8500,7.8500,7.8500,7.8500,0
2026-06-24,7.9400,7.9400,7.9400,7.9400,0
2026-06-25,7.9400,7.9400,7.9400,7.9400,0
2026-06-26,7.9400,7.9400,7.9400,7.9400,0
2026-06-29,7.9500,7.9500,7.9500,7.9500,0
2026-06-30,7.8600,7.8600,7.8600,7.8600,0
2026-07-01,7.8200,7.8200,7.8200,7.8200,0
2026-07-02,7.8000,7.8000,7.8000,7.8000,0
